SeniorCitizen,tenure,MonthlyCharges,TotalCharges,gender_Female,gender_Male,Partner_No,Partner_Yes,Dependents_No,Dependents_Yes,PhoneService_No,PhoneService_Yes,MultipleLines_No,MultipleLines_No phone service,MultipleLines_Yes,InternetService_DSL,InternetService_Fiber optic,InternetService_No,OnlineSecurity_No,OnlineSecurity_No internet service,OnlineSecurity_Yes,OnlineBackup_No,OnlineBackup_No internet service,OnlineBackup_Yes,DeviceProtection_No,DeviceProtection_No internet service,DeviceProtection_Yes,TechSupport_No,TechSupport_No internet service,TechSupport_Yes,StreamingTV_No,StreamingTV_No internet service,StreamingTV_Yes,StreamingMovies_No,StreamingMovies_No internet service,StreamingMovies_Yes,Contract_Month-to-month,Contract_One year,Contract_Two year,PaperlessBilling_No,PaperlessBilling_Yes,PaymentMethod_Bank transfer (automatic),PaymentMethod_Credit card (automatic),PaymentMethod_Electronic check,PaymentMethod_Mailed check
-0.4417729543927777,0.10237123836138413,-0.521975649615926,-0.2632890631964203,0,1,1,0,1,0,1,0,0,1,0,1,0,0,1,0,0,1,0,0,0,0,1,1,0,0,0,0,1,0,0,1,1,0,0,1,0,0,0,1,0
-0.4417729543927777,-0.7117434584104957,0.3374778078243396,-0.5048144831572396,0,1,0,1,0,1,0,1,1,0,0,0,1,0,0,0,1,1,0,0,1,0,0,1,0,0,1,0,0,1,0,0,1,0,0,1,0,0,0,0,1
-0.4417729543927777,-0.7931549280876837,-0.8090131942822699,-0.7512134391325384,0,1,0,1,0,1,1,0,0,1,0,1,0,0,0,0,1,0,0,1,1,0,0,0,0,1,1,0,0,1,0,0,0,0,1,1,0,0,0,0,1
-0.4417729543927777,-0.26398037518596185,0.28438415794386,-0.1736994214167345,1,0,0,1,1,0,0,1,1,0,0,1,0,0,1,0,0,0,0,1,0,0,1,1,0,0,0,0,1,0,0,1,0,0,1,0,1,0,1,0,0
-0.4417729543927777,-1.2816237461508115,-0.6762790695810705,-0.99085091270937,0,1,0,1,0,1,0,1,1,0,0,1,0,0,1,0,0,1,0,0,1,0,0,1,0,0,1,0,0,1,0,0,1,0,0,1,0,0,0,1,0
-0.4417729543927777,1.364249018357798,0.4834853449956591,1.2709747139024437,0,1,1,0,0,1,0,1,1,0,0,1,0,0,1,0,0,0,0,1,0,0,1,0,0,1,0,0,1,0,0,1,0,0,1,0,1,0,1,0,0
-0.4417729543927777,-1.2816237461508115,-1.4975714661697417,-1.0017175808497631,1,0,1,0,1,0,0,1,1,0,0,0,0,1,0,1,0,0,1,0,0,1,0,0,1,0,0,1,0,0,1,0,1,0,0,1,0,0,1,0,0
-0.4417729543927777,0.3058999125543541,-0.27641751891870725,0.03415030374133099,1,0,0,1,1,0,0,1,0,0,1,1,0,0,1,0,0,0,0,1,1,0,0,1,0,0,1,0,0,1,0,0,1,0,0,1,0,0,1,0,0
-0.4417729543927777,1.3235432835192038,-0.1702302191577479,0.6616070891730831,1,0,0,1,1,0,0,1,1,0,0,1,0,0,1,0,0,1,0,0,1,0,0,0,0,1,0,0,1,1,0,0,0,0,1,0,1,0,1,0,0
-0.4417729543927777,1.120014609326234,0.5183280527297238,1.1177217638255048,1,0,1,0,1,0,0,1,0,0,1,1,0,0,1,0,0,1,0,0,0,0,1,0,0,1,0,0,1,0,0,1,0,1,0,1,0,0,1,0,0
2.2636062032690805,-1.1188008067964357,-0.16691186604021785,-0.8840282719595658,1,0,1,0,1,0,0,1,1,0,0,1,0,0,0,0,1,0,0,1,1,0,0,0,0,1,1,0,0,1,0,0,1,0,0,1,0,0,1,0,0
-0.4417729543927777,-1.1188008067964357,-0.5153389433808663,-0.9083081405722422,1,0,0,1,0,1,0,1,1,0,0,1,0,0,0,0,1,1,0,0,1,0,0,1,0,0,1,0,0,1,0,0,1,0,0,0,1,0,0,0,1
-0.4417729543927777,-1.2409180113122176,-0.4639044700591513,-0.9563849147691331,1,0,1,0,1,0,0,1,1,0,0,1,0,0,0,0,1,1,0,0,1,0,0,1,0,0,1,0,0,1,0,0,1,0,0,1,0,0,0,0,1
-0.4417729543927777,-0.10115743583158582,0.08860132400959078,-0.1322085066988697,0,1,0,1,0,1,0,1,0,0,1,1,0,0,0,0,1,0,0,1,0,0,1,0,0,1,1,0,0,1,0,0,1,0,0,1,0,0,0,1,0
-0.4417729543927777,0.1430769731999781,1.0111034906829268,0.5149619514401006,0,1,0,1,1,0,0,1,0,0,1,0,1,0,1,0,0,1,0,0,1,0,0,1,0,0,0,0,1,0,0,1,1,0,0,0,1,0,0,1,0
-0.4417729543927777,0.9164859351332639,0.13671744421377566,0.676710660244983,1,0,0,1,0,1,0,1,1,0,0,0,1,0,1,0,0,1,0,0,1,0,0,1,0,0,1,0,0,1,0,0,0,0,1,0,1,0,1,0,0
-0.4417729543927777,-0.06045170099299184,0.6576988836659833,0.13702142880371965,1,0,1,0,1,0,0,1,0,0,1,0,1,0,0,0,1,1,0,0,0,0,1,1,0,0,1,0,0,1,0,0,1,0,0,0,1,0,1,0,0
2.2636062032690805,-0.18256890550877383,-0.9633166142474141,-0.5829227765784898,1,0,0,1,0,1,1,0,0,1,0,1,0,0,1,0,0,1,0,0,1,0,0,1,0,0,0,0,1,1,0,0,1,0,0,0,1,0,0,1,0
-0.4417729543927777,-0.6710377235719017,-1.5257774676687463,-0.8669269901790279,0,1,1,0,1,0,0,1,1,0,0,0,0,1,0,1,0,0,1,0,0,1,0,0,1,0,0,1,0,0,1,0,0,0,1,1,0,0,1,0,0
-0.4417729543927777,-1.0780950719578417,-1.4859572302583866,-0.9531139378945502,0,1,1,0,1,0,0,1,1,0,0,0,0,1,0,1,0,0,1,0,0,1,0,0,1,0,0,1,0,0,1,0,1,0,0,1,0,1,0,0,0
2.2636062032690805,-0.2232746403473678,0.6958599445175783,-0.035659806736346285,0,1,0,1,1,0,0,1,0,0,1,0,1,0,0,0,1,1,0,0,0,0,1,1,0,0,1,0,0,1,0,0,0,1,0,0,1,0,0,1,0
-0.4417729543927777,1.038603139649046,-1.3150620447055925,-0.36308678716859677,0,1,1,0,1,0,0,1,0,0,1,0,0,1,0,1,0,0,1,0,0,1,0,0,1,0,0,1,0,0,1,0,0,0,1,0,1,0,1,0,0
-0.4417729543927777,1.6084834273893618,1.3263470368482753,2.384665504670697,0,1,0,1,0,1,0,1,0,0,1,0,1,0,0,0,1,0,0,1,0,0,1,0,0,1,1,0,0,0,0,1,0,0,1,0,1,0,1,0,0
-0.4417729543927777,-0.18256890550877383,-0.968294143923709,-0.5883012284863612,1,0,1,0,1,0,1,0,0,1,0,1,0,0,1,0,0,1,0,0,0,0,1,0,0,1,1,0,0,1,0,0,1,0,0,0,1,0,0,0,1
-0.4417729543927777,0.3058999125543541,0.6676539430185732,0.462911708690864,0,1,0,1,0,1,0,1,1,0,0,0,1,0,1,0,0,1,0,0,0,0,1,1,0,0,0,0,1,1,0,0,0,1,0,0,1,0,0,1,0
-0.4417729543927777,-1.2816237461508115,-1.4743429943470316,-1.001410240740742,0,1,1,0,1,0,0,1,1,0,0,0,0,1,0,1,0,0,1,0,0,1,0,0,1,0,0,1,0,0,1,0,1,0,0,1,0,0,0,0,1
-0.4417729543927777,-1.1188008067964357,0.5000771105833091,-0.8292997796888584,1,0,1,0,1,0,0,1,1,0,0,0,1,0,1,0,0,1,0,0,1,0,0,1,0,0,1,0,0,0,0,1,1,0,0,0,1,0,0,1,0
-0.4417729543927777,-1.2816237461508115,0.14169497389007082,-0.9800281502988372,1,0,1,0,1,0,0,1,1,0,0,0,1,0,1,0,0,1,0,0,1,0,0,1,0,0,1,0,0,1,0,0,1,0,0,0,1,0,0,1,0
-0.4417729543927777,-0.8338606629262777,1.339620449318395,-0.4503274724007632,1,0,1,0,0,1,0,1,0,0,1,0,1,0,1,0,0,0,0,1,0,0,1,1,0,0,0,0,1,0,0,1,1,0,0,0,1,0,0,1,0
-0.4417729543927777,-1.1188008067964357,1.0343319625056362,-0.811342336176047,0,1,1,0,1,0,0,1,1,0,0,0,1,0,1,0,0,1,0,0,1,0,0,0,0,1,0,0,1,0,0,1,1,0,0,0,1,0,0,1,0
-0.4417729543927777,1.5677776925507678,0.7024966507526379,1.644085606254205,0,1,0,1,1,0,0,1,1,0,0,1,0,0,0,0,1,0,0,1,0,0,1,0,0,1,0,0,1,0,0,1,0,0,1,0,1,1,0,0,0
-0.4417729543927777,-1.2002122764736236,0.3988673404986446,-0.9101302283614394,0,1,1,0,1,0,0,1,0,0,1,0,1,0,1,0,0,1,0,0,1,0,0,1,0,0,1,0,0,1,0,0,1,0,0,0,1,0,0,1,0
-0.4417729543927777,-0.10115743583158582,-1.5025489958460365,-0.7224551860741241,1,0,0,1,1,0,0,1,1,0,0,0,0,1,0,1,0,0,1,0,0,1,0,0,1,0,0,1,0,0,1,0,1,0,0,1,0,1,0,0,0
-0.4417729543927777,-0.3046861100245558,-1.4842980536996215,-0.787413713402252,1,0,0,1,1,0,0,1,1,0,0,0,0,1,0,1,0,0,1,0,0,1,0,0,1,0,0,1,0,0,1,0,0,1,0,0,1,1,0,0,0
-0.4417729543927777,0.7943687306174819,-1.3399496930870674,-0.42600369805822663,0,1,0,1,0,1,0,1,0,0,1,0,0,1,0,1,0,0,1,0,0,1,0,0,1,0,0,1,0,0,1,0,0,0,1,1,0,0,0,0,1
2.2636062032690805,0.550134321585918,1.4955830458423043,1.1299056038617032,1,0,1,0,1,0,0,1,0,0,1,0,1,0,0,0,1,0,0,1,0,0,1,1,0,0,0,0,1,0,0,1,0,1,0,0,1,0,0,1,0
-0.4417729543927777,-0.9559778674420596,0.18483356441796053,-0.7478985565280951,0,1,1,0,1,0,0,1,1,0,0,0,1,0,1,0,0,1,0,0,1,0,0,1,0,0,1,0,0,1,0,0,1,0,0,0,1,0,0,1,0
-0.4417729543927777,-0.5489205190561198,0.7273842991341127,-0.32354967742950963,1,0,0,1,1,0,0,1,0,0,1,0,1,0,1,0,0,1,0,0,1,0,0,1,0,0,0,0,1,1,0,0,1,0,0,0,1,0,0,1,0
-0.4417729543927777,-0.8338606629262777,-0.5153389433808663,-0.7418615186723211,1,0,1,0,1,0,0,1,1,0,0,1,0,0,1,0,0,0,0,1,1,0,0,1,0,0,1,0,0,1,0,0,1,0,0,0,1,0,0,1,0
2.2636062032690805,0.509428586747324,1.120609143561416,0.9766746066496946,0,1,0,1,1,0,0,1,0,0,1,0,1,0,1,0,0,0,0,1,0,0,1,0,0,1,0,0,1,1,0,0,0,1,0,0,1,1,0,0,0
-0.4417729543927777,0.1430769731999781,1.3130736243781551,0.6074932771204181,1,0,0,1,0,1,0,1,0,0,1,0,1,0,0,0,1,1,0,0,0,0,1,1,0,0,0,0,1,0,0,1,1,0,0,0,1,0,1,0,0
-0.4417729543927777,0.2244884428771661,1.0011484313303365,0.610237385236679,0,1,1,0,1,0,0,1,0,0,1,0,1,0,1,0,0,0,0,1,0,0,1,1,0,0,1,0,0,0,0,1,1,0,0,0,1,0,1,0,0
-0.4417729543927777,-1.2816237461508115,-1.5174815848749212,-1.0019810152289244,0,1,0,1,0,1,0,1,1,0,0,0,0,1,0,1,0,0,1,0,0,1,0,0,1,0,0,1,0,0,1,0,1,0,0,1,0,0,0,0,1
-0.4417729543927777,-0.9152721326034656,1.1139724373263562,-0.5547792037381181,0,1,0,1,1,0,0,1,0,0,1,0,1,0,1,0,0,1,0,0,0,0,1,1,0,0,0,0,1,0,0,1,1,0,0,0,1,0,0,1,0
-0.4417729543927777,-0.7931549280876837,-0.6679831867872456,-0.7648900739839826,0,1,0,1,0,1,0,1,1,0,0,1,0,0,1,0,0,1,0,0,1,0,0,1,0,0,1,0,0,1,0,0,1,0,0,1,0,1,0,0,0
-0.4417729543927777,-0.5896262538947138,0.5664441729339087,-0.384556689070222,0,1,1,0,1,0,0,1,0,0,1,1,0,0,1,0,0,1,0,0,0,0,1,0,0,1,0,0,1,0,0,1,0,1,0,0,1,0,1,0,0
-0.4417729543927777,0.1837827080385721,-0.6480730680820656,-0.3109487329596397,1,0,0,1,1,0,1,0,0,1,0,1,0,0,0,0,1,1,0,0,1,0,0,0,0,1,0,0,1,1,0,0,0,0,1,1,0,0,0,1,0
-0.4417729543927777,-1.1188008067964357,-1.4793205240233265,-0.956845924932665,0,1,1,0,0,1,0,1,1,0,0,0,0,1,0,1,0,0,1,0,0,1,0,0,1,0,0,1,0,0,1,0,1,0,0,1,0,0,1,0,0
-0.4417729543927777,-0.8745663977648717,0.3325002781480449,-0.6523596883523557,0,1,1,0,1,0,0,1,1,0,0,0,1,0,1,0,0,0,0,1,1,0,0,1,0,0,1,0,0,1,0,0,1,0,0,1,0,0,0,1,0
-0.4417729543927777,1.2828375486806098,1.1355417325903012,1.6990994857690038,0,1,1,0,0,1,0,1,1,0,0,0,1,0,1,0,0,0,0,1,1,0,0,0,0,1,0,0,1,0,0,1,1,0,0,0,1,0,1,0,0
-0.4417729543927777,-1.2816237461508115,-0.31126022665277225,-0.9860212824247508,0,1,1,0,1,0,0,1,1,0,0,1,0,0,1,0,0,1,0,0,1,0,0,1,0,0,1,0,0,0,0,1,1,0,0,1,0,0,0,0,1
2.2636062032690805,0.1837827080385721,0.9148712502745571,0.5146107056012194,0,1,0,1,1,0,0,1,0,0,1,0,1,0,1,0,0,1,0,0,1,0,0,1,0,0,0,0,1,0,0,1,1,0,0,0,1,0,0,1,0
-0.4417729543927777,0.6315457912631061,1.33796127275963,1.1837779344001371,1,0,0,1,0,1,0,1,0,0,1,0,1,0,0,0,1,0,0,1,1,0,0,1,0,0,0,0,1,0,0,1,1,0,0,0,1,0,1,0,0
2.2636062032690805,-0.5082147842175258,0.9828974891839216,-0.17635571807327502,0,1,0,1,1,0,0,1,0,0,1,0,1,0,1,0,0,1,0,0,1,0,0,1,0,0,0,0,1,0,0,1,1,0,0,0,1,0,0,1,0
-0.4417729543927777,-0.26398037518596185,0.1516500332426607,-0.22008582501400878,1,0,1,0,1,0,0,1,0,0,1,1,0,0,0,0,1,0,0,1,1,0,0,1,0,0,0,0,1,1,0,0,1,0,0,0,1,1,0,0,0
-0.4417729543927777,-0.10115743583158582,-1.5108448786398616,-0.756416268120969,1,0,1,0,1,0,0,1,1,0,0,0,0,1,0,1,0,0,1,0,0,1,0,0,1,0,0,1,0,0,1,0,0,0,1,1,0,0,1,0,0
-0.4417729543927777,1.48636622287358,0.06537285218688127,0.9995494919068453,1,0,1,0,1,0,0,1,0,0,1,1,0,0,0,0,1,0,0,1,1,0,0,0,0,1,1,0,0,1,0,0,0,0,1,0,1,0,0,0,1
-0.4417729543927777,1.2421318138420159,0.8120023036311277,1.4472781721559735,0,1,0,1,0,1,0,1,0,0,1,1,0,0,0,0,1,0,0,1,0,0,1,0,0,1,0,0,1,0,0,1,0,0,1,0,1,0,1,0,0
-0.4417729543927777,-1.1188008067964357,-1.5125040551986264,-0.9550677428733279,0,1,0,1,1,0,0,1,1,0,0,0,0,1,0,1,0,0,1,0,0,1,0,0,1,0,0,1,0,0,1,0,1,0,0,1,0,0,0,0,1
-0.4417729543927777,0.2651941777157601,-1.4760021709057964,-0.6635556494667001,0,1,0,1,1,0,0,1,1,0,0,0,0,1,0,1,0,0,1,0,0,1,0,0,1,0,0,1,0,0,1,0,0,0,1,0,1,1,0,0,0
-0.4417729543927777,-1.1595065416350296,1.2201597370873156,-0.850352577156812,0,1,1,0,0,1,0,1,0,0,1,0,1,0,1,0,0,0,0,1,1,0,0,1,0,0,0,0,1,0,0,1,1,0,0,0,1,0,0,1,0
-0.4417729543927777,1.120014609326234,1.2019087949409009,1.6535253381741426,0,1,0,1,1,0,0,1,0,0,1,0,1,0,1,0,0,1,0,0,0,0,1,1,0,0,0,0,1,0,0,1,0,0,1,1,0,0,1,0,0
-0.4417729543927777,-0.5489205190561198,1.2732533869677953,-0.1267202904663479,0,1,0,1,0,1,0,1,0,0,1,0,1,0,1,0,0,1,0,0,0,0,1,0,0,1,0,0,1,0,0,1,1,0,0,1,0,0,0,1,0
-0.4417729543927777,-0.8745663977648717,1.2301147964399055,-0.5075366384085704,1,0,0,1,1,0,0,1,0,0,1,0,1,0,1,0,0,0,0,1,1,0,0,1,0,0,0,0,1,0,0,1,1,0,0,0,1,0,0,1,0
2.2636062032690805,-0.06045170099299184,1.162088557530541,0.3887110252271693,1,0,1,0,1,0,0,1,0,0,1,0,1,0,1,0,0,0,0,1,1,0,0,1,0,0,0,0,1,0,0,1,1,0,0,0,1,0,0,1,0
-0.4417729543927777,-0.10115743583158582,0.6427662946370982,0.06027421300813475,0,1,1,0,1,0,0,1,1,0,0,0,1,0,0,0,1,0,0,1,0,0,1,1,0,0,1,0,0,1,0,0,1,0,0,0,1,0,1,0,0
-0.4417729543927777,0.835074465456076,-1.3382905165283023,-0.4488566304504474,0,1,1,0,1,0,0,1,0,0,1,0,0,1,0,1,0,0,1,0,0,1,0,0,1,0,0,1,0,0,1,0,0,0,1,1,0,0,0,0,1
-0.4417729543927777,-1.1188008067964357,0.8103431270723623,-0.8076981605976526,1,0,1,0,1,0,0,1,1,0,0,0,1,0,1,0,0,0,0,1,1,0,0,0,0,1,1,0,0,0,0,1,1,0,0,0,1,0,0,1,0
2.2636062032690805,0.753662995778888,0.4868036981131889,0.7347101293902735,0,1,1,0,1,0,0,1,0,0,1,0,1,0,1,0,0,0,0,1,1,0,0,1,0,0,1,0,0,1,0,0,0,1,0,0,1,1,0,0,0
-0.4417729543927777,1.5677776925507678,0.8086839505135974,1.794572495349953,1,0,0,1,1,0,0,1,0,0,1,1,0,0,0,0,1,0,0,1,0,0,1,0,0,1,0,0,1,0,0,1,0,0,1,1,0,0,1,0,0
-0.4417729543927777,1.160720344164828,-1.3250171040581824,-0.3525494120021549,1,0,1,0,0,1,0,1,0,0,1,0,0,1,0,1,0,0,1,0,0,1,0,0,1,0,0,1,0,0,1,0,0,0,1,0,1,0,1,0,0
2.2636062032690805,-0.9966836022806537,0.3175676891191599,-0.74410071089519,0,1,1,0,1,0,0,1,1,0,0,0,1,0,1,0,0,0,0,1,1,0,0,1,0,0,1,0,0,1,0,0,1,0,0,0,1,0,0,1,0
-0.4417729543927777,-0.9152721326034656,-0.331170345357952,-0.7606531710524758,0,1,0,1,1,0,0,1,1,0,0,1,0,0,0,0,1,1,0,0,1,0,0,0,0,1,1,0,0,1,0,0,1,0,0,0,1,0,1,0,0
-0.4417729543927777,-0.8338606629262777,-0.5004063543519812,-0.7394467035300115,1,0,0,1,1,0,1,0,0,1,0,1,0,0,1,0,0,1,0,0,0,0,1,1,0,0,0,0,1,0,0,1,1,0,0,0,1,1,0,0,0
-0.4417729543927777,1.364249018357798,-0.035836917897783385,0.8619928402549192,0,1,0,1,1,0,0,1,0,0,1,1,0,0,1,0,0,1,0,0,1,0,0,0,0,1,1,0,0,0,0,1,1,0,0,1,0,0,0,1,0
-0.4417729543927777,-0.3453918448631498,-0.1486609238938028,-0.37783911240161533,0,1,1,0,1,0,0,1,1,0,0,1,0,0,0,0,1,0,0,1,1,0,0,0,0,1,1,0,0,1,0,0,1,0,0,1,0,1,0,0,0
-0.4417729543927777,-1.1595065416350296,-0.2797358720362373,-0.9071885444608078,1,0,0,1,0,1,0,1,1,0,0,1,0,0,1,0,0,0,0,1,1,0,0,0,0,1,1,0,0,1,0,0,1,0,0,1,0,0,0,0,1
-0.4417729543927777,-1.1595065416350296,0.7970697146022427,-0.8544577628987383,1,0,1,0,1,0,0,1,0,0,1,0,1,0,1,0,0,0,0,1,1,0,0,1,0,0,1,0,0,0,0,1,1,0,0,0,1,0,0,1,0
-0.4417729543927777,0.10237123836138413,-0.3096010500940071,-0.12507382559659136,1,0,1,0,0,1,0,1,1,0,0,1,0,0,0,0,1,0,0,1,1,0,0,1,0,0,1,0,0,1,0,0,0,1,0,1,0,0,1,0,0
2.2636062032690805,0.509428586747324,0.6892232382825182,0.6483914644851706,1,0,1,0,1,0,0,1,1,0,0,0,1,0,0,0,1,0,0,1,1,0,0,0,0,1,1,0,0,1,0,0,1,0,0,0,1,1,0,0,0
-0.4417729543927777,1.3235432835192038,1.4955830458423043,2.123865469301261,0,1,1,0,1,0,0,1,0,0,1,0,1,0,0,0,1,1,0,0,0,0,1,0,0,1,0,0,1,0,0,1,0,1,0,0,1,0,1,0,0
-0.4417729543927777,-0.7524491932490897,0.5299422886410791,-0.5042656615339874,1,0,0,1,0,1,0,1,1,0,0,0,1,0,1,0,0,1,0,0,1,0,0,1,0,0,1,0,0,0,0,1,1,0,0,0,1,1,0,0,0
-0.4417729543927777,1.160720344164828,-0.4722003528529763,0.3457273156940585,1,0,0,1,0,1,1,0,0,1,0,1,0,0,0,0,1,0,0,1,1,0,0,0,0,1,1,0,0,0,0,1,0,1,0,0,1,1,0,0,0
-0.4417729543927777,1.445660488034986,0.5116913464946637,1.3495879232170855,0,1,0,1,0,1,0,1,1,0,0,0,1,0,0,0,1,1,0,0,0,0,1,1,0,0,1,0,0,1,0,0,0,0,1,1,0,0,1,0,0
-0.4417729543927777,-0.3860975797017438,-0.23825645806711246,-0.4471662598508307,1,0,0,1,0,1,0,1,1,0,0,1,0,0,0,0,1,0,0,1,1,0,0,0,0,1,1,0,0,1,0,0,0,1,0,0,1,0,0,0,1
-0.4417729543927777,0.9164859351332639,0.5515115839050236,0.9695179726824861,1,0,1,0,1,0,0,1,1,0,0,0,1,0,1,0,0,0,0,1,0,0,1,1,0,0,1,0,0,1,0,0,1,0,0,0,1,0,0,1,0
-0.4417729543927777,1.48636622287358,-1.3432680462045972,-0.2560226649045615,0,1,0,1,0,1,0,1,0,0,1,0,0,1,0,1,0,0,1,0,0,1,0,0,1,0,0,1,0,0,1,0,0,0,1,1,0,1,0,0,0
-0.4417729543927777,-1.0373893371192477,0.5415565245524339,-0.7557137764432061,1,0,0,1,1,0,0,1,1,0,0,1,0,0,0,0,1,1,0,0,0,0,1,0,0,1,0,0,1,0,0,1,1,0,0,1,0,1,0,0,0
-0.4417729543927777,1.6084834273893618,0.46855275596677404,1.5056947457349357,1,0,0,1,0,1,0,1,0,0,1,0,1,0,0,0,1,1,0,0,1,0,0,1,0,0,1,0,0,1,0,0,0,0,1,1,0,1,0,0,0
-0.4417729543927777,1.160720344164828,-0.5053838840282762,0.2898133687171265,1,0,0,1,0,1,0,1,1,0,0,1,0,0,0,0,1,1,0,0,1,0,0,1,0,0,1,0,0,1,0,0,0,1,0,0,1,1,0,0,0
2.2636062032690805,1.2828375486806098,0.5100321699358988,1.1926468918318922,0,1,0,1,1,0,0,1,1,0,0,0,1,0,0,0,1,1,0,0,0,0,1,1,0,0,1,0,0,1,0,0,0,1,0,1,0,0,1,0,0
2.2636062032690805,-0.019745966154397845,0.938099722097267,0.27646602683963345,1,0,0,1,1,0,0,1,0,0,1,0,1,0,1,0,0,1,0,0,1,0,0,1,0,0,0,0,1,0,0,1,1,0,0,0,1,0,0,1,0
-0.4417729543927777,-1.2816237461508115,0.485144521554424,-0.9754839072583089,1,0,1,0,1,0,0,1,0,0,1,0,1,0,1,0,0,1,0,0,0,0,1,1,0,0,1,0,0,1,0,0,1,0,0,0,1,0,0,0,1
-0.4417729543927777,-1.2002122764736236,0.5763992322864986,-0.9162770305418638,0,1,1,0,1,0,0,1,1,0,0,0,1,0,0,0,1,1,0,0,1,0,0,0,0,1,1,0,0,1,0,0,1,0,0,0,1,0,0,0,1
-0.4417729543927777,-1.2002122764736236,-1.4842980536996215,-0.9881946160528295,0,1,1,0,0,1,0,1,1,0,0,0,0,1,0,1,0,0,1,0,0,1,0,0,1,0,0,1,0,0,1,0,1,0,0,1,0,1,0,0,0
-0.4417729543927777,1.6084834273893618,0.6460846477546285,1.6662799526985235,1,0,0,1,1,0,0,1,0,0,1,1,0,0,0,0,1,1,0,0,0,0,1,0,0,1,0,0,1,0,0,1,0,0,1,0,1,0,1,0,0
-0.4417729543927777,-0.26398037518596185,-1.1657361544167433,-0.6650923500118062,1,0,1,0,0,1,1,0,0,1,0,1,0,0,1,0,0,1,0,0,0,0,1,1,0,0,1,0,0,1,0,0,1,0,0,0,1,0,0,0,1
-0.4417729543927777,0.2651941777157601,1.1786803231181908,0.6587532167321717,0,1,1,0,1,0,0,1,1,0,0,0,1,0,0,0,1,1,0,0,0,0,1,1,0,0,0,0,1,0,0,1,0,0,1,0,1,0,0,1,0
-0.4417729543927777,-1.2816237461508115,-1.5058673489635666,-1.0018273451744135,1,0,1,0,1,0,0,1,1,0,0,0,0,1,0,1,0,0,1,0,0,1,0,0,1,0,0,1,0,0,1,0,1,0,0,1,0,0,0,0,1
-0.4417729543927777,-1.2816237461508115,-1.5075265255223316,-1.0018492980393439,1,0,1,0,1,0,0,1,1,0,0,0,0,1,0,1,0,0,1,0,0,1,0,0,1,0,0,1,0,0,1,0,1,0,0,0,1,0,0,0,1
-0.4417729543927777,0.9571916699718579,0.7954105380434778,1.1708257440913856,1,0,0,1,0,1,0,1,1,0,0,0,1,0,1,0,0,1,0,0,1,0,0,1,0,0,0,0,1,0,0,1,0,1,0,1,0,1,0,0,0
2.2636062032690805,0.42801711707013607,1.4142833944628195,0.9802309707683685,1,0,0,1,1,0,0,1,0,0,1,0,1,0,1,0,0,1,0,0,0,0,1,0,0,1,0,0,1,0,0,1,0,1,0,0,1,0,0,1,0
-0.4417729543927777,-1.2816237461508115,-1.3117436915880625,-0.9992588599775934,1,0,1,0,0,1,0,1,0,0,1,0,0,1,0,1,0,0,1,0,0,1,0,0,1,0,0,1,0,0,1,0,1,0,0,1,0,0,0,0,1
-0.4417729543927777,-0.14186317067017984,0.19810697688808065,-0.14783894652909185,0,1,1,0,1,0,0,1,0,0,1,1,0,0,1,0,0,0,0,1,0,0,1,1,0,0,1,0,0,0,0,1,0,1,0,1,0,0,1,0,0
-0.4417729543927777,-1.2409180113122176,0.5664441729339087,-0.9293389851752657,0,1,1,0,1,0,0,1,0,0,1,0,1,0,1,0,0,0,0,1,1,0,0,1,0,0,1,0,0,1,0,0,1,0,0,0,1,0,0,1,0
-0.4417729543927777,1.445660488034986,0.4868036981131889,1.3874785680864161,0,1,1,0,1,0,0,1,1,0,0,0,1,0,1,0,0,0,0,1,0,0,1,1,0,0,1,0,0,1,0,0,0,1,0,1,0,0,1,0,0
-0.4417729543927777,1.404954753196392,0.8169798333074224,1.787745154356696,0,1,0,1,0,1,0,1,0,0,1,0,1,0,1,0,0,0,0,1,1,0,0,1,0,0,1,0,0,0,0,1,1,0,0,0,1,1,0,0,0
-0.4417729543927777,-0.5489205190561198,-1.3283354571757124,-0.8050638168060421,1,0,0,1,0,1,0,1,0,0,1,0,0,1,0,1,0,0,1,0,0,1,0,0,1,0,0,1,0,0,1,0,0,0,1,0,1,1,0,0,0
-0.4417729543927777,1.364249018357798,-0.27143998924241236,0.6177891707726292,0,1,0,1,0,1,1,0,0,1,0,1,0,0,1,0,0,0,0,1,0,0,1,1,0,0,0,0,1,0,0,1,0,0,1,0,1,0,1,0,0
-0.4417729543927777,-1.1595065416350296,-1.1906238027982181,-0.9535090894632918,1,0,0,1,1,0,1,0,0,1,0,1,0,0,0,0,1,1,0,0,1,0,0,1,0,0,1,0,0,1,0,0,1,0,0,0,1,0,0,1,0
-0.4417729543927777,-0.9559778674420596,-1.4992306427285065,-0.9179234954116203,1,0,0,1,0,1,0,1,1,0,0,0,0,1,0,1,0,0,1,0,0,1,0,0,1,0,0,1,0,0,1,0,0,0,1,1,0,0,0,0,1
2.2636062032690805,0.835074465456076,1.29150432911421,1.3980378961177882,0,1,0,1,1,0,0,1,0,0,1,0,1,0,1,0,0,0,0,1,0,0,1,1,0,0,0,0,1,0,0,1,1,0,0,0,1,0,0,1,0
-0.4417729543927777,-0.3860975797017438,-1.5075265255223316,-0.8039661735595378,1,0,1,0,1,0,0,1,1,0,0,0,0,1,0,1,0,0,1,0,0,1,0,0,1,0,0,1,0,0,1,0,1,0,0,0,1,0,0,0,1
-0.4417729543927777,0.712957260940294,1.4474669256381194,1.4530078699027262,1,0,0,1,1,0,0,1,0,0,1,0,1,0,0,0,1,0,0,1,1,0,0,0,0,1,0,0,1,0,0,1,0,1,0,1,0,0,0,1,0
-0.4417729543927777,-1.2409180113122176,0.3325002781480449,-0.9437839702992631,0,1,1,0,1,0,0,1,1,0,0,0,1,0,1,0,0,0,0,1,1,0,0,1,0,0,1,0,0,1,0,0,1,0,0,1,0,0,0,1,0
-0.4417729543927777,1.07930887448764,-1.4793205240233265,-0.4541253180336683,1,0,0,1,1,0,0,1,1,0,0,0,0,1,0,1,0,0,1,0,0,1,0,0,1,0,0,1,0,0,1,0,0,1,0,1,0,0,0,0,1
-0.4417729543927777,1.2421318138420159,0.6162194696968585,1.3758655025384001,0,1,0,1,0,1,0,1,0,0,1,1,0,0,0,0,1,0,0,1,0,0,1,1,0,0,0,0,1,0,0,1,0,0,1,1,0,0,1,0,0
-0.4417729543927777,-0.3046861100245558,0.20308450656437535,-0.20355531772165308,1,0,0,1,1,0,0,1,1,0,0,1,0,0,0,0,1,0,0,1,1,0,0,0,0,1,1,0,0,0,0,1,1,0,0,0,1,0,0,0,1
-0.4417729543927777,-0.7524491932490897,0.515009699612194,-0.5397414912610083,1,0,1,0,1,0,0,1,0,0,1,0,1,0,1,0,0,1,0,0,0,0,1,1,0,0,1,0,0,1,0,0,1,0,0,0,1,0,0,1,0
-0.4417729543927777,1.3235432835192038,0.07035038186317596,0.8817284658270675,0,1,0,1,1,0,0,1,0,0,1,1,0,0,0,0,1,0,0,1,0,0,1,1,0,0,1,0,0,1,0,0,0,1,0,1,0,0,1,0,0
2.2636062032690805,1.48636622287358,-0.2780766954774724,0.7250289159561051,0,1,0,1,1,0,1,0,0,1,0,1,0,0,0,0,1,0,0,1,1,0,0,1,0,0,0,0,1,0,0,1,0,0,1,1,0,0,1,0,0
-0.4417729543927777,-0.46750904937893173,0.30263510009027483,-0.3229789029413274,1,0,0,1,0,1,0,1,1,0,0,0,1,0,1,0,0,0,0,1,1,0,0,1,0,0,1,0,0,1,0,0,1,0,0,0,1,1,0,0,0
-0.4417729543927777,0.42801711707013607,0.8733918363054323,0.7518772697656018,0,1,0,1,0,1,0,1,0,0,1,0,1,0,0,0,1,1,0,0,0,0,1,0,0,1,1,0,0,1,0,0,0,1,0,0,1,0,1,0,0
2.2636062032690805,1.5677776925507678,0.8982794846869071,1.8808692073901256,0,1,0,1,1,0,0,1,0,0,1,0,1,0,0,0,1,0,0,1,0,0,1,0,0,1,1,0,0,1,0,0,0,1,0,0,1,0,0,1,0
-0.4417729543927777,-0.5489205190561198,-1.3134028681468273,-0.7618605786236307,0,1,1,0,0,1,1,0,0,1,0,1,0,0,1,0,0,1,0,0,1,0,0,1,0,0,1,0,0,1,0,0,1,0,0,0,1,0,1,0,0
-0.4417729543927777,0.3058999125543541,-1.5025489958460365,-0.6458835931979799,1,0,1,0,1,0,0,1,1,0,0,0,0,1,0,1,0,0,1,0,0,1,0,0,1,0,0,1,0,0,1,0,0,0,1,1,0,0,1,0,0
-0.4417729543927777,-0.9559778674420596,0.6095827634617984,-0.6577161873952969,1,0,1,0,1,0,0,1,0,0,1,0,1,0,1,0,0,1,0,0,1,0,0,1,0,0,1,0,0,0,0,1,1,0,0,0,1,0,0,1,0
-0.4417729543927777,1.038603139649046,1.2715942104090303,1.631682237568706,0,1,1,0,1,0,0,1,0,0,1,0,1,0,1,0,0,0,0,1,0,0,1,1,0,0,0,0,1,0,0,1,0,1,0,0,1,1,0,0,0
-0.4417729543927777,-1.2816237461508115,-1.4942531130522116,-1.001673675119903,1,0,1,0,1,0,0,1,1,0,0,0,0,1,0,1,0,0,1,0,0,1,0,0,1,0,0,1,0,0,1,0,1,0,0,1,0,1,0,0,0
-0.4417729543927777,0.5908400564245121,1.6100662283970888,1.3244079871422758,0,1,0,1,0,1,0,1,0,0,1,0,1,0,0,0,1,0,0,1,0,0,1,0,0,1,0,0,1,0,0,1,0,1,0,0,1,1,0,0,0
-0.4417729543927777,1.038603139649046,0.6427662946370982,1.1481703874835356,1,0,0,1,1,0,0,1,0,0,1,1,0,0,0,0,1,1,0,0,0,0,1,0,0,1,0,0,1,0,0,1,0,0,1,0,1,0,0,1,0
-0.4417729543927777,0.3058999125543541,1.2516840917038505,0.7933023258886761,0,1,1,0,1,0,0,1,0,0,1,0,1,0,1,0,0,0,0,1,0,0,1,1,0,0,0,0,1,0,0,1,1,0,0,0,1,0,0,0,1
-0.4417729543927777,0.3466056473929481,0.12178485518489063,0.25277888558006945,1,0,1,0,1,0,0,1,0,0,1,1,0,0,1,0,0,1,0,0,0,0,1,0,0,1,1,0,0,0,0,1,0,1,0,0,1,0,0,1,0
-0.4417729543927777,1.404954753196392,1.193612912147076,1.9458277347182535,0,1,0,1,1,0,0,1,1,0,0,0,1,0,0,0,1,0,0,1,1,0,0,1,0,0,0,0,1,0,0,1,0,1,0,0,1,0,1,0,0
2.2636062032690805,0.061665503522790134,1.1587702044130106,0.45742349245834224,0,1,1,0,1,0,0,1,1,0,0,0,1,0,1,0,0,0,0,1,0,0,1,1,0,0,0,0,1,0,0,1,0,1,0,0,1,0,0,1,0
-0.4417729543927777,-1.2002122764736236,-1.5207999379924513,-0.9871189256712551,0,1,1,0,1,0,0,1,1,0,0,0,0,1,0,1,0,0,1,0,0,1,0,0,1,0,0,1,0,0,1,0,1,0,0,0,1,0,0,0,1
2.2636062032690805,1.120014609326234,1.6963434094528682,2.03045602902374,1,0,0,1,1,0,0,1,0,0,1,0,1,0,0,0,1,0,0,1,0,0,1,0,0,1,0,0,1,0,0,1,0,0,1,0,1,1,0,0,0
2.2636062032690805,-0.9966836022806537,0.9015978378044369,-0.6899210402477348,1,0,1,0,1,0,0,1,1,0,0,0,1,0,1,0,0,1,0,0,0,0,1,1,0,0,0,0,1,0,0,1,1,0,0,0,1,0,0,1,0
-0.4417729543927777,-0.7117434584104957,0.33084110158928,-0.5242647214852969,0,1,0,1,0,1,0,1,0,0,1,0,1,0,1,0,0,1,0,0,1,0,0,1,0,0,1,0,0,1,0,0,1,0,0,0,1,1,0,0,0
-0.4417729543927777,1.445660488034986,1.2334331495574353,2.1285633823962997,0,1,1,0,1,0,0,1,0,0,1,0,1,0,0,0,1,0,0,1,0,0,1,1,0,0,1,0,0,0,0,1,0,0,1,0,1,1,0,0,0
2.2636062032690805,1.5677776925507678,-1.3100845150292972,-0.22465202091946684,0,1,0,1,1,0,0,1,0,0,1,0,0,1,0,1,0,0,1,0,0,1,0,0,1,0,0,1,0,0,1,0,0,0,1,1,0,0,1,0,0
-0.4417729543927777,1.038603139649046,0.49344040434824893,0.9771356168132265,1,0,1,0,1,0,0,1,0,0,1,0,1,0,0,0,1,1,0,0,1,0,0,1,0,0,1,0,0,1,0,0,1,0,0,0,1,1,0,0,0
2.2636062032690805,-1.2409180113122176,-1.5174815848749212,-0.994077983854093,0,1,1,0,1,0,0,1,1,0,0,0,0,1,0,1,0,0,1,0,0,1,0,0,1,0,0,1,0,0,1,0,1,0,0,1,0,0,0,1,0
-0.4417729543927777,-0.7524491932490897,0.8202981864249527,-0.4798760285966606,1,0,0,1,0,1,0,1,1,0,0,0,1,0,1,0,0,0,0,1,1,0,0,0,0,1,1,0,0,0,0,1,1,0,0,0,1,0,1,0,0
-0.4417729543927777,1.5677776925507678,-1.4610695818769117,-0.35481055708995385,1,0,0,1,1,0,0,1,1,0,0,0,0,1,0,1,0,0,1,0,0,1,0,0,1,0,0,1,0,0,1,0,0,0,1,0,1,1,0,0,0
-0.4417729543927777,-0.7524491932490897,1.1819986762357206,-0.3889033563263793,0,1,1,0,1,0,0,1,0,0,1,0,1,0,1,0,0,0,0,1,1,0,0,1,0,0,0,0,1,0,0,1,1,0,0,0,1,0,0,1,0
-0.4417729543927777,-1.0780950719578417,-0.4639044700591513,-0.8753568903121813,1,0,1,0,1,0,1,0,0,1,0,1,0,0,0,0,1,0,0,1,1,0,0,0,0,1,1,0,0,0,0,1,1,0,0,1,0,0,1,0,0
-0.4417729543927777,-0.7117434584104957,0.1516500332426607,-0.5400049256401693,0,1,0,1,0,1,0,1,1,0,0,1,0,0,1,0,0,0,0,1,0,0,1,0,0,1,1,0,0,0,0,1,1,0,0,0,1,0,0,0,1
-0.4417729543927777,0.9978974048104519,1.082448082709821,1.4474318422104844,0,1,0,1,0,1,0,1,1,0,0,0,1,0,1,0,0,0,0,1,0,0,1,1,0,0,0,0,1,0,0,1,0,1,0,0,1,0,1,0,0
-0.4417729543927777,1.364249018357798,-0.12543245207109305,0.7534798289054979,1,0,1,0,1,0,0,1,1,0,0,1,0,0,0,0,1,0,0,1,0,0,1,1,0,0,1,0,0,1,0,0,0,0,1,0,1,1,0,0,0
2.2636062032690805,1.48636622287358,0.8302532457775426,1.6867839285432247,0,1,0,1,1,0,0,1,0,0,1,0,1,0,1,0,0,0,0,1,1,0,0,1,0,0,0,0,1,1,0,0,1,0,0,0,1,0,0,1,0
-0.4417729543927777,1.445660488034986,-0.29964599074141723,0.6794328154963141,1,0,0,1,1,0,0,1,1,0,0,1,0,0,0,0,1,1,0,0,1,0,0,0,0,1,1,0,0,1,0,0,0,1,0,1,0,1,0,0,0
2.2636062032690805,0.9571916699718579,0.9911933719777466,1.3009184216670824,0,1,1,0,0,1,0,1,1,0,0,0,1,0,0,0,1,1,0,0,1,0,0,1,0,0,0,0,1,0,0,1,0,1,0,1,0,0,1,0,0
2.2636062032690805,0.10237123836138413,1.132223379472771,0.4805398592297241,0,1,1,0,1,0,0,1,0,0,1,0,1,0,1,0,0,1,0,0,0,0,1,1,0,0,0,0,1,0,0,1,1,0,0,0,1,0,0,1,0
-0.4417729543927777,0.42801711707013607,-0.2913501079475923,0.0869249910332607,1,0,0,1,0,1,0,1,1,0,0,1,0,0,1,0,0,1,0,0,1,0,0,1,0,0,0,0,1,1,0,0,1,0,0,1,0,0,0,1,0
-0.4417729543927777,-0.06045170099299184,0.04878108659923135,-0.12360298364627556,0,1,0,1,1,0,0,1,1,0,0,1,0,0,1,0,0,1,0,0,0,0,1,0,0,1,1,0,0,0,0,1,1,0,0,0,1,0,1,0,0
-0.4417729543927777,0.020959768684196148,-0.21502798624440247,-0.1518782736762278,1,0,0,1,0,1,0,1,1,0,0,1,0,0,0,0,1,0,0,1,0,0,1,1,0,0,1,0,0,1,0,0,0,1,0,0,1,0,0,0,1
-0.4417729543927777,-1.2816237461508115,0.14667250356636552,-0.9799622917040468,0,1,1,0,1,0,0,1,1,0,0,0,1,0,1,0,0,1,0,0,1,0,0,1,0,0,1,0,0,1,0,0,1,0,0,0,1,0,0,1,0
-0.4417729543927777,0.46872285190873003,1.1670660872068357,0.9119356079708676,0,1,1,0,1,0,0,1,1,0,0,0,1,0,1,0,0,1,0,0,0,0,1,0,0,1,0,0,1,0,0,1,0,0,1,1,0,1,0,0,0
-0.4417729543927777,0.9978974048104519,-0.3809456421209017,0.3300310172690462,1,0,0,1,0,1,0,1,1,0,0,1,0,0,0,0,1,0,0,1,1,0,0,1,0,0,1,0,0,1,0,0,0,1,0,1,0,0,0,1,0
-0.4417729543927777,1.5270719577121739,0.0006649663950464859,0.9879583792237594,0,1,1,0,0,1,0,1,0,0,1,1,0,0,0,0,1,0,0,1,1,0,0,0,0,1,1,0,0,1,0,0,0,1,0,1,0,1,0,0,0
-0.4417729543927777,-1.2816237461508115,-1.4726838177882668,-1.0013882878758118,0,1,1,0,1,0,0,1,1,0,0,0,0,1,0,1,0,0,1,0,0,1,0,0,1,0,0,1,0,0,1,0,1,0,0,1,0,0,1,0,0
-0.4417729543927777,0.9164859351332639,-0.3212152860053621,0.3594039505455029,0,1,0,1,0,1,0,1,1,0,0,1,0,0,1,0,0,1,0,0,0,0,1,0,0,1,1,0,0,1,0,0,0,0,1,0,1,0,1,0,0
2.2636062032690805,-0.14186317067017984,0.9795791360663918,0.15469348507243982,0,1,0,1,1,0,0,1,0,0,1,0,1,0,1,0,0,1,0,0,1,0,0,1,0,0,0,0,1,0,0,1,1,0,0,0,1,0,0,1,0
-0.4417729543927777,0.020959768684196148,-0.133728334864918,-0.11743422860092108,1,0,1,0,1,0,0,1,0,0,1,1,0,0,0,0,1,0,0,1,1,0,0,1,0,0,1,0,0,1,0,0,1,0,0,0,1,0,0,0,1
2.2636062032690805,-1.1595065416350296,0.3325002781480449,-0.8748739272837194,0,1,0,1,1,0,0,1,0,0,1,0,1,0,1,0,0,1,0,0,1,0,0,1,0,0,1,0,0,1,0,0,1,0,0,1,0,0,0,1,0
-0.4417729543927777,1.5270719577121739,-0.8256049598699198,0.21883975639815456,0,1,1,0,1,0,1,0,0,1,0,1,0,0,1,0,0,1,0,0,1,0,0,0,0,1,1,0,0,0,0,1,0,0,1,0,1,0,0,0,1
-0.4417729543927777,0.10237123836138413,-1.3051069853530024,-0.6147105249972561,0,1,1,0,1,0,0,1,0,0,1,0,0,1,0,1,0,0,1,0,0,1,0,0,1,0,0,1,0,0,1,0,1,0,0,0,1,0,0,1,0
-0.4417729543927777,-1.2409180113122176,-0.6331404790531806,-0.9640464646297336,1,0,1,0,1,0,0,1,1,0,0,1,0,0,1,0,0,1,0,0,1,0,0,1,0,0,1,0,0,1,0,0,1,0,0,0,1,0,0,0,1
2.2636062032690805,-0.9152721326034656,0.8252757161012474,-0.6089808272505034,0,1,0,1,1,0,0,1,0,0,1,0,1,0,1,0,0,1,0,0,0,0,1,1,0,0,1,0,0,0,0,1,1,0,0,0,1,0,0,1,0
-0.4417729543927777,-1.2816237461508115,0.32088604223668965,-0.9776572408863877,0,1,0,1,0,1,0,1,1,0,0,0,1,0,1,0,0,0,0,1,1,0,0,1,0,0,1,0,0,1,0,0,1,0,0,1,0,0,1,0,0
-0.4417729543927777,-0.06045170099299184,-1.4776613474645617,-0.7429811147837556,0,1,1,0,1,0,0,1,1,0,0,0,0,1,0,1,0,0,1,0,0,1,0,0,1,0,0,1,0,0,1,0,0,0,1,1,0,1,0,0,0
2.2636062032690805,-0.10115743583158582,0.8485041879239573,0.12931597321325897,0,1,1,0,1,0,0,1,0,0,1,0,1,0,0,0,1,1,0,0,1,0,0,1,0,0,1,0,0,0,0,1,1,0,0,0,1,0,1,0,0
2.2636062032690805,1.120014609326234,0.9397588986560319,1.5249474082786223,0,1,0,1,0,1,0,1,0,0,1,0,1,0,0,0,1,0,0,1,1,0,0,1,0,0,1,0,0,0,0,1,1,0,0,0,1,0,0,1,0
-0.4417729543927777,1.6084834273893618,0.0637136756281159,1.078974957223901,1,0,0,1,0,1,0,1,0,0,1,1,0,0,0,0,1,1,0,0,0,0,1,0,0,1,1,0,0,1,0,0,0,0,1,1,0,1,0,0,0
-0.4417729543927777,-1.1595065416350296,-1.4677062881119716,-0.9736398666041817,0,1,1,0,1,0,0,1,1,0,0,0,0,1,0,1,0,0,1,0,0,1,0,0,1,0,0,1,0,0,1,0,1,0,0,0,1,0,1,0,0
-0.4417729543927777,-1.1595065416350296,0.1533092098014256,-0.8853234909904409,0,1,0,1,0,1,0,1,1,0,0,0,1,0,1,0,0,1,0,0,1,0,0,1,0,0,1,0,0,1,0,0,1,0,0,0,1,0,0,0,1
-0.4417729543927777,-0.3046861100245558,1.147155968501656,0.02973777789038358,1,0,1,0,1,0,0,1,1,0,0,0,1,0,1,0,0,0,0,1,0,0,1,1,0,0,0,0,1,0,0,1,1,0,0,0,1,0,0,1,0
-0.4417729543927777,1.5270719577121739,0.3988673404986446,1.312114382781427,0,1,0,1,1,0,0,1,0,0,1,1,0,0,0,0,1,1,0,0,1,0,0,0,0,1,0,0,1,0,0,1,0,0,1,0,1,0,1,0,0
-0.4417729543927777,-1.2816237461508115,-1.4760021709057964,-1.0014321936056723,0,1,1,0,1,0,0,1,1,0,0,0,0,1,0,1,0,0,1,0,0,1,0,0,1,0,0,1,0,0,1,0,1,0,0,0,1,0,0,0,1
-0.4417729543927777,-0.5489205190561198,-1.4942531130522116,-0.8490354052610068,1,0,1,0,1,0,0,1,1,0,0,0,0,1,0,1,0,0,1,0,0,1,0,0,1,0,0,1,0,0,1,0,1,0,0,1,0,0,0,0,1
-0.4417729543927777,-1.2816237461508115,-1.5075265255223316,-1.0018492980393439,1,0,1,0,1,0,0,1,1,0,0,0,0,1,0,1,0,0,1,0,0,1,0,0,1,0,0,1,0,0,1,0,1,0,0,1,0,0,0,0,1
-0.4417729543927777,-0.8338606629262777,-1.4809797005820917,-0.9118425518259863,1,0,0,1,0,1,0,1,1,0,0,0,0,1,0,1,0,0,1,0,0,1,0,0,1,0,0,1,0,0,1,0,0,0,1,1,0,1,0,0,0
-0.4417729543927777,1.6084834273893618,-1.5141632317573916,-0.3892326493003306,0,1,1,0,1,0,0,1,1,0,0,0,0,1,0,1,0,0,1,0,0,1,0,0,1,0,0,1,0,0,1,0,0,0,1,1,0,1,0,0,0
-0.4417729543927777,-1.2409180113122176,-1.4809797005820917,-0.992321754659686,1,0,1,0,1,0,0,1,1,0,0,0,0,1,0,1,0,0,1,0,0,1,0,0,1,0,0,1,0,0,1,0,1,0,0,1,0,0,0,0,1
-0.4417729543927777,0.061665503522790134,0.8269348926600123,0.3470444875898638,0,1,0,1,0,1,0,1,1,0,0,0,1,0,1,0,0,0,0,1,0,0,1,1,0,0,0,0,1,1,0,0,1,0,0,0,1,0,0,1,0
-0.4417729543927777,0.1837827080385721,-0.8090131942822699,-0.3997480716018424,0,1,1,0,1,0,1,0,0,1,0,1,0,0,0,0,1,0,0,1,1,0,0,0,0,1,1,0,0,1,0,0,0,0,1,0,1,0,0,0,1
2.2636062032690805,1.038603139649046,0.8269348926600123,1.2400870329458107,0,1,0,1,0,1,0,1,0,0,1,0,1,0,0,0,1,0,0,1,1,0,0,0,0,1,1,0,0,1,0,0,0,1,0,0,1,1,0,0,0
-0.4417729543927777,-1.2816237461508115,-0.6430955384057707,-0.9904118554107683,0,1,1,0,1,0,0,1,1,0,0,1,0,0,1,0,0,1,0,0,1,0,0,1,0,0,1,0,0,1,0,0,1,0,0,0,1,0,0,0,1
2.2636062032690805,-1.2816237461508115,0.20972121279943542,-0.9791280828367035,1,0,1,0,1,0,0,1,1,0,0,0,1,0,1,0,0,1,0,0,1,0,0,1,0,0,1,0,0,1,0,0,1,0,0,0,1,0,0,1,0
-0.4417729543927777,-1.2816237461508115,-0.4804962356468013,-0.9882604746476199,0,1,1,0,1,0,0,1,0,0,1,1,0,0,1,0,0,1,0,0,1,0,0,1,0,0,1,0,0,1,0,0,1,0,0,0,1,0,0,1,0
-0.4417729543927777,1.6084834273893618,0.10685226615600607,1.1008839164241278,0,1,0,1,1,0,0,1,0,0,1,1,0,0,0,0,1,0,0,1,0,0,1,0,0,1,1,0,0,1,0,0,0,0,1,1,0,0,0,0,1
2.2636062032690805,-0.8338606629262777,-1.182327920004393,-0.8541504227897171,1,0,0,1,0,1,1,0,0,1,0,1,0,0,1,0,0,1,0,0,1,0,0,0,0,1,1,0,0,1,0,0,1,0,0,0,1,0,0,0,1
-0.4417729543927777,-1.2409180113122176,-1.5075265255223316,-0.9965586575911927,1,0,1,0,1,0,0,1,1,0,0,0,0,1,0,1,0,0,1,0,0,1,0,0,1,0,0,1,0,0,1,0,1,0,0,1,0,0,0,0,1
-0.4417729543927777,0.5908400564245121,-1.5025489958460365,-0.6057976618356408,1,0,0,1,1,0,0,1,1,0,0,0,0,1,0,1,0,0,1,0,0,1,0,0,1,0,0,1,0,0,1,0,0,0,1,1,0,1,0,0,0
-0.4417729543927777,-1.0780950719578417,-0.6746198930223054,-0.895904771886743,0,1,0,1,0,1,0,1,1,0,0,1,0,0,1,0,0,1,0,0,1,0,0,1,0,0,1,0,0,1,0,0,1,0,0,0,1,1,0,0,0
-0.4417729543927777,1.120014609326234,-0.3759681124446068,0.41083951307669725,1,0,1,0,1,0,1,0,0,1,0,1,0,0,0,0,1,1,0,0,0,0,1,1,0,0,0,0,1,0,0,1,0,0,1,1,0,0,0,1,0
2.2636062032690805,-1.2409180113122176,0.6261745290494484,-0.9385372355809724,1,0,1,0,1,0,0,1,1,0,0,0,1,0,1,0,0,0,0,1,1,0,0,1,0,0,0,0,1,1,0,0,1,0,0,0,1,1,0,0,0
-0.4417729543927777,0.753662995778888,0.6278337056082132,0.8806527754454934,0,1,0,1,1,0,0,1,1,0,0,1,0,0,0,0,1,0,0,1,0,0,1,0,0,1,0,0,1,0,0,1,0,0,1,0,1,0,1,0,0
-0.4417729543927777,1.6084834273893618,1.4806504568134193,2.452543763034526,1,0,0,1,0,1,0,1,0,0,1,0,1,0,0,0,1,0,0,1,0,0,1,1,0,0,0,0,1,0,0,1,0,0,1,1,0,0,1,0,0
-0.4417729543927777,1.6084834273893618,0.6742906492536331,1.6604185377621903,0,1,0,1,1,0,0,1,0,0,1,1,0,0,0,0,1,0,0,1,0,0,1,1,0,0,0,0,1,0,0,1,0,0,1,0,1,0,0,1,0
-0.4417729543927777,0.7943687306174819,-1.3897249898500172,-0.4593500998870291,1,0,0,1,0,1,0,1,0,0,1,0,0,1,0,1,0,0,1,0,0,1,0,0,1,0,0,1,0,0,1,0,0,0,1,1,0,0,0,0,1
-0.4417729543927777,1.5677776925507678,0.938099722097267,1.8461617279356577,1,0,0,1,1,0,0,1,0,0,1,1,0,0,0,0,1,0,0,1,0,0,1,0,0,1,0,0,1,0,0,1,0,0,1,1,0,0,1,0,0
-0.4417729543927777,-0.18256890550877383,-1.3067661619117674,-0.7152765992419855,1,0,0,1,1,0,0,1,0,0,1,0,0,1,0,1,0,0,1,0,0,1,0,0,1,0,0,1,0,0,1,0,0,1,0,1,0,0,0,0,1
2.2636062032690805,1.5677776925507678,-0.6165487134655306,0.4619238297690101,0,1,0,1,1,0,1,0,0,1,0,1,0,0,0,0,1,0,0,1,0,0,1,0,0,1,1,0,0,1,0,0,0,0,1,1,0,0,1,0,0
-0.4417729543927777,1.445660488034986,1.148815145060421,1.91722315171435,0,1,0,1,0,1,0,1,1,0,0,0,1,0,0,0,1,1,0,0,1,0,0,0,0,1,0,0,1,0,0,1,0,0,1,0,1,0,0,1,0
-0.4417729543927777,-1.2816237461508115,0.17985603474166537,-0.9795232344054451,0,1,1,0,1,0,0,1,1,0,0,0,1,0,1,0,0,1,0,0,1,0,0,1,0,0,1,0,0,1,0,0,1,0,0,0,1,0,0,1,0
-0.4417729543927777,-0.8745663977648717,0.8053655973960676,-0.5756124725567708,1,0,1,0,1,0,0,1,0,0,1,0,1,0,1,0,0,1,0,0,0,0,1,1,0,0,0,0,1,1,0,0,1,0,0,0,1,0,0,1,0
-0.4417729543927777,-1.2002122764736236,-0.2913501079475923,-0.9365834306021945,0,1,0,1,0,1,0,1,1,0,0,1,0,0,1,0,0,0,0,1,0,0,1,1,0,0,1,0,0,1,0,0,1,0,0,0,1,0,0,0,1
-0.4417729543927777,1.160720344164828,1.2732533869677953,1.8515182269785995,1,0,0,1,1,0,0,1,0,0,1,0,1,0,1,0,0,1,0,0,0,0,1,0,0,1,0,0,1,0,0,1,0,1,0,0,1,1,0,0,0
-0.4417729543927777,-1.0780950719578417,0.3507512202944597,-0.818103818574514,0,1,0,1,1,0,0,1,0,0,1,0,1,0,1,0,0,1,0,0,1,0,0,1,0,0,1,0,0,1,0,0,1,0,0,0,1,0,0,1,0
-0.4417729543927777,0.550134321585918,-0.3925598780322567,0.06958222773849183,1,0,0,1,1,0,0,1,0,0,1,1,0,0,0,0,1,1,0,0,1,0,0,1,0,0,1,0,0,1,0,0,1,0,0,1,0,0,0,1,0
-0.4417729543927777,0.712957260940294,0.17985603474166537,0.5410419549770442,1,0,1,0,0,1,0,1,1,0,0,0,1,0,1,0,0,1,0,0,1,0,0,1,0,0,1,0,0,1,0,0,0,0,1,1,0,0,1,0,0
-0.4417729543927777,1.48636622287358,1.2981410353492702,2.178023187083786,0,1,1,0,1,0,0,1,1,0,0,0,1,0,1,0,0,0,0,1,0,0,1,0,0,1,0,0,1,0,0,1,0,1,0,0,1,1,0,0,0
-0.4417729543927777,0.2244884428771661,0.6792681789299283,0.4371609981278717,0,1,0,1,0,1,0,1,0,0,1,1,0,0,0,0,1,1,0,0,0,0,1,0,0,1,0,0,1,0,0,1,0,0,1,0,1,1,0,0,0
-0.4417729543927777,-1.2002122764736236,0.3092718063253349,-0.9180771654661309,1,0,1,0,1,0,0,1,0,0,1,0,1,0,1,0,0,1,0,0,1,0,0,1,0,0,1,0,0,1,0,0,1,0,0,0,1,0,0,1,0
2.2636062032690805,1.445660488034986,0.8186390098661873,1.679956587549968,1,0,0,1,1,0,0,1,0,0,1,0,1,0,1,0,0,0,0,1,1,0,0,1,0,0,1,0,0,0,0,1,1,0,0,0,1,1,0,0,0
-0.4417729543927777,-0.3046861100245558,-1.4643879349944418,-0.8083567465455552,0,1,1,0,0,1,0,1,1,0,0,0,0,1,0,1,0,0,1,0,0,1,0,0,1,0,0,1,0,0,1,0,1,0,0,1,0,0,0,0,1
2.2636062032690805,-0.5896262538947138,1.155451851295481,-0.20419195080462563,1,0,0,1,1,0,0,1,0,0,1,0,1,0,1,0,0,1,0,0,1,0,0,0,0,1,0,0,1,0,0,1,1,0,0,1,0,1,0,0,0
-0.4417729543927777,-1.0373893371192477,0.6726314726948683,-0.745856940089597,0,1,1,0,1,0,0,1,0,0,1,0,1,0,1,0,0,1,0,0,1,0,0,1,0,0,1,0,0,0,0,1,1,0,0,0,1,0,0,0,1
-0.4417729543927777,1.3235432835192038,-0.16525268948145272,0.71117665818522,1,0,1,0,1,0,1,0,0,1,0,1,0,0,0,0,1,1,0,0,0,0,1,0,0,1,0,0,1,0,0,1,0,0,1,1,0,0,1,0,0
-0.4417729543927777,-0.8338606629262777,-1.5141632317573916,-0.9099765583069288,1,0,1,0,1,0,0,1,1,0,0,0,0,1,0,1,0,0,1,0,0,1,0,0,1,0,0,1,0,0,1,0,0,1,0,1,0,0,0,0,1
-0.4417729543927777,-1.2816237461508115,-1.3316538102932425,-0.9995222943567544,0,1,1,0,1,0,1,0,0,1,0,1,0,0,1,0,0,1,0,0,1,0,0,1,0,0,1,0,0,1,0,0,1,0,0,1,0,1,0,0,0
-0.4417729543927777,-0.5896262538947138,-1.5241182911099813,-0.8572677296097895,0,1,1,0,1,0,0,1,1,0,0,0,0,1,0,1,0,0,1,0,0,1,0,0,1,0,0,1,0,0,1,0,1,0,0,1,0,0,0,1,0
-0.4417729543927777,1.2828375486806098,0.6659947664598083,1.397554933089326,1,0,0,1,1,0,0,1,0,0,1,1,0,0,0,0,1,1,0,0,0,0,1,0,0,1,0,0,1,0,0,1,0,0,1,0,1,0,1,0,0
-0.4417729543927777,-0.26398037518596185,0.7207475928990531,-0.04064310707547603,0,1,1,0,1,0,0,1,0,0,1,0,1,0,0,0,1,0,0,1,1,0,0,1,0,0,1,0,0,1,0,0,1,0,0,0,1,0,1,0,0
-0.4417729543927777,-1.1595065416350296,0.8186390098661873,-0.84986961412835,1,0,1,0,0,1,0,1,0,0,1,0,1,0,1,0,0,0,0,1,1,0,0,1,0,0,0,0,1,1,0,0,1,0,0,1,0,0,0,0,1
-0.4417729543927777,1.5677776925507678,-0.346102934386837,0.6484353702150307,0,1,0,1,1,0,0,1,1,0,0,1,0,0,0,0,1,1,0,0,1,0,0,0,0,1,1,0,0,1,0,0,0,0,1,1,0,1,0,0,0
-0.4417729543927777,0.6722515261017,-0.1718893957165128,0.27791491592501927,1,0,1,0,1,0,0,1,0,0,1,1,0,0,0,0,1,0,0,1,1,0,0,1,0,0,1,0,0,1,0,0,1,0,0,0,1,0,1,0,0
-0.4417729543927777,-1.0373893371192477,0.7257251225753478,-0.738041720174486,0,1,1,0,1,0,0,1,0,0,1,0,1,0,1,0,0,1,0,0,1,0,0,1,0,0,1,0,0,0,0,1,1,0,0,0,1,0,0,1,0
2.2636062032690805,0.10237123836138413,1.5221298707825441,0.6739445992637922,1,0,1,0,1,0,0,1,0,0,1,0,1,0,0,0,1,0,0,1,0,0,1,0,0,1,0,0,1,0,0,1,0,1,0,0,1,1,0,0,0
2.2636062032690805,-1.2816237461508115,0.17819685818290046,-0.9795451872703751,0,1,0,1,1,0,0,1,1,0,0,0,1,0,1,0,0,1,0,0,1,0,0,1,0,0,1,0,0,1,0,0,1,0,0,0,1,0,0,1,0
-0.4417729543927777,-1.0780950719578417,0.8086839505135974,-0.7568114196897106,1,0,1,0,1,0,0,1,1,0,0,0,1,0,1,0,0,1,0,0,1,0,0,1,0,0,0,0,1,0,0,1,1,0,0,1,0,0,0,1,0
-0.4417729543927777,-0.3046861100245558,0.8451858348064276,-0.05388068462831865,0,1,0,1,0,1,0,1,1,0,0,0,1,0,1,0,0,1,0,0,1,0,0,1,0,0,0,0,1,0,0,1,0,1,0,0,1,0,0,1,0
-0.4417729543927777,-0.7931549280876837,-0.3809456421209017,-0.6951238692361655,1,0,1,0,0,1,0,1,1,0,0,1,0,0,1,0,0,1,0,0,0,0,1,0,0,1,1,0,0,1,0,0,1,0,0,1,0,0,0,0,1
2.2636062032690805,-0.9559778674420596,-0.3444437578280721,-0.7934946569878862,0,1,1,0,1,0,0,1,0,0,1,1,0,0,0,0,1,1,0,0,1,0,0,1,0,0,1,0,0,1,0,0,1,0,0,1,0,0,0,1,0
-0.4417729543927777,1.6084834273893618,0.6626764133422784,1.6526033178470791,1,0,0,1,1,0,0,1,0,0,1,1,0,0,0,0,1,1,0,0,0,0,1,0,0,1,0,0,1,0,0,1,0,0,1,0,1,1,0,0,0
-0.4417729543927777,-0.42680331454033776,0.4552793434966544,-0.2799293348134264,0,1,0,1,0,1,0,1,0,0,1,1,0,0,1,0,0,1,0,0,0,0,1,0,0,1,0,0,1,0,0,1,0,1,0,0,1,0,0,0,1
-0.4417729543927777,0.020959768684196148,0.5199872292884887,0.1535738889610053,0,1,1,0,1,0,0,1,1,0,0,0,1,0,1,0,0,0,0,1,1,0,0,0,0,1,1,0,0,1,0,0,0,0,1,1,0,1,0,0,0
2.2636062032690805,-0.5896262538947138,-0.2166871628031676,-0.5867645279412551,0,1,1,0,1,0,0,1,0,0,1,1,0,0,0,0,1,0,0,1,1,0,0,1,0,0,1,0,0,1,0,0,1,0,0,0,1,0,1,0,0
-0.4417729543927777,0.061665503522790134,0.40716322329246957,0.1986650735274045,0,1,0,1,0,1,0,1,0,0,1,1,0,0,1,0,0,1,0,0,0,0,1,1,0,0,0,0,1,0,0,1,0,1,0,1,0,1,0,0,0
-0.4417729543927777,-1.0780950719578417,0.8352307754538373,-0.7815303456009887,1,0,1,0,1,0,0,1,0,0,1,0,1,0,1,0,0,0,0,1,1,0,0,1,0,0,0,0,1,1,0,0,1,0,0,0,1,0,0,1,0
-0.4417729543927777,-0.3453918448631498,-1.4560920522006169,-0.7770300082903209,1,0,1,0,0,1,0,1,1,0,0,0,0,1,0,1,0,0,1,0,0,1,0,0,1,0,0,1,0,0,1,0,0,1,0,1,0,1,0,0,0
-0.4417729543927777,-0.7117434584104957,0.9430772517735617,-0.37612678893706847,0,1,1,0,1,0,0,1,0,0,1,0,1,0,1,0,0,1,0,0,1,0,0,1,0,0,0,0,1,0,0,1,1,0,0,0,1,0,0,1,0
-0.4417729543927777,1.2421318138420159,1.3429388024359252,1.9370685416111488,0,1,1,0,1,0,0,1,0,0,1,0,1,0,1,0,0,0,0,1,1,0,0,0,0,1,0,0,1,0,0,1,1,0,0,1,0,0,0,1,0
2.2636062032690805,-1.1595065416350296,0.14667250356636552,-0.8955315731829314,0,1,1,0,1,0,0,1,1,0,0,0,1,0,1,0,0,1,0,0,1,0,0,1,0,0,1,0,0,1,0,0,1,0,0,1,0,0,0,1,0
2.2636062032690805,1.364249018357798,0.19644780032931528,1.0702157641167962,1,0,0,1,1,0,0,1,0,0,1,1,0,0,1,0,0,0,0,1,0,0,1,1,0,0,0,0,1,1,0,0,0,1,0,0,1,1,0,0,0
-0.4417729543927777,0.38731138223154205,-1.4793205240233265,-0.6284749713084208,1,0,0,1,1,0,0,1,1,0,0,0,0,1,0,1,0,0,1,0,0,1,0,0,1,0,0,1,0,0,1,0,1,0,0,1,0,0,1,0,0
2.2636062032690805,-1.1595065416350296,0.5083729933771339,-0.8770692137767281,1,0,1,0,1,0,0,1,0,0,1,0,1,0,0,0,1,1,0,0,1,0,0,1,0,0,1,0,0,1,0,0,1,0,0,0,1,0,0,1,0
-0.4417729543927777,-0.26398037518596185,1.1803394996769558,0.13111610813752608,1,0,1,0,1,0,0,1,0,0,1,0,1,0,1,0,0,1,0,0,0,0,1,1,0,0,0,0,1,0,0,1,1,0,0,0,1,1,0,0,0
-0.4417729543927777,0.2651941777157601,0.5631258198163789,0.40324382181088697,0,1,1,0,1,0,0,1,1,0,0,0,1,0,1,0,0,1,0,0,0,0,1,0,0,1,1,0,0,1,0,0,0,1,0,1,0,0,0,1,0
-0.4417729543927777,1.5270719577121739,-1.4959122896109764,-0.42718915276445135,1,0,0,1,1,0,0,1,1,0,0,0,0,1,0,1,0,0,1,0,0,1,0,0,1,0,0,1,0,0,1,0,0,0,1,1,0,0,1,0,0
-0.4417729543927777,-1.2002122764736236,-0.3245336391228921,-0.9405349462896102,0,1,1,0,1,0,0,1,1,0,0,1,0,0,1,0,0,1,0,0,1,0,0,1,0,0,0,0,1,1,0,0,1,0,0,1,0,0,0,0,1
-0.4417729543927777,0.835074465456076,0.6809273554886932,0.9729206667466496,0,1,1,0,1,0,0,1,0,0,1,0,1,0,1,0,0,1,0,0,1,0,0,1,0,0,0,0,1,1,0,0,1,0,0,1,0,1,0,0,0
-0.4417729543927777,-1.2409180113122176,-0.6613464805521855,-0.9710055228125712,1,0,0,1,1,0,0,1,1,0,0,1,0,0,1,0,0,1,0,0,1,0,0,1,0,0,1,0,0,1,0,0,1,0,0,0,1,0,0,1,0
-0.4417729543927777,1.6084834273893618,0.3125901594428647,1.2891077803346953,1,0,0,1,0,1,0,1,1,0,0,1,0,0,0,0,1,0,0,1,0,0,1,0,0,1,1,0,0,0,0,1,0,0,1,0,1,0,0,1,0
-0.4417729543927777,1.6084834273893618,-0.004312563281248679,1.0618297697135028,0,1,0,1,0,1,1,0,0,1,0,1,0,0,0,0,1,0,0,1,0,0,1,0,0,1,0,0,1,0,0,1,0,0,1,0,1,0,1,0,0
-0.4417729543927777,-1.2816237461508115,-0.314578579770302,-0.9860651881546112,1,0,1,0,1,0,0,1,1,0,0,1,0,0,1,0,0,1,0,0,1,0,0,1,0,0,1,0,0,0,0,1,1,0,0,0,1,0,0,1,0
-0.4417729543927777,0.6315457912631061,0.46357522629047937,0.6454936863143992,0,1,1,0,1,0,0,1,1,0,0,1,0,0,1,0,0,0,0,1,0,0,1,0,0,1,0,0,1,0,0,1,0,0,1,1,0,0,1,0,0
-0.4417729543927777,1.2421318138420159,0.3175676891191599,1.041984379816704,0,1,0,1,0,1,0,1,1,0,0,1,0,0,0,0,1,0,0,1,0,0,1,0,0,1,0,0,1,1,0,0,0,0,1,1,0,0,1,0,0
-0.4417729543927777,1.6084834273893618,-1.354882282115952,-0.24880017234256277,0,1,0,1,0,1,0,1,0,0,1,0,0,1,0,1,0,0,1,0,0,1,0,0,1,0,0,1,0,0,1,0,0,0,1,1,0,0,1,0,0
-0.4417729543927777,1.07930887448764,-0.357717170298192,0.35775748567574633,0,1,1,0,1,0,0,1,0,0,1,1,0,0,1,0,0,1,0,0,0,0,1,1,0,0,1,0,0,1,0,0,0,0,1,1,0,0,1,0,0
-0.4417729543927777,-0.14186317067017984,-0.973271673600004,-0.5394780568818474,0,1,1,0,1,0,1,0,0,1,0,1,0,0,0,0,1,1,0,0,1,0,0,0,0,1,1,0,0,1,0,0,0,1,0,1,0,0,0,0,1
-0.4417729543927777,0.9978974048104519,-0.1868219847453978,0.42721635031454214,1,0,0,1,0,1,0,1,1,0,0,1,0,0,0,0,1,1,0,0,0,0,1,0,0,1,1,0,0,1,0,0,0,1,0,0,1,0,0,0,1
-0.4417729543927777,-0.10115743583158582,1.5105156348711892,0.45035466995085416,1,0,1,0,1,0,0,1,0,0,1,0,1,0,1,0,0,0,0,1,0,0,1,0,0,1,0,0,1,0,0,1,0,1,0,1,0,0,1,0,0
-0.4417729543927777,0.2244884428771661,0.16658262227154572,0.15640580853698668,0,1,1,0,1,0,0,1,0,0,1,1,0,0,0,0,1,0,0,1,0,0,1,0,0,1,1,0,0,1,0,0,1,0,0,1,0,0,0,1,0
-0.4417729543927777,-0.7117434584104957,-1.4760021709057964,-0.8651707609846209,1,0,0,1,1,0,0,1,1,0,0,0,0,1,0,1,0,0,1,0,0,1,0,0,1,0,0,1,0,0,1,0,1,0,0,1,0,0,1,0,0
2.2636062032690805,1.5677776925507678,1.1521334981779512,2.041542225813434,1,0,1,0,1,0,0,1,0,0,1,0,1,0,1,0,0,0,0,1,1,0,0,1,0,0,0,0,1,0,0,1,1,0,0,0,1,0,1,0,0
-0.4417729543927777,-1.0373893371192477,0.9729424298313317,-0.7166815825975111,0,1,1,0,1,0,0,1,1,0,0,0,1,0,1,0,0,0,0,1,1,0,0,1,0,0,0,0,1,0,0,1,1,0,0,0,1,0,0,1,0
-0.4417729543927777,-0.2232746403473678,-1.5042081724048015,-0.7640339122517091,1,0,1,0,1,0,0,1,1,0,0,0,0,1,0,1,0,0,1,0,0,1,0,0,1,0,0,1,0,0,1,0,0,0,1,0,1,0,0,0,1
-0.4417729543927777,0.3058999125543541,-1.5207999379924513,-0.6679023167228574,1,0,0,1,1,0,0,1,1,0,0,0,0,1,0,1,0,0,1,0,0,1,0,0,1,0,0,1,0,0,1,0,0,0,1,1,0,0,0,0,1
2.2636062032690805,-1.2816237461508115,0.6991782976351081,-0.9726519876823277,1,0,1,0,1,0,0,1,1,0,0,0,1,0,1,0,0,0,0,1,1,0,0,1,0,0,1,0,0,0,0,1,1,0,0,0,1,0,0,1,0
-0.4417729543927777,1.3235432835192038,0.8933019550106119,1.5979626370360922,0,1,0,1,1,0,0,1,0,0,1,0,1,0,1,0,0,0,0,1,1,0,0,1,0,0,0,0,1,1,0,0,1,0,0,0,1,1,0,0,0
-0.4417729543927777,-1.2816237461508115,0.5365789948761387,-0.9748033684454763,1,0,1,0,1,0,0,1,1,0,0,0,1,0,1,0,0,1,0,0,1,0,0,1,0,0,1,0,0,0,0,1,1,0,0,0,1,0,0,1,0
-0.4417729543927777,-1.2816237461508115,-0.6912116586099553,-0.9910484884937409,1,0,1,0,1,0,0,1,1,0,0,1,0,0,1,0,0,1,0,0,1,0,0,1,0,0,1,0,0,1,0,0,1,0,0,0,1,0,0,1,0
-0.4417729543927777,-1.2002122764736236,-1.4942531130522116,-0.990324043951048,1,0,0,1,1,0,0,1,1,0,0,0,0,1,0,1,0,0,1,0,0,1,0,0,1,0,0,1,0,0,1,0,1,0,0,0,1,0,0,0,1
2.2636062032690805,-0.14186317067017984,1.132223379472771,0.28605942881408153,1,0,0,1,1,0,0,1,0,0,1,0,1,0,1,0,0,1,0,0,0,0,1,1,0,0,0,0,1,0,0,1,1,0,0,0,1,1,0,0,0
-0.4417729543927777,-0.7117434584104957,-1.4975714661697417,-0.8766740622079866,0,1,1,0,1,0,0,1,1,0,0,0,0,1,0,1,0,0,1,0,0,1,0,0,1,0,0,1,0,0,1,0,0,1,0,1,0,0,0,0,1
-0.4417729543927777,1.5270719577121739,0.49012205123071917,1.5112268676973177,1,0,0,1,0,1,0,1,0,0,1,1,0,0,0,0,1,0,0,1,0,0,1,0,0,1,0,0,1,1,0,0,0,0,1,1,0,1,0,0,0
2.2636062032690805,-0.26398037518596185,0.9596690173612117,0.035225994122905384,1,0,0,1,1,0,0,1,0,0,1,0,1,0,1,0,0,0,0,1,0,0,1,1,0,0,1,0,0,0,0,1,1,0,0,0,1,0,0,1,0
-0.4417729543927777,0.10237123836138413,1.0559012577695814,0.4838766946990973,0,1,1,0,1,0,0,1,0,0,1,0,1,0,0,0,1,0,0,1,0,0,1,0,0,1,1,0,0,1,0,0,1,0,0,0,1,0,0,0,1
-0.4417729543927777,1.445660488034986,0.2661332157974452,1.16434964893701,0,1,0,1,0,1,0,1,1,0,0,1,0,0,1,0,0,1,0,0,0,0,1,0,0,1,0,0,1,0,0,1,0,0,1,0,1,1,0,0,0
-0.4417729543927777,-1.2816237461508115,0.33084110158928,-0.9775255236968071,0,1,1,0,1,0,0,1,0,0,1,0,1,0,1,0,0,1,0,0,1,0,0,1,0,0,1,0,0,1,0,0,1,0,0,0,1,0,0,1,0
-0.4417729543927777,-1.2816237461508115,-1.4826388771408565,-1.0015200050653925,0,1,1,0,1,0,0,1,1,0,0,0,0,1,0,1,0,0,1,0,0,1,0,0,1,0,0,1,0,0,1,0,1,0,0,1,0,0,0,0,1
-0.4417729543927777,1.48636622287358,0.4735302856430692,1.3695650303034648,0,1,0,1,0,1,0,1,0,0,1,0,1,0,1,0,0,1,0,0,0,0,1,1,0,0,1,0,0,1,0,0,0,0,1,0,1,0,1,0,0
-0.4417729543927777,-1.1595065416350296,-1.4892755833759166,-0.9738374423885524,1,0,1,0,1,0,0,1,1,0,0,0,0,1,0,1,0,0,1,0,0,1,0,0,1,0,0,1,0,0,1,0,1,0,0,1,0,0,0,0,1
-0.4417729543927777,-0.06045170099299184,0.24954145020979532,-0.0636936152520676,0,1,1,0,1,0,0,1,1,0,0,1,0,0,0,0,1,0,0,1,0,0,1,0,0,1,0,0,1,1,0,0,1,0,0,0,1,1,0,0,0
2.2636062032690805,1.038603139649046,1.4574219849907093,1.7500520852717363,0,1,0,1,1,0,0,1,0,0,1,0,1,0,0,0,1,0,0,1,0,0,1,1,0,0,0,0,1,0,0,1,0,1,0,0,1,0,0,1,0
-0.4417729543927777,1.3235432835192038,0.883346895658022,1.6081048606337924,1,0,0,1,0,1,0,1,0,0,1,1,0,0,0,0,1,0,0,1,0,0,1,0,0,1,0,0,1,0,0,1,0,0,1,1,0,1,0,0,0
-0.4417729543927777,0.753662995778888,0.15994591603648564,0.5537307109066347,1,0,0,1,0,1,0,1,1,0,0,1,0,0,0,0,1,0,0,1,1,0,0,0,0,1,1,0,0,0,0,1,0,1,0,0,1,0,1,0,0
-0.4417729543927777,-1.2816237461508115,-1.5207999379924513,-1.0020249209587846,1,0,1,0,1,0,0,1,1,0,0,0,0,1,0,1,0,0,1,0,0,1,0,0,1,0,0,1,0,0,1,0,1,0,0,1,0,0,0,0,1
-0.4417729543927777,-0.7117434584104957,1.2002496183821354,-0.35004678540012496,0,1,0,1,1,0,0,1,0,0,1,0,1,0,1,0,0,1,0,0,0,0,1,1,0,0,0,0,1,0,0,1,1,0,0,0,1,0,0,1,0
-0.4417729543927777,0.7943687306174819,-0.4639044700591513,0.13581402123256484,1,0,0,1,0,1,0,1,1,0,0,1,0,0,1,0,0,1,0,0,0,0,1,1,0,0,1,0,0,1,0,0,0,1,0,0,1,1,0,0,0
-0.4417729543927777,-1.2816237461508115,-1.3200395743818873,-0.9993686243022438,0,1,1,0,1,0,1,0,0,1,0,1,0,0,1,0,0,1,0,0,1,0,0,1,0,0,1,0,0,1,0,0,1,0,0,0,1,0,0,1,0
-0.4417729543927777,-1.2002122764736236,-1.4925939364934464,-0.9848138748535961,0,1,1,0,0,1,0,1,1,0,0,0,0,1,0,1,0,0,1,0,0,1,0,0,1,0,0,1,0,0,1,0,1,0,0,1,0,0,0,0,1
2.2636062032690805,-0.7931549280876837,-0.33614787503424715,-0.6893283128946225,1,0,1,0,1,0,0,1,1,0,0,1,0,0,1,0,0,0,0,1,0,0,1,1,0,0,1,0,0,1,0,0,1,0,0,0,1,0,0,1,0
-0.4417729543927777,-1.2816237461508115,0.1699009753890755,-0.9796549515950255,0,1,1,0,1,0,0,1,1,0,0,0,1,0,1,0,0,1,0,0,1,0,0,1,0,0,1,0,0,1,0,0,1,0,0,0,1,0,0,1,0
2.2636062032690805,-1.1188008067964357,0.6610172367835131,-0.8279606549281231,1,0,1,0,1,0,0,1,1,0,0,0,1,0,1,0,0,1,0,0,0,0,1,1,0,0,0,0,1,1,0,0,1,0,0,0,1,0,0,0,1
-0.4417729543927777,-0.3046861100245558,0.3723205155584048,-0.13539167211373235,1,0,1,0,1,0,0,1,1,0,0,1,0,0,0,0,1,1,0,0,1,0,0,0,0,1,0,0,1,0,0,1,1,0,0,0,1,0,1,0,0
-0.4417729543927777,1.48636622287358,1.5121748114299542,2.262958821498293,1,0,1,0,1,0,0,1,0,0,1,0,1,0,1,0,0,0,0,1,0,0,1,0,0,1,0,0,1,0,0,1,0,0,1,0,1,1,0,0,0
-0.4417729543927777,-1.1595065416350296,0.020575085100226202,-0.9062665241337442,0,1,1,0,1,0,0,1,0,0,1,1,0,0,1,0,0,1,0,0,1,0,0,0,0,1,1,0,0,0,0,1,1,0,0,1,0,0,0,0,1
-0.4417729543927777,-1.2002122764736236,-1.4776613474645617,-0.9826844469553776,1,0,1,0,1,0,0,1,1,0,0,0,0,1,0,1,0,0,1,0,0,1,0,0,1,0,0,1,0,0,1,0,1,0,0,1,0,0,0,0,1
-0.4417729543927777,-1.1188008067964357,-1.3482455758808922,-0.9664173740421831,0,1,1,0,1,0,1,0,0,1,0,1,0,0,1,0,0,1,0,0,1,0,0,1,0,0,1,0,0,1,0,0,1,0,0,1,0,0,0,0,1
-0.4417729543927777,-1.1595065416350296,0.5033954637008388,-0.8628218044371015,0,1,1,0,1,0,0,1,0,0,1,0,1,0,0,0,1,1,0,0,1,0,0,1,0,0,1,0,0,1,0,0,1,0,0,0,1,0,0,1,0
2.2636062032690805,-0.6710377235719017,0.4585976966141842,-0.47552936134050333,0,1,1,0,1,0,0,1,1,0,0,0,1,0,1,0,0,1,0,0,1,0,0,1,0,0,1,0,0,0,0,1,1,0,0,0,1,0,0,1,0
-0.4417729543927777,0.712957260940294,0.1947886237705504,0.5166962277695776,1,0,1,0,0,1,0,1,1,0,0,1,0,0,0,0,1,1,0,0,0,0,1,0,0,1,0,0,1,1,0,0,0,1,0,0,1,0,1,0,0
-0.4417729543927777,-0.6710377235719017,-0.30130516730018214,-0.6337875646215019,0,1,0,1,0,1,0,1,1,0,0,1,0,0,0,0,1,0,0,1,1,0,0,1,0,0,1,0,0,1,0,0,0,1,0,0,1,0,0,0,1
-0.4417729543927777,0.6722515261017,1.0111034906829268,1.0153775075214382,1,0,0,1,0,1,0,1,0,0,1,0,1,0,1,0,0,1,0,0,1,0,0,1,0,0,0,0,1,0,0,1,1,0,0,0,1,1,0,0,0
-0.4417729543927777,-0.3860975797017438,-0.357717170298192,-0.434170163812219,0,1,1,0,0,1,0,1,1,0,0,1,0,0,1,0,0,0,0,1,1,0,0,0,0,1,1,0,0,1,0,0,1,0,0,1,0,0,0,1,0
-0.4417729543927777,0.5908400564245121,1.1803394996769558,1.0562756948861909,1,0,0,1,1,0,0,1,0,0,1,0,1,0,1,0,0,1,0,0,0,0,1,1,0,0,0,0,1,0,0,1,1,0,0,0,1,0,0,1,0
-0.4417729543927777,-0.42680331454033776,-0.5352490620860462,-0.5473810882566787,1,0,1,0,1,0,0,1,1,0,0,1,0,0,0,0,1,1,0,0,1,0,0,1,0,0,1,0,0,1,0,0,1,0,0,0,1,0,1,0,0
-0.4417729543927777,1.2828375486806098,1.6067478752795585,2.1607901881136677,1,0,0,1,0,1,0,1,0,0,1,0,1,0,0,0,1,0,0,1,0,0,1,0,0,1,0,0,1,0,0,1,0,1,0,1,0,0,0,1,0
-0.4417729543927777,-0.5082147842175258,-0.5087022371458062,-0.5977848661361589,0,1,0,1,0,1,0,1,1,0,0,1,0,0,1,0,0,1,0,0,0,0,1,1,0,0,1,0,0,1,0,0,1,0,0,0,1,0,0,1,0
-0.4417729543927777,0.753662995778888,0.6394479415195684,0.8774257043007704,0,1,0,1,0,1,0,1,0,0,1,0,1,0,1,0,0,0,0,1,1,0,0,0,0,1,1,0,0,1,0,0,0,1,0,1,0,1,0,0,0
-0.4417729543927777,-0.7524491932490897,0.20142533000561044,-0.6091125444400839,1,0,1,0,1,0,0,1,1,0,0,0,1,0,1,0,0,1,0,0,1,0,0,1,0,0,1,0,0,1,0,0,1,0,0,0,1,0,1,0,0
-0.4417729543927777,0.753662995778888,-0.2830542251537673,0.2753683835931291,1,0,1,0,1,0,1,0,0,1,0,1,0,0,1,0,0,0,0,1,0,0,1,1,0,0,0,0,1,0,0,1,0,1,0,0,1,0,1,0,0
-0.4417729543927777,0.3058999125543541,-0.49045129499939133,-0.10661146619038805,0,1,0,1,1,0,0,1,1,0,0,1,0,0,1,0,0,0,0,1,1,0,0,1,0,0,1,0,0,1,0,0,1,0,0,0,1,0,0,0,1
-0.4417729543927777,-1.1595065416350296,1.0957214951799412,-0.8415933840497073,1,0,0,1,0,1,0,1,0,0,1,0,1,0,1,0,0,0,0,1,1,0,0,1,0,0,0,0,1,0,0,1,1,0,0,0,1,0,0,1,0
-0.4417729543927777,-1.2409180113122176,-0.5203164730571611,-0.9707420884334103,0,1,1,0,1,0,1,0,0,1,0,1,0,0,1,0,0,1,0,0,0,0,1,1,0,0,0,0,1,0,0,1,1,0,0,0,1,0,0,1,0
-0.4417729543927777,0.9164859351332639,0.4254141654388844,0.862783143392402,1,0,0,1,1,0,0,1,0,0,1,0,1,0,1,0,0,0,0,1,1,0,0,1,0,0,1,0,0,1,0,0,1,0,0,0,1,0,1,0,0
-0.4417729543927777,1.201426079003422,-0.1586159832463929,0.6374589377499872,0,1,0,1,1,0,0,1,1,0,0,1,0,0,1,0,0,0,0,1,0,0,1,0,0,1,1,0,0,1,0,0,0,0,1,0,1,0,1,0,0
-0.4417729543927777,-1.2409180113122176,-0.3477621109456019,-0.9720812131941454,0,1,1,0,1,0,0,1,1,0,0,1,0,0,0,0,1,1,0,0,1,0,0,0,0,1,1,0,0,1,0,0,1,0,0,0,1,0,0,0,1
-0.4417729543927777,-1.2816237461508115,-0.32785199224042216,-0.9862408110740517,0,1,1,0,1,0,0,1,1,0,0,1,0,0,1,0,0,1,0,0,0,0,1,0,0,1,1,0,0,1,0,0,1,0,0,1,0,0,0,0,1
2.2636062032690805,-0.8745663977648717,0.8219573629837176,-0.5504105836170307,1,0,1,0,1,0,0,1,1,0,0,0,1,0,1,0,0,1,0,0,1,0,0,1,0,0,0,0,1,0,0,1,1,0,0,1,0,1,0,0,0
-0.4417729543927777,-1.1188008067964357,0.5913318213153835,-0.8269947288711993,1,0,1,0,1,0,0,1,0,0,1,0,1,0,1,0,0,1,0,0,0,0,1,0,0,1,1,0,0,1,0,0,1,0,0,0,1,0,0,1,0
-0.4417729543927777,-0.7524491932490897,0.15662756291895585,-0.6058635204304309,1,0,1,0,1,0,0,1,1,0,0,1,0,0,1,0,0,1,0,0,1,0,0,0,0,1,0,0,1,0,0,1,1,0,0,0,1,0,0,1,0
-0.4417729543927777,1.5270719577121739,1.120609143561416,2.001039190017423,0,1,0,1,1,0,0,1,0,0,1,0,1,0,1,0,0,0,0,1,0,0,1,0,0,1,1,0,0,0,0,1,0,0,1,0,1,1,0,0,0
-0.4417729543927777,1.5677776925507678,-1.3250171040581824,-0.2407434709132208,1,0,0,1,1,0,0,1,0,0,1,0,0,1,0,1,0,0,1,0,0,1,0,0,1,0,0,1,0,0,1,0,0,0,1,1,0,1,0,0,0
2.2636062032690805,0.6722515261017,-0.7011667179625454,-0.08573429164187506,1,0,1,0,1,0,0,1,1,0,0,1,0,0,1,0,0,1,0,0,1,0,0,1,0,0,1,0,0,1,0,0,1,0,0,1,0,0,0,0,1
-0.4417729543927777,-0.3453918448631498,-1.4876164068171516,-0.7759982236386067,0,1,0,1,1,0,0,1,1,0,0,0,0,1,0,1,0,0,1,0,0,1,0,0,1,0,0,1,0,0,1,0,0,1,0,1,0,0,0,0,1
-0.4417729543927777,0.3466056473929481,0.0023241429538113836,0.10119435323781739,0,1,1,0,1,0,0,1,0,0,1,1,0,0,1,0,0,1,0,0,0,0,1,1,0,0,1,0,0,0,0,1,0,1,0,1,0,0,0,0,1
-0.4417729543927777,-0.7931549280876837,-1.187305449680688,-0.8536016011664649,1,0,1,0,1,0,1,0,0,1,0,1,0,0,1,0,0,0,0,1,1,0,0,1,0,0,1,0,0,1,0,0,1,0,0,1,0,0,0,1,0
-0.4417729543927777,-1.2816237461508115,-0.6563689508758905,-0.990587478330209,1,0,1,0,1,0,0,1,1,0,0,1,0,0,1,0,0,1,0,0,1,0,0,1,0,0,1,0,0,1,0,0,1,0,0,1,0,0,0,0,1
2.2636062032690805,0.87578020029467,0.23792721429844008,0.695787699869229,1,0,1,0,1,0,0,1,0,0,1,1,0,0,1,0,0,0,0,1,1,0,0,0,0,1,0,0,1,1,0,0,0,1,0,1,0,0,0,0,1
-0.4417729543927777,-1.0373893371192477,0.16658262227154572,-0.7779300757524544,0,1,0,1,0,1,0,1,1,0,0,0,1,0,1,0,0,1,0,0,1,0,0,1,0,0,1,0,0,1,0,0,1,0,0,0,1,1,0,0,0
-0.4417729543927777,1.6084834273893618,0.23792721429844008,1.1921858816683604,0,1,0,1,0,1,0,1,0,0,1,1,0,0,0,0,1,0,0,1,0,0,1,0,0,1,1,0,0,1,0,0,0,0,1,1,0,0,1,0,0
2.2636062032690805,-0.18256890550877383,1.3678264508174,0.37371721847991973,1,0,1,0,1,0,0,1,0,0,1,0,1,0,1,0,0,0,0,1,0,0,1,1,0,0,0,0,1,0,0,1,1,0,0,0,1,0,0,1,0
-0.4417729543927777,-1.1188008067964357,-0.4639044700591513,-0.9096911710628377,1,0,1,0,1,0,1,0,0,1,0,1,0,0,1,0,0,0,0,1,1,0,0,1,0,0,0,0,1,0,0,1,1,0,0,0,1,0,1,0,0
-0.4417729543927777,-0.9152721326034656,0.700837474193873,-0.6441932225983632,0,1,1,0,1,0,0,1,0,0,1,0,1,0,1,0,0,1,0,0,1,0,0,1,0,0,0,0,1,1,0,0,1,0,0,0,1,1,0,0,0
2.2636062032690805,1.5677776925507678,0.722406769457818,1.7026778027526082,0,1,0,1,0,1,0,1,1,0,0,0,1,0,0,0,1,0,0,1,0,0,1,1,0,0,1,0,0,1,0,0,0,1,0,0,1,1,0,0,0
-0.4417729543927777,1.445660488034986,-0.8637660207215145,0.18347369099578403,1,0,1,0,1,0,1,0,0,1,0,1,0,0,0,0,1,1,0,0,0,0,1,0,0,1,1,0,0,1,0,0,0,0,1,1,0,0,0,0,1
-0.4417729543927777,-1.2409180113122176,-0.6430955384057707,-0.9733544793600906,1,0,1,0,1,0,0,1,1,0,0,1,0,0,1,0,0,1,0,0,1,0,0,1,0,0,1,0,0,1,0,0,1,0,0,1,0,0,0,1,0
2.2636062032690805,0.87578020029467,1.6814108204239833,1.8131885248106672,1,0,0,1,1,0,0,1,0,0,1,0,1,0,0,0,1,0,0,1,0,0,1,0,0,1,0,0,1,0,0,1,0,1,0,0,1,1,0,0,0
-0.4417729543927777,-0.7117434584104957,-0.1752077488340428,-0.6297043317445057,0,1,0,1,0,1,0,1,0,0,1,1,0,0,1,0,0,1,0,0,0,0,1,0,0,1,1,0,0,1,0,0,1,0,0,0,1,1,0,0,0
-0.4417729543927777,-1.2002122764736236,-1.1856462731219228,-0.967163771449806,1,0,1,0,1,0,1,0,0,1,0,1,0,0,1,0,0,0,0,1,1,0,0,1,0,0,1,0,0,1,0,0,1,0,0,1,0,0,0,0,1
2.2636062032690805,1.3235432835192038,0.9215079565096171,1.61005866561257,0,1,0,1,1,0,0,1,0,0,1,0,1,0,0,0,1,0,0,1,1,0,0,1,0,0,0,0,1,1,0,0,0,0,1,0,1,0,1,0,0
-0.4417729543927777,-0.7117434584104957,-1.4793205240233265,-0.8629096158968219,1,0,0,1,0,1,0,1,1,0,0,0,0,1,0,1,0,0,1,0,0,1,0,0,1,0,0,1,0,0,1,0,0,1,0,1,0,0,1,0,0
-0.4417729543927777,-0.10115743583158582,0.9779199595076269,0.14786614407918264,1,0,1,0,1,0,0,1,1,0,0,0,1,0,1,0,0,1,0,0,1,0,0,0,0,1,0,0,1,0,0,1,0,1,0,0,1,1,0,0,0
-0.4417729543927777,1.5270719577121739,-1.2901743963241177,-0.19534494623780044,1,0,1,0,1,0,0,1,0,0,1,0,0,1,0,1,0,0,1,0,0,1,0,0,1,0,0,1,0,0,1,0,0,1,0,1,0,0,1,0,0
-0.4417729543927777,-0.5082147842175258,-1.5008898192872715,-0.8317365476960981,1,0,1,0,1,0,0,1,1,0,0,0,0,1,0,1,0,0,1,0,0,1,0,0,1,0,0,1,0,0,1,0,0,0,1,1,0,0,0,0,1
-0.4417729543927777,-1.1595065416350296,-1.3432680462045972,-0.9723885533031668,1,0,1,0,1,0,1,0,0,1,0,1,0,0,1,0,0,1,0,0,1,0,0,1,0,0,1,0,0,1,0,0,1,0,0,0,1,0,0,1,0
-0.4417729543927777,1.2421318138420159,0.5100321699358988,1.1828339612081435,1,0,1,0,1,0,0,1,0,0,1,1,0,0,0,0,1,0,0,1,0,0,1,0,0,1,1,0,0,0,0,1,0,0,1,0,1,0,1,0,0
-0.4417729543927777,-1.0780950719578417,0.6610172367835131,-0.7805644195440649,0,1,1,0,1,0,0,1,1,0,0,0,1,0,1,0,0,0,0,1,1,0,0,1,0,0,0,0,1,1,0,0,1,0,0,0,1,0,0,1,0
2.2636062032690805,-0.18256890550877383,-0.8571293144864545,-0.5289406817154055,1,0,0,1,0,1,1,0,0,1,0,1,0,0,1,0,0,0,0,1,1,0,0,1,0,0,1,0,0,0,0,1,0,1,0,0,1,0,0,1,0
-0.4417729543927777,-0.5082147842175258,-1.4909347599346816,-0.8275655033593815,1,0,0,1,1,0,0,1,1,0,0,0,0,1,0,1,0,0,1,0,0,1,0,0,1,0,0,1,0,0,1,0,0,1,0,0,1,0,0,0,1
-0.4417729543927777,-1.2002122764736236,-0.017585975751368336,-0.9245093548906466,0,1,1,0,1,0,0,1,1,0,0,1,0,0,0,0,1,1,0,0,1,0,0,0,0,1,0,0,1,1,0,0,1,0,0,0,1,0,1,0,0
-0.4417729543927777,-0.8338606629262777,-0.4871329418818613,-0.7497206443172924,0,1,1,0,1,0,0,1,1,0,0,1,0,0,1,0,0,1,0,0,1,0,0,0,0,1,1,0,0,1,0,0,1,0,0,1,0,1,0,0,0
-0.4417729543927777,-1.1188008067964357,-0.8272641364286847,-0.9123035619895181,0,1,1,0,1,0,1,0,0,1,0,1,0,0,0,0,1,1,0,0,0,0,1,0,0,1,1,0,0,1,0,0,1,0,0,1,0,0,0,0,1
-0.4417729543927777,-0.3860975797017438,-0.2565074002135273,-0.3854787093972857,0,1,0,1,0,1,0,1,1,0,0,1,0,0,0,0,1,1,0,0,1,0,0,0,0,1,1,0,0,1,0,0,0,1,0,1,0,0,1,0,0
-0.4417729543927777,1.5270719577121739,-0.23659728150834758,0.7630732308799463,1,0,0,1,1,0,1,0,0,1,0,1,0,0,1,0,0,0,0,1,0,0,1,0,0,1,0,0,1,0,0,1,0,0,1,1,0,1,0,0,0
-0.4417729543927777,1.3235432835192038,0.24954145020979532,1.032895893735648,0,1,0,1,0,1,0,1,0,0,1,1,0,0,0,0,1,0,0,1,0,0,1,1,0,0,1,0,0,0,0,1,0,1,0,1,0,0,1,0,0
-0.4417729543927777,1.6084834273893618,0.6095827634617984,1.6426806228986797,1,0,0,1,0,1,0,1,0,0,1,1,0,0,0,0,1,1,0,0,0,0,1,0,0,1,0,0,1,0,0,1,0,0,1,0,1,1,0,0,0
-0.4417729543927777,-1.2816237461508115,-1.1524627419466231,-0.9971513849443052,0,1,0,1,0,1,1,0,0,1,0,1,0,0,1,0,0,0,0,1,1,0,0,1,0,0,1,0,0,1,0,0,1,0,0,1,0,0,0,1,0
-0.4417729543927777,0.061665503522790134,-0.8090131942822699,-0.4282867960109557,0,1,0,1,0,1,1,0,0,1,0,1,0,0,1,0,0,1,0,0,1,0,0,0,0,1,0,0,1,1,0,0,0,0,1,0,1,0,0,1,0
-0.4417729543927777,-0.46750904937893173,1.075811376474761,-0.07982897097568167,1,0,1,0,1,0,0,1,0,0,1,0,1,0,1,0,0,1,0,0,1,0,0,1,0,0,0,0,1,0,0,1,1,0,0,0,1,0,0,1,0
-0.4417729543927777,-0.5489205190561198,0.8103431270723623,-0.2697871112157262,1,0,0,1,0,1,0,1,0,0,1,0,1,0,1,0,0,1,0,0,1,0,0,0,0,1,1,0,0,0,0,1,0,1,0,0,1,1,0,0,0
-0.4417729543927777,1.5270719577121739,-0.46058611694162155,0.5856282236500514,0,1,0,1,1,0,1,0,0,1,0,1,0,0,1,0,0,0,0,1,0,0,1,0,0,1,1,0,0,0,0,1,0,1,0,0,1,1,0,0,0
2.2636062032690805,0.9571916699718579,1.0592196108871113,1.2813145132845143,1,0,1,0,1,0,0,1,0,0,1,0,1,0,0,0,1,0,0,1,1,0,0,1,0,0,1,0,0,0,0,1,1,0,0,0,1,0,0,1,0
-0.4417729543927777,-1.2816237461508115,-0.3062826969764771,-0.9859554238299607,0,1,1,0,1,0,0,1,1,0,0,1,0,0,1,0,0,1,0,0,1,0,0,1,0,0,1,0,0,0,0,1,1,0,0,0,1,0,0,0,1
-0.4417729543927777,0.2244884428771661,-0.346102934386837,-0.09890601059992737,1,0,0,1,0,1,0,1,1,0,0,1,0,0,0,0,1,0,0,1,1,0,0,1,0,0,1,0,0,1,0,0,1,0,0,1,0,0,0,1,0
-0.4417729543927777,-0.7931549280876837,-1.5141632317573916,-0.896409687780135,0,1,1,0,1,0,0,1,1,0,0,0,0,1,0,1,0,0,1,0,0,1,0,0,1,0,0,1,0,0,1,0,0,1,0,1,0,0,1,0,0
2.2636062032690805,0.550134321585918,1.1969312652646058,1.0443991949590137,0,1,0,1,1,0,0,1,0,0,1,0,1,0,1,0,0,1,0,0,0,0,1,1,0,0,0,0,1,0,0,1,1,0,0,0,1,0,0,1,0
2.2636062032690805,0.87578020029467,-1.3266762806169472,-0.41120746709534783,0,1,0,1,1,0,1,0,0,1,0,1,0,0,1,0,0,1,0,0,1,0,0,1,0,0,1,0,0,1,0,0,1,0,0,0,1,1,0,0,0
2.2636062032690805,0.6315457912631061,0.1898110940942557,0.5460691610460343,1,0,0,1,1,0,0,1,1,0,0,0,1,0,1,0,0,1,0,0,1,0,0,1,0,0,1,0,0,1,0,0,1,0,0,0,1,1,0,0,0
-0.4417729543927777,1.445660488034986,0.8003880677197724,1.7055097223285893,1,0,0,1,0,1,0,1,0,0,1,1,0,0,0,0,1,0,0,1,0,0,1,0,0,1,0,0,1,0,0,1,0,0,1,0,1,1,0,0,0
-0.4417729543927777,0.7943687306174819,0.9845566657426865,1.1962032559505664,1,0,0,1,1,0,0,1,0,0,1,0,1,0,1,0,0,0,0,1,0,0,1,1,0,0,0,0,1,1,0,0,1,0,0,1,0,1,0,0,0
-0.4417729543927777,1.5677776925507678,-1.3333129868520073,-0.20390656356053444,1,0,0,1,1,0,0,1,0,0,1,0,0,1,0,1,0,0,1,0,0,1,0,0,1,0,0,1,0,0,1,0,0,0,1,1,0,1,0,0,0
-0.4417729543927777,-1.2816237461508115,0.123444031743656,-0.980269631813068,1,0,1,0,1,0,0,1,1,0,0,0,1,0,1,0,0,1,0,0,1,0,0,1,0,0,1,0,0,1,0,0,1,0,0,1,0,0,0,1,0
-0.4417729543927777,1.2828375486806098,0.3125901594428647,1.0793042501978523,1,0,0,1,1,0,0,1,1,0,0,1,0,0,0,0,1,0,0,1,0,0,1,0,0,1,1,0,0,0,0,1,0,0,1,0,1,0,0,0,1
-0.4417729543927777,0.550134321585918,-0.6630056571109504,-0.058139540424755484,1,0,1,0,1,0,0,1,1,0,0,1,0,0,1,0,0,1,0,0,1,0,0,1,0,0,1,0,0,1,0,0,1,0,0,1,0,1,0,0,0
-0.4417729543927777,-0.8745663977648717,0.8368899520126026,-0.5766442572084849,1,0,1,0,1,0,0,1,0,0,1,0,1,0,1,0,0,1,0,0,1,0,0,0,0,1,0,0,1,1,0,0,1,0,0,1,0,0,0,1,0
-0.4417729543927777,0.835074465456076,-0.12709162862985796,0.46389958761271793,0,1,1,0,1,0,0,1,1,0,0,1,0,0,1,0,0,1,0,0,0,0,1,1,0,0,1,0,0,0,0,1,0,1,0,0,1,0,0,1,0
-0.4417729543927777,-1.2409180113122176,-1.4892755833759166,-0.9931779163919593,1,0,1,0,1,0,0,1,1,0,0,0,0,1,0,1,0,0,1,0,0,1,0,0,1,0,0,1,0,0,1,0,1,0,0,0,1,0,0,0,1
2.2636062032690805,0.9978974048104519,1.1836578527944857,1.5124781809983325,0,1,0,1,1,0,0,1,0,0,1,0,1,0,1,0,0,1,0,0,0,0,1,1,0,0,0,0,1,0,0,1,1,0,0,1,0,0,0,1,0
-0.4417729543927777,0.42801711707013607,-0.314578579770302,0.06275488674523463,1,0,1,0,1,0,0,1,1,0,0,1,0,0,1,0,0,0,0,1,1,0,0,0,0,1,1,0,0,1,0,0,0,1,0,1,0,0,0,1,0
-0.4417729543927777,0.46872285190873003,-1.4892755833759166,-0.6392977337189538,0,1,1,0,1,0,0,1,1,0,0,0,0,1,0,1,0,0,1,0,0,1,0,0,1,0,0,1,0,0,1,0,0,0,1,1,0,0,0,0,1
-0.4417729543927777,1.5677776925507678,0.06205449906935101,1.0483946163762892,1,0,0,1,1,0,1,0,0,1,0,1,0,0,0,0,1,0,0,1,0,0,1,0,0,1,0,0,1,0,0,1,0,1,0,1,0,1,0,0,0
-0.4417729543927777,-0.10115743583158582,-0.6779382461398354,-0.43621178025071716,0,1,1,0,0,1,1,0,0,1,0,1,0,0,1,0,0,1,0,0,1,0,0,1,0,0,0,0,1,0,0,1,1,0,0,0,1,0,0,1,0
-0.4417729543927777,-0.5082147842175258,-1.4693654646707368,-0.8271044931958497,0,1,0,1,1,0,0,1,1,0,0,0,0,1,0,1,0,0,1,0,0,1,0,0,1,0,0,1,0,0,1,0,0,1,0,1,0,0,0,0,1
-0.4417729543927777,-0.5896262538947138,-1.4892755833759166,-0.8585409957757345,0,1,0,1,0,1,0,1,1,0,0,0,0,1,0,1,0,0,1,0,0,1,0,0,1,0,0,1,0,0,1,0,0,1,0,1,0,1,0,0,0
2.2636062032690805,0.061665503522790134,0.21967627215202526,0.05533481839886513,0,1,0,1,1,0,0,1,1,0,0,0,1,0,1,0,0,1,0,0,1,0,0,1,0,0,1,0,0,1,0,0,1,0,0,1,0,0,1,0,0
-0.4417729543927777,0.7943687306174819,-0.2050729268918126,0.32368663930425107,1,0,1,0,1,0,1,0,0,1,0,1,0,0,0,0,1,0,0,1,0,0,1,1,0,0,0,0,1,0,0,1,0,0,1,0,1,1,0,0,0
2.2636062032690805,1.364249018357798,1.4325343366092345,2.1677492462965056,1,0,1,0,1,0,0,1,0,0,1,0,1,0,1,0,0,0,0,1,0,0,1,1,0,0,0,0,1,0,0,1,0,1,0,1,0,1,0,0,0
2.2636062032690805,-0.14186317067017984,1.1139724373263562,0.30858306823235104,0,1,0,1,1,0,0,1,0,0,1,0,1,0,1,0,0,1,0,0,0,0,1,1,0,0,0,0,1,0,0,1,1,0,0,0,1,0,0,1,0
-0.4417729543927777,0.3466056473929481,0.4967587574657792,0.4499814712470425,1,0,0,1,0,1,0,1,0,0,1,1,0,0,0,0,1,0,0,1,0,0,1,0,0,1,1,0,0,0,0,1,1,0,0,1,0,0,1,0,0
-0.4417729543927777,1.48636622287358,0.3590471030882847,1.3552956680989081,0,1,0,1,0,1,0,1,1,0,0,1,0,0,0,0,1,0,0,1,0,0,1,0,0,1,0,0,1,1,0,0,0,0,1,0,1,1,0,0,0
2.2636062032690805,-0.019745966154397845,0.675949825812398,0.15796446194702274,0,1,0,1,1,0,0,1,0,0,1,0,1,0,1,0,0,1,0,0,1,0,0,1,0,0,1,0,0,0,0,1,1,0,0,1,0,0,0,1,0
-0.4417729543927777,-0.9559778674420596,0.1699009753890755,-0.7217307415314311,0,1,1,0,1,0,0,1,1,0,0,0,1,0,1,0,0,1,0,0,1,0,0,1,0,0,1,0,0,1,0,0,1,0,0,1,0,0,0,0,1
-0.4417729543927777,-1.2409180113122176,-1.164076977857978,-0.977218183587786,0,1,1,0,1,0,1,0,0,1,0,1,0,0,1,0,0,1,0,0,1,0,0,0,0,1,1,0,0,1,0,0,1,0,0,1,0,1,0,0,0
-0.4417729543927777,0.1837827080385721,-1.4859572302583866,-0.6654216429857576,0,1,1,0,1,0,0,1,1,0,0,0,0,1,0,1,0,0,1,0,0,1,0,0,1,0,0,1,0,0,1,0,0,1,0,1,0,0,1,0,0
-0.4417729543927777,0.2651941777157601,-0.5667734167025809,-0.18217322727974813,1,0,1,0,1,0,0,1,1,0,0,1,0,0,0,0,1,1,0,0,1,0,0,1,0,0,1,0,0,1,0,0,0,1,0,0,1,0,0,1,0
-0.4417729543927777,-0.9966836022806537,0.7174292397815228,-0.7251773413254549,0,1,1,0,1,0,0,1,0,0,1,0,1,0,1,0,0,1,0,0,1,0,0,1,0,0,1,0,0,0,0,1,1,0,0,0,1,0,0,1,0
-0.4417729543927777,-1.1188008067964357,-1.4726838177882668,-0.9667466670161344,0,1,0,1,0,1,0,1,1,0,0,0,0,1,0,1,0,0,1,0,0,1,0,0,1,0,0,1,0,0,1,0,0,1,0,1,0,0,0,1,0
-0.4417729543927777,-0.26398037518596185,-0.4838145887643313,-0.44951521639835,1,0,1,0,1,0,1,0,0,1,0,1,0,0,1,0,0,1,0,0,0,0,1,1,0,0,0,0,1,0,0,1,1,0,0,0,1,0,1,0,0
-0.4417729543927777,1.2421318138420159,0.5100321699358988,1.1393672886465709,0,1,0,1,0,1,0,1,1,0,0,0,1,0,1,0,0,0,0,1,0,0,1,1,0,0,1,0,0,1,0,0,1,0,0,0,1,0,1,0,0
2.2636062032690805,1.038603139649046,1.177021146559426,1.514080740138229,1,0,0,1,1,0,0,1,0,0,1,0,1,0,1,0,0,1,0,0,1,0,0,0,0,1,0,0,1,0,0,1,1,0,0,0,1,1,0,0,0
-0.4417729543927777,1.6084834273893618,-1.4527736990830868,-0.3872129857267625,1,0,1,0,1,0,0,1,1,0,0,0,0,1,0,1,0,0,1,0,0,1,0,0,1,0,0,1,0,0,1,0,0,0,1,0,1,1,0,0,0
2.2636062032690805,1.2828375486806098,0.17487850506537067,0.9570048396723364,1,0,1,0,1,0,0,1,1,0,0,1,0,0,0,0,1,0,0,1,1,0,0,0,0,1,0,0,1,1,0,0,0,0,1,0,1,0,1,0,0
2.2636062032690805,0.712957260940294,-1.3183803978231223,-0.4368703661986198,1,0,0,1,1,0,0,1,0,0,1,0,0,1,0,1,0,0,1,0,0,1,0,0,1,0,0,1,0,0,1,0,0,1,0,1,0,0,0,1,0
-0.4417729543927777,-0.9966836022806537,-0.22332386903822746,-0.8043832779932094,1,0,1,0,1,0,0,1,1,0,0,1,0,0,0,0,1,0,0,1,1,0,0,0,0,1,1,0,0,1,0,0,0,1,0,1,0,1,0,0,0
-0.4417729543927777,-1.2816237461508115,0.4552793434966544,-0.9758790588270506,1,0,1,0,0,1,0,1,1,0,0,0,1,0,1,0,0,1,0,0,1,0,0,1,0,0,1,0,0,0,0,1,1,0,0,1,0,0,0,1,0
-0.4417729543927777,-1.0780950719578417,0.1864927409767254,-0.819882000633851,1,0,1,0,1,0,0,1,1,0,0,0,1,0,1,0,0,1,0,0,1,0,0,1,0,0,1,0,0,1,0,0,1,0,0,1,0,0,1,0,0
-0.4417729543927777,1.3235432835192038,0.5830359385215587,1.2793168025758768,1,0,0,1,0,1,0,1,0,0,1,1,0,0,0,0,1,0,0,1,1,0,0,0,0,1,0,0,1,0,0,1,0,0,1,0,1,1,0,0,0
-0.4417729543927777,-0.7931549280876837,-0.357717170298192,-0.7026097961773252,1,0,0,1,0,1,0,1,1,0,0,1,0,0,0,0,1,1,0,0,1,0,0,0,0,1,1,0,0,1,0,0,0,1,0,1,0,1,0,0,0
-0.4417729543927777,0.5908400564245121,1.4806504568134193,1.2395601641874887,0,1,0,1,1,0,0,1,0,0,1,0,1,0,1,0,0,0,0,1,0,0,1,0,0,1,0,0,1,0,0,1,1,0,0,0,1,0,0,1,0
-0.4417729543927777,-1.1595065416350296,-0.35273964062189705,-0.9246630249451571,0,1,1,0,1,0,0,1,1,0,0,1,0,0,1,0,0,1,0,0,1,0,0,1,0,0,1,0,0,0,0,1,1,0,0,1,0,0,0,1,0
-0.4417729543927777,0.753662995778888,-1.3266762806169472,-0.4449051147630317,1,0,1,0,1,0,0,1,0,0,1,0,0,1,0,1,0,0,1,0,0,1,0,0,1,0,0,1,0,0,1,0,0,0,1,1,0,1,0,0,0
-0.4417729543927777,0.061665503522790134,-0.6663240102284804,-0.37702685639920214,0,1,0,1,0,1,1,0,0,1,0,1,0,0,1,0,0,1,0,0,0,0,1,0,0,1,0,0,1,1,0,0,1,0,0,0,1,0,0,1,0
2.2636062032690805,0.1837827080385721,0.8319124223363075,0.46998053119835204,1,0,0,1,1,0,0,1,1,0,0,0,1,0,1,0,0,1,0,0,0,0,1,0,0,1,0,0,1,1,0,0,1,0,0,1,0,0,0,1,0
-0.4417729543927777,-0.9966836022806537,0.8402083051301324,-0.6838620495270308,1,0,0,1,1,0,0,1,0,0,1,0,1,0,1,0,0,1,0,0,1,0,0,0,0,1,1,0,0,0,0,1,1,0,0,0,1,0,0,1,0
-0.4417729543927777,0.2651941777157601,1.162088557530541,0.6436935513901321,1,0,0,1,0,1,0,1,0,0,1,0,1,0,1,0,0,1,0,0,1,0,0,0,0,1,0,0,1,0,0,1,1,0,0,0,1,0,1,0,0
-0.4417729543927777,-1.2409180113122176,-0.357717170298192,-0.9657807409592104,1,0,1,0,1,0,0,1,0,0,1,1,0,0,1,0,0,0,0,1,1,0,0,1,0,0,1,0,0,1,0,0,1,0,0,1,0,0,0,0,1
-0.4417729543927777,-1.2409180113122176,-1.4793205240233265,-0.9920363674155949,1,0,0,1,1,0,0,1,1,0,0,0,0,1,0,1,0,0,1,0,0,1,0,0,1,0,0,1,0,0,1,0,1,0,0,1,0,0,0,0,1
-0.4417729543927777,0.42801711707013607,0.04380355692293619,0.2660823217277022,0,1,0,1,1,0,0,1,0,0,1,1,0,0,0,0,1,0,0,1,1,0,0,0,0,1,1,0,0,1,0,0,1,0,0,1,0,1,0,0,0
-0.4417729543927777,-1.2816237461508115,1.155451851295481,-0.9666149498265538,0,1,1,0,0,1,0,1,0,0,1,0,1,0,1,0,0,1,0,0,0,0,1,1,0,0,0,0,1,0,0,1,1,0,0,0,1,0,0,1,0
-0.4417729543927777,0.509428586747324,1.153792674736716,1.024334276412914,0,1,1,0,0,1,0,1,0,0,1,0,1,0,1,0,0,1,0,0,0,0,1,1,0,0,0,0,1,0,0,1,0,0,1,1,0,1,0,0,0
2.2636062032690805,-1.2816237461508115,0.19644780032931528,-0.9793037057561442,0,1,0,1,1,0,0,1,1,0,0,0,1,0,1,0,0,1,0,0,1,0,0,1,0,0,1,0,0,1,0,0,1,0,0,1,0,0,0,0,1
-0.4417729543927777,-1.2816237461508115,-0.4705411762942114,-0.9881287574580393,0,1,1,0,1,0,0,1,0,0,1,1,0,0,1,0,0,1,0,0,1,0,0,1,0,0,1,0,0,1,0,0,1,0,0,1,0,0,0,0,1
-0.4417729543927777,-0.10115743583158582,0.6809273554886932,0.09160095126336912,0,1,0,1,0,1,0,1,0,0,1,0,1,0,1,0,0,1,0,0,1,0,0,1,0,0,0,0,1,1,0,0,1,0,0,1,0,0,0,1,0
2.2636062032690805,1.5270719577121739,-0.6928708351687204,0.3118759979718641,0,1,1,0,1,0,1,0,0,1,0,1,0,0,1,0,0,0,0,1,0,0,1,1,0,0,0,0,1,1,0,0,0,1,0,0,1,0,1,0,0
-0.4417729543927777,1.2828375486806098,1.3180511540544504,2.014606060544217,0,1,1,0,1,0,0,1,0,0,1,0,1,0,1,0,0,1,0,0,0,0,1,0,0,1,0,0,1,0,0,1,0,1,0,0,1,0,1,0,0
-0.4417729543927777,-0.5896262538947138,-1.3216987509406524,-0.8222968157761605,1,0,0,1,0,1,0,1,0,0,1,0,0,1,0,1,0,0,1,0,0,1,0,0,1,0,0,1,0,0,1,0,0,0,1,1,0,0,0,0,1
-0.4417729543927777,0.1837827080385721,-1.4975714661697417,-0.6916114108473516,0,1,0,1,0,1,0,1,1,0,0,0,0,1,0,1,0,0,1,0,0,1,0,0,1,0,0,1,0,0,1,0,0,0,1,1,0,1,0,0,0
-0.4417729543927777,1.6084834273893618,0.018915908541461305,1.1496192765689213,1,0,0,1,1,0,1,0,0,1,0,1,0,0,0,0,1,0,0,1,0,0,1,0,0,1,0,0,1,0,0,1,0,0,1,1,0,1,0,0,0
-0.4417729543927777,0.509428586747324,-0.4655636466179165,0.014282960979602076,1,0,0,1,0,1,1,0,0,1,0,1,0,0,0,0,1,1,0,0,1,0,0,1,0,0,0,0,1,0,0,1,1,0,0,0,1,1,0,0,0
-0.4417729543927777,0.9571916699718579,0.5415565245524339,1.0182094270974194,1,0,0,1,0,1,0,1,0,0,1,1,0,0,0,0,1,0,0,1,0,0,1,0,0,1,0,0,1,1,0,0,0,0,1,1,0,0,1,0,0
2.2636062032690805,-0.06045170099299184,0.6610172367835131,0.14580257477575453,1,0,0,1,1,0,0,1,0,0,1,0,1,0,1,0,0,1,0,0,1,0,0,1,0,0,1,0,0,0,0,1,1,0,0,0,1,0,0,1,0
-0.4417729543927777,1.201426079003422,-1.4925939364934464,-0.46387239006262704,0,1,0,1,0,1,0,1,1,0,0,0,0,1,0,1,0,0,1,0,0,1,0,0,1,0,0,1,0,0,1,0,0,1,0,1,0,1,0,0,0
2.2636062032690805,1.48636622287358,-1.1657361544167433,-0.07333092295637579,0,1,0,1,1,0,1,0,0,1,0,1,0,0,1,0,0,1,0,0,0,0,1,1,0,0,1,0,0,1,0,0,0,1,0,0,1,0,1,0,0
-0.4417729543927777,-1.1595065416350296,-1.4776613474645617,-0.97320080930558,1,0,1,0,0,1,0,1,1,0,0,0,0,1,0,1,0,0,1,0,0,1,0,0,1,0,0,1,0,0,1,0,0,1,0,0,1,0,0,0,1
-0.4417729543927777,1.364249018357798,-1.4925939364934464,-0.45320329770660467,0,1,1,0,0,1,0,1,1,0,0,0,0,1,0,1,0,0,1,0,0,1,0,0,1,0,0,1,0,0,1,0,0,0,1,1,0,0,1,0,0
-0.4417729543927777,1.5270719577121739,0.14169497389007082,1.128829913480129,1,0,0,1,0,1,0,1,0,0,1,1,0,0,0,0,1,0,0,1,1,0,0,1,0,0,0,0,1,1,0,0,0,0,1,0,1,0,1,0,0
2.2636062032690805,1.6084834273893618,1.35455303834728,2.3395304143744378,1,0,0,1,1,0,0,1,0,0,1,0,1,0,1,0,0,0,0,1,0,0,1,1,0,0,0,0,1,0,0,1,0,1,0,0,1,0,1,0,0
-0.4417729543927777,0.9571916699718579,-0.4058332905023766,0.31541040922560803,0,1,1,0,1,0,0,1,1,0,0,1,0,0,0,0,1,1,0,0,0,0,1,1,0,0,1,0,0,1,0,0,0,1,0,1,0,0,0,0,1
-0.4417729543927777,-0.8338606629262777,1.0144218438004566,-0.520796168826343,1,0,1,0,1,0,0,1,1,0,0,0,1,0,1,0,0,1,0,0,0,0,1,1,0,0,0,0,1,0,0,1,0,1,0,1,0,0,0,0,1
-0.4417729543927777,-1.2816237461508115,0.1931294472117855,-0.9793476114860044,1,0,1,0,1,0,0,1,1,0,0,0,1,0,1,0,0,1,0,0,1,0,0,1,0,0,1,0,0,1,0,0,1,0,0,1,0,0,0,0,1
-0.4417729543927777,0.3466056473929481,1.6449089361311535,0.9773990511923873,1,0,1,0,1,0,0,1,0,0,1,0,1,0,0,0,1,0,0,1,0,0,1,0,0,1,0,0,1,0,0,1,1,0,0,0,1,1,0,0,0
-0.4417729543927777,-1.2816237461508115,-0.17852610195157284,-0.9842650532303439,0,1,1,0,0,1,0,1,1,0,0,1,0,0,1,0,0,1,0,0,1,0,0,0,0,1,1,0,0,0,0,1,1,0,0,0,1,0,0,0,1
-0.4417729543927777,-0.7931549280876837,-1.5025489958460365,-0.9029296886643707,1,0,1,0,1,0,0,1,1,0,0,0,0,1,0,1,0,0,1,0,0,1,0,0,1,0,0,1,0,0,1,0,0,1,0,1,0,0,0,1,0
-0.4417729543927777,-0.26398037518596185,0.6245153524906835,-0.10129887287730699,0,1,0,1,0,1,0,1,0,0,1,0,1,0,1,0,0,1,0,0,1,0,0,1,0,0,0,0,1,1,0,0,1,0,0,0,1,0,0,1,0
-0.4417729543927777,-0.6710377235719017,0.4834853449956591,-0.4553546784697532,1,0,1,0,0,1,0,1,0,0,1,0,1,0,1,0,0,1,0,0,1,0,0,0,0,1,1,0,0,1,0,0,0,1,0,0,1,0,1,0,0
-0.4417729543927777,-1.2002122764736236,-0.34112540471054204,-0.9273851801964881,0,1,1,0,1,0,0,1,1,0,0,1,0,0,1,0,0,1,0,0,1,0,0,1,0,0,1,0,0,0,0,1,1,0,0,1,0,0,0,0,1
-0.4417729543927777,1.038603139649046,0.1715601519478404,0.7673101338114529,0,1,1,0,1,0,0,1,1,0,0,1,0,0,1,0,0,0,0,1,0,0,1,0,0,1,0,0,1,1,0,0,0,0,1,1,0,1,0,0,0
2.2636062032690805,1.6084834273893618,0.8020472442785374,1.7786566682756397,1,0,0,1,1,0,0,1,0,0,1,1,0,0,0,0,1,0,0,1,0,0,1,0,0,1,0,0,1,0,0,1,0,0,1,1,0,0,1,0,0
-0.4417729543927777,0.9571916699718579,-1.4511145225243216,-0.4665725924490277,0,1,1,0,0,1,0,1,1,0,0,0,0,1,0,1,0,0,1,0,0,1,0,0,1,0,0,1,0,0,1,0,0,1,0,0,1,0,0,0,1
-0.4417729543927777,-1.2816237461508115,0.15662756291895585,-0.9798305745144662,0,1,1,0,1,0,0,1,1,0,0,0,1,0,1,0,0,1,0,0,1,0,0,1,0,0,1,0,0,1,0,0,1,0,0,0,1,0,0,1,0
-0.4417729543927777,0.020959768684196148,-0.37099058276831187,-0.19494979466905893,1,0,0,1,1,0,0,1,1,0,0,1,0,0,1,0,0,0,0,1,1,0,0,0,0,1,1,0,0,1,0,0,0,1,0,0,1,0,1,0,0
2.2636062032690805,-0.7931549280876837,0.9580098408024468,-0.4567596618252788,0,1,0,1,1,0,0,1,0,0,1,0,1,0,0,0,1,0,0,1,1,0,0,1,0,0,1,0,0,0,0,1,1,0,0,1,0,0,1,0,0
-0.4417729543927777,0.9978974048104519,0.7290434756928781,1.1582028467565855,0,1,1,0,1,0,0,1,0,0,1,0,1,0,1,0,0,1,0,0,1,0,0,1,0,0,0,0,1,1,0,0,0,1,0,0,1,0,0,1,0
-0.4417729543927777,-0.5896262538947138,0.3275227484717497,-0.37902456710784005,1,0,0,1,1,0,0,1,1,0,0,0,1,0,0,0,1,1,0,0,1,0,0,1,0,0,1,0,0,1,0,0,1,0,0,1,0,0,0,1,0
-0.4417729543927777,0.38731138223154205,1.2218189136460806,0.8658784973475444,0,1,1,0,1,0,0,1,0,0,1,0,1,0,1,0,0,0,0,1,1,0,0,1,0,0,0,0,1,0,0,1,1,0,0,0,1,0,0,1,0
-0.4417729543927777,-0.019745966154397845,0.26115568612115003,0.0139317151407208,0,1,0,1,1,0,0,1,0,0,1,1,0,0,0,0,1,1,0,0,1,0,0,0,0,1,0,0,1,1,0,0,0,1,0,0,1,0,1,0,0
-0.4417729543927777,0.061665503522790134,-1.4643879349944418,-0.7312143791812288,0,1,0,1,0,1,0,1,1,0,0,0,0,1,0,1,0,0,1,0,0,1,0,0,1,0,0,1,0,0,1,0,1,0,0,1,0,0,0,0,1
-0.4417729543927777,1.2828375486806098,1.33796127275963,1.985452655917061,0,1,0,1,1,0,0,1,0,0,1,0,1,0,1,0,0,0,0,1,1,0,0,0,0,1,0,0,1,0,0,1,0,0,1,0,1,0,0,1,0
-0.4417729543927777,-0.8745663977648717,0.3839347514697596,-0.6425028519987465,1,0,1,0,1,0,0,1,0,0,1,0,1,0,1,0,0,1,0,0,1,0,0,1,0,0,1,0,0,1,0,0,1,0,0,0,1,0,0,1,0
-0.4417729543927777,0.6722515261017,1.1919537355883105,1.1178534810150855,1,0,0,1,1,0,0,1,0,0,1,0,1,0,0,0,1,1,0,0,1,0,0,1,0,0,0,0,1,0,0,1,1,0,0,0,1,0,0,0,1
-0.4417729543927777,-0.3860975797017438,0.6261745290494484,-0.176092283694114,1,0,0,1,0,1,0,1,1,0,0,0,1,0,1,0,0,0,0,1,0,0,1,0,0,1,1,0,0,1,0,0,1,0,0,1,0,0,0,1,0
-0.4417729543927777,0.9571916699718579,0.1267623848611858,0.6615192777133628,1,0,0,1,0,1,0,1,0,0,1,1,0,0,0,0,1,1,0,0,0,0,1,1,0,0,1,0,0,0,0,1,0,1,0,0,1,1,0,0,0
-0.4417729543927777,-0.3046861100245558,-1.5224591145512165,-0.8078737835170934,1,0,1,0,1,0,0,1,1,0,0,0,0,1,0,1,0,0,1,0,0,1,0,0,1,0,0,1,0,0,1,0,1,0,0,1,0,0,0,0,1
2.2636062032690805,-0.9966836022806537,-0.7160993069914302,-0.8473450346613901,0,1,0,1,1,0,1,0,0,1,0,1,0,0,1,0,0,0,0,1,0,0,1,1,0,0,1,0,0,0,0,1,1,0,0,0,1,0,0,0,1
-0.4417729543927777,0.061665503522790134,-0.07565715530814329,-0.011599466772970643,1,0,0,1,1,0,0,1,0,0,1,1,0,0,0,0,1,0,0,1,1,0,0,0,0,1,1,0,0,1,0,0,1,0,0,1,0,0,0,1,0
-0.4417729543927777,-1.0780950719578417,-1.2802193369715276,-0.9296024195544267,0,1,1,0,0,1,0,1,0,0,1,0,0,1,0,1,0,0,1,0,0,1,0,0,1,0,0,1,0,0,1,0,1,0,0,1,0,0,0,0,1
-0.4417729543927777,-0.3860975797017438,1.2981410353492702,0.07410451791408967,0,1,1,0,1,0,0,1,0,0,1,0,1,0,1,0,0,1,0,0,0,0,1,0,0,1,0,0,1,0,0,1,1,0,0,0,1,0,0,0,1
-0.4417729543927777,-0.06045170099299184,-0.9799083798350641,-0.5373266761186988,0,1,0,1,0,1,1,0,0,1,0,1,0,0,0,0,1,1,0,0,1,0,0,0,0,1,1,0,0,1,0,0,1,0,0,1,0,1,0,0,0
-0.4417729543927777,-0.8338606629262777,-0.976590026717534,-0.820628398041474,0,1,0,1,0,1,1,0,0,1,0,1,0,0,1,0,0,0,0,1,1,0,0,0,0,1,1,0,0,1,0,0,1,0,0,1,0,0,0,0,1
-0.4417729543927777,-1.1595065416350296,0.5050546402596042,-0.86997843840431,1,0,1,0,1,0,0,1,0,0,1,0,1,0,0,0,1,1,0,0,1,0,0,1,0,0,1,0,0,1,0,0,1,0,0,0,1,0,0,1,0
-0.4417729543927777,1.2421318138420159,1.1819986762357206,1.718483865502271,1,0,0,1,0,1,0,1,0,0,1,0,1,0,0,0,1,0,0,1,0,0,1,1,0,0,0,0,1,1,0,0,1,0,0,0,1,0,0,1,0
-0.4417729543927777,-1.2409180113122176,-1.5025489958460365,-0.99337549217633,0,1,1,0,1,0,0,1,1,0,0,0,0,1,0,1,0,0,1,0,0,1,0,0,1,0,0,1,0,0,1,0,1,0,0,0,1,0,0,0,1
-0.4417729543927777,1.5677776925507678,-1.4743429943470316,-0.3514078630257903,1,0,0,1,0,1,0,1,1,0,0,0,0,1,0,1,0,0,1,0,0,1,0,0,1,0,0,1,0,0,1,0,0,0,1,1,0,1,0,0,0
-0.4417729543927777,0.1837827080385721,0.7920921849259476,0.4562819434819777,1,0,0,1,0,1,0,1,0,0,1,0,1,0,1,0,0,0,0,1,1,0,0,1,0,0,0,0,1,1,0,0,1,0,0,0,1,0,0,1,0
-0.4417729543927777,-1.2816237461508115,-0.6563689508758905,-0.990587478330209,1,0,1,0,1,0,0,1,1,0,0,1,0,0,1,0,0,1,0,0,1,0,0,1,0,0,1,0,0,1,0,0,1,0,0,1,0,0,0,1,0
2.2636062032690805,-1.2409180113122176,0.1715601519478404,-0.9482184490151407,0,1,0,1,1,0,0,1,1,0,0,0,1,0,1,0,0,1,0,0,1,0,0,1,0,0,1,0,0,1,0,0,1,0,0,1,0,0,0,1,0
-0.4417729543927777,-1.0373893371192477,0.5365789948761387,-0.7572285241233822,1,0,0,1,1,0,0,1,1,0,0,0,1,0,1,0,0,1,0,0,1,0,0,1,0,0,0,0,1,1,0,0,1,0,0,0,1,0,0,1,0
2.2636062032690805,1.48636622287358,0.30429427664903974,1.1984863539032955,0,1,1,0,1,0,0,1,0,0,1,1,0,0,0,0,1,1,0,0,0,0,1,0,0,1,1,0,0,0,0,1,0,0,1,1,0,0,1,0,0
-0.4417729543927777,-0.5489205190561198,0.4420059310265343,-0.3557984360118078,0,1,1,0,1,0,0,1,1,0,0,0,1,0,1,0,0,0,0,1,0,0,1,1,0,0,1,0,0,1,0,0,1,0,0,0,1,0,0,1,0
-0.4417729543927777,-0.5489205190561198,1.3827590398462846,-0.16107652408193435,1,0,1,0,1,0,0,1,1,0,0,0,1,0,0,0,1,1,0,0,0,0,1,0,0,1,0,0,1,0,0,1,1,0,0,0,1,0,0,1,0
-0.4417729543927777,1.6084834273893618,0.7356801819279377,1.7249599606566468,0,1,0,1,1,0,0,1,0,0,1,1,0,0,0,0,1,0,0,1,0,0,1,0,0,1,0,0,1,0,0,1,0,0,1,0,1,1,0,0,0
-0.4417729543927777,-0.14186317067017984,1.1172907904438858,0.2774319528965572,1,0,1,0,1,0,0,1,0,0,1,0,1,0,1,0,0,1,0,0,0,0,1,1,0,0,0,0,1,0,0,1,1,0,0,0,1,0,1,0,0
2.2636062032690805,-1.2002122764736236,-0.6613464805521855,-0.9546067327097961,1,0,1,0,1,0,0,1,1,0,0,1,0,0,1,0,0,1,0,0,1,0,0,1,0,0,1,0,0,1,0,0,1,0,0,1,0,0,0,1,0
-0.4417729543927777,-0.8745663977648717,-0.46224529350038646,-0.7550112847654433,1,0,0,1,0,1,0,1,1,0,0,1,0,0,0,0,1,1,0,0,1,0,0,1,0,0,1,0,0,1,0,0,1,0,0,1,0,1,0,0,0
2.2636062032690805,0.020959768684196148,-0.18184445506910263,-0.18294157755230117,1,0,1,0,1,0,1,0,0,1,0,1,0,0,0,0,1,0,0,1,0,0,1,1,0,0,0,0,1,0,0,1,1,0,0,0,1,1,0,0,0
-0.4417729543927777,1.6084834273893618,1.0874256123861163,2.005781008842322,1,0,0,1,1,0,0,1,0,0,1,0,1,0,1,0,0,0,0,1,1,0,0,1,0,0,0,0,1,0,0,1,0,0,1,0,1,0,1,0,0
2.2636062032690805,-1.1188008067964357,-1.4892755833759166,-0.9690736706987235,0,1,1,0,1,0,0,1,1,0,0,0,0,1,0,1,0,0,1,0,0,1,0,0,1,0,0,1,0,0,1,0,1,0,0,1,0,1,0,0,0
2.2636062032690805,1.038603139649046,-0.6513914211995956,0.15361779469086545,0,1,0,1,1,0,1,0,0,1,0,1,0,0,1,0,0,0,0,1,0,0,1,1,0,0,1,0,0,0,0,1,1,0,0,0,1,0,0,1,0
-0.4417729543927777,1.5677776925507678,1.3014593884668004,2.223377806029346,0,1,0,1,1,0,0,1,0,0,1,0,1,0,1,0,0,0,0,1,1,0,0,0,0,1,0,0,1,0,0,1,0,0,1,0,1,0,1,0,0
-0.4417729543927777,-0.9559778674420596,-0.6480730680820656,-0.8265337187076675,0,1,1,0,1,0,1,0,0,1,0,1,0,0,1,0,0,1,0,0,1,0,0,1,0,0,0,0,1,0,0,1,1,0,0,0,1,0,0,1,0
-0.4417729543927777,-1.2816237461508115,-0.49211047155815624,-0.9884141447021304,1,0,1,0,1,0,0,1,0,0,1,1,0,0,1,0,0,1,0,0,1,0,0,1,0,0,1,0,0,1,0,0,1,0,0,0,1,0,0,1,0
-0.4417729543927777,-1.2409180113122176,-0.3510804640631319,-0.9590192585607435,1,0,1,0,1,0,0,1,0,0,1,1,0,0,1,0,0,1,0,0,1,0,0,0,0,1,1,0,0,1,0,0,1,0,0,0,1,0,0,0,1
-0.4417729543927777,0.1837827080385721,-1.4793205240233265,-0.7041025909925711,0,1,0,1,1,0,0,1,1,0,0,0,0,1,0,1,0,0,1,0,0,1,0,0,1,0,0,1,0,0,1,0,1,0,0,1,0,1,0,0,0
-0.4417729543927777,-1.0780950719578417,-0.3195561094465972,-0.8680465862904623,0,1,0,1,0,1,0,1,1,0,0,1,0,0,1,0,0,0,0,1,0,0,1,1,0,0,1,0,0,1,0,0,1,0,0,0,1,0,0,0,1
-0.4417729543927777,-0.3453918448631498,0.04546273348170109,-0.3257230110575883,1,0,0,1,1,0,0,1,0,0,1,1,0,0,0,0,1,0,0,1,0,0,1,1,0,0,1,0,0,1,0,0,1,0,0,1,0,0,0,0,1
-0.4417729543927777,0.87578020029467,0.7356801819279377,1.0686132049768997,0,1,1,0,1,0,0,1,0,0,1,1,0,0,0,0,1,1,0,0,0,0,1,0,0,1,0,0,1,0,0,1,0,0,1,1,0,1,0,0,0
-0.4417729543927777,-0.3860975797017438,-1.4975714661697417,-0.806051695727896,0,1,1,0,0,1,0,1,1,0,0,0,0,1,0,1,0,0,1,0,0,1,0,0,1,0,0,1,0,0,1,0,0,1,0,1,0,0,0,0,1
2.2636062032690805,-0.5896262538947138,0.45196099037912413,-0.38578604950630685,0,1,0,1,1,0,0,1,1,0,0,0,1,0,1,0,0,1,0,0,1,0,0,1,0,0,1,0,0,0,0,1,1,0,0,1,0,0,0,1,0
-0.4417729543927777,1.6084834273893618,-0.007630916398778474,1.0733769766667287,0,1,0,1,1,0,1,0,0,1,0,1,0,0,0,0,1,0,0,1,0,0,1,0,0,1,0,0,1,0,0,1,0,0,1,0,1,0,0,1,0
-0.4417729543927777,0.835074465456076,0.6527213539896881,0.943284299091032,1,0,1,0,0,1,0,1,0,0,1,1,0,0,1,0,0,0,0,1,0,0,1,0,0,1,0,0,1,0,0,1,0,1,0,0,1,0,0,1,0
-0.4417729543927777,-0.3453918448631498,0.45362016693788904,-0.19962575489916745,1,0,0,1,0,1,0,1,0,0,1,1,0,0,0,0,1,1,0,0,0,0,1,1,0,0,0,0,1,0,0,1,0,0,1,1,0,0,1,0,0
2.2636062032690805,0.9571916699718579,0.6875640617237533,1.1077990688771053,0,1,0,1,1,0,0,1,1,0,0,1,0,0,0,0,1,0,0,1,0,0,1,0,0,1,0,0,1,0,0,1,0,0,1,0,1,1,0,0,0
-0.4417729543927777,-0.3860975797017438,1.1587702044130106,0.013163364868167748,0,1,0,1,0,1,0,1,1,0,0,0,1,0,0,0,1,1,0,0,1,0,0,0,0,1,0,0,1,0,0,1,1,0,0,0,1,0,0,1,0
-0.4417729543927777,1.5677776925507678,-1.3100845150292972,-0.2142463629426056,1,0,0,1,0,1,0,1,0,0,1,0,0,1,0,1,0,0,1,0,0,1,0,0,1,0,0,1,0,0,1,0,0,0,1,1,0,1,0,0,0
-0.4417729543927777,-1.2816237461508115,-0.6513914211995956,-0.9905216197354186,0,1,1,0,1,0,1,0,0,1,0,1,0,0,1,0,0,1,0,0,1,0,0,1,0,0,0,0,1,0,0,1,1,0,0,0,1,0,0,0,1
2.2636062032690805,-0.42680331454033776,0.3142493360016301,-0.2672625317487662,1,0,1,0,1,0,0,1,0,0,1,0,1,0,1,0,0,1,0,0,1,0,0,1,0,0,1,0,0,1,0,0,1,0,0,0,1,1,0,0,0
-0.4417729543927777,0.9978974048104519,-1.4726838177882668,-0.460337978808883,0,1,1,0,1,0,0,1,1,0,0,0,0,1,0,1,0,0,1,0,0,1,0,0,1,0,0,1,0,0,1,0,0,0,1,1,0,0,1,0,0
-0.4417729543927777,1.48636622287358,-0.15529763012886286,0.7701859591172944,0,1,0,1,1,0,1,0,0,1,0,1,0,0,0,0,1,1,0,0,0,0,1,0,0,1,0,0,1,0,0,1,0,0,1,1,0,1,0,0,0
-0.4417729543927777,0.9978974048104519,1.3130736243781551,1.5894010197133583,1,0,0,1,1,0,0,1,0,0,1,0,1,0,1,0,0,0,0,1,0,0,1,1,0,0,0,0,1,0,0,1,1,0,0,0,1,0,1,0,0
-0.4417729543927777,0.5908400564245121,0.0023241429538113836,0.25403019888108436,1,0,1,0,1,0,0,1,0,0,1,1,0,0,0,0,1,1,0,0,0,0,1,0,0,1,1,0,0,1,0,0,0,0,1,0,1,0,0,0,1
-0.4417729543927777,-0.7117434584104957,-1.4909347599346816,-0.8839404604998454,0,1,0,1,0,1,0,1,1,0,0,0,0,1,0,1,0,0,1,0,0,1,0,0,1,0,0,1,0,0,1,0,1,0,0,0,1,0,0,1,0
-0.4417729543927777,-0.14186317067017984,-1.1192792107713232,-0.6037560453971426,1,0,1,0,1,0,1,0,0,1,0,1,0,0,1,0,0,1,0,0,1,0,0,0,0,1,1,0,0,1,0,0,1,0,0,0,1,0,0,1,0
-0.4417729543927777,-0.26398037518596185,-1.2918335728828825,-0.7100737702535549,1,0,0,1,1,0,0,1,0,0,1,0,0,1,0,1,0,0,1,0,0,1,0,0,1,0,0,1,0,0,1,0,0,1,0,1,0,0,0,0,1
-0.4417729543927777,-0.06045170099299184,-1.4760021709057964,-0.7300508773399342,0,1,1,0,1,0,0,1,1,0,0,0,0,1,0,1,0,0,1,0,0,1,0,0,1,0,0,1,0,0,1,0,0,0,1,1,0,0,0,0,1
2.2636062032690805,-0.8745663977648717,0.4503018138203592,-0.6265870249244333,0,1,1,0,1,0,0,1,1,0,0,0,1,0,1,0,0,1,0,0,1,0,0,1,0,0,1,0,0,0,0,1,1,0,0,0,1,0,0,1,0
-0.4417729543927777,0.38731138223154205,0.44864263726159437,0.470704975741045,1,0,1,0,1,0,0,1,0,0,1,1,0,0,1,0,0,1,0,0,0,0,1,0,0,1,0,0,1,0,0,1,0,0,1,0,1,0,1,0,0
-0.4417729543927777,1.404954753196392,-0.35605799373942687,0.5807107819057118,1,0,0,1,0,1,1,0,0,1,0,1,0,0,0,0,1,0,0,1,0,0,1,0,0,1,0,0,1,1,0,0,0,0,1,1,0,0,1,0,0
2.2636062032690805,0.020959768684196148,1.1836578527944857,0.425416215390275,0,1,0,1,1,0,0,1,0,0,1,0,1,0,1,0,0,0,0,1,1,0,0,1,0,0,0,0,1,0,0,1,1,0,0,0,1,1,0,0,0
-0.4417729543927777,-0.9966836022806537,-1.4975714661697417,-0.9401397947208686,1,0,0,1,0,1,0,1,1,0,0,0,0,1,0,1,0,0,1,0,0,1,0,0,1,0,0,1,0,0,1,0,0,1,0,1,0,0,0,1,0
2.2636062032690805,-1.1595065416350296,1.0127626672416916,-0.8365003193859271,1,0,1,0,1,0,0,1,0,0,1,0,1,0,1,0,0,1,0,0,1,0,0,1,0,0,0,0,1,0,0,1,1,0,0,0,1,0,0,1,0
-0.4417729543927777,1.364249018357798,-0.27641751891870725,0.65326500049965,0,1,0,1,1,0,1,0,0,1,0,1,0,0,0,0,1,0,0,1,0,0,1,0,0,1,0,0,1,1,0,0,0,0,1,0,1,1,0,0,0
-0.4417729543927777,0.9571916699718579,0.9795791360663918,1.2395821170524188,0,1,1,0,1,0,0,1,0,0,1,0,1,0,1,0,0,0,0,1,1,0,0,0,0,1,1,0,0,0,0,1,1,0,0,0,1,0,0,1,0
2.2636062032690805,-1.1188008067964357,0.5332606417586089,-0.8472352703367396,1,0,0,1,1,0,0,1,0,0,1,0,1,0,1,0,0,0,0,1,1,0,0,1,0,0,1,0,0,1,0,0,1,0,0,0,1,0,0,1,0
-0.4417729543927777,-0.8745663977648717,0.5166688761709589,-0.6166204242461737,0,1,0,1,1,0,0,1,0,0,1,0,1,0,1,0,0,0,0,1,1,0,0,1,0,0,1,0,0,1,0,0,1,0,0,0,1,1,0,0,0
2.2636062032690805,-1.0780950719578417,-0.6812565992573655,-0.8949168929648891,1,0,1,0,1,0,1,0,0,1,0,1,0,0,1,0,0,1,0,0,1,0,0,1,0,0,0,0,1,0,0,1,1,0,0,0,1,0,0,1,0
-0.4417729543927777,0.1430769731999781,-1.5091857020810964,-0.679142183567062,0,1,0,1,0,1,0,1,1,0,0,0,0,1,0,1,0,0,1,0,0,1,0,0,1,0,0,1,0,0,1,0,0,0,1,1,0,0,1,0,0
-0.4417729543927777,-1.2816237461508115,0.5183280527297238,-0.9750448499597072,0,1,0,1,1,0,0,1,1,0,0,0,1,0,1,0,0,1,0,0,1,0,0,1,0,0,0,0,1,1,0,0,1,0,0,0,1,0,0,1,0
-0.4417729543927777,0.3058999125543541,0.5266239355235488,0.3650458368325353,0,1,0,1,1,0,0,1,1,0,0,0,1,0,1,0,0,0,0,1,0,0,1,1,0,0,1,0,0,1,0,0,0,1,0,1,0,0,0,1,0
-0.4417729543927777,1.5270719577121739,0.9978300782128067,1.8886405215753765,0,1,0,1,1,0,0,1,0,0,1,0,1,0,1,0,0,0,0,1,0,0,1,1,0,0,0,0,1,1,0,0,0,1,0,0,1,1,0,0,0
-0.4417729543927777,0.46872285190873003,0.6742906492536331,0.6159231772535717,0,1,1,0,1,0,0,1,0,0,1,1,0,0,1,0,0,0,0,1,0,0,1,0,0,1,0,0,1,0,0,1,0,1,0,0,1,1,0,0,0
-0.4417729543927777,-1.1188008067964357,0.5332606417586089,-0.8393541918268383,1,0,1,0,1,0,0,1,1,0,0,0,1,0,1,0,0,1,0,0,1,0,0,1,0,0,0,0,1,1,0,0,1,0,0,0,1,0,1,0,0
-0.4417729543927777,-0.6303319887333078,-1.5058673489635666,-0.887101673049778,1,0,1,0,1,0,0,1,1,0,0,0,0,1,0,1,0,0,1,0,0,1,0,0,1,0,0,1,0,0,1,0,0,1,0,1,0,0,0,0,1
-0.4417729543927777,1.6084834273893618,-1.3316538102932425,-0.18748582059282928,0,1,0,1,1,0,0,1,0,0,1,0,0,1,0,1,0,0,1,0,0,1,0,0,1,0,0,1,0,0,1,0,0,0,1,1,0,0,1,0,0
-0.4417729543927777,-0.3453918448631498,-0.28471340171253223,-0.40398497453334914,1,0,1,0,1,0,0,1,1,0,0,1,0,0,0,0,1,1,0,0,1,0,0,0,0,1,1,0,0,1,0,0,1,0,0,1,0,0,1,0,0
-0.4417729543927777,0.3466056473929481,1.3197103306132152,0.8979077272805416,0,1,1,0,1,0,0,1,0,0,1,0,1,0,1,0,0,0,0,1,0,0,1,1,0,0,0,0,1,0,0,1,1,0,0,0,1,0,0,1,0
-0.4417729543927777,0.87578020029467,0.02389343821775647,0.555574751560762,0,1,0,1,0,1,0,1,0,0,1,1,0,0,0,0,1,0,0,1,1,0,0,0,0,1,1,0,0,1,0,0,0,0,1,0,1,0,1,0,0
-0.4417729543927777,-1.1595065416350296,-1.354882282115952,-0.9783158268342903,0,1,0,1,0,1,0,1,0,0,1,0,0,1,0,1,0,0,1,0,0,1,0,0,1,0,0,1,0,0,1,0,0,1,0,1,0,0,1,0,0
-0.4417729543927777,-0.7931549280876837,-1.1541219185053881,-0.8426032158364912,1,0,1,0,0,1,1,0,0,1,0,1,0,0,1,0,0,0,0,1,1,0,0,1,0,0,1,0,0,1,0,0,1,0,0,1,0,0,0,1,0
-0.4417729543927777,1.6084834273893618,-1.2835376900890576,-0.13754305287688093,1,0,0,1,0,1,0,1,0,0,1,0,0,1,0,1,0,0,1,0,0,1,0,0,1,0,0,1,0,0,1,0,0,0,1,0,1,1,0,0,0
-0.4417729543927777,-0.7931549280876837,-1.4959122896109764,-0.8997684761144383,0,1,0,1,0,1,0,1,1,0,0,0,0,1,0,1,0,0,1,0,0,1,0,0,1,0,0,1,0,0,1,0,1,0,0,0,1,0,0,0,1
-0.4417729543927777,-1.2816237461508115,-1.4693654646707368,-1.0013443821459518,1,0,0,1,1,0,0,1,1,0,0,0,0,1,0,1,0,0,1,0,0,1,0,0,1,0,0,1,0,0,1,0,1,0,0,0,1,0,0,0,1
-0.4417729543927777,1.2421318138420159,0.8335715988950724,1.5435853906042662,1,0,1,0,1,0,0,1,1,0,0,0,1,0,1,0,0,1,0,0,0,0,1,0,0,1,0,0,1,1,0,0,0,1,0,0,1,0,1,0,0
-0.4417729543927777,-0.46750904937893173,1.3097552712606253,-0.044375094113590856,1,0,0,1,1,0,0,1,0,0,1,0,1,0,0,0,1,1,0,0,0,0,1,1,0,0,0,0,1,0,0,1,1,0,0,0,1,1,0,0,0
-0.4417729543927777,1.6084834273893618,1.5254482239000744,2.468130297134888,0,1,0,1,0,1,0,1,0,0,1,0,1,0,1,0,0,0,0,1,0,0,1,0,0,1,0,0,1,0,0,1,0,0,1,1,0,0,1,0,0
-0.4417729543927777,0.6315457912631061,-1.4859572302583866,-0.5788395437014936,0,1,1,0,1,0,0,1,1,0,0,0,0,1,0,1,0,0,1,0,0,1,0,0,1,0,0,1,0,0,1,0,0,0,1,1,0,0,1,0,0
-0.4417729543927777,1.5270719577121739,-1.4859572302583866,-0.39081325557529684,1,0,0,1,0,1,0,1,1,0,0,0,0,1,0,1,0,0,1,0,0,1,0,0,1,0,0,1,0,0,1,0,0,0,1,0,1,0,1,0,0
-0.4417729543927777,1.6084834273893618,1.193612912147076,2.2645394277732596,0,1,1,0,1,0,0,1,0,0,1,0,1,0,1,0,0,0,0,1,0,0,1,1,0,0,0,0,1,0,0,1,0,0,1,0,1,1,0,0,0
-0.4417729543927777,-0.5489205190561198,-0.2896909313888272,-0.530345665070931,1,0,1,0,1,0,0,1,1,0,0,1,0,0,1,0,0,1,0,0,1,0,0,1,0,0,1,0,0,0,0,1,1,0,0,0,1,0,0,1,0
-0.4417729543927777,0.10237123836138413,0.7141108866639931,0.31953754783246446,1,0,1,0,1,0,0,1,0,0,1,0,1,0,1,0,0,1,0,0,1,0,0,1,0,0,0,0,1,1,0,0,1,0,0,0,1,0,0,1,0
-0.4417729543927777,1.445660488034986,0.8883244253343172,1.8104005109645458,1,0,0,1,1,0,0,1,0,0,1,1,0,0,0,0,1,0,0,1,0,0,1,0,0,1,0,0,1,0,0,1,0,0,1,0,1,0,0,1,0
-0.4417729543927777,-1.1595065416350296,0.700837474193873,-0.8751373616628805,0,1,1,0,1,0,0,1,1,0,0,0,1,0,1,0,0,1,0,0,0,0,1,1,0,0,1,0,0,0,0,1,1,0,0,1,0,0,0,1,0
-0.4417729543927777,0.46872285190873003,0.8534817176002525,0.7344686478760426,0,1,0,1,1,0,0,1,1,0,0,0,1,0,1,0,0,1,0,0,1,0,0,1,0,0,0,0,1,0,0,1,0,1,0,0,1,1,0,0,0
-0.4417729543927777,1.120014609326234,-0.4688819997354465,0.3187911504248416,1,0,1,0,1,0,1,0,0,1,0,1,0,0,1,0,0,0,0,1,1,0,0,1,0,0,0,0,1,0,0,1,1,0,0,0,1,0,0,1,0
-0.4417729543927777,-0.2232746403473678,-1.4710246412295016,-0.7549454261706532,0,1,1,0,0,1,0,1,1,0,0,0,0,1,0,1,0,0,1,0,0,1,0,0,1,0,0,1,0,0,1,0,0,0,1,1,0,0,0,0,1
-0.4417729543927777,0.10237123836138413,0.23792721429844008,0.08510290324406343,0,1,1,0,0,1,0,1,1,0,0,1,0,0,1,0,0,1,0,0,1,0,0,0,0,1,0,0,1,0,0,1,0,1,0,0,1,0,0,0,1
-0.4417729543927777,1.5270719577121739,1.2218189136460806,2.09341684564323,1,0,0,1,1,0,0,1,0,0,1,0,1,0,1,0,0,1,0,0,0,0,1,1,0,0,0,0,1,0,0,1,0,1,0,0,1,0,0,1,0
-0.4417729543927777,-1.2409180113122176,0.13505826765501078,-0.94551824662874,1,0,0,1,1,0,0,1,1,0,0,1,0,0,1,0,0,1,0,0,0,0,1,1,0,0,0,0,1,0,0,1,1,0,0,1,0,0,1,0,0
-0.4417729543927777,-1.2409180113122176,0.3258635719129848,-0.9468354185245451,0,1,1,0,1,0,0,1,1,0,0,0,1,0,1,0,0,0,0,1,1,0,0,1,0,0,1,0,0,1,0,0,1,0,0,0,1,0,0,1,0
-0.4417729543927777,1.6084834273893618,1.6664782313950988,2.6555858107729033,1,0,0,1,1,0,0,1,0,0,1,0,1,0,0,0,1,0,0,1,0,0,1,0,0,1,0,0,1,0,0,1,0,0,1,1,0,0,0,1,0
-0.4417729543927777,1.5677776925507678,0.8667551300703722,1.7529059577126476,1,0,0,1,0,1,0,1,0,0,1,1,0,0,0,0,1,0,0,1,0,0,1,0,0,1,0,0,1,0,0,1,0,0,1,1,0,0,0,0,1
-0.4417729543927777,1.364249018357798,1.329665389965805,2.1214945598888115,0,1,0,1,1,0,0,1,0,0,1,0,1,0,1,0,0,0,0,1,0,0,1,1,0,0,0,0,1,0,0,1,1,0,0,0,1,0,1,0,0
2.2636062032690805,0.7943687306174819,1.4325343366092345,1.5533763683630852,1,0,1,0,1,0,0,1,0,0,1,0,1,0,0,0,1,0,0,1,0,0,1,1,0,0,0,0,1,0,0,1,1,0,0,1,0,0,1,0,0
-0.4417729543927777,0.835074465456076,0.0023241429538113836,0.4664900256744683,0,1,0,1,0,1,0,1,1,0,0,1,0,0,1,0,0,0,0,1,1,0,0,0,0,1,0,0,1,1,0,0,1,0,0,1,0,0,1,0,0
-0.4417729543927777,1.364249018357798,0.49509958090701384,1.288032089953121,0,1,0,1,0,1,0,1,0,0,1,1,0,0,1,0,0,0,0,1,0,0,1,1,0,0,0,0,1,0,0,1,0,0,1,1,0,1,0,0,0
-0.4417729543927777,-0.3860975797017438,-0.349421287504367,-0.46191858508384925,1,0,1,0,1,0,0,1,0,0,1,1,0,0,0,0,1,1,0,0,1,0,0,1,0,0,1,0,0,1,0,0,1,0,0,1,0,0,0,1,0
-0.4417729543927777,-1.2002122764736236,0.4751894622018341,-0.8929191822562511,0,1,1,0,1,0,0,1,1,0,0,0,1,0,1,0,0,1,0,0,1,0,0,1,0,0,0,0,1,1,0,0,1,0,0,1,0,0,0,1,0
-0.4417729543927777,-0.3860975797017438,0.47187110908430435,-0.2741337784718834,1,0,1,0,1,0,0,1,0,0,1,0,1,0,1,0,0,0,0,1,1,0,0,1,0,0,1,0,0,1,0,0,1,0,0,0,1,0,0,1,0
2.2636062032690805,1.07930887448764,-0.4871329418818613,0.3056413843317192,0,1,0,1,1,0,1,0,0,1,0,1,0,0,1,0,0,0,0,1,1,0,0,1,0,0,0,0,1,0,0,1,1,0,0,0,1,0,0,1,0
-0.4417729543927777,1.120014609326234,1.3280062134070403,1.7278796916923482,1,0,1,0,1,0,0,1,1,0,0,0,1,0,0,0,1,1,0,0,0,0,1,0,0,1,0,0,1,0,0,1,1,0,0,0,1,1,0,0,0
-0.4417729543927777,1.364249018357798,1.2666166807327353,1.8851719689164228,1,0,1,0,1,0,0,1,0,0,1,0,1,0,0,0,1,0,0,1,0,0,1,0,0,1,1,0,0,0,0,1,1,0,0,0,1,1,0,0,0
-0.4417729543927777,-0.7117434584104957,0.0222342616589911,-0.5669630437743165,1,0,1,0,0,1,0,1,1,0,0,1,0,0,0,0,1,0,0,1,0,0,1,0,0,1,1,0,0,1,0,0,0,1,0,1,0,0,1,0,0
-0.4417729543927777,1.120014609326234,0.8285940692187777,1.3827587021264474,0,1,1,0,1,0,0,1,0,0,1,0,1,0,1,0,0,0,0,1,1,0,0,1,0,0,0,0,1,1,0,0,1,0,0,0,1,1,0,0,0
-0.4417729543927777,0.550134321585918,1.3097552712606253,1.1428138884405943,1,0,1,0,1,0,0,1,1,0,0,0,1,0,1,0,0,0,0,1,0,0,1,0,0,1,0,0,1,0,0,1,0,0,1,0,1,1,0,0,0
-0.4417729543927777,0.509428586747324,0.8086839505135974,0.7532163945263369,1,0,1,0,1,0,0,1,0,0,1,0,1,0,1,0,0,0,0,1,1,0,0,1,0,0,0,0,1,1,0,0,1,0,0,0,1,0,1,0,0
-0.4417729543927777,0.46872285190873003,-0.361035523415722,0.03243798027678415,0,1,0,1,0,1,1,0,0,1,0,1,0,0,0,0,1,0,0,1,0,0,1,0,0,1,1,0,0,0,0,1,0,0,1,0,1,0,1,0,0
-0.4417729543927777,0.550134321585918,1.1571110278542458,0.9175994471228299,1,0,1,0,0,1,0,1,1,0,0,0,1,0,1,0,0,0,0,1,0,0,1,1,0,0,0,0,1,0,0,1,1,0,0,0,1,0,0,1,0
-0.4417729543927777,-0.7931549280876837,-1.3416088696458324,-0.8595508275625187,0,1,0,1,0,1,0,1,0,0,1,0,0,1,0,1,0,0,1,0,0,1,0,0,1,0,0,1,0,0,1,0,0,1,0,1,0,1,0,0,0
-0.4417729543927777,1.48636622287358,1.6399314064548585,2.35531452425917,0,1,0,1,0,1,0,1,0,0,1,0,1,0,0,0,1,0,0,1,0,0,1,0,0,1,0,0,1,0,0,1,0,0,1,0,1,1,0,0,0
2.2636062032690805,-1.2816237461508115,0.3142493360016301,-0.977745052346108,0,1,1,0,1,0,0,1,0,0,1,0,1,0,1,0,0,1,0,0,1,0,0,1,0,0,1,0,0,1,0,0,1,0,0,0,1,0,0,1,0
-0.4417729543927777,-1.0373893371192477,1.0094443141241614,-0.7202379467161852,1,0,1,0,1,0,0,1,1,0,0,0,1,0,1,0,0,1,0,0,0,0,1,1,0,0,0,0,1,0,0,1,1,0,0,0,1,0,0,1,0
-0.4417729543927777,1.5677776925507678,-0.22166469247946255,0.8098767389108918,1,0,0,1,1,0,1,0,0,1,0,1,0,0,1,0,0,0,0,1,0,0,1,0,0,1,0,0,1,0,0,1,0,0,1,1,0,1,0,0,0
-0.4417729543927777,-0.2232746403473678,-1.5058673489635666,-0.78185963857494,0,1,0,1,1,0,0,1,1,0,0,0,0,1,0,1,0,0,1,0,0,1,0,0,1,0,0,1,0,0,1,0,0,0,1,1,0,1,0,0,0
2.2636062032690805,1.2828375486806098,0.32254521879545506,1.1275127415843238,1,0,1,0,1,0,0,1,0,0,1,1,0,0,1,0,0,0,0,1,0,0,1,0,0,1,1,0,0,0,0,1,1,0,0,1,0,0,1,0,0
-0.4417729543927777,1.48636622287358,0.5498524073462587,1.4277840280980563,0,1,1,0,1,0,0,1,0,0,1,1,0,0,0,0,1,0,0,1,0,0,1,0,0,1,1,0,0,0,0,1,0,0,1,0,1,0,1,0,0
-0.4417729543927777,-1.2816237461508115,-1.4842980536996215,-1.0015419579303226,0,1,1,0,1,0,0,1,1,0,0,0,0,1,0,1,0,0,1,0,0,1,0,0,1,0,0,1,0,0,1,0,1,0,0,1,0,1,0,0,0
-0.4417729543927777,0.020959768684196148,0.29765757041398017,0.04554384064004636,0,1,0,1,0,1,0,1,1,0,0,1,0,0,1,0,0,1,0,0,0,0,1,0,0,1,0,0,1,0,0,1,0,1,0,0,1,0,0,0,1
-0.4417729543927777,-1.2816237461508115,-1.0031368516577739,-0.9951756271005974,1,0,1,0,1,0,1,0,0,1,0,1,0,0,1,0,0,1,0,0,1,0,0,1,0,0,0,0,1,1,0,0,1,0,0,0,1,0,0,1,0
2.2636062032690805,-0.5082147842175258,1.3976916288751697,-0.056756509934159954,0,1,0,1,1,0,0,1,0,0,1,0,1,0,1,0,0,0,0,1,1,0,0,0,0,1,0,0,1,0,0,1,1,0,0,1,0,0,0,1,0
-0.4417729543927777,-0.8338606629262777,1.5934744628094388,-0.40242632112331295,0,1,1,0,1,0,0,1,0,0,1,0,1,0,1,0,0,0,0,1,0,0,1,0,0,1,0,0,1,0,0,1,1,0,0,0,1,0,0,0,1
-0.4417729543927777,-0.9152721326034656,0.2860433345026249,-0.7060124902414888,1,0,1,0,0,1,0,1,0,0,1,1,0,0,0,0,1,1,0,0,0,0,1,0,0,1,1,0,0,0,0,1,0,1,0,1,0,0,1,0,0
2.2636062032690805,0.46872285190873003,1.4889463396072442,1.123561225896908,1,0,1,0,1,0,0,1,0,0,1,0,1,0,0,0,1,0,0,1,0,0,1,1,0,0,0,0,1,0,0,1,0,1,0,0,1,0,1,0,0
-0.4417729543927777,-0.7931549280876837,-1.1043466217424385,-0.8392005217723277,1,0,1,0,1,0,1,0,0,1,0,1,0,0,1,0,0,0,0,1,1,0,0,1,0,0,1,0,0,1,0,0,1,0,0,0,1,0,0,1,0
-0.4417729543927777,0.9571916699718579,-1.4925939364934464,-0.5157031041625629,0,1,0,1,1,0,0,1,1,0,0,0,0,1,0,1,0,0,1,0,0,1,0,0,1,0,0,1,0,0,1,0,0,1,0,1,0,0,1,0,0
-0.4417729543927777,-1.2409180113122176,1.0260360797118113,-0.9236092874285131,0,1,1,0,1,0,0,1,1,0,0,0,1,0,1,0,0,1,0,0,0,0,1,1,0,0,0,0,1,0,0,1,1,0,0,0,1,0,0,1,0
2.2636062032690805,-0.6303319887333078,0.9712832532725668,-0.30434092061568335,1,0,1,0,1,0,0,1,0,0,1,0,1,0,1,0,0,1,0,0,1,0,0,1,0,0,0,0,1,0,0,1,1,0,0,0,1,0,0,1,0
-0.4417729543927777,-0.42680331454033776,-0.3477621109456019,-0.5154396697834018,0,1,1,0,1,0,0,1,0,0,1,1,0,0,0,0,1,1,0,0,1,0,0,1,0,0,1,0,0,1,0,0,1,0,0,0,1,0,0,1,0
-0.4417729543927777,0.753662995778888,1.545358342605254,1.4936426228883177,1,0,1,0,1,0,0,1,0,0,1,0,1,0,1,0,0,0,0,1,0,0,1,0,0,1,0,0,1,0,0,1,0,1,0,0,1,0,0,1,0
-0.4417729543927777,-1.0780950719578417,-0.3062826969764771,-0.8630413330864024,0,1,1,0,1,0,0,1,1,0,0,1,0,0,0,0,1,0,0,1,1,0,0,1,0,0,1,0,0,1,0,0,1,0,0,0,1,1,0,0,0
-0.4417729543927777,-1.2816237461508115,1.0177401969179865,-0.9684370376157511,1,0,1,0,1,0,0,1,1,0,0,0,1,0,0,0,1,1,0,0,1,0,0,1,0,0,0,0,1,0,0,1,1,0,0,0,1,0,0,1,0
2.2636062032690805,-0.9559778674420596,0.485144521554424,-0.6949262934517947,0,1,1,0,1,0,0,1,1,0,0,0,1,0,1,0,0,1,0,0,1,0,0,1,0,0,1,0,0,0,0,1,1,0,0,0,1,0,0,1,0
2.2636062032690805,-0.14186317067017984,1.2118638542934907,0.2841934352950241,0,1,1,0,1,0,0,1,1,0,0,0,1,0,1,0,0,0,0,1,0,0,1,1,0,0,0,0,1,0,0,1,1,0,0,0,1,1,0,0,0
-0.4417729543927777,-1.2816237461508115,-0.6414363618470056,-0.9903899025458383,0,1,1,0,1,0,0,1,1,0,0,1,0,0,1,0,0,1,0,0,1,0,0,1,0,0,1,0,0,1,0,0,1,0,0,0,1,0,0,1,0
-0.4417729543927777,0.6722515261017,-0.10552233336591312,0.31736421420438593,1,0,0,1,0,1,0,1,1,0,0,1,0,0,0,0,1,1,0,0,0,0,1,0,0,1,1,0,0,1,0,0,1,0,0,1,0,1,0,0,0
-0.4417729543927777,-0.9966836022806537,-0.6729607164635405,-0.848332913583244,0,1,0,1,0,1,0,1,1,0,0,1,0,0,1,0,0,1,0,0,1,0,0,1,0,0,1,0,0,1,0,0,1,0,0,1,0,1,0,0,0
-0.4417729543927777,-0.9559778674420596,0.485144521554424,-0.6927968655535762,1,0,1,0,1,0,0,1,1,0,0,0,1,0,1,0,0,1,0,0,1,0,0,1,0,0,1,0,0,0,0,1,1,0,0,0,1,0,0,1,0
-0.4417729543927777,0.3466056473929481,0.7058150038701682,0.4556233575340751,1,0,0,1,1,0,0,1,1,0,0,0,1,0,1,0,0,0,0,1,0,0,1,0,0,1,1,0,0,1,0,0,0,1,0,0,1,1,0,0,0
-0.4417729543927777,-1.0780950719578417,-0.4688819997354465,-0.8839404604998454,1,0,1,0,1,0,0,1,1,0,0,1,0,0,1,0,0,1,0,0,1,0,0,0,0,1,1,0,0,1,0,0,1,0,0,0,1,1,0,0,0
-0.4417729543927777,0.020959768684196148,1.2865267994379155,0.5118007388901682,1,0,0,1,0,1,0,1,0,0,1,0,1,0,0,0,1,1,0,0,0,0,1,1,0,0,0,0,1,0,0,1,0,1,0,0,1,0,0,0,1
-0.4417729543927777,0.2651941777157601,-1.4992306427285065,-0.677627435886886,1,0,0,1,0,1,0,1,1,0,0,0,0,1,0,1,0,0,1,0,0,1,0,0,1,0,0,1,0,0,1,0,0,0,1,1,0,0,0,0,1
2.2636062032690805,-1.2816237461508115,-0.47717788252927146,-0.9882165689177596,1,0,1,0,1,0,0,1,0,0,1,1,0,0,1,0,0,1,0,0,1,0,0,1,0,0,1,0,0,1,0,0,1,0,0,1,0,0,0,0,1
-0.4417729543927777,-0.7931549280876837,0.27940662826756485,-0.6014070888496234,0,1,1,0,1,0,0,1,1,0,0,1,0,0,1,0,0,0,0,1,1,0,0,0,0,1,0,0,1,0,0,1,1,0,0,1,0,0,0,0,1
2.2636062032690805,-0.42680331454033776,1.0542420812108164,-0.0958765152395755,0,1,1,0,1,0,0,1,0,0,1,0,1,0,1,0,0,1,0,0,1,0,0,1,0,0,0,0,1,0,0,1,1,0,0,0,1,0,0,1,0
2.2636062032690805,0.9164859351332639,1.168725263765601,1.364779305748706,1,0,1,0,1,0,0,1,0,0,1,0,1,0,1,0,0,1,0,0,0,0,1,1,0,0,0,0,1,0,0,1,0,1,0,0,1,0,0,1,0
-0.4417729543927777,-1.2002122764736236,0.5166688761709589,-0.9083959520319627,1,0,1,0,1,0,0,1,1,0,0,0,1,0,1,0,0,1,0,0,1,0,0,1,0,0,0,0,1,1,0,0,1,0,0,0,1,0,0,1,0
-0.4417729543927777,0.753662995778888,-0.5667734167025809,0.02433737311758205,0,1,1,0,0,1,0,1,1,0,0,1,0,0,1,0,0,1,0,0,1,0,0,0,0,1,1,0,0,1,0,0,0,1,0,1,0,0,1,0,0
-0.4417729543927777,0.7943687306174819,-0.37099058276831187,0.21484433498087874,0,1,1,0,1,0,0,1,1,0,0,1,0,0,0,0,1,1,0,0,0,0,1,1,0,0,1,0,0,1,0,0,0,1,0,1,0,0,0,1,0
-0.4417729543927777,-0.10115743583158582,-0.8156499005173297,-0.4892279490568777,1,0,1,0,1,0,1,0,0,1,0,1,0,0,1,0,0,1,0,0,1,0,0,0,0,1,1,0,0,0,0,1,0,1,0,0,1,0,1,0,0
-0.4417729543927777,0.3058999125543541,-1.3167212212643573,-0.5683241213999818,0,1,0,1,0,1,0,1,0,0,1,0,0,1,0,1,0,0,1,0,0,1,0,0,1,0,0,1,0,0,1,0,0,0,1,1,0,0,1,0,0
-0.4417729543927777,-0.7524491932490897,0.6709722961361034,-0.5102368407949711,0,1,0,1,1,0,0,1,0,0,1,0,1,0,1,0,0,1,0,0,1,0,0,1,0,0,1,0,0,0,0,1,1,0,0,0,1,0,0,1,0
-0.4417729543927777,0.3466056473929481,-0.6547097743171254,-0.20171127706752573,1,0,1,0,0,1,0,1,1,0,0,1,0,0,1,0,0,1,0,0,1,0,0,1,0,0,1,0,0,1,0,0,1,0,0,1,0,1,0,0,0
-0.4417729543927777,0.42801711707013607,-0.8123315473997997,-0.17056016173173208,0,1,1,0,0,1,1,0,0,1,0,1,0,0,0,0,1,0,0,1,0,0,1,1,0,0,1,0,0,1,0,0,1,0,0,0,1,0,0,1,0
-0.4417729543927777,1.6084834273893618,0.6709722961361034,1.7627627940662567,0,1,0,1,1,0,0,1,0,0,1,1,0,0,1,0,0,0,0,1,0,0,1,0,0,1,0,0,1,0,0,1,0,0,1,0,1,1,0,0,0
-0.4417729543927777,-0.18256890550877383,-0.4688819997354465,-0.4015262536611794,0,1,0,1,0,1,1,0,0,1,0,1,0,0,0,0,1,1,0,0,0,0,1,0,0,1,0,0,1,1,0,0,0,1,0,1,0,0,0,0,1
-0.4417729543927777,1.445660488034986,0.6460846477546285,1.5127416153774937,1,0,0,1,0,1,0,1,0,0,1,0,1,0,1,0,0,0,0,1,0,0,1,1,0,0,1,0,0,1,0,0,0,0,1,0,1,0,1,0,0
-0.4417729543927777,1.201426079003422,1.5221298707825441,1.9931581115075216,1,0,0,1,0,1,0,1,0,0,1,0,1,0,1,0,0,0,0,1,0,0,1,0,0,1,0,0,1,0,0,1,0,1,0,0,1,0,0,1,0
-0.4417729543927777,-1.2816237461508115,-0.6812565992573655,-0.9909167713041603,0,1,1,0,0,1,0,1,1,0,0,1,0,0,1,0,0,1,0,0,1,0,0,1,0,0,1,0,0,1,0,0,1,0,0,0,1,0,0,1,0
-0.4417729543927777,1.201426079003422,1.0559012577695814,1.6789906614930439,0,1,1,0,1,0,0,1,0,0,1,0,1,0,1,0,0,1,0,0,0,0,1,1,0,0,0,0,1,0,0,1,0,1,0,0,1,0,0,1,0
-0.4417729543927777,0.2651941777157601,-1.351563928998422,-0.6088491100609229,1,0,0,1,0,1,0,1,0,0,1,0,0,1,0,1,0,0,1,0,0,1,0,0,1,0,0,1,0,0,1,0,0,1,0,0,1,0,0,0,1
-0.4417729543927777,-1.2816237461508115,0.19147027065302058,-0.9793695643509346,1,0,1,0,1,0,0,1,1,0,0,0,1,0,1,0,0,1,0,0,1,0,0,1,0,0,1,0,0,1,0,0,1,0,0,0,1,0,0,0,1
-0.4417729543927777,-1.2409180113122176,0.38061639835222977,-0.9398105017469173,1,0,1,0,1,0,0,1,1,0,0,1,0,0,1,0,0,1,0,0,0,0,1,0,0,1,0,0,1,0,0,1,1,0,0,1,0,0,0,1,0
-0.4417729543927777,1.5677776925507678,0.954691487684917,1.8809350659849162,1,0,0,1,1,0,0,1,0,0,1,0,1,0,1,0,0,1,0,0,1,0,0,1,0,0,0,0,1,0,0,1,0,0,1,0,1,1,0,0,0
-0.4417729543927777,-1.2002122764736236,-0.4738595294117414,-0.9439815460836338,1,0,1,0,1,0,0,1,0,0,1,1,0,0,1,0,0,1,0,0,1,0,0,1,0,0,1,0,0,1,0,0,1,0,0,0,1,0,0,0,1
-0.4417729543927777,0.712957260940294,0.5830359385215587,0.8244534412244701,1,0,1,0,1,0,0,1,0,0,1,1,0,0,0,0,1,1,0,0,0,0,1,0,0,1,0,0,1,0,0,1,0,1,0,0,1,0,1,0,0
-0.4417729543927777,-0.46750904937893173,0.5299422886410791,-0.25744960112501714,1,0,0,1,1,0,0,1,1,0,0,1,0,0,0,0,1,1,0,0,0,0,1,0,0,1,0,0,1,0,0,1,0,1,0,1,0,0,0,0,1
-0.4417729543927777,-0.9966836022806537,0.017256731982696408,-0.7669755961523409,1,0,1,0,1,0,0,1,1,0,0,1,0,0,1,0,0,0,0,1,1,0,0,0,0,1,0,0,1,1,0,0,1,0,0,0,1,0,0,1,0
-0.4417729543927777,-0.6303319887333078,0.6809273554886932,-0.37307534071178644,1,0,0,1,0,1,0,1,0,0,1,0,1,0,1,0,0,1,0,0,1,0,0,1,0,0,1,0,0,0,0,1,1,0,0,0,1,0,0,1,0
2.2636062032690805,0.509428586747324,-1.3349721634107723,-0.4948039767491199,0,1,0,1,1,0,0,1,0,0,1,0,0,1,0,1,0,0,1,0,0,1,0,0,1,0,0,1,0,0,1,0,0,1,0,1,0,0,1,0,0
-0.4417729543927777,-1.1595065416350296,-0.4655636466179165,-0.9113595887975244,0,1,0,1,0,1,0,1,0,0,1,1,0,0,1,0,0,1,0,0,1,0,0,1,0,0,1,0,0,1,0,0,1,0,0,0,1,0,0,1,0
-0.4417729543927777,1.404954753196392,-0.4639044700591513,0.5358171731236835,0,1,0,1,1,0,1,0,0,1,0,1,0,0,0,0,1,0,0,1,1,0,0,0,0,1,1,0,0,0,0,1,0,0,1,0,1,1,0,0,0
-0.4417729543927777,-1.2002122764736236,-1.0180694406866588,-0.9492282808019248,1,0,1,0,1,0,1,0,0,1,0,1,0,0,0,0,1,1,0,0,1,0,0,0,0,1,1,0,0,1,0,0,1,0,0,1,0,0,0,0,1
-0.4417729543927777,1.160720344164828,0.9762607829488615,1.4935328585636674,1,0,0,1,1,0,0,1,0,0,1,0,1,0,1,0,0,0,0,1,1,0,0,0,0,1,1,0,0,0,0,1,0,0,1,0,1,1,0,0,0
-0.4417729543927777,1.2828375486806098,0.5415565245524339,1.4340625474680613,0,1,1,0,1,0,0,1,0,0,1,1,0,0,0,0,1,0,0,1,0,0,1,0,0,1,0,0,1,1,0,0,0,1,0,1,0,0,0,1,0
-0.4417729543927777,-0.42680331454033776,-1.5042081724048015,-0.824909206702841,0,1,1,0,1,0,0,1,1,0,0,0,0,1,0,1,0,0,1,0,0,1,0,0,1,0,0,1,0,0,1,0,0,1,0,1,0,0,0,0,1
-0.4417729543927777,-1.1595065416350296,-0.29964599074141723,-0.9056957496455619,0,1,1,0,1,0,0,1,1,0,0,1,0,0,1,0,0,1,0,0,1,0,0,1,0,0,1,0,0,0,0,1,1,0,0,0,1,0,0,1,0
2.2636062032690805,0.7943687306174819,0.5282831120823137,0.7807452871486664,0,1,0,1,0,1,0,1,0,0,1,1,0,0,1,0,0,0,0,1,0,0,1,1,0,0,0,0,1,0,0,1,0,1,0,0,1,0,0,1,0
2.2636062032690805,0.6722515261017,1.2151822074110206,1.2157852114682042,1,0,1,0,1,0,0,1,0,0,1,0,1,0,0,0,1,1,0,0,1,0,0,1,0,0,0,0,1,0,0,1,1,0,0,1,0,0,1,0,0
-0.4417729543927777,0.835074465456076,1.4607403381082396,1.5002065295024138,1,0,0,1,1,0,0,1,0,0,1,0,1,0,1,0,0,0,0,1,0,0,1,0,0,1,0,0,1,0,0,1,0,1,0,0,1,1,0,0,0
-0.4417729543927777,-0.6303319887333078,-1.4942531130522116,-0.8656317711481527,0,1,0,1,0,1,0,1,1,0,0,0,0,1,0,1,0,0,1,0,0,1,0,0,1,0,0,1,0,0,1,0,0,1,0,1,0,1,0,0,0
2.2636062032690805,1.3235432835192038,0.19976615344684556,0.9895828912285857,0,1,0,1,1,0,0,1,1,0,0,0,1,0,1,0,0,1,0,0,1,0,0,1,0,0,1,0,0,1,0,0,0,1,0,0,1,1,0,0,0
-0.4417729543927777,0.061665503522790134,1.332983743083335,0.5854745535955408,1,0,1,0,1,0,0,1,1,0,0,0,1,0,1,0,0,0,0,1,0,0,1,0,0,1,0,0,1,0,0,1,1,0,0,0,1,0,0,1,0
2.2636062032690805,-1.2002122764736236,0.9845566657426865,-0.8876724475379603,0,1,0,1,1,0,0,1,0,0,1,0,1,0,1,0,0,1,0,0,1,0,0,1,0,0,0,0,1,0,0,1,1,0,0,0,1,0,0,1,0
-0.4417729543927777,-0.9559778674420596,-1.4959122896109764,-0.9319074703720859,0,1,1,0,1,0,0,1,1,0,0,0,0,1,0,1,0,0,1,0,0,1,0,0,1,0,0,1,0,0,1,0,1,0,0,1,0,0,0,0,1
2.2636062032690805,1.5270719577121739,-0.6530505977583605,0.42286968305838485,0,1,1,0,1,0,1,0,0,1,0,1,0,0,1,0,0,1,0,0,1,0,0,1,0,0,0,0,1,0,0,1,0,1,0,0,1,0,0,1,0
-0.4417729543927777,1.6084834273893618,1.6880475266590433,2.711258276235604,1,0,0,1,0,1,0,1,0,0,1,0,1,0,0,0,1,0,0,1,0,0,1,0,0,1,0,0,1,0,0,1,0,0,1,0,1,1,0,0,0
-0.4417729543927777,0.3058999125543541,-0.15363845357009795,0.06462088026429204,0,1,0,1,0,1,1,0,0,1,0,1,0,0,1,0,0,0,0,1,0,0,1,0,0,1,0,0,1,0,0,1,0,1,0,1,0,0,0,0,1
-0.4417729543927777,1.038603139649046,0.20474368312314026,0.8771842227865393,1,0,1,0,1,0,0,1,0,0,1,1,0,0,0,0,1,0,0,1,0,0,1,0,0,1,1,0,0,1,0,0,0,1,0,0,1,0,1,0,0
-0.4417729543927777,-1.2002122764736236,-1.169054507534273,-0.9701493610802979,1,0,0,1,0,1,1,0,0,1,0,1,0,0,0,0,1,1,0,0,1,0,0,1,0,0,1,0,0,1,0,0,1,0,0,1,0,0,1,0,0
-0.4417729543927777,-1.2816237461508115,-0.4705411762942114,-0.9881287574580393,0,1,1,0,1,0,0,1,1,0,0,1,0,0,0,0,1,1,0,0,1,0,0,1,0,0,1,0,0,1,0,0,1,0,0,0,1,0,0,0,1
-0.4417729543927777,0.6315457912631061,-1.2818785135302926,-0.4637626257379766,0,1,0,1,0,1,0,1,0,0,1,0,0,1,0,1,0,0,1,0,0,1,0,0,1,0,0,1,0,0,1,0,0,0,1,1,0,1,0,0,0
-0.4417729543927777,-0.3046861100245558,1.1405192622665958,0.0931596046734054,0,1,1,0,1,0,0,1,1,0,0,0,1,0,1,0,0,1,0,0,0,0,1,0,0,1,0,0,1,0,0,1,0,0,1,1,0,1,0,0,0
-0.4417729543927777,0.6722515261017,1.4275568069329396,1.3136071775966727,1,0,0,1,0,1,0,1,0,0,1,0,1,0,1,0,0,0,0,1,0,0,1,0,0,1,0,0,1,0,0,1,0,0,1,0,1,1,0,0,0
-0.4417729543927777,-0.9559778674420596,0.3092718063253349,-0.7295679143114723,1,0,1,0,1,0,0,1,1,0,0,0,1,0,0,0,1,1,0,0,1,0,0,1,0,0,1,0,0,1,0,0,1,0,0,0,1,0,1,0,0
-0.4417729543927777,-0.7117434584104957,1.2218189136460806,-0.27744866107632654,1,0,0,1,1,0,0,1,1,0,0,0,1,0,0,0,1,1,0,0,0,0,1,1,0,0,0,0,1,0,0,1,1,0,0,1,0,0,0,1,0
-0.4417729543927777,1.364249018357798,0.32088604223668965,1.0963616262485298,0,1,1,0,1,0,0,1,0,0,1,1,0,0,0,0,1,0,0,1,0,0,1,1,0,0,1,0,0,0,0,1,0,0,1,0,1,0,1,0,0
-0.4417729543927777,1.038603139649046,1.3363020962008652,1.7228963913532183,1,0,0,1,0,1,0,1,0,0,1,0,1,0,1,0,0,0,0,1,0,0,1,1,0,0,0,0,1,0,0,1,0,1,0,0,1,0,1,0,0
-0.4417729543927777,0.42801711707013607,0.2312905080633805,0.38287156315576604,0,1,0,1,0,1,0,1,0,0,1,1,0,0,0,0,1,1,0,0,1,0,0,0,0,1,1,0,0,0,0,1,0,1,0,0,1,0,1,0,0
-0.4417729543927777,0.42801711707013607,-0.0026533867224837813,0.2664555204315136,1,0,0,1,1,0,0,1,0,0,1,1,0,0,1,0,0,1,0,0,1,0,0,0,0,1,0,0,1,1,0,0,0,1,0,0,1,1,0,0,0
-0.4417729543927777,0.5908400564245121,0.3490920437356948,0.5460911139109643,1,0,1,0,1,0,0,1,1,0,0,0,1,0,0,0,1,1,0,0,1,0,0,1,0,0,1,0,0,1,0,0,1,0,0,1,0,0,1,0,0
-0.4417729543927777,0.9571916699718579,1.3893957460813446,1.5863495714880758,1,0,1,0,1,0,0,1,0,0,1,0,1,0,1,0,0,0,0,1,0,0,1,1,0,0,0,0,1,0,0,1,0,1,0,0,1,0,0,1,0
-0.4417729543927777,1.6084834273893618,-0.5319307089685161,0.5381441768062728,0,1,0,1,0,1,1,0,0,1,0,1,0,0,0,0,1,1,0,0,0,0,1,0,0,1,0,0,1,1,0,0,0,0,1,1,0,0,0,0,1
-0.4417729543927777,-0.6710377235719017,0.3374778078243396,-0.47790027075295277,1,0,1,0,1,0,0,1,1,0,0,0,1,0,1,0,0,0,0,1,1,0,0,1,0,0,1,0,0,1,0,0,1,0,0,1,0,1,0,0,0
-0.4417729543927777,1.445660488034986,-0.027541035103958663,0.8890607227137165,1,0,0,1,1,0,0,1,1,0,0,1,0,0,1,0,0,0,0,1,1,0,0,0,0,1,0,0,1,1,0,0,0,0,1,1,0,1,0,0,0
-0.4417729543927777,-0.7117434584104957,-1.4726838177882668,-0.8804719078408917,1,0,0,1,0,1,0,1,1,0,0,0,0,1,0,1,0,0,1,0,0,1,0,0,1,0,0,1,0,0,1,0,0,1,0,1,0,0,0,0,1
-0.4417729543927777,1.364249018357798,-0.34112540471054204,0.5842451931594559,0,1,0,1,0,1,1,0,0,1,0,1,0,0,1,0,0,1,0,0,0,0,1,0,0,1,0,0,1,0,0,1,0,0,1,1,0,1,0,0,0
2.2636062032690805,-1.2002122764736236,0.5133505230534291,-0.912040127610357,1,0,0,1,1,0,0,1,1,0,0,0,1,0,1,0,0,1,0,0,1,0,0,1,0,0,0,0,1,1,0,0,1,0,0,0,1,0,0,1,0
-0.4417729543927777,1.6084834273893618,1.4856279864897144,2.5588175821610784,1,0,0,1,0,1,0,1,0,0,1,0,1,0,0,0,1,0,0,1,0,0,1,1,0,0,0,0,1,0,0,1,0,0,1,1,0,0,1,0,0
-0.4417729543927777,-0.2232746403473678,-1.4793205240233265,-0.7770080554253908,0,1,1,0,1,0,0,1,1,0,0,0,0,1,0,1,0,0,1,0,0,1,0,0,1,0,0,1,0,0,1,0,0,0,1,1,0,0,1,0,0
-0.4417729543927777,-1.2002122764736236,-1.5025489958460365,-0.9837820902018819,1,0,0,1,0,1,0,1,1,0,0,0,0,1,0,1,0,0,1,0,0,1,0,0,1,0,0,1,0,0,1,0,1,0,0,1,0,0,0,0,1
-0.4417729543927777,-0.42680331454033776,0.4785078153193639,-0.25068811872655034,0,1,1,0,1,0,0,1,0,0,1,0,1,0,1,0,0,0,0,1,1,0,0,1,0,0,1,0,0,1,0,0,1,0,0,0,1,0,0,1,0
-0.4417729543927777,1.038603139649046,0.010620025747636343,0.6543187380162941,1,0,0,1,1,0,0,1,1,0,0,1,0,0,0,0,1,0,0,1,1,0,0,1,0,0,0,0,1,1,0,0,1,0,0,0,1,0,1,0,0
-0.4417729543927777,1.6084834273893618,-1.3814291070561922,-0.2977550611366572,1,0,0,1,0,1,0,1,0,0,1,0,0,1,0,1,0,0,1,0,0,1,0,0,1,0,0,1,0,0,1,0,0,1,0,0,1,1,0,0,0
-0.4417729543927777,-0.019745966154397845,1.2981410353492702,0.48978201536529065,1,0,1,0,1,0,0,1,0,0,1,0,1,0,1,0,0,0,0,1,0,0,1,1,0,0,0,0,1,0,0,1,0,1,0,0,1,0,1,0,0
-0.4417729543927777,-0.9559778674420596,0.0222342616589911,-0.7499182201016632,1,0,0,1,0,1,0,1,1,0,0,1,0,0,1,0,0,0,0,1,1,0,0,0,0,1,0,0,1,1,0,0,0,1,0,0,1,0,0,0,1
-0.4417729543927777,-0.9966836022806537,-0.28637257827129736,-0.8341294099734776,1,0,0,1,0,1,0,1,1,0,0,1,0,0,1,0,0,0,0,1,1,0,0,0,0,1,1,0,0,1,0,0,1,0,0,1,0,1,0,0,0
-0.4417729543927777,-1.1188008067964357,0.1682417988303106,-0.8578824098278319,0,1,1,0,1,0,0,1,1,0,0,1,0,0,1,0,0,1,0,0,0,0,1,1,0,0,0,0,1,0,0,1,0,1,0,0,1,0,0,0,1
-0.4417729543927777,0.2651941777157601,-1.4859572302583866,-0.6477495867170373,1,0,1,0,1,0,0,1,1,0,0,0,0,1,0,1,0,0,1,0,0,1,0,0,1,0,0,1,0,0,1,0,0,0,1,1,0,0,0,0,1
-0.4417729543927777,-0.3453918448631498,0.49509958090701384,-0.13185726085998833,0,1,1,0,1,0,0,1,1,0,0,0,1,0,1,0,0,1,0,0,1,0,0,1,0,0,1,0,0,0,0,1,1,0,0,0,1,0,1,0,0
-0.4417729543927777,-0.3860975797017438,-1.3465863993221272,-0.7739785600650387,0,1,0,1,0,1,0,1,0,0,1,0,0,1,0,1,0,0,1,0,0,1,0,0,1,0,0,1,0,0,1,0,0,1,0,1,0,0,0,0,1
2.2636062032690805,-0.9966836022806537,0.6726314726948683,-0.7049367998599145,1,0,1,0,1,0,0,1,0,0,1,0,1,0,1,0,0,1,0,0,1,0,0,1,0,0,1,0,0,0,0,1,1,0,0,1,0,0,0,1,0
-0.4417729543927777,0.9164859351332639,-0.024222681986428397,0.5821816238560278,0,1,1,0,1,0,0,1,1,0,0,1,0,0,1,0,0,0,0,1,1,0,0,0,0,1,1,0,0,0,0,1,0,1,0,0,1,0,0,1,0
-0.4417729543927777,-1.2816237461508115,0.11846650206736083,-0.9803354904078583,0,1,0,1,0,1,0,1,1,0,0,0,1,0,1,0,0,1,0,0,1,0,0,1,0,0,1,0,0,1,0,0,1,0,0,0,1,0,0,1,0
-0.4417729543927777,-0.3860975797017438,-0.1635935129226878,-0.4189348755507385,1,0,0,1,1,0,0,1,1,0,0,1,0,0,1,0,0,1,0,0,1,0,0,0,0,1,0,0,1,1,0,0,0,1,0,1,0,1,0,0,0
-0.4417729543927777,-1.1595065416350296,0.8866652487755524,-0.8499793784530005,1,0,0,1,1,0,0,1,0,0,1,0,1,0,1,0,0,0,0,1,1,0,0,1,0,0,0,0,1,1,0,0,1,0,0,0,1,0,0,1,0
-0.4417729543927777,0.87578020029467,0.9679649001550366,1.2116141671314875,1,0,1,0,1,0,0,1,1,0,0,0,1,0,1,0,0,1,0,0,0,0,1,1,0,0,0,0,1,0,0,1,0,1,0,0,1,0,1,0,0
2.2636062032690805,1.3235432835192038,1.0127626672416916,1.7219743710261548,1,0,1,0,1,0,0,1,0,0,1,0,1,0,1,0,0,0,0,1,0,0,1,1,0,0,0,0,1,1,0,0,1,0,0,0,1,1,0,0,0
-0.4417729543927777,0.2651941777157601,-1.3167212212643573,-0.594294360612275,0,1,0,1,0,1,1,0,0,1,0,1,0,0,1,0,0,1,0,0,1,0,0,1,0,0,1,0,0,1,0,0,0,1,0,0,1,0,1,0,0
-0.4417729543927777,0.753662995778888,1.547017519164019,1.5011505026944079,0,1,0,1,1,0,0,1,0,0,1,0,1,0,0,0,1,1,0,0,0,0,1,0,0,1,0,0,1,0,0,1,0,1,0,0,1,0,0,1,0
-0.4417729543927777,-0.6710377235719017,-0.0623837428380234,-0.541914824889087,1,0,1,0,1,0,0,1,0,0,1,1,0,0,1,0,0,1,0,0,1,0,0,1,0,0,1,0,0,0,0,1,1,0,0,0,1,1,0,0,0
-0.4417729543927777,0.1837827080385721,1.0028076078891017,0.540712662003093,1,0,0,1,0,1,0,1,0,0,1,0,1,0,1,0,0,0,0,1,0,0,1,1,0,0,1,0,0,0,0,1,1,0,0,0,1,0,0,1,0
-0.4417729543927777,1.07930887448764,0.3822755749109947,0.9739085456685035,1,0,0,1,0,1,0,1,0,0,1,1,0,0,0,0,1,1,0,0,0,0,1,0,0,1,0,0,1,1,0,0,0,0,1,0,1,0,0,0,1
2.2636062032690805,0.6315457912631061,1.3130736243781551,1.2147534268164901,1,0,0,1,0,1,0,1,1,0,0,0,1,0,0,0,1,1,0,0,0,0,1,0,0,1,0,0,1,0,0,1,1,0,0,0,1,0,0,1,0
-0.4417729543927777,1.3235432835192038,0.3275227484717497,1.1059111224931177,0,1,0,1,0,1,0,1,1,0,0,1,0,0,0,0,1,1,0,0,1,0,0,0,0,1,0,0,1,0,0,1,0,0,1,0,1,1,0,0,0
-0.4417729543927777,-0.3453918448631498,-1.4942531130522116,-0.7761738465580474,1,0,0,1,0,1,0,1,1,0,0,0,0,1,0,1,0,0,1,0,0,1,0,0,1,0,0,1,0,0,1,0,0,1,0,1,0,0,0,0,1
-0.4417729543927777,-0.9966836022806537,0.037166850687876125,-0.758172497315376,1,0,1,0,1,0,0,1,1,0,0,1,0,0,0,0,1,1,0,0,1,0,0,0,0,1,1,0,0,0,0,1,1,0,0,1,0,1,0,0,0
-0.4417729543927777,-0.42680331454033776,0.461916049731714,-0.30780947327463715,0,1,1,0,1,0,0,1,0,0,1,0,1,0,1,0,0,0,0,1,1,0,0,1,0,0,1,0,0,1,0,0,1,0,0,0,1,0,0,0,1
-0.4417729543927777,-0.9152721326034656,-0.08893056777826319,-0.7412907441841389,0,1,1,0,1,0,0,1,1,0,0,1,0,0,0,0,1,1,0,0,1,0,0,0,0,1,0,0,1,1,0,0,1,0,0,1,0,1,0,0,0
-0.4417729543927777,1.3235432835192038,1.4673770443432996,2.0371736056923466,0,1,1,0,1,0,0,1,0,0,1,0,1,0,1,0,0,0,0,1,0,0,1,0,0,1,0,0,1,0,0,1,1,0,0,0,1,0,0,1,0
-0.4417729543927777,-0.3860975797017438,0.8368899520126026,-0.11256069258644166,1,0,0,1,1,0,0,1,0,0,1,0,1,0,1,0,0,1,0,0,0,0,1,1,0,0,1,0,0,0,0,1,1,0,0,1,0,0,0,0,1
-0.4417729543927777,-0.2232746403473678,-0.3809456421209017,-0.3687506263205592,0,1,1,0,1,0,0,1,1,0,0,1,0,0,0,0,1,1,0,0,1,0,0,0,0,1,1,0,0,1,0,0,1,0,0,1,0,0,0,0,1
-0.4417729543927777,-0.3453918448631498,-1.4760021709057964,-0.7788740489444482,1,0,1,0,1,0,0,1,1,0,0,0,0,1,0,1,0,0,1,0,0,1,0,0,1,0,0,1,0,0,1,0,0,1,0,1,0,0,1,0,0
-0.4417729543927777,-1.2816237461508115,-0.541885768321106,-0.9890727306500331,1,0,1,0,1,0,0,1,1,0,0,1,0,0,0,0,1,1,0,0,1,0,0,1,0,0,1,0,0,1,0,0,1,0,0,0,1,0,1,0,0
-0.4417729543927777,1.2421318138420159,1.153792674736716,1.7689974077064012,0,1,0,1,1,0,0,1,1,0,0,0,1,0,0,0,1,1,0,0,0,0,1,1,0,0,0,0,1,0,0,1,0,0,1,1,0,0,1,0,0
-0.4417729543927777,1.120014609326234,-0.1470017473350379,0.6116643214571347,0,1,0,1,0,1,0,1,1,0,0,1,0,0,0,0,1,0,0,1,0,0,1,1,0,0,1,0,0,1,0,0,0,0,1,1,0,1,0,0,0
-0.4417729543927777,-0.06045170099299184,-0.5004063543519812,-0.342999915757567,1,0,1,0,1,0,1,0,0,1,0,1,0,0,0,0,1,0,0,1,1,0,0,0,0,1,1,0,0,0,0,1,0,0,1,0,1,1,0,0,0
-0.4417729543927777,1.6084834273893618,-0.3743089358858419,0.6509819025469209,1,0,0,1,0,1,1,0,0,1,0,1,0,0,1,0,0,0,0,1,1,0,0,0,0,1,0,0,1,0,0,1,0,0,1,1,0,0,1,0,0
-0.4417729543927777,-0.42680331454033776,-1.4826388771408565,-0.7960411893197763,0,1,0,1,0,1,0,1,1,0,0,0,0,1,0,1,0,0,1,0,0,1,0,0,1,0,0,1,0,0,1,0,0,1,0,1,0,1,0,0,0
2.2636062032690805,-1.0373893371192477,0.0006649663950464859,-0.7936702799073269,1,0,1,0,1,0,0,1,1,0,0,1,0,0,1,0,0,0,0,1,0,0,1,1,0,0,0,0,1,1,0,0,1,0,0,0,1,0,0,1,0
-0.4417729543927777,-1.1595065416350296,-0.6530505977583605,-0.9422033640242969,0,1,0,1,0,1,0,1,1,0,0,1,0,0,1,0,0,1,0,0,1,0,0,1,0,0,1,0,0,1,0,0,1,0,0,1,0,0,0,0,1
-0.4417729543927777,-1.1188008067964357,-1.3100845150292972,-0.9512479443754928,1,0,1,0,1,0,0,1,0,0,1,0,0,1,0,1,0,0,1,0,0,1,0,0,1,0,0,1,0,0,1,0,1,0,0,1,0,0,0,0,1
-0.4417729543927777,-0.3860975797017438,0.47021193252553894,-0.22724245898121717,1,0,1,0,1,0,0,1,1,0,0,0,1,0,1,0,0,0,0,1,1,0,0,0,0,1,1,0,0,1,0,0,1,0,0,0,1,0,0,0,1
-0.4417729543927777,-0.9966836022806537,-1.5042081724048015,-0.9555287530368598,0,1,0,1,0,1,0,1,1,0,0,0,0,1,0,1,0,0,1,0,0,1,0,0,1,0,0,1,0,0,1,0,0,0,1,1,0,0,1,0,0
-0.4417729543927777,-0.9559778674420596,0.13671744421377566,-0.7243650853230417,1,0,1,0,1,0,0,1,1,0,0,0,1,0,1,0,0,1,0,0,1,0,0,1,0,0,1,0,0,1,0,0,1,0,0,1,0,0,0,1,0
2.2636062032690805,-0.3860975797017438,1.0011484313303365,0.010858314050508593,1,0,0,1,1,0,0,1,1,0,0,0,1,0,0,0,1,1,0,0,1,0,0,1,0,0,0,0,1,0,0,1,1,0,0,0,1,0,0,1,0
-0.4417729543927777,1.6084834273893618,0.16326426915401543,1.2298130921585302,0,1,0,1,0,1,0,1,0,0,1,1,0,0,0,0,1,0,0,1,0,0,1,0,0,1,1,0,0,1,0,0,0,0,1,1,0,1,0,0,0
-0.4417729543927777,-0.3046861100245558,0.19976615344684556,-0.2344429986782858,0,1,1,0,1,0,0,1,1,0,0,0,1,0,1,0,0,1,0,0,1,0,0,1,0,0,1,0,0,1,0,0,1,0,0,1,0,0,0,0,1
-0.4417729543927777,-0.7117434584104957,-1.1524627419466231,-0.8042076550737687,0,1,0,1,0,1,1,0,0,1,0,1,0,0,0,0,1,1,0,0,1,0,0,1,0,0,1,0,0,1,0,0,1,0,0,0,1,1,0,0,0
-0.4417729543927777,-1.0373893371192477,-0.334488698475482,-0.8477840919599918,0,1,1,0,1,0,0,1,1,0,0,1,0,0,1,0,0,1,0,0,1,0,0,1,0,0,0,0,1,1,0,0,1,0,0,1,0,0,0,0,1
-0.4417729543927777,-1.2816237461508115,-0.37762728900337195,-0.9868993970219543,1,0,1,0,1,0,0,1,1,0,0,1,0,0,1,0,0,1,0,0,1,0,0,1,0,0,0,0,1,1,0,0,1,0,0,0,1,0,0,0,1
2.2636062032690805,-1.0373893371192477,1.0177401969179865,-0.7275043450080442,0,1,0,1,1,0,0,1,0,0,1,0,1,0,1,0,0,1,0,0,1,0,0,1,0,0,0,0,1,0,0,1,1,0,0,0,1,1,0,0,0
-0.4417729543927777,0.6315457912631061,1.153792674736716,1.1748650712385216,1,0,0,1,0,1,0,1,1,0,0,0,1,0,0,0,1,1,0,0,0,0,1,1,0,0,0,0,1,0,0,1,0,1,0,0,1,1,0,0,0
-0.4417729543927777,1.48636622287358,1.4541036318731795,2.279467375925719,1,0,0,1,0,1,0,1,0,0,1,0,1,0,1,0,0,0,0,1,0,0,1,0,0,1,0,0,1,0,0,1,0,1,0,0,1,1,0,0,0
2.2636062032690805,0.9571916699718579,1.3147328009369201,1.5337724599805171,0,1,0,1,0,1,0,1,0,0,1,0,1,0,0,0,1,1,0,0,0,0,1,1,0,0,0,0,1,0,0,1,0,1,0,0,1,1,0,0,0
2.2636062032690805,-1.2002122764736236,0.4967587574657792,-0.8958608661568828,0,1,1,0,1,0,0,1,1,0,0,0,1,0,1,0,0,1,0,0,1,0,0,1,0,0,0,0,1,1,0,0,1,0,0,0,1,0,0,1,0
-0.4417729543927777,0.3058999125543541,0.08362379433329609,0.1886545671192847,0,1,1,0,1,0,0,1,1,0,0,1,0,0,0,0,1,1,0,0,0,0,1,1,0,0,1,0,0,0,0,1,1,0,0,1,0,0,0,1,0
-0.4417729543927777,-1.0780950719578417,-1.5058673489635666,-0.9557702345510908,1,0,1,0,1,0,0,1,1,0,0,0,0,1,0,1,0,0,1,0,0,1,0,0,1,0,0,1,0,0,1,0,0,0,1,1,0,0,0,0,1
-0.4417729543927777,1.160720344164828,1.3827590398462846,1.8120250229693722,1,0,1,0,1,0,0,1,0,0,1,0,1,0,1,0,0,1,0,0,0,0,1,0,0,1,0,0,1,0,0,1,0,0,1,0,1,0,0,1,0
2.2636062032690805,-1.2816237461508115,0.700837474193873,-0.9726300348173976,0,1,0,1,1,0,0,1,0,0,1,0,1,0,1,0,0,1,0,0,1,0,0,1,0,0,0,0,1,1,0,0,1,0,0,0,1,0,0,1,0
-0.4417729543927777,-0.2232746403473678,-0.314578579770302,-0.36163789808321095,0,1,1,0,1,0,0,1,1,0,0,1,0,0,0,0,1,0,0,1,1,0,0,1,0,0,1,0,0,1,0,0,0,1,0,1,0,1,0,0,0
-0.4417729543927777,0.42801711707013607,0.7141108866639931,0.5589993984898556,1,0,0,1,1,0,0,1,0,0,1,1,0,0,0,0,1,0,0,1,1,0,0,0,0,1,0,0,1,0,0,1,0,0,1,1,0,0,1,0,0
2.2636062032690805,-0.5082147842175258,-0.11049986304220803,-0.4948039767491199,1,0,1,0,1,0,0,1,0,0,1,1,0,0,1,0,0,1,0,0,1,0,0,1,0,0,1,0,0,0,0,1,1,0,0,0,1,0,0,0,1
-0.4417729543927777,-0.6303319887333078,0.9181896033920869,-0.316832100760903,1,0,0,1,1,0,0,1,0,0,1,0,1,0,1,0,0,1,0,0,1,0,0,1,0,0,0,0,1,0,0,1,1,0,0,1,0,0,0,1,0
-0.4417729543927777,-1.0780950719578417,0.13837662077254057,-0.8194209904703191,0,1,1,0,1,0,0,1,1,0,0,0,1,0,1,0,0,1,0,0,1,0,0,1,0,0,1,0,0,1,0,0,1,0,0,0,1,0,0,1,0
-0.4417729543927777,0.3466056473929481,-0.9782492032762989,-0.39939682576296087,1,0,0,1,1,0,1,0,0,1,0,1,0,0,1,0,0,0,0,1,1,0,0,0,0,1,1,0,0,1,0,0,0,1,0,1,0,0,0,0,1
-0.4417729543927777,-1.2816237461508115,0.4967587574657792,-0.9753302372037984,0,1,1,0,1,0,0,1,1,0,0,0,1,0,1,0,0,1,0,0,1,0,0,1,0,0,1,0,0,0,0,1,1,0,0,1,0,0,0,1,0
-0.4417729543927777,-1.2816237461508115,0.15496838636019047,-0.9798525273793964,1,0,1,0,1,0,0,1,1,0,0,0,1,0,1,0,0,1,0,0,1,0,0,1,0,0,1,0,0,1,0,0,1,0,0,0,1,0,0,1,0
-0.4417729543927777,-0.7931549280876837,-1.3200395743818873,-0.8647097508210891,0,1,1,0,1,0,1,0,0,1,0,1,0,0,1,0,0,1,0,0,1,0,0,1,0,0,1,0,0,1,0,0,1,0,0,0,1,1,0,0,0
-0.4417729543927777,0.7943687306174819,1.329665389965805,1.372287185554796,0,1,1,0,1,0,0,1,1,0,0,0,1,0,1,0,0,0,0,1,0,0,1,0,0,1,0,0,1,0,0,1,0,1,0,0,1,1,0,0,0
-0.4417729543927777,-1.1188008067964357,-0.47717788252927146,-0.902951641529301,1,0,1,0,1,0,0,1,1,0,0,1,0,0,1,0,0,0,0,1,1,0,0,1,0,0,1,0,0,1,0,0,1,0,0,1,0,1,0,0,0
-0.4417729543927777,1.6084834273893618,0.8518225410414871,1.817930343635566,0,1,0,1,0,1,0,1,0,0,1,1,0,0,0,0,1,0,0,1,0,0,1,0,0,1,0,0,1,0,0,1,0,0,1,0,1,0,1,0,0
-0.4417729543927777,-0.3046861100245558,-0.35937634685695685,-0.4075852443818835,1,0,0,1,1,0,0,1,0,0,1,1,0,0,1,0,0,0,0,1,1,0,0,1,0,0,1,0,0,1,0,0,1,0,0,1,0,0,0,1,0
-0.4417729543927777,1.364249018357798,1.3147328009369201,1.965980464724074,1,0,1,0,1,0,0,1,0,0,1,0,1,0,0,0,1,0,0,1,0,0,1,0,0,1,0,0,1,1,0,0,0,1,0,0,1,1,0,0,0
-0.4417729543927777,0.9571916699718579,-1.3316538102932425,-0.38510551069347415,0,1,1,0,0,1,0,1,0,0,1,0,0,1,0,1,0,0,1,0,0,1,0,0,1,0,0,1,0,0,1,0,0,0,1,0,1,0,0,0,1
-0.4417729543927777,-1.0780950719578417,1.162088557530541,-0.7699611857828327,1,0,1,0,1,0,0,1,1,0,0,0,1,0,1,0,0,1,0,0,0,0,1,0,0,1,0,0,1,0,0,1,1,0,0,0,1,0,0,0,1
-0.4417729543927777,1.120014609326234,-0.16857104259898276,0.5658925980779029,1,0,0,1,0,1,1,0,0,1,0,1,0,0,0,0,1,1,0,0,0,0,1,0,0,1,0,0,1,0,0,1,0,0,1,1,0,0,1,0,0
2.2636062032690805,0.6315457912631061,1.130564202914006,1.0726305792591058,0,1,1,0,1,0,0,1,0,0,1,0,1,0,1,0,0,0,0,1,1,0,0,1,0,0,0,0,1,0,0,1,0,1,0,0,1,0,0,1,0
-0.4417729543927777,-0.2232746403473678,-0.337807051593012,-0.34730267728386405,0,1,0,1,0,1,0,1,1,0,0,1,0,0,0,0,1,0,0,1,1,0,0,1,0,0,1,0,0,1,0,0,1,0,0,0,1,0,1,0,0
-0.4417729543927777,1.6084834273893618,1.3661672742586348,2.303857008863046,0,1,0,1,0,1,0,1,0,0,1,0,1,0,0,0,1,0,0,1,0,0,1,0,0,1,0,0,1,1,0,0,0,0,1,0,1,0,1,0,0
-0.4417729543927777,0.2244884428771661,0.04048520380540639,0.09706721463096095,1,0,1,0,1,0,0,1,0,0,1,1,0,0,0,0,1,0,0,1,0,0,1,1,0,0,1,0,0,1,0,0,1,0,0,0,1,1,0,0,0
-0.4417729543927777,-1.1595065416350296,1.170384440324366,-0.825919038489625,0,1,0,1,1,0,0,1,0,0,1,0,1,0,1,0,0,0,0,1,1,0,0,1,0,0,0,0,1,0,0,1,1,0,0,0,1,0,0,1,0
-0.4417729543927777,-1.1595065416350296,-1.5058673489635666,-0.9802037732182777,0,1,0,1,0,1,0,1,1,0,0,0,0,1,0,1,0,0,1,0,0,1,0,0,1,0,0,1,0,0,1,0,0,0,1,1,0,0,1,0,0
-0.4417729543927777,0.38731138223154205,0.9795791360663918,0.7123621128914448,1,0,0,1,0,1,0,1,0,0,1,0,1,0,0,0,1,0,0,1,1,0,0,1,0,0,0,0,1,1,0,0,0,1,0,0,1,0,1,0,0
-0.4417729543927777,0.550134321585918,0.9945117250952769,0.9315175634885051,0,1,1,0,1,0,0,1,0,0,1,0,1,0,1,0,0,0,0,1,0,0,1,1,0,0,0,0,1,1,0,0,0,1,0,0,1,0,1,0,0
-0.4417729543927777,0.3058999125543541,-0.74928283816673,-0.2567910151771145,0,1,0,1,1,0,1,0,0,1,0,1,0,0,0,0,1,0,0,1,0,0,1,1,0,0,1,0,0,1,0,0,0,1,0,0,1,0,0,1,0
-0.4417729543927777,-0.06045170099299184,0.538238171434904,0.10731920255331164,1,0,0,1,0,1,0,1,1,0,0,1,0,0,0,0,1,1,0,0,0,0,1,0,0,1,0,0,1,0,0,1,0,1,0,0,1,0,0,0,1
-0.4417729543927777,-0.10115743583158582,1.4126242179040547,0.41323237535407664,1,0,0,1,0,1,0,1,0,0,1,0,1,0,1,0,0,0,0,1,0,0,1,0,0,1,0,0,1,0,0,1,1,0,0,0,1,0,0,1,0
-0.4417729543927777,-0.7931549280876837,0.03053014445281606,-0.6142714676986544,0,1,0,1,1,0,0,1,0,0,1,1,0,0,0,0,1,1,0,0,1,0,0,1,0,0,1,0,0,0,0,1,1,0,0,0,1,0,0,1,0
2.2636062032690805,-0.7524491932490897,-1.5025489958460365,-0.9100204640367889,0,1,0,1,1,0,0,1,1,0,0,0,0,1,0,1,0,0,1,0,0,1,0,0,1,0,0,1,0,0,1,0,0,1,0,1,0,0,0,0,1
-0.4417729543927777,-0.9152721326034656,-1.5141632317573916,-0.9290975036610348,1,0,1,0,1,0,0,1,1,0,0,0,0,1,0,1,0,0,1,0,0,1,0,0,1,0,0,1,0,0,1,0,0,1,0,0,1,0,0,0,1
2.2636062032690805,-0.10115743583158582,0.13837662077254057,-0.09106883781988628,0,1,1,0,1,0,0,1,0,0,1,1,0,0,1,0,0,1,0,0,0,0,1,0,0,1,0,0,1,1,0,0,0,0,1,0,1,0,1,0,0
2.2636062032690805,0.10237123836138413,0.8650959535116073,0.38601082284076854,0,1,1,0,1,0,0,1,0,0,1,0,1,0,0,0,1,1,0,0,1,0,0,1,0,0,1,0,0,0,0,1,1,0,0,1,0,0,1,0,0
-0.4417729543927777,-0.019745966154397845,0.4751894622018341,0.13954600827067967,0,1,0,1,1,0,0,1,0,0,1,0,1,0,1,0,0,1,0,0,1,0,0,0,0,1,1,0,0,1,0,0,0,1,0,0,1,0,0,1,0
-0.4417729543927777,-1.2409180113122176,0.3573879265295198,-0.927341274466628,0,1,1,0,1,0,0,1,1,0,0,0,1,0,0,0,1,1,0,0,1,0,0,1,0,0,1,0,0,1,0,0,1,0,0,0,1,0,0,1,0
-0.4417729543927777,0.10237123836138413,-1.4942531130522116,-0.7179987544933164,0,1,0,1,0,1,0,1,1,0,0,0,0,1,0,1,0,0,1,0,0,1,0,0,1,0,0,1,0,0,1,0,0,1,0,1,0,0,0,1,0
-0.4417729543927777,-0.2232746403473678,1.1886353824707807,0.21611760114682382,0,1,0,1,0,1,0,1,0,0,1,0,1,0,0,0,1,0,0,1,1,0,0,0,0,1,0,0,1,1,0,0,1,0,0,1,0,0,0,1,0
-0.4417729543927777,1.6084834273893618,-1.3333129868520073,-0.19415949153157583,0,1,0,1,0,1,0,1,0,0,1,0,0,1,0,1,0,0,1,0,0,1,0,0,1,0,0,1,0,0,1,0,0,0,1,1,0,0,1,0,0
-0.4417729543927777,-1.2816237461508115,-1.5174815848749212,-1.0019810152289244,0,1,1,0,0,1,0,1,1,0,0,0,0,1,0,1,0,0,1,0,0,1,0,0,1,0,0,1,0,0,1,0,1,0,0,0,1,0,0,0,1
-0.4417729543927777,-1.2816237461508115,-0.6961891882862502,-0.9911143470885312,1,0,1,0,1,0,0,1,1,0,0,1,0,0,1,0,0,1,0,0,1,0,0,1,0,0,1,0,0,1,0,0,1,0,0,1,0,0,0,0,1
-0.4417729543927777,1.2828375486806098,1.1737027934418958,1.8890356731441182,0,1,1,0,1,0,0,1,1,0,0,0,1,0,0,0,1,0,0,1,1,0,0,1,0,0,0,0,1,0,0,1,0,1,0,0,1,0,1,0,0
-0.4417729543927777,-0.5489205190561198,-0.2930092845063572,-0.5564695743377348,1,0,1,0,1,0,0,1,0,0,1,1,0,0,1,0,0,1,0,0,0,0,1,1,0,0,1,0,0,1,0,0,1,0,0,0,1,0,0,0,1
-0.4417729543927777,-1.1595065416350296,-0.5153389433808663,-0.9294487494999162,0,1,1,0,0,1,0,1,1,0,0,1,0,0,0,0,1,1,0,0,1,0,0,1,0,0,1,0,0,1,0,0,1,0,0,0,1,0,0,1,0
-0.4417729543927777,-1.2816237461508115,0.15496838636019047,-0.9798525273793964,0,1,1,0,1,0,0,1,1,0,0,0,1,0,1,0,0,1,0,0,1,0,0,1,0,0,1,0,0,1,0,0,1,0,0,0,1,0,0,1,0
-0.4417729543927777,0.061665503522790134,0.0023241429538113836,-0.06314479362881542,1,0,1,0,1,0,0,1,0,0,1,1,0,0,1,0,0,1,0,0,1,0,0,0,0,1,0,0,1,1,0,0,1,0,0,1,0,0,0,0,1
-0.4417729543927777,1.6084834273893618,-0.521975649615926,0.5618313180658367,1,0,0,1,1,0,1,0,0,1,0,1,0,0,0,0,1,0,0,1,0,0,1,1,0,0,1,0,0,0,0,1,0,0,1,0,1,0,0,1,0
-0.4417729543927777,1.5270719577121739,1.7129351750405182,2.5689159000289186,0,1,0,1,0,1,0,1,0,0,1,0,1,0,0,0,1,0,0,1,0,0,1,0,0,1,0,0,1,0,0,1,0,0,1,0,1,0,1,0,0
-0.4417729543927777,1.364249018357798,0.06537285218688127,0.9083792438521933,1,0,0,1,1,0,0,1,0,0,1,1,0,0,0,0,1,0,0,1,0,0,1,1,0,0,1,0,0,1,0,0,0,0,1,1,0,1,0,0,0
2.2636062032690805,1.48636622287358,1.4424893959618248,2.202698207265204,0,1,0,1,1,0,0,1,0,0,1,0,1,0,1,0,0,0,0,1,0,0,1,0,0,1,0,0,1,0,0,1,0,0,1,0,1,1,0,0,0
-0.4417729543927777,-0.7117434584104957,-0.0026533867224837813,-0.5929771887164698,0,1,1,0,0,1,0,1,1,0,0,1,0,0,0,0,1,1,0,0,0,0,1,1,0,0,1,0,0,0,0,1,0,1,0,1,0,0,0,0,1
-0.4417729543927777,1.5270719577121739,1.5337441066938993,2.3868168854338454,1,0,1,0,1,0,0,1,0,0,1,0,1,0,0,0,1,0,0,1,0,0,1,1,0,0,0,0,1,0,0,1,0,0,1,0,1,0,0,0,1
-0.4417729543927777,1.364249018357798,-1.3200395743818873,-0.2712140474361819,1,0,1,0,1,0,0,1,0,0,1,0,0,1,0,1,0,0,1,0,0,1,0,0,1,0,0,1,0,0,1,0,0,0,1,0,1,0,1,0,0
2.2636062032690805,0.38731138223154205,0.6543805305484535,0.5444446490412078,1,0,1,0,1,0,0,1,0,0,1,0,1,0,1,0,0,1,0,0,1,0,0,1,0,0,0,0,1,1,0,0,1,0,0,0,1,0,0,1,0
-0.4417729543927777,-1.2002122764736236,0.523305582406019,-0.9052786452118903,1,0,0,1,0,1,0,1,1,0,0,0,1,0,1,0,0,1,0,0,1,0,0,1,0,0,0,0,1,1,0,0,1,0,0,0,1,0,0,1,0
-0.4417729543927777,-0.06045170099299184,1.2782309166440904,0.3359363379352396,0,1,1,0,1,0,0,1,0,0,1,0,1,0,1,0,0,0,0,1,0,0,1,1,0,0,0,0,1,0,0,1,0,1,0,0,1,0,0,1,0
-0.4417729543927777,0.38731138223154205,-0.337807051593012,0.020693197539187497,1,0,1,0,1,0,1,0,0,1,0,1,0,0,0,0,1,0,0,1,0,0,1,0,0,1,1,0,0,0,0,1,0,1,0,0,1,0,0,1,0
-0.4417729543927777,-1.2002122764736236,1.120609143561416,-0.8814817396276756,0,1,1,0,1,0,0,1,1,0,0,0,1,0,1,0,0,1,0,0,0,0,1,0,0,1,0,0,1,0,0,1,1,0,0,0,1,0,0,1,0
-0.4417729543927777,1.2421318138420159,-1.4743429943470316,-0.4272769642241716,0,1,1,0,1,0,0,1,1,0,0,0,0,1,0,1,0,0,1,0,0,1,0,0,1,0,0,1,0,0,1,0,0,1,0,1,0,0,0,0,1
-0.4417729543927777,0.712957260940294,-1.4726838177882668,-0.541651390509926,0,1,0,1,1,0,0,1,1,0,0,0,0,1,0,1,0,0,1,0,0,1,0,0,1,0,0,1,0,0,1,0,0,0,1,1,0,0,0,0,1
-0.4417729543927777,-1.2816237461508115,0.1649234457127808,-0.9797208101898158,0,1,1,0,1,0,0,1,1,0,0,0,1,0,1,0,0,1,0,0,1,0,0,1,0,0,1,0,0,1,0,0,1,0,0,0,1,0,0,1,0
-0.4417729543927777,1.2828375486806098,1.0608787874458765,1.7619505380638436,1,0,0,1,1,0,0,1,1,0,0,0,1,0,0,0,1,1,0,0,1,0,0,0,0,1,0,0,1,0,0,1,0,1,0,0,1,0,0,0,1
-0.4417729543927777,-0.6303319887333078,-0.004312563281248679,-0.4942551551258677,0,1,0,1,1,0,0,1,1,0,0,1,0,0,0,0,1,0,0,1,1,0,0,1,0,0,1,0,0,0,0,1,0,1,0,1,0,0,0,0,1
-0.4417729543927777,0.6315457912631061,-0.30296434385894727,0.15361779469086545,0,1,0,1,0,1,0,1,1,0,0,1,0,0,1,0,0,0,0,1,0,0,1,1,0,0,1,0,0,1,0,0,0,1,0,0,1,0,1,0,0
-0.4417729543927777,0.2244884428771661,-0.1635935129226878,-0.04747044806873323,0,1,0,1,1,0,1,0,0,1,0,1,0,0,0,0,1,0,0,1,1,0,0,0,0,1,0,0,1,0,0,1,0,0,1,0,1,1,0,0,0
-0.4417729543927777,-0.7117434584104957,-0.322874462564127,-0.6308239278559401,0,1,1,0,0,1,0,1,1,0,0,1,0,0,1,0,0,1,0,0,0,0,1,0,0,1,1,0,0,1,0,0,0,1,0,1,0,0,1,0,0
-0.4417729543927777,-0.18256890550877383,0.18151521130043075,-0.13572096508768366,1,0,0,1,0,1,0,1,1,0,0,0,1,0,1,0,0,1,0,0,1,0,0,1,0,0,1,0,0,1,0,0,0,1,0,0,1,1,0,0,0
-0.4417729543927777,1.6084834273893618,1.5602909316341391,2.516580270035591,0,1,0,1,0,1,0,1,1,0,0,0,1,0,0,0,1,0,0,1,0,0,1,0,0,1,0,0,1,0,0,1,0,0,1,1,0,1,0,0,0
-0.4417729543927777,0.38731138223154205,-0.5568183573499911,-0.11811476741375376,0,1,0,1,0,1,1,0,0,1,0,1,0,0,0,0,1,1,0,0,0,0,1,0,0,1,0,0,1,1,0,0,0,0,1,1,0,0,1,0,0
-0.4417729543927777,-1.2816237461508115,-1.4743429943470316,-1.001410240740742,1,0,1,0,1,0,0,1,1,0,0,0,0,1,0,1,0,0,1,0,0,1,0,0,1,0,0,1,0,0,1,0,1,0,0,1,0,0,0,0,1
-0.4417729543927777,-0.06045170099299184,0.7174292397815228,0.17390224188626613,1,0,1,0,0,1,0,1,0,0,1,0,1,0,1,0,0,1,0,0,1,0,0,1,0,0,0,0,1,1,0,0,1,0,0,0,1,0,1,0,0
2.2636062032690805,0.46872285190873003,-1.147485212270328,-0.4134247064532866,0,1,0,1,1,0,1,0,0,1,0,1,0,0,1,0,0,0,0,1,1,0,0,1,0,0,1,0,0,1,0,0,1,0,0,0,1,0,0,1,0
-0.4417729543927777,-0.8745663977648717,-0.36933140620954696,-0.7243431324581115,1,0,1,0,1,0,0,1,1,0,0,1,0,0,1,0,0,1,0,0,0,0,1,0,0,1,1,0,0,1,0,0,0,1,0,1,0,1,0,0,0
-0.4417729543927777,-1.0780950719578417,-0.32951116879918707,-0.8609558109180441,1,0,1,0,1,0,0,1,1,0,0,1,0,0,1,0,0,1,0,0,1,0,0,1,0,0,1,0,0,0,0,1,1,0,0,0,1,0,0,1,0
-0.4417729543927777,1.445660488034986,1.2085455011759605,2.111615770670272,0,1,1,0,1,0,0,1,0,0,1,0,1,0,0,0,1,0,0,1,0,0,1,1,0,0,0,0,1,1,0,0,0,1,0,1,0,1,0,0,0
-0.4417729543927777,1.201426079003422,0.5481932307874938,1.177433556435342,0,1,0,1,0,1,0,1,1,0,0,0,1,0,0,0,1,0,0,1,1,0,0,1,0,0,1,0,0,1,0,0,0,1,0,0,1,0,1,0,0
-0.4417729543927777,-0.46750904937893173,1.2931635056729753,-0.020687952854026862,1,0,0,1,1,0,0,1,0,0,1,0,1,0,0,0,1,1,0,0,0,0,1,1,0,0,0,0,1,0,0,1,1,0,0,0,1,0,0,1,0
-0.4417729543927777,-1.3223294809894057,0.27940662826756485,-0.3968393169986058,1,0,0,1,0,1,0,1,0,0,1,1,0,0,1,0,0,0,0,1,0,0,1,0,0,1,0,0,1,1,0,0,0,0,1,1,0,0,0,0,1
2.2636062032690805,-0.9559778674420596,0.6278337056082132,-0.6634897908719098,0,1,1,0,1,0,0,1,0,0,1,0,1,0,1,0,0,1,0,0,1,0,0,1,0,0,1,0,0,0,0,1,1,0,0,0,1,0,0,1,0
-0.4417729543927777,1.48636622287358,1.580201050339319,2.4170898861724357,0,1,0,1,1,0,0,1,0,0,1,0,1,0,0,0,1,0,0,1,0,0,1,0,0,1,0,0,1,0,0,1,0,0,1,0,1,1,0,0,0
-0.4417729543927777,-1.0373893371192477,-1.4660471115532068,-0.9484599305293717,0,1,1,0,1,0,0,1,1,0,0,0,0,1,0,1,0,0,1,0,0,1,0,0,1,0,0,1,0,0,1,0,1,0,0,1,0,0,0,0,1
-0.4417729543927777,1.404954753196392,1.537062459811429,2.2876338416797113,1,0,0,1,1,0,0,1,0,0,1,0,1,0,0,0,1,1,0,0,0,0,1,0,0,1,0,0,1,0,0,1,0,1,0,0,1,0,0,1,0
-0.4417729543927777,0.509428586747324,-0.357717170298192,0.008114205934247694,1,0,0,1,0,1,0,1,1,0,0,1,0,0,1,0,0,0,0,1,1,0,0,0,0,1,1,0,0,1,0,0,0,1,0,0,1,0,1,0,0
2.2636062032690805,-0.6303319887333078,0.9911933719777466,-0.32376920607881055,0,1,0,1,1,0,0,1,0,0,1,0,1,0,1,0,0,1,0,0,1,0,0,1,0,0,0,0,1,0,0,1,1,0,0,0,1,0,0,1,0
-0.4417729543927777,0.10237123836138413,-1.4544328756418516,-0.6850694570981856,1,0,1,0,1,0,0,1,1,0,0,0,0,1,0,1,0,0,1,0,0,1,0,0,1,0,0,1,0,0,1,0,0,1,0,1,0,0,0,0,1
2.2636062032690805,-1.2002122764736236,0.7273842991341127,-0.9134012052360225,1,0,1,0,1,0,0,1,1,0,0,0,1,0,1,0,0,1,0,0,0,0,1,1,0,0,0,0,1,1,0,0,1,0,0,0,1,0,0,1,0
-0.4417729543927777,-0.8338606629262777,0.7174292397815228,-0.5419806834838772,1,0,1,0,1,0,0,1,0,0,1,0,1,0,1,0,0,1,0,0,1,0,0,1,0,0,1,0,0,0,0,1,1,0,0,0,1,0,0,1,0
-0.4417729543927777,0.061665503522790134,-1.3233579274994174,-0.6360267568443707,0,1,1,0,1,0,1,0,0,1,0,1,0,0,1,0,0,1,0,0,1,0,0,1,0,0,1,0,0,1,0,0,1,0,0,0,1,1,0,0,0
-0.4417729543927777,0.9571916699718579,1.3495755086709849,1.654074159797395,1,0,0,1,1,0,0,1,1,0,0,0,1,0,0,0,1,0,0,1,0,0,1,1,0,0,0,0,1,0,0,1,0,1,0,0,1,0,1,0,0
2.2636062032690805,-1.0373893371192477,0.7987288911610076,-0.7445836739236519,0,1,0,1,1,0,0,1,1,0,0,0,1,0,1,0,0,1,0,0,1,0,0,1,0,0,0,0,1,0,0,1,1,0,0,0,1,0,0,1,0
-0.4417729543927777,-1.2816237461508115,-1.3017886322354724,-0.9991271427880131,1,0,1,0,1,0,0,1,0,0,1,0,0,1,0,1,0,0,1,0,0,1,0,0,1,0,0,1,0,0,1,0,1,0,0,0,1,0,0,1,0
-0.4417729543927777,0.835074465456076,-1.4826388771408565,-0.5500812906430794,1,0,1,0,1,0,0,1,1,0,0,0,0,1,0,1,0,0,1,0,0,1,0,0,1,0,0,1,0,0,1,0,0,0,1,1,0,0,0,0,1
2.2636062032690805,0.38731138223154205,1.3363020962008652,1.0088794595021322,1,0,0,1,1,0,0,1,0,0,1,0,1,0,0,0,1,1,0,0,0,0,1,1,0,0,0,0,1,0,0,1,0,1,0,0,1,1,0,0,0
-0.4417729543927777,0.7943687306174819,0.8733918363054323,1.069974282602565,0,1,1,0,1,0,0,1,1,0,0,0,1,0,0,0,1,1,0,0,0,0,1,1,0,0,0,0,1,1,0,0,0,1,0,1,0,0,0,1,0
-0.4417729543927777,1.6084834273893618,1.7328452937456984,2.7345283130614964,1,0,0,1,1,0,0,1,0,0,1,0,1,0,0,0,1,0,0,1,0,0,1,0,0,1,0,0,1,0,0,1,0,0,1,0,1,0,1,0,0
-0.4417729543927777,-1.2409180113122176,-1.3449272227633624,-0.994363371098184,1,0,0,1,0,1,1,0,0,1,0,1,0,0,1,0,0,1,0,0,1,0,0,1,0,0,1,0,0,1,0,0,1,0,0,0,1,0,0,0,1
-0.4417729543927777,-1.2409180113122176,0.485144521554424,-0.9437839702992631,1,0,1,0,1,0,0,1,0,0,1,0,1,0,1,0,0,0,0,1,1,0,0,1,0,0,1,0,0,1,0,0,1,0,0,1,0,0,0,1,0
-0.4417729543927777,0.7943687306174819,1.2052271480584307,1.3170757302556266,1,0,0,1,0,1,0,1,0,0,1,0,1,0,1,0,0,1,0,0,0,0,1,1,0,0,0,0,1,0,0,1,0,1,0,1,0,1,0,0,0
-0.4417729543927777,-1.0780950719578417,-1.3216987509406524,-0.9353321173011796,0,1,0,1,1,0,0,1,0,0,1,0,0,1,0,1,0,0,1,0,0,1,0,0,1,0,0,1,0,0,1,0,0,1,0,1,0,0,0,0,1
-0.4417729543927777,1.6084834273893618,1.6880475266590433,2.647880355182442,0,1,0,1,1,0,0,1,0,0,1,0,1,0,0,0,1,0,0,1,0,0,1,0,0,1,0,0,1,0,0,1,0,0,1,1,0,0,1,0,0
2.2636062032690805,-1.2816237461508115,0.8750510128641972,-0.9703249839997384,1,0,1,0,1,0,0,1,1,0,0,0,1,0,1,0,0,1,0,0,1,0,0,1,0,0,0,0,1,0,0,1,1,0,0,0,1,0,0,1,0
-0.4417729543927777,0.712957260940294,1.4839688099309496,1.4268620077709924,1,0,1,0,1,0,0,1,0,0,1,0,1,0,0,0,1,0,0,1,1,0,0,0,0,1,0,0,1,0,0,1,0,0,1,0,1,0,0,1,0
-0.4417729543927777,1.445660488034986,0.5813767619627938,1.4687700269225292,1,0,1,0,1,0,0,1,1,0,0,1,0,0,0,0,1,0,0,1,0,0,1,0,0,1,0,0,1,0,0,1,0,0,1,0,1,0,1,0,0
-0.4417729543927777,-1.2816237461508115,0.14003579733130592,-0.9800501031637672,0,1,0,1,1,0,0,1,1,0,0,0,1,0,1,0,0,1,0,0,1,0,0,1,0,0,1,0,0,1,0,0,1,0,0,0,1,0,0,1,0
-0.4417729543927777,-1.2002122764736236,-0.14202421765874296,-0.9239605332673944,0,1,1,0,1,0,0,1,1,0,0,1,0,0,1,0,0,1,0,0,1,0,0,0,0,1,1,0,0,0,0,1,1,0,0,1,0,0,0,0,1
-0.4417729543927777,-0.42680331454033776,-0.1718893957165128,-0.40699251702877115,0,1,0,1,1,0,0,1,1,0,0,1,0,0,0,0,1,1,0,0,1,0,0,1,0,0,0,0,1,1,0,0,0,1,0,0,1,1,0,0,0
-0.4417729543927777,1.6084834273893618,0.4834853449956591,1.4753997921314153,1,0,0,1,0,1,0,1,0,0,1,1,0,0,0,0,1,0,0,1,0,0,1,0,0,1,1,0,0,0,0,1,0,0,1,0,1,1,0,0,0
-0.4417729543927777,1.2828375486806098,-1.4975714661697417,-0.4235449771860568,1,0,0,1,0,1,0,1,1,0,0,0,0,1,0,1,0,0,1,0,0,1,0,0,1,0,0,1,0,0,1,0,0,1,0,1,0,1,0,0,0
-0.4417729543927777,-1.0780950719578417,-1.4710246412295016,-0.9592168343451145,0,1,1,0,1,0,0,1,1,0,0,0,0,1,0,1,0,0,1,0,0,1,0,0,1,0,0,1,0,0,1,0,0,1,0,1,0,0,0,0,1
-0.4417729543927777,1.445660488034986,-1.4925939364934464,-0.4382094909593551,0,1,0,1,0,1,0,1,1,0,0,0,0,1,0,1,0,0,1,0,0,1,0,0,1,0,0,1,0,0,1,0,0,0,1,0,1,1,0,0,0
-0.4417729543927777,1.364249018357798,1.3047777415843302,2.0017855874250463,0,1,1,0,1,0,0,1,0,0,1,0,1,0,1,0,0,0,0,1,1,0,0,0,0,1,0,0,1,0,0,1,0,1,0,0,1,0,0,1,0
2.2636062032690805,-1.2816237461508115,0.44864263726159437,-0.975966870286771,1,0,1,0,1,0,0,1,1,0,0,0,1,0,1,0,0,1,0,0,1,0,0,1,0,0,0,0,1,1,0,0,1,0,0,1,0,0,0,1,0
-0.4417729543927777,-1.0780950719578417,0.8153206567486575,-0.758699366073698,1,0,1,0,1,0,0,1,1,0,0,0,1,0,1,0,0,1,0,0,1,0,0,1,0,0,0,0,1,0,0,1,1,0,0,0,1,0,0,1,0
2.2636062032690805,-1.2002122764736236,0.18151521130043075,-0.9205358863383009,1,0,1,0,1,0,0,1,1,0,0,0,1,0,1,0,0,1,0,0,1,0,0,1,0,0,1,0,0,1,0,0,1,0,0,0,1,0,0,1,0
-0.4417729543927777,0.061665503522790134,1.7029801156879283,0.7014954447510516,0,1,1,0,1,0,0,1,0,0,1,0,1,0,0,0,1,0,0,1,0,0,1,0,0,1,0,0,1,0,0,1,0,1,0,1,0,0,1,0,0
-0.4417729543927777,1.120014609326234,1.0708338467984664,1.4534688800662583,1,0,0,1,1,0,0,1,1,0,0,0,1,0,0,0,1,1,0,0,1,0,0,0,0,1,0,0,1,0,0,1,0,0,1,0,1,0,0,1,0
-0.4417729543927777,-0.9152721326034656,0.5083729933771339,-0.6389684407450025,1,0,1,0,1,0,0,1,1,0,0,0,1,0,1,0,0,1,0,0,1,0,0,1,0,0,1,0,0,0,0,1,1,0,0,0,1,1,0,0,0
-0.4417729543927777,0.6722515261017,-1.3167212212643573,-0.4784271395112748,1,0,0,1,0,1,0,1,0,0,1,0,0,1,0,1,0,0,1,0,0,1,0,0,1,0,0,1,0,0,1,0,0,0,1,1,0,0,0,0,1
-0.4417729543927777,0.6315457912631061,0.29599839385521476,0.5620288938502077,1,0,1,0,1,0,0,1,0,0,1,1,0,0,1,0,0,0,0,1,0,0,1,0,0,1,0,0,1,1,0,0,0,1,0,0,1,1,0,0,0
2.2636062032690805,-0.7524491932490897,-0.8372191957812746,-0.7064295946751604,1,0,1,0,1,0,1,0,0,1,0,1,0,0,0,0,1,1,0,0,0,0,1,0,0,1,1,0,0,1,0,0,0,0,1,1,0,0,0,0,1
2.2636062032690805,1.445660488034986,0.5116913464946637,1.4436120437126492,0,1,0,1,1,0,0,1,0,0,1,0,1,0,1,0,0,1,0,0,0,0,1,1,0,0,1,0,0,1,0,0,1,0,0,0,1,0,1,0,0
-0.4417729543927777,0.1837827080385721,-0.8206274301936246,-0.3611110293248889,1,0,1,0,1,0,1,0,0,1,0,1,0,0,1,0,0,1,0,0,0,0,1,1,0,0,1,0,0,0,0,1,1,0,0,0,1,0,1,0,0
-0.4417729543927777,1.48636622287358,1.6034295221620287,2.45601231569348,1,0,0,1,0,1,0,1,0,0,1,0,1,0,0,0,1,0,0,1,0,0,1,0,0,1,0,0,1,0,0,1,0,0,1,1,0,0,1,0,0
-0.4417729543927777,-0.7931549280876837,-0.9799083798350641,-0.8126595080718523,1,0,1,0,1,0,1,0,0,1,0,1,0,0,1,0,0,1,0,0,0,0,1,0,0,1,1,0,0,1,0,0,0,0,1,1,0,0,0,0,1
-0.4417729543927777,-0.9966836022806537,-1.5091857020810964,-0.9405129934246802,0,1,1,0,0,1,0,1,1,0,0,0,0,1,0,1,0,0,1,0,0,1,0,0,1,0,0,1,0,0,1,0,1,0,0,1,0,1,0,0,0
-0.4417729543927777,-0.7931549280876837,0.26115568612115003,-0.6020656747975259,0,1,0,1,0,1,0,1,0,0,1,1,0,0,1,0,0,0,0,1,0,0,1,0,0,1,0,0,1,1,0,0,1,0,0,0,1,0,0,1,0
-0.4417729543927777,0.9978974048104519,-0.1718893957165128,0.5044026234087288,0,1,0,1,1,0,0,1,1,0,0,1,0,0,0,0,1,0,0,1,1,0,0,0,0,1,1,0,0,1,0,0,0,0,1,0,1,0,0,1,0
-0.4417729543927777,1.6084834273893618,0.8269348926600123,1.8710782296313067,0,1,0,1,0,1,0,1,0,0,1,1,0,0,0,0,1,0,0,1,0,0,1,0,0,1,0,0,1,0,0,1,0,0,1,1,0,0,1,0,0
-0.4417729543927777,-0.9966836022806537,-1.5224591145512165,-0.9218530582341061,1,0,0,1,0,1,0,1,1,0,0,0,0,1,0,1,0,0,1,0,0,1,0,0,1,0,0,1,0,0,1,0,0,0,1,1,0,0,0,0,1
-0.4417729543927777,0.509428586747324,-0.3859231717971969,-0.002225593447823452,0,1,0,1,1,0,0,1,1,0,0,1,0,0,0,0,1,1,0,0,0,0,1,1,0,0,1,0,0,1,0,0,0,0,1,1,0,0,1,0,0
-0.4417729543927777,-0.46750904937893173,-0.7094626007563704,-0.5663044578264138,0,1,1,0,1,0,1,0,0,1,0,1,0,0,0,0,1,1,0,0,1,0,0,0,0,1,0,0,1,1,0,0,1,0,0,0,1,0,0,0,1
-0.4417729543927777,0.2651941777157601,-0.8073540177235048,-0.3542397826017716,0,1,1,0,1,0,1,0,0,1,0,1,0,0,1,0,0,1,0,0,1,0,0,0,0,1,1,0,0,0,0,1,1,0,0,0,1,0,0,1,0
-0.4417729543927777,-0.7117434584104957,-1.3316538102932425,-0.8680904920203224,0,1,1,0,0,1,0,1,0,0,1,0,0,1,0,1,0,0,1,0,0,1,0,0,1,0,0,1,0,0,1,0,1,0,0,0,1,0,0,1,0
-0.4417729543927777,0.87578020029467,-0.05242868348543331,0.48637932130112715,0,1,0,1,0,1,0,1,0,0,1,1,0,0,1,0,0,1,0,0,0,0,1,1,0,0,1,0,0,0,0,1,0,0,1,1,0,0,1,0,0
-0.4417729543927777,1.120014609326234,0.8169798333074224,1.2863856250833645,0,1,1,0,1,0,0,1,0,0,1,0,1,0,1,0,0,1,0,0,0,0,1,1,0,0,0,0,1,1,0,0,0,0,1,0,1,0,0,1,0
-0.4417729543927777,-1.2409180113122176,-0.6530505977583605,-0.9728715163316286,1,0,1,0,1,0,1,0,0,1,0,1,0,0,1,0,0,1,0,0,1,0,0,1,0,0,0,0,1,0,0,1,1,0,0,0,1,0,0,1,0
-0.4417729543927777,0.1837827080385721,0.8435266582476622,0.49085770574686505,0,1,0,1,1,0,0,1,1,0,0,0,1,0,1,0,0,1,0,0,0,0,1,0,0,1,1,0,0,0,0,1,1,0,0,0,1,0,0,1,0
-0.4417729543927777,-0.8338606629262777,-0.35605799373942687,-0.7072418506775736,1,0,0,1,1,0,0,1,1,0,0,1,0,0,0,0,1,1,0,0,1,0,0,0,0,1,1,0,0,1,0,0,1,0,0,1,0,1,0,0,0
-0.4417729543927777,-0.10115743583158582,1.3761223336112252,0.39979722201686335,1,0,1,0,1,0,0,1,0,0,1,0,1,0,0,0,1,1,0,0,1,0,0,0,0,1,0,0,1,0,0,1,1,0,0,1,0,1,0,0,0
-0.4417729543927777,1.160720344164828,1.369485627376165,1.7886671746837595,0,1,0,1,1,0,0,1,0,0,1,0,1,0,0,0,1,0,0,1,1,0,0,1,0,0,0,0,1,0,0,1,1,0,0,0,1,0,0,1,0
2.2636062032690805,1.6084834273893618,-0.004312563281248679,1.067361891675885,0,1,0,1,0,1,1,0,0,1,0,1,0,0,0,0,1,0,0,1,0,0,1,0,0,1,0,0,1,0,0,1,0,0,1,0,1,1,0,0,0
-0.4417729543927777,-1.2816237461508115,-1.4842980536996215,-1.0015419579303226,0,1,0,1,0,1,0,1,1,0,0,0,0,1,0,1,0,0,1,0,0,1,0,0,1,0,0,1,0,0,1,0,0,1,0,0,1,0,0,1,0
2.2636062032690805,0.2244884428771661,0.9978300782128067,0.5663536082414348,1,0,0,1,1,0,0,1,0,0,1,0,1,0,0,0,1,0,0,1,1,0,0,1,0,0,1,0,0,0,0,1,0,1,0,1,0,0,1,0,0
-0.4417729543927777,-0.3046861100245558,0.028870967894051164,-0.2729483237656587,1,0,1,0,1,0,0,1,1,0,0,1,0,0,1,0,0,0,0,1,1,0,0,0,0,1,1,0,0,0,0,1,1,0,0,0,1,1,0,0,0
-0.4417729543927777,1.5677776925507678,-1.3366313399695373,-0.2595570761583055,1,0,0,1,1,0,0,1,0,0,1,0,0,1,0,1,0,0,1,0,0,1,0,0,1,0,0,1,0,0,1,0,0,0,1,0,1,1,0,0,0
-0.4417729543927777,-0.26398037518596185,-1.4826388771408565,-0.7935385627177464,1,0,0,1,0,1,0,1,1,0,0,0,0,1,0,1,0,0,1,0,0,1,0,0,1,0,0,1,0,0,1,0,1,0,0,0,1,0,1,0,0
-0.4417729543927777,-0.5082147842175258,0.8020472442785374,-0.18531248696475064,1,0,1,0,1,0,0,1,0,0,1,0,1,0,0,0,1,1,0,0,1,0,0,1,0,0,0,0,1,1,0,0,1,0,0,0,1,1,0,0,0
-0.4417729543927777,-0.18256890550877383,0.9812383126251567,0.15721806453939985,0,1,1,0,1,0,0,1,0,0,1,0,1,0,0,0,1,0,0,1,1,0,0,1,0,0,1,0,0,0,0,1,1,0,0,0,1,0,1,0,0
-0.4417729543927777,-0.06045170099299184,0.9580098408024468,0.2803297310673289,0,1,0,1,1,0,0,1,1,0,0,0,1,0,1,0,0,1,0,0,0,0,1,1,0,0,0,0,1,0,0,1,0,1,0,0,1,0,0,1,0
2.2636062032690805,-0.019745966154397845,1.0359911390644017,0.31521283344123735,0,1,1,0,1,0,0,1,0,0,1,0,1,0,1,0,0,1,0,0,1,0,0,1,0,0,0,0,1,0,0,1,1,0,0,0,1,0,1,0,0
-0.4417729543927777,-0.7931549280876837,-0.9898634391876538,-0.8145474544558399,1,0,1,0,1,0,1,0,0,1,0,1,0,0,1,0,0,1,0,0,1,0,0,1,0,0,1,0,0,0,0,1,1,0,0,0,1,0,0,1,0
-0.4417729543927777,-0.7117434584104957,-1.2802193369715276,-0.8441838221114576,0,1,1,0,1,0,0,1,0,0,1,0,0,1,0,1,0,0,1,0,0,1,0,0,1,0,0,1,0,0,1,0,1,0,0,0,1,0,0,1,0
-0.4417729543927777,1.120014609326234,-0.8405375488988046,0.0540835050978502,0,1,1,0,1,0,1,0,0,1,0,1,0,0,0,0,1,0,0,1,0,0,1,1,0,0,1,0,0,1,0,0,0,0,1,1,0,1,0,0,0
-0.4417729543927777,-1.2002122764736236,0.3424553375006348,-0.9041590491004557,1,0,1,0,1,0,0,1,0,0,1,0,1,0,1,0,0,1,0,0,1,0,0,1,0,0,1,0,0,1,0,0,1,0,0,1,0,0,0,1,0
-0.4417729543927777,0.87578020029467,1.1654069106480707,1.3164390971726538,1,0,1,0,1,0,0,1,1,0,0,0,1,0,0,0,1,0,0,1,1,0,0,1,0,0,0,0,1,0,0,1,0,1,0,0,1,0,1,0,0
-0.4417729543927777,-1.2002122764736236,-1.5207999379924513,-0.9875799358347871,1,0,0,1,0,1,0,1,1,0,0,0,0,1,0,1,0,0,1,0,0,1,0,0,1,0,0,1,0,0,1,0,0,0,1,1,0,0,0,0,1
-0.4417729543927777,-0.9559778674420596,0.20142533000561044,-0.715122929187475,1,0,1,0,1,0,0,1,1,0,0,0,1,0,1,0,0,1,0,0,1,0,0,1,0,0,1,0,0,1,0,0,1,0,0,1,0,0,0,1,0
-0.4417729543927777,-0.6303319887333078,1.3031185650255652,-0.24491451524993738,1,0,0,1,0,1,0,1,0,0,1,0,1,0,0,0,1,1,0,0,0,0,1,1,0,0,0,0,1,0,0,1,1,0,0,0,1,0,0,1,0
2.2636062032690805,-0.7117434584104957,1.0409686687406963,-0.38398591458203973,1,0,1,0,1,0,0,1,1,0,0,0,1,0,0,0,1,1,0,0,0,0,1,0,0,1,1,0,0,0,0,1,1,0,0,0,1,0,0,0,1
-0.4417729543927777,-0.5489205190561198,-1.3051069853530024,-0.7970729739714904,1,0,0,1,0,1,0,1,0,0,1,0,0,1,0,1,0,0,1,0,0,1,0,0,1,0,0,1,0,0,1,0,0,0,1,1,0,0,0,0,1
-0.4417729543927777,-1.1595065416350296,0.6975191210763432,-0.8429983674052328,1,0,0,1,0,1,0,1,0,0,1,0,1,0,1,0,0,1,0,0,1,0,0,1,0,0,1,0,0,0,0,1,1,0,0,0,1,0,0,1,0
-0.4417729543927777,-1.2816237461508115,0.4785078153193639,-0.9755717187180294,1,0,1,0,0,1,0,1,1,0,0,0,1,0,1,0,0,1,0,0,1,0,0,1,0,0,0,0,1,1,0,0,1,0,0,0,1,0,0,1,0
-0.4417729543927777,1.6084834273893618,-0.13206915830615287,0.9868826888421851,0,1,0,1,0,1,1,0,0,1,0,1,0,0,0,0,1,1,0,0,0,0,1,0,0,1,0,0,1,0,0,1,0,0,1,1,0,1,0,0,0
-0.4417729543927777,-0.3046861100245558,-0.32619281568165703,-0.3667090098820611,0,1,0,1,0,1,0,1,0,0,1,1,0,0,1,0,0,1,0,0,1,0,0,0,0,1,1,0,0,1,0,0,0,1,0,0,1,0,0,0,1
-0.4417729543927777,-0.9559778674420596,0.3756388686759346,-0.7097225244146735,0,1,1,0,1,0,0,1,0,0,1,0,1,0,1,0,0,1,0,0,1,0,0,1,0,0,1,0,0,1,0,0,1,0,0,0,1,0,0,1,0
-0.4417729543927777,-1.1188008067964357,-1.4743429943470316,-0.9646172391179157,1,0,1,0,1,0,0,1,1,0,0,0,0,1,0,1,0,0,1,0,0,1,0,0,1,0,0,1,0,0,1,0,1,0,0,0,1,0,0,0,1
-0.4417729543927777,1.160720344164828,-1.0396387359506036,-0.08083880276246577,0,1,0,1,0,1,1,0,0,1,0,1,0,0,0,0,1,1,0,0,0,0,1,1,0,0,1,0,0,1,0,0,1,0,0,1,0,1,0,0,0
-0.4417729543927777,1.5677776925507678,1.299800211908035,2.243991546198698,1,0,0,1,1,0,0,1,0,0,1,0,1,0,0,0,1,1,0,0,0,0,1,1,0,0,0,0,1,0,0,1,0,1,0,0,1,0,1,0,0
-0.4417729543927777,1.120014609326234,-1.5158224083161564,-0.5260209506797039,1,0,0,1,0,1,0,1,1,0,0,0,0,1,0,1,0,0,1,0,0,1,0,0,1,0,0,1,0,0,1,0,0,0,1,0,1,0,1,0,0
-0.4417729543927777,0.9164859351332639,-0.1901403378629276,0.3839692064022704,0,1,1,0,1,0,0,1,1,0,0,1,0,0,0,0,1,1,0,0,0,0,1,0,0,1,1,0,0,1,0,0,0,0,1,0,1,0,0,1,0
2.2636062032690805,1.120014609326234,0.32918192503051463,0.9461820772618036,1,0,0,1,0,1,0,1,1,0,0,1,0,0,0,0,1,0,0,1,0,0,1,0,0,1,1,0,0,0,0,1,0,1,0,0,1,0,1,0,0
-0.4417729543927777,-0.10115743583158582,0.677609002371163,0.1005796730197749,1,0,1,0,1,0,0,1,1,0,0,1,0,0,0,0,1,0,0,1,0,0,1,0,0,1,0,0,1,0,0,1,0,1,0,1,0,1,0,0,0
-0.4417729543927777,0.3466056473929481,1.6150437580733836,1.007035418848005,1,0,0,1,1,0,0,1,0,0,1,0,1,0,0,0,1,0,0,1,0,0,1,0,0,1,0,0,1,0,0,1,1,0,0,0,1,1,0,0,0
-0.4417729543927777,-0.8745663977648717,-0.34278458126930694,-0.7391393634209904,1,0,1,0,1,0,0,1,1,0,0,1,0,0,0,0,1,1,0,0,1,0,0,0,0,1,1,0,0,1,0,0,0,1,0,0,1,0,0,0,1
2.2636062032690805,0.2244884428771661,0.17321932850660576,0.08606882930098719,0,1,1,0,1,0,0,1,1,0,0,1,0,0,1,0,0,0,0,1,0,0,1,0,0,1,0,0,1,1,0,0,0,1,0,0,1,0,1,0,0
2.2636062032690805,-1.2409180113122176,-0.6961891882862502,-0.9730471392510694,1,0,1,0,1,0,0,1,1,0,0,1,0,0,1,0,0,1,0,0,1,0,0,1,0,0,1,0,0,1,0,0,1,0,0,1,0,0,0,1,0
-0.4417729543927777,1.6084834273893618,1.0890847889448811,2.0593020935418744,0,1,0,1,0,1,0,1,0,0,1,0,1,0,0,0,1,0,0,1,1,0,0,0,0,1,1,0,0,0,0,1,0,0,1,0,1,0,1,0,0
-0.4417729543927777,0.3466056473929481,1.2168413839697854,0.7153257496570066,1,0,0,1,0,1,0,1,0,0,1,0,1,0,0,0,1,0,0,1,0,0,1,1,0,0,1,0,0,0,0,1,0,1,0,0,1,1,0,0,0
-0.4417729543927777,-1.2816237461508115,0.9596690173612117,-0.9692053878883041,1,0,1,0,1,0,0,1,0,0,1,0,1,0,1,0,0,1,0,0,1,0,0,1,0,0,0,0,1,0,0,1,1,0,0,0,1,0,0,1,0
-0.4417729543927777,-1.2409180113122176,-1.4776613474645617,-0.9915753572520629,0,1,1,0,0,1,0,1,1,0,0,0,0,1,0,1,0,0,1,0,0,1,0,0,1,0,0,1,0,0,1,0,1,0,0,1,0,0,0,0,1
-0.4417729543927777,0.5908400564245121,1.1421784388253609,1.0747380542923939,0,1,0,1,0,1,0,1,0,0,1,0,1,0,1,0,0,0,0,1,1,0,0,1,0,0,0,0,1,0,0,1,1,0,0,0,1,0,0,1,0
2.2636062032690805,-0.8745663977648717,0.9978300782128067,-0.5185350237385441,1,0,1,0,1,0,0,1,1,0,0,0,1,0,1,0,0,0,0,1,1,0,0,1,0,0,0,0,1,0,0,1,1,0,0,0,1,0,0,1,0
-0.4417729543927777,-1.2816237461508115,-1.3449272227633624,-0.9996979172761952,0,1,1,0,1,0,1,0,0,1,0,1,0,0,1,0,0,1,0,0,1,0,0,1,0,0,1,0,0,1,0,0,1,0,0,0,1,0,0,1,0
-0.4417729543927777,-1.1188008067964357,-1.5091857020810964,-0.9726300348173976,0,1,0,1,0,1,0,1,1,0,0,0,0,1,0,1,0,0,1,0,0,1,0,0,1,0,0,1,0,0,1,0,1,0,0,1,0,0,0,0,1
-0.4417729543927777,1.120014609326234,-0.49376964811692137,0.2679044095168994,1,0,0,1,1,0,1,0,0,1,0,1,0,0,0,0,1,0,0,1,0,0,1,1,0,0,1,0,0,0,0,1,0,1,0,1,0,0,0,1,0
-0.4417729543927777,0.712957260940294,-1.5108448786398616,-0.5608381944588221,1,0,1,0,1,0,0,1,1,0,0,0,0,1,0,1,0,0,1,0,0,1,0,0,1,0,0,1,0,0,1,0,0,0,1,1,0,0,1,0,0
-0.4417729543927777,0.9571916699718579,0.7124517101052282,1.150804731275146,0,1,1,0,1,0,0,1,0,0,1,0,1,0,0,0,1,0,0,1,1,0,0,1,0,0,1,0,0,1,0,0,1,0,0,0,1,0,0,1,0
-0.4417729543927777,0.2244884428771661,0.6294928821669786,0.4093247653965211,1,0,1,0,1,0,0,1,1,0,0,0,1,0,0,0,1,0,0,1,0,0,1,1,0,0,1,0,0,1,0,0,1,0,0,0,1,0,1,0,0
-0.4417729543927777,0.87578020029467,1.4806504568134193,1.6761587419170627,0,1,0,1,1,0,0,1,0,0,1,0,1,0,0,0,1,0,0,1,0,0,1,1,0,0,0,0,1,0,0,1,1,0,0,1,0,0,0,1,0
-0.4417729543927777,0.6315457912631061,1.3661672742586348,1.221229521970866,0,1,1,0,1,0,0,1,0,0,1,0,1,0,1,0,0,0,0,1,0,0,1,1,0,0,0,0,1,0,0,1,0,1,0,0,1,0,1,0,0
-0.4417729543927777,-1.1595065416350296,0.6875640617237533,-0.8616143968659468,0,1,1,0,1,0,0,1,0,0,1,0,1,0,1,0,0,1,0,0,1,0,0,1,0,0,1,0,0,0,0,1,1,0,0,0,1,0,0,1,0
-0.4417729543927777,-1.2816237461508115,0.34577369061816454,-0.9773279479124364,0,1,0,1,1,0,0,1,1,0,0,0,1,0,1,0,0,1,0,0,0,0,1,1,0,0,1,0,0,1,0,0,1,0,0,1,0,0,1,0,0
2.2636062032690805,-0.18256890550877383,1.523789047341309,0.39650429227735023,1,0,0,1,1,0,0,1,0,0,1,0,1,0,1,0,0,0,0,1,0,0,1,0,0,1,0,0,1,0,0,1,1,0,0,0,1,0,0,1,0
-0.4417729543927777,-0.9152721326034656,1.115631613885121,-0.5675996768572891,0,1,1,0,1,0,0,1,0,0,1,0,1,0,0,0,1,1,0,0,1,0,0,1,0,0,0,0,1,0,0,1,1,0,0,1,0,0,0,1,0
-0.4417729543927777,-0.5896262538947138,-1.4975714661697417,-0.8601216020507009,0,1,0,1,0,1,0,1,1,0,0,0,0,1,0,1,0,0,1,0,0,1,0,0,1,0,0,1,0,0,1,0,0,1,0,1,0,1,0,0,0
-0.4417729543927777,1.404954753196392,1.316391977495685,2.01282787848488,0,1,0,1,0,1,0,1,0,0,1,0,1,0,0,0,1,1,0,0,1,0,0,0,0,1,0,0,1,0,0,1,0,0,1,1,0,1,0,0,0
-0.4417729543927777,-1.2816237461508115,0.17819685818290046,-0.9795451872703751,0,1,1,0,1,0,0,1,1,0,0,0,1,0,1,0,0,1,0,0,1,0,0,1,0,0,1,0,0,1,0,0,1,0,0,0,1,0,0,1,0
-0.4417729543927777,1.364249018357798,0.03053014445281606,0.788428789874197,0,1,0,1,0,1,0,1,1,0,0,1,0,0,0,0,1,0,0,1,0,0,1,0,0,1,1,0,0,1,0,0,0,0,1,1,0,0,0,0,1
-0.4417729543927777,-0.9559778674420596,0.13339909109624587,-0.7496767385874322,0,1,0,1,1,0,0,1,1,0,0,1,0,0,0,0,1,0,0,1,1,0,0,0,0,1,0,0,1,1,0,0,1,0,0,0,1,0,0,0,1
-0.4417729543927777,1.445660488034986,1.1985904418233706,1.9622265248210289,0,1,0,1,0,1,0,1,0,0,1,0,1,0,1,0,0,0,0,1,1,0,0,1,0,0,0,0,1,0,0,1,0,1,0,0,1,0,1,0,0
-0.4417729543927777,0.9978974048104519,0.32088604223668965,0.9078084693640109,1,0,0,1,1,0,0,1,0,0,1,1,0,0,1,0,0,0,0,1,0,0,1,0,0,1,0,0,1,1,0,0,0,1,0,1,0,1,0,0,0
-0.4417729543927777,-0.7524491932490897,0.8866652487755524,-0.439197369881209,1,0,0,1,0,1,0,1,0,0,1,0,1,0,1,0,0,1,0,0,1,0,0,0,0,1,0,0,1,1,0,0,1,0,0,0,1,0,0,1,0
2.2636062032690805,1.364249018357798,1.7029801156879283,2.441567330569483,0,1,0,1,0,1,0,1,0,0,1,0,1,0,0,0,1,0,0,1,0,0,1,0,0,1,0,0,1,0,0,1,0,1,0,0,1,0,0,1,0
-0.4417729543927777,0.10237123836138413,-1.3814291070561922,-0.6604383426466278,1,0,1,0,1,0,0,1,0,0,1,0,0,1,0,1,0,0,1,0,0,1,0,0,1,0,0,1,0,0,1,0,0,0,1,1,0,1,0,0,0
2.2636062032690805,-1.2002122764736236,0.3690021624408745,-0.9086374335461934,0,1,1,0,1,0,0,1,0,0,1,0,1,0,1,0,0,1,0,0,1,0,0,1,0,0,1,0,0,1,0,0,1,0,0,0,1,0,0,1,0
-0.4417729543927777,-0.42680331454033776,-0.28803175483006227,-0.44306107410890433,0,1,0,1,1,0,0,1,1,0,0,1,0,0,0,0,1,1,0,0,1,0,0,0,0,1,1,0,0,1,0,0,0,1,0,0,1,0,1,0,0
-0.4417729543927777,0.1837827080385721,-1.4809797005820917,-0.6787470319983204,1,0,1,0,0,1,0,1,1,0,0,0,0,1,0,1,0,0,1,0,0,1,0,0,1,0,0,1,0,0,1,0,0,1,0,1,0,1,0,0,0
-0.4417729543927777,-0.2232746403473678,-1.2968111025591775,-0.6641922825496727,0,1,1,0,0,1,0,1,0,0,1,0,0,1,0,1,0,0,1,0,0,1,0,0,1,0,0,1,0,0,1,0,0,0,1,0,1,0,1,0,0
-0.4417729543927777,-0.9966836022806537,-1.144166859152798,-0.910986390093713,0,1,1,0,1,0,1,0,0,1,0,1,0,0,0,0,1,1,0,0,1,0,0,1,0,0,1,0,0,1,0,0,1,0,0,0,1,0,0,1,0
-0.4417729543927777,1.404954753196392,-1.3299946337344772,-0.3151636830262164,0,1,0,1,1,0,0,1,0,0,1,0,0,1,0,1,0,0,1,0,0,1,0,0,1,0,0,1,0,0,1,0,0,0,1,1,0,0,1,0,0
-0.4417729543927777,0.835074465456076,0.961328193919977,1.1976960507658123,0,1,0,1,1,0,0,1,0,0,1,0,1,0,0,0,1,1,0,0,0,0,1,1,0,0,1,0,0,0,0,1,1,0,0,1,0,0,0,1,0
-0.4417729543927777,1.6084834273893618,1.4109650413452899,2.352021594519657,1,0,0,1,0,1,0,1,0,0,1,0,1,0,0,0,1,0,0,1,0,0,1,0,0,1,1,0,0,0,0,1,0,0,1,1,0,0,1,0,0
-0.4417729543927777,-1.2002122764736236,0.8933019550106119,-0.8975512367564995,0,1,1,0,0,1,0,1,0,0,1,0,1,0,1,0,0,1,0,0,0,0,1,1,0,0,1,0,0,0,0,1,1,0,0,1,0,0,0,1,0
-0.4417729543927777,-1.0780950719578417,-0.5136797668221011,-0.8722834892219692,1,0,1,0,1,0,0,1,1,0,0,1,0,0,0,0,1,1,0,0,1,0,0,1,0,0,1,0,0,1,0,0,1,0,0,0,1,0,0,1,0
2.2636062032690805,1.5677776925507678,1.0426278452994613,1.9606678714109926,1,0,0,1,1,0,0,1,0,0,1,0,1,0,0,0,1,0,0,1,0,0,1,0,0,1,1,0,0,1,0,0,0,0,1,0,1,0,1,0,0
-0.4417729543927777,1.2421318138420159,-1.5158224083161564,-0.46701164974762943,0,1,0,1,1,0,0,1,1,0,0,0,0,1,0,1,0,0,1,0,0,1,0,0,1,0,0,1,0,0,1,0,0,0,1,1,0,0,0,0,1
-0.4417729543927777,0.87578020029467,1.3429388024359252,1.4673650435670034,0,1,1,0,1,0,0,1,1,0,0,0,1,0,0,0,1,0,0,1,1,0,0,0,0,1,0,0,1,0,0,1,0,1,0,0,1,0,1,0,0
-0.4417729543927777,-1.2816237461508115,-0.6845749523748955,-0.9909606770340205,0,1,1,0,1,0,0,1,1,0,0,1,0,0,1,0,0,1,0,0,1,0,0,1,0,0,1,0,0,1,0,0,1,0,0,0,1,0,0,0,1
-0.4417729543927777,1.160720344164828,0.4801669918781293,1.1060867454125587,1,0,0,1,0,1,0,1,0,0,1,1,0,0,0,0,1,0,0,1,0,0,1,0,0,1,1,0,0,0,0,1,0,1,0,0,1,0,0,1,0
-0.4417729543927777,-0.7931549280876837,-1.5091857020810964,-0.908505716356613,1,0,1,0,1,0,0,1,1,0,0,0,0,1,0,1,0,0,1,0,0,1,0,0,1,0,0,1,0,0,1,0,1,0,0,1,0,0,1,0,0
-0.4417729543927777,-0.42680331454033776,-1.3299946337344772,-0.7937800442319773,0,1,1,0,1,0,0,1,0,0,1,0,0,1,0,1,0,0,1,0,0,1,0,0,1,0,0,1,0,0,1,0,1,0,0,0,1,0,1,0,0
-0.4417729543927777,-1.1595065416350296,-1.4925939364934464,-0.9843967704199245,0,1,1,0,1,0,0,1,1,0,0,0,0,1,0,1,0,0,1,0,0,1,0,0,1,0,0,1,0,0,1,0,1,0,0,0,1,0,0,0,1
-0.4417729543927777,-0.3453918448631498,-0.2432339877434074,-0.4098902951995426,1,0,0,1,0,1,1,0,0,1,0,1,0,0,0,0,1,0,0,1,0,0,1,1,0,0,0,0,1,0,0,1,0,1,0,1,0,0,0,1,0
2.2636062032690805,1.5677776925507678,0.5896726447566186,1.5498200042444108,1,0,0,1,1,0,0,1,0,0,1,1,0,0,0,0,1,0,0,1,0,0,1,0,0,1,1,0,0,0,0,1,0,0,1,0,1,1,0,0,0
-0.4417729543927777,1.5270719577121739,1.2964818587905051,2.1728203580953553,0,1,1,0,1,0,0,1,0,0,1,0,1,0,0,0,1,1,0,0,1,0,0,0,0,1,0,0,1,0,0,1,0,0,1,0,1,0,1,0,0
2.2636062032690805,-0.3046861100245558,0.8219573629837176,-0.04995112180583292,1,0,1,0,1,0,0,1,0,0,1,0,1,0,1,0,0,0,0,1,1,0,0,1,0,0,1,0,0,0,0,1,1,0,0,0,1,0,0,1,0
-0.4417729543927777,1.6084834273893618,0.4652344028492443,1.5054532642207046,1,0,0,1,0,1,0,1,0,0,1,1,0,0,1,0,0,0,0,1,1,0,0,0,0,1,0,0,1,0,0,1,0,0,1,0,1,0,0,1,0
2.2636062032690805,-1.2816237461508115,0.1864927409767254,-0.9794354229457246,1,0,1,0,1,0,0,1,1,0,0,0,1,0,1,0,0,1,0,0,1,0,0,1,0,0,1,0,0,1,0,0,1,0,0,0,1,0,0,1,0
-0.4417729543927777,0.9571916699718579,1.1571110278542458,1.4111876622109103,1,0,0,1,0,1,0,1,0,0,1,0,1,0,1,0,0,1,0,0,0,0,1,1,0,0,0,0,1,0,0,1,0,1,0,0,1,0,1,0,0
-0.4417729543927777,-0.26398037518596185,1.34459797899469,0.1817613675312374,1,0,1,0,0,1,0,1,1,0,0,0,1,0,1,0,0,0,0,1,0,0,1,0,0,1,0,0,1,0,0,1,0,0,1,0,1,0,0,1,0
-0.4417729543927777,0.5908400564245121,0.46357522629047937,0.5923018945887979,0,1,0,1,1,0,0,1,0,0,1,0,1,0,1,0,0,0,0,1,1,0,0,1,0,0,1,0,0,1,0,0,0,1,0,0,1,0,0,1,0
2.2636062032690805,0.9978974048104519,0.491781227789484,0.9382131872921817,0,1,1,0,1,0,0,1,0,0,1,1,0,0,1,0,0,0,0,1,0,0,1,1,0,0,0,0,1,0,0,1,0,0,1,0,1,1,0,0,0
-0.4417729543927777,1.5270719577121739,0.523305582406019,1.456191035317589,1,0,0,1,0,1,0,1,0,0,1,1,0,0,0,0,1,0,0,1,0,0,1,0,0,1,0,0,1,1,0,0,0,0,1,1,0,0,0,1,0
-0.4417729543927777,1.6084834273893618,1.5818602268980837,2.5576540803197836,0,1,0,1,0,1,0,1,0,0,1,0,1,0,0,0,1,0,0,1,0,0,1,0,0,1,0,0,1,0,0,1,0,0,1,0,1,0,1,0,0
-0.4417729543927777,-1.2816237461508115,0.20474368312314026,-0.9791939414314939,1,0,1,0,1,0,0,1,1,0,0,0,1,0,1,0,0,1,0,0,1,0,0,1,0,0,1,0,0,1,0,0,1,0,0,1,0,0,0,0,1
-0.4417729543927777,-0.7931549280876837,-1.4909347599346816,-0.9144549427526666,0,1,0,1,0,1,0,1,1,0,0,0,0,1,0,1,0,0,1,0,0,1,0,0,1,0,0,1,0,0,1,0,0,1,0,1,0,0,0,0,1
-0.4417729543927777,0.835074465456076,0.9729424298313317,1.1268980613662811,0,1,0,1,1,0,0,1,1,0,0,0,1,0,1,0,0,0,0,1,1,0,0,1,0,0,0,0,1,0,0,1,0,1,0,0,1,1,0,0,0
-0.4417729543927777,0.2651941777157601,-0.1702302191577479,0.018673533965619514,0,1,0,1,0,1,0,1,1,0,0,1,0,0,0,0,1,0,0,1,0,0,1,1,0,0,1,0,0,1,0,0,0,1,0,1,0,0,0,1,0
-0.4417729543927777,-1.2816237461508115,0.16160509259525055,-0.979764715919676,1,0,0,1,0,1,0,1,1,0,0,0,1,0,1,0,0,1,0,0,1,0,0,1,0,0,1,0,0,1,0,0,1,0,0,0,1,0,0,1,0
2.2636062032690805,1.2828375486806098,1.2334331495574353,1.860343278680494,0,1,0,1,1,0,0,1,0,0,1,0,1,0,1,0,0,1,0,0,0,0,1,0,0,1,0,0,1,0,0,1,0,0,1,1,0,0,0,1,0
2.2636062032690805,0.6315457912631061,0.8667551300703722,0.9085987725014941,0,1,0,1,1,0,0,1,0,0,1,0,1,0,1,0,0,1,0,0,0,0,1,1,0,0,1,0,0,0,0,1,1,0,0,0,1,0,1,0,0
-0.4417729543927777,-1.2816237461508115,-1.3333129868520073,-0.9995442472216846,0,1,1,0,0,1,1,0,0,1,0,1,0,0,1,0,0,1,0,0,1,0,0,1,0,0,1,0,0,1,0,0,1,0,0,1,0,0,0,1,0
-0.4417729543927777,-1.2816237461508115,0.4751894622018341,-0.9756156244478895,0,1,1,0,1,0,0,1,1,0,0,0,1,0,1,0,0,1,0,0,1,0,0,1,0,0,1,0,0,0,0,1,1,0,0,0,1,0,0,1,0
2.2636062032690805,-1.2816237461508115,1.1902945590295457,-0.9661539396630219,1,0,0,1,1,0,0,1,0,0,1,0,1,0,1,0,0,1,0,0,0,0,1,1,0,0,0,0,1,0,0,1,1,0,0,0,1,0,0,1,0
-0.4417729543927777,1.3235432835192038,0.8534817176002525,1.593637922644865,0,1,0,1,1,0,0,1,0,0,1,0,1,0,1,0,0,0,0,1,1,0,0,1,0,0,1,0,0,0,0,1,1,0,0,0,1,0,0,1,0
-0.4417729543927777,-1.1595065416350296,0.9945117250952769,-0.852108806351219,0,1,1,0,1,0,0,1,1,0,0,0,1,0,0,0,1,0,0,1,1,0,0,0,0,1,1,0,0,0,0,1,1,0,0,0,1,0,0,0,1
-0.4417729543927777,0.9164859351332639,0.9895341954189817,1.3060992977905832,1,0,0,1,1,0,0,1,1,0,0,0,1,0,0,0,1,1,0,0,1,0,0,1,0,0,0,0,1,0,0,1,0,1,0,0,1,0,0,1,0
-0.4417729543927777,0.6722515261017,-0.31789693288783205,0.14604405628998535,0,1,0,1,1,0,0,1,0,0,1,1,0,0,0,0,1,1,0,0,1,0,0,1,0,0,1,0,0,1,0,0,0,1,0,0,1,0,0,1,0
-0.4417729543927777,-0.06045170099299184,-1.5058673489635666,-0.7210941084484587,1,0,0,1,0,1,0,1,1,0,0,0,0,1,0,1,0,0,1,0,0,1,0,0,1,0,0,1,0,0,1,0,1,0,0,0,1,0,0,0,1
-0.4417729543927777,1.6084834273893618,1.722890234393108,2.7117851449939265,1,0,0,1,0,1,0,1,0,0,1,0,1,0,0,0,1,0,0,1,0,0,1,0,0,1,0,0,1,0,0,1,0,0,1,0,1,1,0,0,0
-0.4417729543927777,-0.10115743583158582,1.1654069106480707,0.3270234747736243,1,0,0,1,0,1,0,1,0,0,1,0,1,0,1,0,0,1,0,0,0,0,1,1,0,0,0,0,1,0,0,1,1,0,0,0,1,0,0,1,0
-0.4417729543927777,1.6084834273893618,-0.35605799373942687,0.7183552450173585,1,0,0,1,1,0,1,0,0,1,0,1,0,0,1,0,0,0,0,1,0,0,1,1,0,0,0,0,1,0,0,1,0,0,1,0,1,0,0,1,0
-0.4417729543927777,-0.9559778674420596,0.9314630158622069,-0.6283213012539102,1,0,1,0,0,1,0,1,1,0,0,0,1,0,0,0,1,1,0,0,0,0,1,0,0,1,1,0,0,0,0,1,1,0,0,1,0,1,0,0,0
-0.4417729543927777,-0.9966836022806537,1.1521334981779512,-0.650164401859347,1,0,1,0,1,0,0,1,0,0,1,0,1,0,1,0,0,1,0,0,0,0,1,1,0,0,0,0,1,0,0,1,1,0,0,0,1,0,0,1,0
-0.4417729543927777,1.07930887448764,1.3678264508174,1.736419356150152,1,0,0,1,0,1,0,1,0,0,1,0,1,0,1,0,0,0,0,1,0,0,1,1,0,0,0,0,1,0,0,1,0,1,0,0,1,0,0,1,0
-0.4417729543927777,-0.42680331454033776,0.6427662946370982,-0.19567423921175175,1,0,1,0,1,0,0,1,1,0,0,0,1,0,1,0,0,0,0,1,1,0,0,1,0,0,1,0,0,0,0,1,1,0,0,0,1,0,0,0,1
2.2636062032690805,1.201426079003422,1.5204706942237791,2.0864138817305324,0,1,1,0,1,0,0,1,0,0,1,0,1,0,1,0,0,0,0,1,0,0,1,0,0,1,0,0,1,0,0,1,0,1,0,0,1,1,0,0,0
2.2636062032690805,-1.2816237461508115,-0.6281629493768857,-0.9902142796263975,1,0,0,1,1,0,0,1,1,0,0,1,0,0,1,0,0,1,0,0,1,0,0,1,0,0,1,0,0,1,0,0,1,0,0,1,0,0,0,1,0
-0.4417729543927777,-1.2816237461508115,0.3242043953542199,-0.9776133351565276,1,0,1,0,1,0,0,1,1,0,0,0,1,0,1,0,0,0,0,1,1,0,0,1,0,0,1,0,0,1,0,0,1,0,0,0,1,0,0,1,0
-0.4417729543927777,1.5677776925507678,-1.4959122896109764,-0.42806726736165485,1,0,0,1,0,1,0,1,1,0,0,0,0,1,0,1,0,0,1,0,0,1,0,0,1,0,0,1,0,0,1,0,0,0,1,1,0,1,0,0,0
-0.4417729543927777,-0.3860975797017438,-1.3316538102932425,-0.7402370066674947,1,0,1,0,1,0,0,1,0,0,1,0,0,1,0,1,0,0,1,0,0,1,0,0,1,0,0,1,0,0,1,0,0,1,0,1,0,0,1,0,0
-0.4417729543927777,1.404954753196392,0.6742906492536331,1.4984503003080067,1,0,1,0,1,0,0,1,0,0,1,1,0,0,0,0,1,1,0,0,0,0,1,0,0,1,0,0,1,0,0,1,0,0,1,0,1,0,0,0,1
-0.4417729543927777,-0.26398037518596185,-1.4975714661697417,-0.8096300127115004,0,1,1,0,1,0,0,1,1,0,0,0,0,1,0,1,0,0,1,0,0,1,0,0,1,0,0,1,0,0,1,0,0,1,0,1,0,0,1,0,0
-0.4417729543927777,1.201426079003422,0.8020472442785374,1.365613514616049,0,1,0,1,0,1,0,1,0,0,1,0,1,0,1,0,0,1,0,0,0,0,1,1,0,0,0,0,1,1,0,0,0,0,1,0,1,0,1,0,0
-0.4417729543927777,-1.2409180113122176,-1.4793205240233265,-0.9905216197354186,1,0,1,0,1,0,0,1,1,0,0,0,0,1,0,1,0,0,1,0,0,1,0,0,1,0,0,1,0,0,1,0,1,0,0,1,0,0,0,0,1
2.2636062032690805,-1.2816237461508115,-0.6945300117274853,-0.9910923942236011,0,1,1,0,1,0,0,1,1,0,0,1,0,0,1,0,0,1,0,0,1,0,0,1,0,0,1,0,0,1,0,0,1,0,0,1,0,0,0,1,0
-0.4417729543927777,-1.2409180113122176,-1.4760021709057964,-0.995131721370737,1,0,1,0,1,0,0,1,1,0,0,0,0,1,0,1,0,0,1,0,0,1,0,0,1,0,0,1,0,0,1,0,0,1,0,1,0,0,0,0,1
2.2636062032690805,1.5677776925507678,-0.41910670297249675,0.642661766738418,0,1,0,1,1,0,1,0,0,1,0,1,0,0,1,0,0,0,0,1,0,0,1,1,0,0,0,0,1,0,0,1,1,0,0,0,1,1,0,0,0
-0.4417729543927777,-0.7931549280876837,1.0525829046520516,-0.49985313568303996,0,1,0,1,0,1,0,1,1,0,0,0,1,0,1,0,0,1,0,0,0,0,1,1,0,0,0,0,1,0,0,1,1,0,0,0,1,0,0,0,1
-0.4417729543927777,1.5677776925507678,1.0028076078891017,1.9623801948755397,1,0,0,1,0,1,0,1,0,0,1,0,1,0,0,0,1,0,0,1,0,0,1,0,0,1,1,0,0,1,0,0,0,1,0,0,1,0,1,0,0
-0.4417729543927777,1.6084834273893618,1.4308751600504694,2.417133791902296,1,0,1,0,1,0,0,1,0,0,1,0,1,0,1,0,0,0,0,1,0,0,1,0,0,1,0,0,1,0,0,1,0,0,1,0,1,0,1,0,0
-0.4417729543927777,0.1430769731999781,0.9513731345673867,0.4674779045963222,0,1,0,1,1,0,0,1,1,0,0,0,1,0,0,0,1,1,0,0,1,0,0,1,0,0,0,0,1,0,0,1,1,0,0,0,1,0,0,1,0
2.2636062032690805,-0.5489205190561198,0.04878108659923135,-0.4457612764953051,0,1,0,1,1,0,0,1,1,0,0,1,0,0,0,0,1,1,0,0,0,0,1,1,0,0,0,0,1,1,0,0,1,0,0,1,0,1,0,0,0
-0.4417729543927777,0.87578020029467,0.31922686567792474,0.8298757988622014,0,1,0,1,1,0,0,1,1,0,0,1,0,0,0,0,1,0,0,1,1,0,0,1,0,0,0,0,1,0,0,1,0,0,1,0,1,1,0,0,0
2.2636062032690805,1.404954753196392,1.3429388024359252,2.0786206146803514,1,0,0,1,1,0,0,1,0,0,1,0,1,0,0,0,1,0,0,1,0,0,1,0,0,1,1,0,0,0,0,1,0,1,0,0,1,0,1,0,0
-0.4417729543927777,1.120014609326234,0.969624076713802,1.5413022926515372,1,0,0,1,0,1,0,1,0,0,1,0,1,0,0,0,1,0,0,1,1,0,0,1,0,0,0,0,1,1,0,0,0,1,0,1,0,1,0,0,0
-0.4417729543927777,1.038603139649046,-0.4954288246756863,0.27157053796022396,0,1,0,1,0,1,1,0,0,1,0,1,0,0,0,0,1,0,0,1,0,0,1,1,0,0,0,0,1,1,0,0,0,1,0,1,0,0,0,0,1
-0.4417729543927777,-0.10115743583158582,-1.5008898192872715,-0.7473058291749828,1,0,0,1,0,1,0,1,1,0,0,0,0,1,0,1,0,0,1,0,0,1,0,0,1,0,0,1,0,0,1,0,0,0,1,1,0,0,0,0,1
-0.4417729543927777,1.6084834273893618,-0.1718893957165128,0.8621684631743597,1,0,1,0,1,0,0,1,0,0,1,1,0,0,0,0,1,0,0,1,1,0,0,1,0,0,1,0,0,1,0,0,0,0,1,1,0,1,0,0,0
-0.4417729543927777,1.3235432835192038,1.306436918143095,1.9423811349242301,1,0,0,1,0,1,0,1,0,0,1,0,1,0,0,0,1,1,0,0,0,0,1,1,0,0,0,0,1,0,0,1,0,0,1,0,1,0,1,0,0
2.2636062032690805,0.6315457912631061,-0.19843622065675257,0.21442723054720697,1,0,0,1,1,0,0,1,1,0,0,1,0,0,1,0,0,0,0,1,1,0,0,1,0,0,1,0,0,0,0,1,0,1,0,0,1,1,0,0,0
2.2636062032690805,-1.1595065416350296,0.33084110158928,-0.8691442295369667,1,0,1,0,1,0,0,1,0,0,1,0,1,0,1,0,0,1,0,0,1,0,0,1,0,0,1,0,0,1,0,0,1,0,0,0,1,0,0,1,0
-0.4417729543927777,-1.1188008067964357,0.5282831120823137,-0.8540626113299968,1,0,0,1,0,1,0,1,1,0,0,0,1,0,1,0,0,1,0,0,1,0,0,1,0,0,0,0,1,1,0,0,1,0,0,0,1,0,0,1,0
-0.4417729543927777,1.160720344164828,-0.09224892089579322,0.6487207574591219,0,1,0,1,1,0,1,0,0,1,0,1,0,0,0,0,1,1,0,0,0,0,1,0,0,1,0,0,1,0,0,1,0,0,1,0,1,0,0,0,1
-0.4417729543927777,-0.9559778674420596,0.7074741804289331,-0.6721172667894342,0,1,1,0,1,0,0,1,1,0,0,0,1,0,1,0,0,1,0,0,1,0,0,0,0,1,0,0,1,1,0,0,1,0,0,1,0,0,0,1,0
2.2636062032690805,-1.2816237461508115,0.6892232382825182,-0.9727837048719084,1,0,1,0,1,0,0,1,0,0,1,0,1,0,1,0,0,1,0,0,1,0,0,1,0,0,0,0,1,1,0,0,1,0,0,0,1,0,0,1,0
-0.4417729543927777,-0.3860975797017438,0.7257251225753478,-0.15828851023581333,0,1,0,1,0,1,0,1,1,0,0,0,1,0,1,0,0,0,0,1,0,0,1,0,0,1,1,0,0,1,0,0,0,1,0,1,0,0,0,0,1
-0.4417729543927777,-1.2816237461508115,-1.5025489958460365,-1.0017834394445535,1,0,1,0,1,0,0,1,1,0,0,0,0,1,0,1,0,0,1,0,0,1,0,0,1,0,0,1,0,0,1,0,1,0,0,1,0,0,0,0,1
-0.4417729543927777,-0.18256890550877383,-1.167395330975508,-0.6632483093576789,1,0,1,0,1,0,1,0,0,1,0,1,0,0,1,0,0,1,0,0,0,0,1,1,0,0,1,0,0,1,0,0,1,0,0,0,1,0,0,0,1
-0.4417729543927777,-0.8338606629262777,1.0210585500355167,-0.49056707381761305,0,1,1,0,1,0,0,1,1,0,0,0,1,0,1,0,0,1,0,0,0,0,1,1,0,0,0,0,1,0,0,1,0,1,0,1,0,0,0,1,0
-0.4417729543927777,1.6084834273893618,-1.5141632317573916,-0.43752895214652243,0,1,0,1,1,0,0,1,1,0,0,0,0,1,0,1,0,0,1,0,0,1,0,0,1,0,0,1,0,0,1,0,0,0,1,1,0,0,1,0,0
-0.4417729543927777,-1.2816237461508115,0.3242043953542199,-0.9776133351565276,1,0,0,1,0,1,0,1,1,0,0,0,1,0,1,0,0,0,0,1,1,0,0,1,0,0,1,0,0,1,0,0,1,0,0,0,1,0,0,1,0
-0.4417729543927777,1.5677776925507678,1.7046392922466933,2.6379576602340427,0,1,1,0,1,0,0,1,0,0,1,0,1,0,0,0,1,0,0,1,0,0,1,0,0,1,0,0,1,0,0,1,0,1,0,0,1,1,0,0,0
-0.4417729543927777,-0.42680331454033776,-0.19511786753922278,-0.46005259156479184,1,0,1,0,1,0,0,1,0,0,1,1,0,0,0,0,1,1,0,0,1,0,0,0,0,1,1,0,0,1,0,0,1,0,0,0,1,0,0,0,1
-0.4417729543927777,-0.06045170099299184,-1.4693654646707368,-0.7021707388787235,0,1,0,1,0,1,0,1,1,0,0,0,0,1,0,1,0,0,1,0,0,1,0,0,1,0,0,1,0,0,1,0,1,0,0,0,1,0,0,1,0
-0.4417729543927777,0.550134321585918,-0.024222681986428397,0.31093202477987036,1,0,0,1,1,0,0,1,1,0,0,1,0,0,1,0,0,0,0,1,1,0,0,0,0,1,0,0,1,1,0,0,0,0,1,0,1,0,1,0,0
-0.4417729543927777,-0.6710377235719017,0.6643355899010434,-0.4052801935642243,1,0,0,1,1,0,0,1,0,0,1,0,1,0,1,0,0,1,0,0,1,0,0,1,0,0,0,0,1,1,0,0,1,0,0,0,1,0,0,1,0
2.2636062032690805,0.2651941777157601,1.0193993734767517,0.6400274229468075,0,1,1,0,1,0,0,1,0,0,1,0,1,0,1,0,0,1,0,0,1,0,0,1,0,0,0,0,1,0,0,1,1,0,0,0,1,1,0,0,0
-0.4417729543927777,0.87578020029467,-0.6215262431418256,0.05735448197243311,0,1,1,0,1,0,1,0,0,1,0,1,0,0,0,0,1,0,0,1,1,0,0,1,0,0,1,0,0,0,0,1,0,0,1,1,0,1,0,0,0
-0.4417729543927777,-0.7524491932490897,-0.007630916398778474,-0.5972579973778368,1,0,0,1,1,0,0,1,0,0,1,1,0,0,0,0,1,1,0,0,1,0,0,1,0,0,0,0,1,1,0,0,1,0,0,0,1,1,0,0,0
-0.4417729543927777,0.6722515261017,1.4690362209020644,1.3123997700255179,0,1,1,0,0,1,0,1,0,0,1,0,1,0,0,0,1,0,0,1,0,0,1,1,0,0,0,0,1,0,0,1,0,1,0,0,1,0,1,0,0
-0.4417729543927777,-0.7117434584104957,-1.3233579274994174,-0.8483548664481741,1,0,1,0,1,0,0,1,0,0,1,0,0,1,0,1,0,0,1,0,0,1,0,0,1,0,0,1,0,0,1,0,0,0,1,1,0,1,0,0,0
-0.4417729543927777,0.7943687306174819,-1.5025489958460365,-0.6027901193402188,0,1,1,0,0,1,0,1,1,0,0,0,0,1,0,1,0,0,1,0,0,1,0,0,1,0,0,1,0,0,1,0,0,1,0,1,0,0,1,0,0
-0.4417729543927777,-1.0780950719578417,-1.4876164068171516,-0.9663515154473928,1,0,0,1,0,1,0,1,1,0,0,0,0,1,0,1,0,0,1,0,0,1,0,0,1,0,0,1,0,0,1,0,0,0,1,1,0,0,0,0,1
-0.4417729543927777,-1.2002122764736236,1.0044667844478667,-0.8818329854665571,1,0,0,1,1,0,0,1,0,0,1,0,1,0,1,0,0,1,0,0,1,0,0,1,0,0,0,0,1,0,0,1,1,0,0,0,1,0,0,1,0
2.2636062032690805,-1.0780950719578417,0.6394479415195684,-0.7824743187929823,0,1,0,1,1,0,0,1,1,0,0,0,1,0,1,0,0,0,0,1,1,0,0,1,0,0,1,0,0,0,0,1,1,0,0,0,1,0,0,1,0
-0.4417729543927777,-1.2816237461508115,0.4868036981131889,-0.975461954393379,0,1,1,0,1,0,0,1,1,0,0,0,1,0,1,0,0,1,0,0,1,0,0,1,0,0,1,0,0,0,0,1,1,0,0,1,0,0,0,1,0
-0.4417729543927777,-0.7524491932490897,-0.3062826969764771,-0.6612945043789011,1,0,1,0,1,0,0,1,1,0,0,1,0,0,0,0,1,1,0,0,1,0,0,0,0,1,1,0,0,1,0,0,0,1,0,1,0,0,0,0,1
-0.4417729543927777,0.5908400564245121,-1.4892755833759166,-0.5926259428775884,0,1,0,1,0,1,0,1,1,0,0,0,0,1,0,1,0,0,1,0,0,1,0,0,1,0,0,1,0,0,1,0,0,1,0,1,0,0,0,0,1
2.2636062032690805,-1.2002122764736236,-0.945065672100999,-0.9692712464830945,0,1,0,1,1,0,1,0,0,1,0,1,0,0,1,0,0,1,0,0,1,0,0,1,0,0,0,0,1,1,0,0,1,0,0,0,1,0,0,0,1
-0.4417729543927777,-1.2816237461508115,-0.5286123558509861,-0.9888971077305924,0,1,1,0,1,0,0,1,1,0,0,1,0,0,1,0,0,1,0,0,1,0,0,0,0,1,1,0,0,1,0,0,1,0,0,1,0,0,1,0,0
-0.4417729543927777,1.5677776925507678,-1.3233579274994174,-0.1877492549719903,1,0,0,1,1,0,0,1,0,0,1,0,0,1,0,1,0,0,1,0,0,1,0,0,1,0,0,1,0,0,1,0,0,0,1,1,0,0,1,0,0
-0.4417729543927777,-1.2409180113122176,0.15828673947772076,-0.951050368591122,1,0,1,0,1,0,0,1,1,0,0,0,1,0,1,0,0,1,0,0,1,0,0,1,0,0,1,0,0,1,0,0,1,0,0,0,1,0,0,1,0
-0.4417729543927777,-0.7931549280876837,-1.4925939364934464,-0.8975731896214296,0,1,1,0,1,0,0,1,1,0,0,0,0,1,0,1,0,0,1,0,0,1,0,0,1,0,0,1,0,0,1,0,0,1,0,0,1,0,0,0,1
-0.4417729543927777,0.87578020029467,0.7058150038701682,0.9759062563771416,1,0,0,1,0,1,0,1,0,0,1,1,0,0,1,0,0,0,0,1,0,0,1,0,0,1,0,0,1,0,0,1,1,0,0,0,1,0,0,1,0
-0.4417729543927777,-1.1188008067964357,-0.30296434385894727,-0.8785181028621138,1,0,1,0,1,0,0,1,1,0,0,1,0,0,0,0,1,1,0,0,0,0,1,1,0,0,1,0,0,1,0,0,1,0,0,1,0,0,1,0,0
-0.4417729543927777,-0.42680331454033776,-0.4838145887643313,-0.5279528027935516,1,0,1,0,1,0,1,0,0,1,0,1,0,0,1,0,0,0,0,1,1,0,0,1,0,0,0,0,1,0,0,1,1,0,0,0,1,0,0,1,0
2.2636062032690805,-0.7931549280876837,1.0973806717387062,-0.4669238382879092,0,1,0,1,1,0,0,1,1,0,0,0,1,0,1,0,0,0,0,1,0,0,1,1,0,0,0,0,1,0,0,1,1,0,0,0,1,0,0,1,0
2.2636062032690805,-1.1595065416350296,0.1898110940942557,-0.8813939281679554,0,1,1,0,1,0,0,1,1,0,0,0,1,0,1,0,0,1,0,0,1,0,0,1,0,0,1,0,0,1,0,0,1,0,0,0,1,0,0,1,0
-0.4417729543927777,0.6315457912631061,1.5436991660464892,1.3232225324360511,0,1,0,1,1,0,0,1,0,0,1,0,1,0,0,0,1,0,0,1,0,0,1,1,0,0,0,0,1,0,0,1,1,0,0,0,1,1,0,0,0
-0.4417729543927777,-0.14186317067017984,-1.4693654646707368,-0.7228942433727258,0,1,0,1,0,1,0,1,1,0,0,0,0,1,0,1,0,0,1,0,0,1,0,0,1,0,0,1,0,0,1,0,1,0,0,0,1,0,0,0,1
-0.4417729543927777,-0.7931549280876837,-1.5307549973450414,-0.9000977690883896,1,0,0,1,0,1,0,1,1,0,0,0,0,1,0,1,0,0,1,0,0,1,0,0,1,0,0,1,0,0,1,0,1,0,0,1,0,0,0,0,1
-0.4417729543927777,-1.2816237461508115,-0.1602751598051578,-0.984023571716113,0,1,1,0,1,0,0,1,0,0,1,1,0,0,1,0,0,0,0,1,1,0,0,0,0,1,1,0,0,1,0,0,1,0,0,1,0,0,0,0,1
-0.4417729543927777,1.5677776925507678,0.8285940692187777,1.7743978124792028,1,0,0,1,0,1,0,1,0,0,1,1,0,0,0,0,1,0,0,1,0,0,1,0,0,1,0,0,1,0,0,1,0,0,1,1,0,1,0,0,0
-0.4417729543927777,1.6084834273893618,1.4939238692835395,2.4372426161782554,0,1,0,1,1,0,0,1,0,0,1,0,1,0,0,0,1,0,0,1,1,0,0,0,0,1,0,0,1,0,0,1,0,0,1,0,1,0,1,0,0
-0.4417729543927777,1.2828375486806098,0.7174292397815228,1.4626012718771746,0,1,1,0,1,0,0,1,0,0,1,1,0,0,1,0,0,0,0,1,0,0,1,0,0,1,0,0,1,0,0,1,0,0,1,1,0,0,1,0,0
-0.4417729543927777,0.550134321585918,-0.13870586454121295,0.2599574724122079,0,1,1,0,1,0,1,0,0,1,0,1,0,0,0,0,1,1,0,0,0,0,1,0,0,1,0,0,1,0,0,1,0,0,1,0,1,1,0,0,0
-0.4417729543927777,0.38731138223154205,1.177021146559426,0.879138027765317,1,0,0,1,0,1,0,1,1,0,0,0,1,0,1,0,0,1,0,0,0,0,1,0,0,1,0,0,1,0,0,1,0,0,1,0,1,0,0,1,0
2.2636062032690805,-0.46750904937893173,1.30809609470186,-0.012938591533706042,0,1,1,0,1,0,0,1,0,0,1,0,1,0,1,0,0,0,0,1,0,0,1,1,0,0,0,0,1,0,0,1,1,0,0,0,1,0,0,1,0
-0.4417729543927777,-0.3046861100245558,0.6527213539896881,-0.09363732301670645,1,0,1,0,1,0,0,1,0,0,1,0,1,0,1,0,0,1,0,0,1,0,0,1,0,0,0,0,1,1,0,0,1,0,0,0,1,0,0,0,1
-0.4417729543927777,-0.3453918448631498,-1.4826388771408565,-0.8173354683019609,0,1,0,1,0,1,0,1,1,0,0,0,0,1,0,1,0,0,1,0,0,1,0,0,1,0,0,1,0,0,1,0,0,1,0,1,0,0,0,0,1
-0.4417729543927777,0.3466056473929481,-0.9799083798350641,-0.3902863868169747,1,0,0,1,0,1,1,0,0,1,0,1,0,0,0,0,1,1,0,0,0,0,1,1,0,0,1,0,0,1,0,0,0,1,0,1,0,0,1,0,0
-0.4417729543927777,0.9571916699718579,-0.009290092957543374,0.5989755655275445,0,1,1,0,1,0,0,1,0,0,1,1,0,0,0,0,1,0,0,1,1,0,0,0,0,1,1,0,0,1,0,0,0,1,0,0,1,1,0,0,0
-0.4417729543927777,-1.2816237461508115,-1.3449272227633624,-0.9996979172761952,0,1,1,0,1,0,1,0,0,1,0,1,0,0,1,0,0,1,0,0,1,0,0,1,0,0,1,0,0,1,0,0,1,0,0,1,0,0,0,0,1
-0.4417729543927777,-1.2816237461508115,-1.3499047524396572,-0.9997637758709854,0,1,1,0,1,0,1,0,0,1,0,1,0,0,1,0,0,1,0,0,1,0,0,1,0,0,1,0,0,1,0,0,1,0,0,0,1,0,0,1,0
-0.4417729543927777,-0.06045170099299184,-1.4594104053181467,-0.7104250160924362,1,0,1,0,1,0,0,1,1,0,0,0,0,1,0,1,0,0,1,0,0,1,0,0,1,0,0,1,0,0,1,0,0,1,0,1,0,0,0,0,1
-0.4417729543927777,1.038603139649046,0.9762607829488615,1.4323502240035142,0,1,0,1,0,1,0,1,0,0,1,0,1,0,1,0,0,1,0,0,0,0,1,0,0,1,1,0,0,0,0,1,0,0,1,1,0,1,0,0,0
-0.4417729543927777,-1.0780950719578417,-0.19179951442169274,-0.8625803229228706,0,1,1,0,1,0,0,1,1,0,0,1,0,0,0,0,1,1,0,0,1,0,0,1,0,0,1,0,0,0,0,1,1,0,0,0,1,1,0,0,0
-0.4417729543927777,-0.6303319887333078,0.8120023036311277,-0.33450415702962316,0,1,0,1,0,1,0,1,1,0,0,0,1,0,0,0,1,1,0,0,0,0,1,1,0,0,0,0,1,1,0,0,1,0,0,0,1,0,0,1,0
2.2636062032690805,0.509428586747324,1.0658563171221713,0.9148772918714991,1,0,1,0,1,0,0,1,0,0,1,0,1,0,0,0,1,0,0,1,1,0,0,0,0,1,0,0,1,1,0,0,1,0,0,0,1,0,0,1,0
2.2636062032690805,1.07930887448764,0.4735302856430692,1.0050157552744372,1,0,1,0,1,0,0,1,0,0,1,0,1,0,1,0,0,0,0,1,1,0,0,1,0,0,1,0,0,1,0,0,0,0,1,0,1,0,1,0,0
2.2636062032690805,-1.2409180113122176,0.17985603474166537,-0.9493599979915052,1,0,1,0,1,0,0,1,1,0,0,0,1,0,1,0,0,1,0,0,1,0,0,1,0,0,1,0,0,1,0,0,1,0,0,0,1,0,0,1,0
-0.4417729543927777,-1.1595065416350296,0.0222342616589911,-0.9006026849817816,0,1,0,1,1,0,0,1,0,0,1,1,0,0,1,0,0,1,0,0,0,0,1,1,0,0,0,0,1,1,0,0,1,0,0,1,0,0,0,1,0
-0.4417729543927777,-0.5896262538947138,0.3059534532078051,-0.419549555768781,1,0,1,0,1,0,0,1,0,0,1,0,1,0,1,0,0,1,0,0,1,0,0,1,0,0,1,0,0,1,0,0,1,0,0,0,1,0,0,1,0
2.2636062032690805,-0.5896262538947138,-1.4793205240233265,-0.8481353377988733,1,0,1,0,1,0,0,1,1,0,0,0,0,1,0,1,0,0,1,0,0,1,0,0,1,0,0,1,0,0,1,0,0,1,0,1,0,1,0,0,0
-0.4417729543927777,-1.2816237461508115,-0.9633166142474141,-0.9946487583422751,1,0,1,0,1,0,1,0,0,1,0,1,0,0,1,0,0,1,0,0,0,0,1,0,0,1,1,0,0,1,0,0,1,0,0,1,0,0,0,0,1
-0.4417729543927777,0.38731138223154205,0.9779199595076269,0.752228515604483,0,1,0,1,1,0,0,1,0,0,1,0,1,0,0,0,1,1,0,0,0,0,1,1,0,0,1,0,0,0,0,1,1,0,0,0,1,0,0,1,0
-0.4417729543927777,-0.5082147842175258,0.6742906492536331,-0.24886603093735307,0,1,1,0,1,0,0,1,0,0,1,0,1,0,1,0,0,1,0,0,1,0,0,1,0,0,0,0,1,1,0,0,1,0,0,0,1,0,0,1,0
-0.4417729543927777,1.48636622287358,0.6792681789299283,1.5665919930509975,1,0,0,1,1,0,0,1,0,0,1,0,1,0,1,0,0,0,0,1,0,0,1,1,0,0,1,0,0,1,0,0,1,0,0,0,1,1,0,0,0
-0.4417729543927777,-1.2816237461508115,-0.3195561094465972,-0.9861310467494012,1,0,0,1,1,0,0,1,1,0,0,1,0,0,1,0,0,1,0,0,1,0,0,1,0,0,0,0,1,1,0,0,1,0,0,0,1,0,0,0,1
-0.4417729543927777,-0.5082147842175258,-1.5108448786398616,-0.8280265135229133,0,1,1,0,1,0,0,1,1,0,0,0,0,1,0,1,0,0,1,0,0,1,0,0,1,0,0,1,0,0,1,0,1,0,0,1,0,0,0,0,1
-0.4417729543927777,1.038603139649046,1.4773321036958895,1.6873986087612673,1,0,0,1,1,0,0,1,0,0,1,0,1,0,0,0,1,0,0,1,0,0,1,1,0,0,0,0,1,0,0,1,0,0,1,0,1,1,0,0,0
-0.4417729543927777,1.6084834273893618,0.9729424298313317,1.997021815735217,1,0,0,1,1,0,0,1,0,0,1,0,1,0,0,0,1,0,0,1,0,0,1,0,0,1,1,0,0,1,0,0,0,0,1,0,1,1,0,0,0
-0.4417729543927777,-0.5489205190561198,-0.5087022371458062,-0.5876426425384585,1,0,0,1,0,1,0,1,1,0,0,1,0,0,1,0,0,1,0,0,0,0,1,1,0,0,1,0,0,1,0,0,1,0,0,0,1,1,0,0,0
-0.4417729543927777,-0.6710377235719017,0.008960849188871446,-0.5523204828659484,1,0,1,0,1,0,0,1,0,0,1,1,0,0,1,0,0,1,0,0,0,0,1,1,0,0,1,0,0,0,0,1,1,0,0,0,1,0,1,0,0
-0.4417729543927777,-0.8338606629262777,0.9712832532725668,-0.5511130752947936,1,0,1,0,1,0,0,1,0,0,1,0,1,0,1,0,0,1,0,0,1,0,0,1,0,0,0,0,1,0,0,1,1,0,0,0,1,0,0,1,0
-0.4417729543927777,-1.2816237461508115,0.8352307754538373,-0.9708518527580606,0,1,0,1,0,1,0,1,1,0,0,0,1,0,1,0,0,1,0,0,1,0,0,1,0,0,0,0,1,0,0,1,1,0,0,0,1,0,0,1,0
-0.4417729543927777,-1.2816237461508115,0.5763992322864986,-0.9742764996871541,1,0,1,0,1,0,0,1,1,0,0,0,1,0,1,0,0,0,0,1,0,0,1,1,0,0,1,0,0,1,0,0,1,0,0,0,1,0,0,1,0
2.2636062032690805,1.6084834273893618,-1.3117436915880625,-0.21600259213701256,0,1,1,0,1,0,0,1,0,0,1,0,0,1,0,1,0,0,1,0,0,1,0,0,1,0,0,1,0,0,1,0,0,0,1,1,0,1,0,0,0
-0.4417729543927777,-0.26398037518596185,-0.5120205902633362,-0.4547180453867806,1,0,1,0,0,1,0,1,0,0,1,1,0,0,1,0,0,1,0,0,1,0,0,1,0,0,1,0,0,1,0,0,1,0,0,0,1,0,0,0,1
-0.4417729543927777,-1.1595065416350296,0.292680040737685,-0.8675197175321402,1,0,0,1,0,1,0,1,1,0,0,0,1,0,1,0,0,1,0,0,0,0,1,1,0,0,1,0,0,1,0,0,1,0,0,0,1,0,0,1,0
-0.4417729543927777,-0.3453918448631498,0.6593580602247482,-0.13646736249530664,0,1,0,1,0,1,0,1,0,0,1,1,0,0,0,0,1,1,0,0,0,0,1,0,0,1,0,0,1,0,0,1,0,1,0,0,1,0,0,0,1
-0.4417729543927777,0.712957260940294,-1.5125040551986264,-0.5568647259064764,1,0,1,0,1,0,0,1,1,0,0,0,0,1,0,1,0,0,1,0,0,1,0,0,1,0,0,1,0,0,1,0,0,1,0,0,1,0,0,0,1
-0.4417729543927777,0.753662995778888,0.7107925335464628,0.8631124363663534,0,1,1,0,1,0,0,1,1,0,0,0,1,0,0,0,1,1,0,0,1,0,0,1,0,0,0,0,1,1,0,0,0,1,0,1,0,0,0,0,1
-0.4417729543927777,1.6084834273893618,1.2948226822317404,2.290290138336252,0,1,0,1,0,1,0,1,0,0,1,0,1,0,0,0,1,0,0,1,0,0,1,0,0,1,1,0,0,0,0,1,0,0,1,1,0,0,1,0,0
-0.4417729543927777,1.5270719577121739,-0.2166871628031676,0.7954976123816848,1,0,0,1,0,1,1,0,0,1,0,1,0,0,1,0,0,0,0,1,0,0,1,0,0,1,0,0,1,0,0,1,0,1,0,0,1,1,0,0,0
-0.4417729543927777,1.5270719577121739,1.306436918143095,2.145752475636558,1,0,0,1,1,0,0,1,0,0,1,0,1,0,1,0,0,1,0,0,0,0,1,0,0,1,0,0,1,0,0,1,0,0,1,0,1,1,0,0,0
2.2636062032690805,-0.7117434584104957,0.8816877190992572,-0.3955989801300559,1,0,1,0,1,0,0,1,1,0,0,0,1,0,1,0,0,1,0,0,1,0,0,1,0,0,0,0,1,0,0,1,1,0,0,0,1,0,0,1,0
-0.4417729543927777,0.5908400564245121,0.9945117250952769,1.0159482820096206,1,0,1,0,1,0,0,1,0,0,1,0,1,0,0,0,1,1,0,0,0,0,1,1,0,0,0,0,1,1,0,0,0,1,0,1,0,0,1,0,0
-0.4417729543927777,1.2421318138420159,0.722406769457818,1.3207638115638811,0,1,1,0,1,0,0,1,1,0,0,1,0,0,0,0,1,0,0,1,0,0,1,0,0,1,0,0,1,0,0,1,0,0,1,0,1,1,0,0,0
-0.4417729543927777,1.2828375486806098,1.6648190548363333,2.2096572654480418,1,0,1,0,1,0,0,1,0,0,1,0,1,0,0,0,1,0,0,1,0,0,1,0,0,1,0,0,1,0,0,1,0,0,1,0,1,1,0,0,0
2.2636062032690805,1.07930887448764,0.8236165395424825,1.4030431493218478,1,0,1,0,1,0,0,1,0,0,1,0,1,0,0,0,1,0,0,1,0,0,1,1,0,0,1,0,0,1,0,0,1,0,0,0,1,0,0,1,0
-0.4417729543927777,-1.2816237461508115,-1.3582006352334821,-0.9998735401956359,1,0,1,0,0,1,0,1,0,0,1,0,0,1,0,1,0,0,1,0,0,1,0,0,1,0,0,1,0,0,1,0,1,0,0,1,0,0,0,0,1
-0.4417729543927777,0.3058999125543541,0.6626764133422784,0.4687950764921274,0,1,1,0,1,0,0,1,0,0,1,0,1,0,1,0,0,1,0,0,1,0,0,1,0,0,0,0,1,1,0,0,1,0,0,0,1,0,0,1,0
-0.4417729543927777,0.9164859351332639,-1.3017886322354724,-0.37656584623567024,0,1,0,1,1,0,0,1,0,0,1,0,0,1,0,1,0,0,1,0,0,1,0,0,1,0,0,1,0,0,1,0,0,0,1,1,0,1,0,0,0
-0.4417729543927777,0.712957260940294,-1.4859572302583866,-0.576161294180023,0,1,1,0,1,0,0,1,1,0,0,0,0,1,0,1,0,0,1,0,0,1,0,0,1,0,0,1,0,0,1,0,0,1,0,1,0,0,1,0,0
2.2636062032690805,1.3235432835192038,1.4109650413452899,2.083845396533712,1,0,0,1,0,1,0,1,0,0,1,0,1,0,1,0,0,0,0,1,0,0,1,1,0,0,0,0,1,0,0,1,0,1,0,0,1,0,0,1,0
-0.4417729543927777,1.445660488034986,-1.3399496930870674,-0.28271734865954745,0,1,1,0,1,0,0,1,0,0,1,0,0,1,0,1,0,0,1,0,0,1,0,0,1,0,0,1,0,0,1,0,0,0,1,1,0,0,0,0,1
-0.4417729543927777,-1.2409180113122176,0.1931294472117855,-0.9459133981974815,1,0,1,0,1,0,0,1,1,0,0,1,0,0,0,0,1,1,0,0,1,0,0,1,0,0,0,0,1,0,0,1,1,0,0,0,1,0,0,1,0
2.2636062032690805,1.2421318138420159,0.6328112352845083,1.3295669104008463,0,1,0,1,1,0,0,1,1,0,0,1,0,0,0,0,1,0,0,1,0,0,1,0,0,1,0,0,1,0,0,1,0,1,0,0,1,1,0,0,0
-0.4417729543927777,1.404954753196392,1.35123468522975,1.9391321109145772,1,0,0,1,0,1,0,1,0,0,1,0,1,0,1,0,0,1,0,0,0,0,1,0,0,1,0,0,1,0,0,1,0,0,1,0,1,1,0,0,0
2.2636062032690805,1.120014609326234,1.362848921141105,1.817732767851195,1,0,1,0,1,0,0,1,0,0,1,0,1,0,1,0,0,1,0,0,0,0,1,0,0,1,0,0,1,0,0,1,0,1,0,0,1,0,0,1,0
2.2636062032690805,1.404954753196392,-0.01260844607507364,0.8556265094251939,0,1,1,0,1,0,0,1,0,0,1,1,0,0,0,0,1,0,0,1,1,0,0,0,0,1,1,0,0,1,0,0,0,0,1,0,1,1,0,0,0
-0.4417729543927777,1.201426079003422,1.6266579939847388,2.01530855222198,1,0,0,1,1,0,0,1,0,0,1,0,1,0,0,0,1,0,0,1,0,0,1,0,0,1,0,0,1,0,0,1,0,0,1,1,0,0,0,0,1
-0.4417729543927777,1.07930887448764,-0.118795745836033,0.5901724666905794,0,1,1,0,1,0,0,1,1,0,0,1,0,0,1,0,0,1,0,0,0,0,1,1,0,0,1,0,0,0,0,1,0,1,0,0,1,1,0,0,0
-0.4417729543927777,-0.06045170099299184,-0.49376964811692137,-0.3415510266721811,0,1,1,0,1,0,1,0,0,1,0,1,0,0,1,0,0,1,0,0,0,0,1,1,0,0,0,0,1,0,0,1,0,1,0,0,1,0,0,1,0
2.2636062032690805,1.48636622287358,1.3429388024359252,2.0625291646865973,1,0,0,1,1,0,0,1,0,0,1,0,1,0,1,0,0,0,0,1,1,0,0,0,0,1,0,0,1,0,0,1,0,0,1,1,0,0,1,0,0
-0.4417729543927777,-1.1595065416350296,-0.31291940321153716,-0.9105912385249714,1,0,1,0,1,0,0,1,1,0,0,1,0,0,1,0,0,1,0,0,1,0,0,1,0,0,0,0,1,1,0,0,1,0,0,1,0,0,1,0,0
-0.4417729543927777,-1.2816237461508115,0.6427662946370982,-0.9733983850899507,1,0,1,0,1,0,0,1,1,0,0,0,1,0,1,0,0,0,0,1,1,0,0,1,0,0,0,0,1,1,0,0,1,0,0,1,0,0,0,1,0
-0.4417729543927777,-0.18256890550877383,-0.29466846106512234,-0.34188031964613247,1,0,1,0,1,0,0,1,1,0,0,1,0,0,0,0,1,0,0,1,1,0,0,1,0,0,1,0,0,1,0,0,1,0,0,1,0,0,0,1,0
-0.4417729543927777,1.445660488034986,0.6560397071072184,1.4970672698174115,1,0,0,1,1,0,0,1,0,0,1,0,1,0,0,0,1,0,0,1,1,0,0,1,0,0,1,0,0,1,0,0,0,0,1,0,1,1,0,0,0
-0.4417729543927777,-0.8338606629262777,-1.4760021709057964,-0.8982976341641226,0,1,1,0,1,0,0,1,1,0,0,0,0,1,0,1,0,0,1,0,0,1,0,0,1,0,0,1,0,0,1,0,1,0,0,1,0,0,0,0,1
2.2636062032690805,1.3235432835192038,1.3578713914648097,1.9424689463839504,1,0,0,1,1,0,0,1,1,0,0,0,1,0,1,0,0,0,0,1,0,0,1,0,0,1,0,0,1,0,0,1,0,0,1,0,1,0,1,0,0
-0.4417729543927777,-1.2002122764736236,1.0940623186211764,-0.871976149112948,1,0,1,0,1,0,0,1,1,0,0,0,1,0,1,0,0,0,0,1,1,0,0,0,0,1,0,0,1,0,0,1,1,0,0,0,1,0,0,1,0
-0.4417729543927777,-0.8745663977648717,0.4834853449956591,-0.6290896515264632,0,1,0,1,0,1,0,1,1,0,0,0,1,0,1,0,0,1,0,0,1,0,0,1,0,0,0,0,1,1,0,0,1,0,0,0,1,1,0,0,0
-0.4417729543927777,0.5908400564245121,-0.35439881718066196,0.10400431994886838,0,1,0,1,0,1,0,1,0,0,1,1,0,0,1,0,0,0,0,1,1,0,0,1,0,0,1,0,0,1,0,0,1,0,0,1,0,0,0,1,0
-0.4417729543927777,-0.3046861100245558,-1.3150620447055925,-0.7134545114527884,0,1,1,0,1,0,0,1,0,0,1,0,0,1,0,1,0,0,1,0,0,1,0,0,1,0,0,1,0,0,1,0,0,1,0,1,0,1,0,0,0
-0.4417729543927777,-1.2816237461508115,-0.5020655309107463,-0.9885458618917108,0,1,1,0,1,0,0,1,0,0,1,1,0,0,1,0,0,1,0,0,1,0,0,1,0,0,1,0,0,1,0,0,1,0,0,0,1,0,1,0,0
-0.4417729543927777,1.2421318138420159,1.3213695071719802,1.8594871169482208,0,1,1,0,1,0,0,1,0,0,1,0,1,0,1,0,0,0,0,1,0,0,1,1,0,0,0,0,1,0,0,1,0,0,1,0,1,1,0,0,0
2.2636062032690805,-0.42680331454033776,-1.3051069853530024,-0.7694562698894407,1,0,0,1,1,0,0,1,0,0,1,0,0,1,0,1,0,0,1,0,0,1,0,0,1,0,0,1,0,0,1,0,0,1,0,1,0,1,0,0,0
-0.4417729543927777,1.120014609326234,-0.15695680668762776,0.5624679511488094,0,1,0,1,1,0,1,0,0,1,0,1,0,0,1,0,0,0,0,1,0,0,1,0,0,1,0,0,1,0,0,1,1,0,0,0,1,1,0,0,0
-0.4417729543927777,-1.2816237461508115,-0.47717788252927146,-0.9882165689177596,1,0,1,0,1,0,0,1,1,0,0,1,0,0,1,0,0,0,0,1,1,0,0,1,0,0,1,0,0,1,0,0,1,0,0,1,0,0,0,1,0
-0.4417729543927777,1.201426079003422,1.168725263765601,1.7483178089422595,1,0,0,1,0,1,0,1,1,0,0,0,1,0,1,0,0,0,0,1,0,0,1,1,0,0,0,0,1,0,0,1,1,0,0,0,1,0,0,1,0
2.2636062032690805,0.5908400564245121,0.700837474193873,0.6868089781128232,0,1,1,0,1,0,0,1,0,0,1,0,1,0,1,0,0,1,0,0,1,0,0,1,0,0,0,0,1,1,0,0,1,0,0,0,1,0,1,0,0
2.2636062032690805,1.6084834273893618,1.4872871630484794,2.4724111057962554,0,1,0,1,1,0,0,1,0,0,1,0,1,0,1,0,0,0,0,1,0,0,1,0,0,1,0,0,1,0,0,1,0,0,1,0,1,1,0,0,0
-0.4417729543927777,-0.26398037518596185,0.5631258198163789,-0.097808367353423,1,0,0,1,1,0,0,1,1,0,0,1,0,0,1,0,0,0,0,1,0,0,1,0,0,1,0,0,1,0,0,1,1,0,0,1,0,1,0,0,0
-0.4417729543927777,-0.8745663977648717,1.147155968501656,-0.5463493036049646,1,0,0,1,1,0,0,1,0,0,1,0,1,0,1,0,0,1,0,0,0,0,1,1,0,0,0,0,1,0,0,1,1,0,0,0,1,0,0,1,0
2.2636062032690805,1.5270719577121739,1.6167029346321489,2.3767624732958654,1,0,0,1,1,0,0,1,0,0,1,0,1,0,0,0,1,0,0,1,0,0,1,0,0,1,0,0,1,0,0,1,0,0,1,0,1,0,0,1,0
-0.4417729543927777,0.42801711707013607,-0.032518564780253355,0.19131086377582532,1,0,1,0,0,1,0,1,1,0,0,1,0,0,0,0,1,0,0,1,1,0,0,1,0,0,1,0,0,0,0,1,1,0,0,0,1,0,0,1,0
-0.4417729543927777,1.48636622287358,-1.2818785135302926,-0.23611141641297242,1,0,0,1,1,0,0,1,0,0,1,0,0,1,0,1,0,0,1,0,0,1,0,0,1,0,0,1,0,0,1,0,0,1,0,0,1,0,0,1,0
-0.4417729543927777,1.6084834273893618,1.6283171705435036,2.5429456608166254,0,1,0,1,0,1,0,1,0,0,1,0,1,0,0,0,1,0,0,1,0,0,1,0,0,1,0,0,1,0,0,1,0,0,1,0,1,0,0,1,0
-0.4417729543927777,1.120014609326234,1.2881859759966803,1.6107392044254027,0,1,0,1,0,1,0,1,0,0,1,0,1,0,1,0,0,0,0,1,1,0,0,0,0,1,0,0,1,0,0,1,1,0,0,0,1,1,0,0,0
-0.4417729543927777,-0.7931549280876837,0.17321932850660576,-0.6210988086919115,1,0,1,0,1,0,0,1,1,0,0,0,1,0,1,0,0,1,0,0,1,0,0,1,0,0,1,0,0,1,0,0,1,0,0,0,1,0,0,0,1
-0.4417729543927777,1.07930887448764,-0.79242142869462,0.06646492091841928,0,1,0,1,1,0,1,0,0,1,0,1,0,0,1,0,0,0,0,1,1,0,0,1,0,0,1,0,0,0,0,1,1,0,0,0,1,1,0,0,0
-0.4417729543927777,1.404954753196392,0.020575085100226202,0.9045594453543582,0,1,1,0,1,0,0,1,1,0,0,1,0,0,0,0,1,1,0,0,0,0,1,1,0,0,1,0,0,0,0,1,0,0,1,1,0,1,0,0,0
-0.4417729543927777,-0.8338606629262777,-1.4743429943470316,-0.8982317755693322,0,1,0,1,0,1,0,1,1,0,0,0,0,1,0,1,0,0,1,0,0,1,0,0,1,0,0,1,0,0,1,0,1,0,0,1,0,0,0,0,1
-0.4417729543927777,-1.2002122764736236,-0.4821554122055664,-0.9501503011289885,0,1,1,0,1,0,0,1,0,0,1,1,0,0,1,0,0,1,0,0,1,0,0,1,0,0,1,0,0,1,0,0,1,0,0,1,0,1,0,0,0
-0.4417729543927777,-1.2816237461508115,-0.6497322446408305,-0.9904996668704887,1,0,1,0,1,0,0,1,1,0,0,1,0,0,1,0,0,1,0,0,1,0,0,1,0,0,1,0,0,1,0,0,1,0,0,1,0,0,0,0,1
-0.4417729543927777,0.509428586747324,0.6444254711958631,0.6834940955083801,0,1,0,1,0,1,0,1,1,0,0,1,0,0,0,0,1,0,0,1,0,0,1,0,0,1,0,0,1,0,0,1,0,0,1,0,1,0,0,0,1
-0.4417729543927777,-0.06045170099299184,-0.3510804640631319,-0.28728354456500566,0,1,0,1,0,1,0,1,1,0,0,1,0,0,1,0,0,1,0,0,0,0,1,0,0,1,1,0,0,1,0,0,1,0,0,1,0,0,0,0,1
-0.4417729543927777,-1.0373893371192477,-1.5091857020810964,-0.9378127910382794,0,1,1,0,1,0,0,1,1,0,0,0,0,1,0,1,0,0,1,0,0,1,0,0,1,0,0,1,0,0,1,0,0,0,1,1,0,0,0,0,1
-0.4417729543927777,0.020959768684196148,-1.4876164068171516,-0.7560211165522274,1,0,0,1,0,1,0,1,1,0,0,0,0,1,0,1,0,0,1,0,0,1,0,0,1,0,0,1,0,0,1,0,0,1,0,1,0,0,0,0,1
-0.4417729543927777,0.3058999125543541,1.498901398959834,0.9517800578189758,0,1,0,1,0,1,0,1,0,0,1,0,1,0,0,0,1,0,0,1,1,0,0,0,0,1,0,0,1,0,0,1,1,0,0,0,1,0,1,0,0
-0.4417729543927777,0.020959768684196148,1.0243769031530465,0.3228963361667679,0,1,0,1,1,0,0,1,1,0,0,0,1,0,1,0,0,1,0,0,0,0,1,1,0,0,0,0,1,0,0,1,0,1,0,0,1,0,0,1,0
-0.4417729543927777,-1.2816237461508115,-0.6829157758161304,-0.9909387241690905,1,0,0,1,0,1,0,1,1,0,0,1,0,0,1,0,0,1,0,0,1,0,0,1,0,0,1,0,0,1,0,0,1,0,0,0,1,1,0,0,0
-0.4417729543927777,1.5677776925507678,-1.4876164068171516,-0.40029689322509454,1,0,0,1,0,1,0,1,1,0,0,0,0,1,0,1,0,0,1,0,0,1,0,0,1,0,0,1,0,0,1,0,0,0,1,1,0,1,0,0,0
-0.4417729543927777,-1.2002122764736236,-0.38260481867966684,-0.9275608031159288,0,1,1,0,1,0,0,1,1,0,0,1,0,0,1,0,0,1,0,0,1,0,0,1,0,0,0,0,1,1,0,0,1,0,0,1,0,0,1,0,0
-0.4417729543927777,-0.2232746403473678,0.9828974891839216,0.18584460040823347,1,0,1,0,1,0,0,1,0,0,1,0,1,0,1,0,0,1,0,0,1,0,0,1,0,0,0,0,1,0,0,1,1,0,0,0,1,0,0,0,1
-0.4417729543927777,1.160720344164828,1.6648190548363333,2.0602021610040078,1,0,1,0,1,0,0,1,0,0,1,0,1,0,0,0,1,0,0,1,0,0,1,0,0,1,0,0,1,0,0,1,0,1,0,0,1,0,0,0,1
-0.4417729543927777,0.6315457912631061,-1.4925939364934464,-0.5693778589166261,0,1,1,0,1,0,0,1,1,0,0,0,0,1,0,1,0,0,1,0,0,1,0,0,1,0,0,1,0,0,1,0,0,1,0,1,0,1,0,0,0
-0.4417729543927777,0.3466056473929481,-1.4909347599346816,-0.6546427863050848,1,0,1,0,1,0,0,1,1,0,0,0,0,1,0,1,0,0,1,0,0,1,0,0,1,0,0,1,0,0,1,0,0,0,1,1,0,0,0,0,1
-0.4417729543927777,-0.9559778674420596,0.3590471030882847,-0.722433233209194,1,0,0,1,1,0,0,1,1,0,0,0,1,0,1,0,0,1,0,0,0,0,1,1,0,0,1,0,0,1,0,0,1,0,0,0,1,1,0,0,0
-0.4417729543927777,-0.8745663977648717,-0.8139907239585649,-0.8248653009729808,1,0,1,0,1,0,1,0,0,1,0,1,0,0,1,0,0,0,0,1,0,0,1,0,0,1,1,0,0,1,0,0,0,1,0,0,1,0,1,0,0
-0.4417729543927777,-1.2002122764736236,-0.15529763012886286,-0.9355516459504805,1,0,1,0,1,0,0,1,0,0,1,1,0,0,1,0,0,1,0,0,1,0,0,1,0,0,0,0,1,1,0,0,1,0,0,0,1,0,0,1,0
2.2636062032690805,1.364249018357798,0.4801669918781293,1.2527538360104713,0,1,0,1,0,1,0,1,0,0,1,1,0,0,0,0,1,0,0,1,0,0,1,0,0,1,0,0,1,1,0,0,0,0,1,1,0,0,1,0,0
-0.4417729543927777,1.48636622287358,1.3197103306132152,2.1597364505970233,0,1,1,0,1,0,0,1,0,0,1,0,1,0,1,0,0,0,0,1,1,0,0,0,0,1,0,0,1,0,0,1,0,1,0,0,1,1,0,0,0
-0.4417729543927777,0.2244884428771661,1.5188115176650143,0.9339982372256052,0,1,0,1,1,0,0,1,0,0,1,0,1,0,0,0,1,1,0,0,0,0,1,0,0,1,0,0,1,0,0,1,0,1,0,0,1,0,0,1,0
-0.4417729543927777,-1.2816237461508115,0.16326426915401543,-0.979742763054746,0,1,1,0,1,0,0,1,1,0,0,0,1,0,1,0,0,1,0,0,1,0,0,1,0,0,1,0,0,1,0,0,1,0,0,0,1,0,0,1,0
-0.4417729543927777,0.6315457912631061,1.5553134019578438,1.379663348171305,0,1,0,1,0,1,0,1,0,0,1,0,1,0,0,0,1,0,0,1,0,0,1,0,0,1,0,0,1,0,0,1,0,0,1,1,0,0,1,0,0
-0.4417729543927777,-0.5489205190561198,-0.6646648336697155,-0.6417564545911235,1,0,0,1,1,0,0,1,1,0,0,1,0,0,1,0,0,1,0,0,1,0,0,1,0,0,1,0,0,1,0,0,1,0,0,1,0,0,0,0,1
-0.4417729543927777,-0.6710377235719017,-1.5125040551986264,-0.8892750066778566,1,0,0,1,0,1,0,1,1,0,0,0,0,1,0,1,0,0,1,0,0,1,0,0,1,0,0,1,0,0,1,0,1,0,0,1,0,0,0,0,1
-0.4417729543927777,-0.5896262538947138,-0.14368339421750786,-0.5027070081239513,1,0,1,0,1,0,0,1,0,0,1,1,0,0,0,0,1,1,0,0,0,0,1,1,0,0,1,0,0,1,0,0,1,0,0,0,1,0,0,0,1
-0.4417729543927777,-0.3046861100245558,-1.4942531130522116,-0.7884894037838263,0,1,0,1,0,1,0,1,1,0,0,0,0,1,0,1,0,0,1,0,0,1,0,0,1,0,0,1,0,0,1,0,0,1,0,1,0,0,0,1,0
-0.4417729543927777,0.9164859351332639,0.4801669918781293,0.8505114918964833,0,1,0,1,0,1,0,1,1,0,0,0,1,0,1,0,0,0,0,1,1,0,0,0,0,1,1,0,0,1,0,0,1,0,0,1,0,0,0,1,0
-0.4417729543927777,-1.2002122764736236,-0.6497322446408305,-0.948284307609931,0,1,1,0,1,0,0,1,1,0,0,1,0,0,1,0,0,1,0,0,1,0,0,1,0,0,1,0,0,1,0,0,1,0,0,0,1,0,0,1,0
2.2636062032690805,-0.9966836022806537,0.5415565245524339,-0.753145291246386,0,1,1,0,1,0,0,1,0,0,1,0,1,0,1,0,0,1,0,0,0,0,1,1,0,0,1,0,0,1,0,0,1,0,0,0,1,0,0,1,0
-0.4417729543927777,0.2651941777157601,-0.1868219847453978,-0.0404674841560353,1,0,1,0,1,0,0,1,1,0,0,1,0,0,1,0,0,1,0,0,1,0,0,0,0,1,1,0,0,0,0,1,0,1,0,1,0,0,0,1,0
-0.4417729543927777,-1.1188008067964357,-1.4859572302583866,-0.9586241069920022,1,0,1,0,1,0,0,1,1,0,0,0,0,1,0,1,0,0,1,0,0,1,0,0,1,0,0,1,0,0,1,0,1,0,0,1,0,0,0,0,1
-0.4417729543927777,1.160720344164828,1.7809614139498828,2.2235534289487866,1,0,1,0,1,0,0,1,0,0,1,0,1,0,0,0,1,0,0,1,0,0,1,0,0,1,0,0,1,0,0,1,0,1,0,0,1,0,0,1,0
-0.4417729543927777,-1.2816237461508115,-0.968294143923709,-0.9947146169370654,1,0,1,0,1,0,1,0,0,1,0,1,0,0,1,0,0,1,0,0,1,0,0,1,0,0,0,0,1,1,0,0,1,0,0,0,1,0,0,1,0
-0.4417729543927777,-1.1595065416350296,-1.3167212212643573,-0.96567097663456,0,1,1,0,1,0,0,1,0,0,1,0,0,1,0,1,0,0,1,0,0,1,0,0,1,0,0,1,0,0,1,0,1,0,0,1,0,0,0,0,1
-0.4417729543927777,1.2421318138420159,0.49012205123071917,1.0909831743406584,1,0,0,1,1,0,0,1,0,0,1,1,0,0,0,0,1,0,0,1,1,0,0,1,0,0,0,0,1,0,0,1,0,1,0,0,1,0,1,0,0
-0.4417729543927777,-0.8338606629262777,-1.3266762806169472,-0.8872992488341488,0,1,1,0,1,0,0,1,0,0,1,0,0,1,0,1,0,0,1,0,0,1,0,0,1,0,0,1,0,0,1,0,0,1,0,1,0,0,1,0,0
-0.4417729543927777,-1.2002122764736236,0.33913698438310497,-0.9152452458901498,1,0,0,1,1,0,0,1,0,0,1,0,1,0,1,0,0,1,0,0,1,0,0,1,0,0,1,0,0,1,0,0,1,0,0,0,1,0,1,0,0
-0.4417729543927777,-0.7117434584104957,1.3412796258771598,-0.3258108225173087,1,0,0,1,0,1,0,1,0,0,1,0,1,0,1,0,0,0,0,1,0,0,1,1,0,0,0,0,1,0,0,1,1,0,0,0,1,1,0,0,0
-0.4417729543927777,0.712957260940294,-0.7260543663440203,-0.040950447184497175,0,1,1,0,0,1,1,0,0,1,0,1,0,0,0,0,1,0,0,1,1,0,0,1,0,0,0,0,1,1,0,0,0,1,0,0,1,1,0,0,0
-0.4417729543927777,0.38731138223154205,1.0061259610066315,0.7279705998567367,0,1,0,1,1,0,0,1,0,0,1,0,1,0,1,0,0,0,0,1,0,0,1,1,0,0,0,0,1,1,0,0,1,0,0,0,1,1,0,0,0
-0.4417729543927777,-0.9152721326034656,-1.4925939364934464,-0.9279779075496003,1,0,0,1,1,0,0,1,1,0,0,0,0,1,0,1,0,0,1,0,0,1,0,0,1,0,0,1,0,0,1,0,1,0,0,0,1,1,0,0,0
-0.4417729543927777,0.9164859351332639,-0.18184445506910263,0.3756929763236276,0,1,0,1,0,1,0,1,1,0,0,1,0,0,0,0,1,1,0,0,1,0,0,1,0,0,1,0,0,0,0,1,0,1,0,1,0,0,1,0,0
-0.4417729543927777,-0.3860975797017438,0.3341594547068098,-0.22954750979887634,1,0,1,0,1,0,0,1,1,0,0,0,1,0,0,0,1,1,0,0,1,0,0,1,0,0,1,0,0,1,0,0,1,0,0,0,1,1,0,0,0
-0.4417729543927777,-0.9559778674420596,0.13671744421377566,-0.7232893949414674,0,1,0,1,1,0,0,1,0,0,1,1,0,0,1,0,0,0,0,1,0,0,1,1,0,0,1,0,0,0,0,1,1,0,0,0,1,0,1,0,0
2.2636062032690805,1.07930887448764,0.9663057235962718,1.3973354044400252,1,0,0,1,1,0,0,1,0,0,1,0,1,0,0,0,1,0,0,1,0,0,1,0,0,1,1,0,0,1,0,0,0,1,0,0,1,0,0,1,0
-0.4417729543927777,1.6084834273893618,0.669313119577338,1.6921623804510961,1,0,0,1,1,0,0,1,1,0,0,1,0,0,0,0,1,0,0,1,0,0,1,0,0,1,0,0,1,0,0,1,0,0,1,1,0,0,0,0,1
-0.4417729543927777,-1.2816237461508115,1.0260360797118113,-0.9683272732911007,1,0,1,0,1,0,0,1,1,0,0,0,1,0,1,0,0,1,0,0,1,0,0,0,0,1,0,0,1,0,0,1,1,0,0,0,1,0,0,1,0
-0.4417729543927777,-0.3453918448631498,-1.4544328756418516,-0.7949874518031321,1,0,0,1,0,1,0,1,1,0,0,0,0,1,0,1,0,0,1,0,0,1,0,0,1,0,0,1,0,0,1,0,0,0,1,0,1,0,1,0,0
-0.4417729543927777,1.038603139649046,0.06205449906935101,0.732822183006286,1,0,0,1,0,1,0,1,0,0,1,1,0,0,1,0,0,0,0,1,1,0,0,1,0,0,0,0,1,1,0,0,1,0,0,0,1,1,0,0,0
-0.4417729543927777,-0.06045170099299184,0.3424553375006348,0.018958921209710686,0,1,0,1,0,1,0,1,0,0,1,1,0,0,0,0,1,0,0,1,1,0,0,0,0,1,1,0,0,0,0,1,0,1,0,0,1,1,0,0,0
-0.4417729543927777,-0.6710377235719017,-1.5042081724048015,-0.8723493478167594,1,0,0,1,1,0,0,1,1,0,0,0,0,1,0,1,0,0,1,0,0,1,0,0,1,0,0,1,0,0,1,0,1,0,0,1,0,0,0,0,1
-0.4417729543927777,0.1837827080385721,0.4751894622018341,0.26803612670648,0,1,0,1,1,0,0,1,0,0,1,1,0,0,0,0,1,1,0,0,0,0,1,1,0,0,0,0,1,0,0,1,0,1,0,1,0,0,0,0,1
-0.4417729543927777,-0.6303319887333078,0.13505826765501078,-0.505648692024583,0,1,0,1,0,1,0,1,1,0,0,0,1,0,1,0,0,1,0,0,1,0,0,1,0,0,1,0,0,1,0,0,1,0,0,0,1,0,0,1,0
-0.4417729543927777,0.6722515261017,0.9596690173612117,1.0676911846498363,0,1,0,1,1,0,0,1,0,0,1,0,1,0,0,0,1,0,0,1,1,0,0,1,0,0,0,0,1,1,0,0,1,0,0,0,1,1,0,0,0
-0.4417729543927777,-1.2409180113122176,-0.6563689508758905,-0.967163771449806,0,1,1,0,1,0,0,1,1,0,0,1,0,0,1,0,0,1,0,0,1,0,0,1,0,0,1,0,0,1,0,0,1,0,0,0,1,0,0,1,0
2.2636062032690805,0.5908400564245121,0.6825865320474581,0.7643904027757514,0,1,1,0,1,0,0,1,1,0,0,0,1,0,0,0,1,1,0,0,1,0,0,1,0,0,1,0,0,0,0,1,1,0,0,1,0,0,0,0,1
-0.4417729543927777,-1.2816237461508115,0.1516500332426607,-0.9798964331092566,1,0,1,0,1,0,0,1,1,0,0,0,1,0,1,0,0,1,0,0,1,0,0,1,0,0,1,0,0,1,0,0,1,0,0,0,1,0,0,1,0
-0.4417729543927777,0.9571916699718579,0.8219573629837176,1.1642179317474293,0,1,0,1,1,0,0,1,1,0,0,0,1,0,1,0,0,1,0,0,1,0,0,1,0,0,0,0,1,0,0,1,1,0,0,1,0,0,0,0,1
-0.4417729543927777,0.550134321585918,0.8634367769528424,0.8496992358940704,1,0,0,1,0,1,0,1,1,0,0,0,1,0,1,0,0,1,0,0,0,0,1,0,0,1,1,0,0,0,0,1,0,1,0,1,0,1,0,0,0
-0.4417729543927777,1.6084834273893618,0.8219573629837176,1.7729050176639571,0,1,0,1,0,1,0,1,0,0,1,1,0,0,0,0,1,0,0,1,0,0,1,0,0,1,0,0,1,0,0,1,0,0,1,1,0,0,1,0,0
-0.4417729543927777,0.42801711707013607,1.1637477340893059,0.8387008505640966,0,1,1,0,1,0,0,1,0,0,1,0,1,0,1,0,0,1,0,0,1,0,0,0,0,1,0,0,1,0,0,1,0,1,0,0,1,0,0,1,0
-0.4417729543927777,-1.2816237461508115,0.18483356441796053,-0.9794573758106548,1,0,1,0,1,0,0,1,1,0,0,0,1,0,1,0,0,1,0,0,1,0,0,1,0,0,1,0,0,1,0,0,1,0,0,1,0,0,0,1,0
2.2636062032690805,1.6084834273893618,1.5503358722815492,2.512079932724923,0,1,0,1,1,0,0,1,0,0,1,0,1,0,1,0,0,0,0,1,0,0,1,0,0,1,0,0,1,0,0,1,0,0,1,0,1,1,0,0,0
2.2636062032690805,-0.8338606629262777,-1.180668743445628,-0.843042273135093,0,1,1,0,1,0,1,0,0,1,0,1,0,0,1,0,0,0,0,1,1,0,0,1,0,0,1,0,0,1,0,0,1,0,0,0,1,0,1,0,0
2.2636062032690805,1.445660488034986,-0.76255625063685,0.29172326796604403,0,1,0,1,1,0,1,0,0,1,0,1,0,0,0,0,1,0,0,1,0,0,1,1,0,0,1,0,0,1,0,0,0,0,1,0,1,0,0,1,0
2.2636062032690805,0.3466056473929481,1.1106540842088264,0.828251286857375,0,1,1,0,1,0,0,1,0,0,1,0,1,0,1,0,0,1,0,0,0,0,1,1,0,0,0,0,1,0,0,1,1,0,0,0,1,0,0,1,0
-0.4417729543927777,1.038603139649046,0.883346895658022,1.4095192444762235,1,0,0,1,0,1,0,1,1,0,0,0,1,0,1,0,0,0,0,1,0,0,1,1,0,0,0,0,1,1,0,0,1,0,0,0,1,0,0,1,0
-0.4417729543927777,0.2651941777157601,-1.1557810950641532,-0.513705393453925,1,0,1,0,0,1,1,0,0,1,0,1,0,0,1,0,0,1,0,0,0,0,1,1,0,0,1,0,0,1,0,0,1,0,0,1,0,0,1,0,0
-0.4417729543927777,0.6315457912631061,0.4585976966141842,0.6063956338739138,0,1,1,0,0,1,0,1,0,0,1,1,0,0,0,0,1,1,0,0,0,0,1,1,0,0,0,0,1,0,0,1,0,1,0,0,1,0,1,0,0
-0.4417729543927777,-0.3046861100245558,-1.3117436915880625,-0.7703124316217141,0,1,0,1,0,1,0,1,0,0,1,0,0,1,0,1,0,0,1,0,0,1,0,0,1,0,0,1,0,0,1,0,1,0,0,0,1,1,0,0,0
-0.4417729543927777,-0.6710377235719017,-1.4743429943470316,-0.8828428172533411,0,1,0,1,0,1,0,1,1,0,0,0,0,1,0,1,0,0,1,0,0,1,0,0,1,0,0,1,0,0,1,0,0,0,1,1,0,0,0,0,1
-0.4417729543927777,-0.3453918448631498,0.8169798333074224,-0.05012674472527366,0,1,1,0,1,0,0,1,1,0,0,0,1,0,1,0,0,0,0,1,0,0,1,1,0,0,1,0,0,0,0,1,1,0,0,0,1,0,0,1,0
-0.4417729543927777,0.42801711707013607,0.8534817176002525,0.6941412349994724,0,1,1,0,1,0,0,1,1,0,0,0,1,0,0,0,1,0,0,1,0,0,1,0,0,1,1,0,0,1,0,0,0,1,0,0,1,0,1,0,0
-0.4417729543927777,-1.2816237461508115,-0.991522615746419,-0.9950219570460865,1,0,1,0,1,0,1,0,0,1,0,1,0,0,1,0,0,1,0,0,1,0,0,1,0,0,1,0,0,0,0,1,1,0,0,1,0,0,0,0,1
-0.4417729543927777,-1.2002122764736236,-0.3394662281517769,-0.9360126561140123,0,1,1,0,0,1,0,1,1,0,0,1,0,0,1,0,0,1,0,0,1,0,0,1,0,0,0,0,1,1,0,0,1,0,0,0,1,0,1,0,0
-0.4417729543927777,-1.2002122764736236,0.17653768162413558,-0.9095594538732573,1,0,1,0,1,0,0,1,1,0,0,0,1,0,1,0,0,1,0,0,1,0,0,1,0,0,1,0,0,1,0,0,1,0,0,0,1,0,0,1,0
-0.4417729543927777,0.9978974048104519,-0.3062826969764771,0.382103212883213,0,1,0,1,1,0,0,1,1,0,0,1,0,0,0,0,1,1,0,0,1,0,0,0,0,1,1,0,0,1,0,0,1,0,0,1,0,0,0,1,0
2.2636062032690805,0.9978974048104519,0.9646465470375069,1.3775997788678769,1,0,0,1,1,0,0,1,0,0,1,0,1,0,1,0,0,0,0,1,0,0,1,1,0,0,1,0,0,0,0,1,1,0,0,1,0,0,1,0,0
-0.4417729543927777,-1.2816237461508115,-0.346102934386837,-0.9864822925882827,1,0,1,0,0,1,0,1,1,0,0,1,0,0,0,0,1,1,0,0,1,0,0,0,0,1,1,0,0,1,0,0,1,0,0,1,0,0,0,1,0
-0.4417729543927777,-0.9559778674420596,-0.6563689508758905,-0.8275655033593815,1,0,1,0,1,0,0,1,1,0,0,1,0,0,1,0,0,1,0,0,1,0,0,1,0,0,1,0,0,1,0,0,1,0,0,1,0,0,0,1,0
2.2636062032690805,-1.0780950719578417,1.0227177265942815,-0.7585017902893272,0,1,0,1,1,0,0,1,1,0,0,0,1,0,1,0,0,1,0,0,0,0,1,1,0,0,0,0,1,0,0,1,1,0,0,0,1,0,0,1,0
-0.4417729543927777,1.2421318138420159,1.323028683730745,1.8861598478382768,0,1,0,1,0,1,0,1,0,0,1,0,1,0,1,0,0,0,0,1,0,0,1,1,0,0,0,0,1,0,0,1,0,0,1,0,1,1,0,0,0
2.2636062032690805,-0.7524491932490897,0.5116913464946637,-0.5458443877115726,1,0,1,0,1,0,0,1,0,0,1,0,1,0,1,0,0,1,0,0,0,0,1,1,0,0,1,0,0,1,0,0,1,0,0,0,1,1,0,0,0
-0.4417729543927777,-0.3860975797017438,-0.3195561094465972,-0.4465735324977183,0,1,1,0,0,1,0,1,1,0,0,1,0,0,1,0,0,0,0,1,1,0,0,0,0,1,1,0,0,1,0,0,1,0,0,0,1,1,0,0,0
-0.4417729543927777,1.5677776925507678,-1.3432680462045972,-0.2720921620333854,1,0,0,1,1,0,0,1,0,0,1,0,0,1,0,1,0,0,1,0,0,1,0,0,1,0,0,1,0,0,1,0,0,0,1,0,1,0,1,0,0
-0.4417729543927777,0.42801711707013607,0.916530426833322,0.7629415136903657,1,0,0,1,0,1,0,1,0,0,1,0,1,0,1,0,0,1,0,0,0,0,1,1,0,0,1,0,0,0,0,1,1,0,0,0,1,1,0,0,0
2.2636062032690805,-0.6303319887333078,0.8037064208373027,-0.35318604508512735,1,0,1,0,1,0,0,1,1,0,0,0,1,0,1,0,0,0,0,1,0,0,1,1,0,0,0,0,1,1,0,0,1,0,0,0,1,0,0,1,0
-0.4417729543927777,-0.7117434584104957,-0.6182078900242958,-0.7296557257711926,1,0,0,1,0,1,0,1,1,0,0,1,0,0,1,0,0,1,0,0,1,0,0,1,0,0,1,0,0,1,0,0,1,0,0,1,0,0,0,1,0
-0.4417729543927777,0.10237123836138413,-0.3212152860053621,-0.16562076712246246,0,1,1,0,1,0,0,1,0,0,1,1,0,0,0,0,1,1,0,0,1,0,0,1,0,0,1,0,0,1,0,0,0,0,1,1,0,0,0,0,1
-0.4417729543927777,-0.06045170099299184,1.3031185650255652,0.41364947978774824,1,0,0,1,0,1,0,1,0,0,1,0,1,0,1,0,0,1,0,0,0,0,1,0,0,1,0,0,1,0,0,1,1,0,0,0,1,0,0,1,0
-0.4417729543927777,1.5677776925507678,0.8435266582476622,1.7667362626186025,0,1,0,1,0,1,0,1,0,0,1,1,0,0,0,0,1,0,0,1,0,0,1,0,0,1,0,0,1,0,0,1,0,0,1,1,0,0,0,1,0
-0.4417729543927777,0.061665503522790134,0.2993167469727451,0.09796728209309441,1,0,1,0,1,0,0,1,1,0,0,0,1,0,1,0,0,0,0,1,1,0,0,1,0,0,1,0,0,1,0,0,1,0,0,0,1,0,1,0,0
-0.4417729543927777,-0.7117434584104957,-0.009290092957543374,-0.5737464790377135,1,0,1,0,1,0,0,1,0,0,1,1,0,0,0,0,1,1,0,0,1,0,0,1,0,0,1,0,0,0,0,1,1,0,0,0,1,1,0,0,0
-0.4417729543927777,1.445660488034986,-1.3117436915880625,-0.2990502801675324,0,1,0,1,0,1,0,1,0,0,1,0,0,1,0,1,0,0,1,0,0,1,0,0,1,0,0,1,0,0,1,0,0,0,1,1,0,1,0,0,0
-0.4417729543927777,-0.26398037518596185,0.5664441729339087,-0.09581065664478519,0,1,0,1,0,1,0,1,0,0,1,1,0,0,1,0,0,1,0,0,0,0,1,0,0,1,0,0,1,0,0,1,0,1,0,0,1,0,1,0,0
-0.4417729543927777,-1.2816237461508115,0.18317438785919563,-0.979479328675585,0,1,1,0,0,1,0,1,1,0,0,1,0,0,0,0,1,0,0,1,1,0,0,0,0,1,1,0,0,0,0,1,1,0,0,0,1,1,0,0,0
2.2636062032690805,0.9978974048104519,0.16326426915401543,0.7471354509407029,1,0,1,0,1,0,0,1,1,0,0,1,0,0,0,0,1,1,0,0,0,0,1,0,0,1,0,0,1,1,0,0,0,0,1,1,0,1,0,0,0
-0.4417729543927777,0.2651941777157601,1.0160810203592214,0.610961829779372,1,0,1,0,1,0,0,1,1,0,0,0,1,0,0,0,1,1,0,0,0,0,1,0,0,1,0,0,1,1,0,0,0,1,0,0,1,0,0,1,0
-0.4417729543927777,0.550134321585918,-1.3283354571757124,-0.4946064009647491,0,1,0,1,0,1,0,1,0,0,1,0,0,1,0,1,0,0,1,0,0,1,0,0,1,0,0,1,0,0,1,0,0,1,0,1,0,0,0,1,0
-0.4417729543927777,1.2828375486806098,1.3097552712606253,1.928045914124883,0,1,1,0,1,0,0,1,0,0,1,0,1,0,1,0,0,0,0,1,0,0,1,1,0,0,0,0,1,0,0,1,0,0,1,0,1,1,0,0,0
-0.4417729543927777,-1.2002122764736236,0.9945117250952769,-0.8904604613840813,1,0,0,1,1,0,0,1,0,0,1,0,1,0,1,0,0,1,0,0,1,0,0,1,0,0,0,0,1,0,0,1,1,0,0,1,0,0,0,1,0
-0.4417729543927777,-1.1595065416350296,-1.4859572302583866,-0.9803574432727885,1,0,1,0,1,0,0,1,1,0,0,0,0,1,0,1,0,0,1,0,0,1,0,0,1,0,0,1,0,0,1,0,1,0,0,0,1,0,1,0,0
-0.4417729543927777,1.5677776925507678,0.8733918363054323,1.8828010595039737,0,1,0,1,0,1,0,1,0,0,1,1,0,0,0,0,1,0,0,1,0,0,1,0,0,1,0,0,1,0,0,1,0,0,1,0,1,0,0,0,1
-0.4417729543927777,-0.3453918448631498,1.1405192622665958,0.057091047593272104,1,0,0,1,1,0,0,1,1,0,0,0,1,0,1,0,0,0,0,1,0,0,1,1,0,0,0,0,1,0,0,1,1,0,0,0,1,0,1,0,0
-0.4417729543927777,0.42801711707013607,-1.5025489958460365,-0.6682755154266689,1,0,1,0,1,0,0,1,1,0,0,0,0,1,0,1,0,0,1,0,0,1,0,0,1,0,0,1,0,0,1,0,0,0,1,0,1,1,0,0,0
-0.4417729543927777,-0.6303319887333078,0.13505826765501078,-0.5239354285113456,1,0,1,0,1,0,0,1,0,0,1,1,0,0,1,0,0,1,0,0,0,0,1,0,0,1,0,0,1,1,0,0,1,0,0,0,1,0,0,0,1
2.2636062032690805,0.061665503522790134,0.6726314726948683,0.25163733660370474,0,1,0,1,1,0,0,1,1,0,0,0,1,0,1,0,0,1,0,0,0,0,1,1,0,0,0,0,1,1,0,0,1,0,0,0,1,0,1,0,0
-0.4417729543927777,-0.9152721326034656,-0.6663240102284804,-0.8192453675508784,0,1,1,0,1,0,0,1,1,0,0,1,0,0,1,0,0,1,0,0,1,0,0,1,0,0,1,0,0,1,0,0,1,0,0,0,1,0,1,0,0
2.2636062032690805,0.3058999125543541,0.883346895658022,0.6025099767812884,1,0,1,0,1,0,0,1,1,0,0,0,1,0,1,0,0,1,0,0,1,0,0,1,0,0,0,0,1,0,0,1,1,0,0,0,1,0,0,1,0
2.2636062032690805,0.7943687306174819,-0.16857104259898276,0.35209364652378383,1,0,1,0,1,0,0,1,0,0,1,1,0,0,0,0,1,1,0,0,0,0,1,1,0,0,1,0,0,1,0,0,0,0,1,1,0,1,0,0,0
-0.4417729543927777,0.753662995778888,0.9580098408024468,0.9826238330457483,1,0,0,1,0,1,0,1,0,0,1,0,1,0,0,0,1,0,0,1,1,0,0,1,0,0,1,0,0,0,0,1,1,0,0,0,1,0,0,1,0
-0.4417729543927777,-0.7931549280876837,1.1886353824707807,-0.43381891797333766,0,1,1,0,1,0,0,1,0,0,1,0,1,0,1,0,0,1,0,0,1,0,0,0,0,1,0,0,1,0,0,1,1,0,0,1,0,0,0,1,0
-0.4417729543927777,-0.5896262538947138,-0.004312563281248679,-0.4981627650834232,1,0,1,0,0,1,0,1,0,0,1,1,0,0,0,0,1,1,0,0,1,0,0,1,0,0,1,0,0,0,0,1,1,0,0,1,0,0,0,1,0
-0.4417729543927777,-0.10115743583158582,-0.014267622633838538,-0.13881631904282593,1,0,0,1,0,1,0,1,1,0,0,1,0,0,1,0,0,1,0,0,0,0,1,0,0,1,0,0,1,1,0,0,0,1,0,0,1,0,0,1,0
-0.4417729543927777,-1.1595065416350296,0.3275227484717497,-0.8690783709421763,0,1,1,0,1,0,0,1,1,0,0,0,1,0,1,0,0,1,0,0,0,0,1,1,0,0,1,0,0,1,0,0,1,0,0,0,1,1,0,0,0
-0.4417729543927777,-1.1595065416350296,-0.039155271015313416,-0.9110961544183633,0,1,1,0,1,0,0,1,1,0,0,1,0,0,1,0,0,0,0,1,1,0,0,0,0,1,0,0,1,1,0,0,1,0,0,0,1,1,0,0,0
-0.4417729543927777,-1.2816237461508115,-1.4842980536996215,-1.0015419579303226,0,1,1,0,1,0,0,1,1,0,0,0,0,1,0,1,0,0,1,0,0,1,0,0,1,0,0,1,0,0,1,0,1,0,0,0,1,0,0,0,1
-0.4417729543927777,0.2244884428771661,-1.5042081724048015,-0.675366290799087,1,0,0,1,0,1,0,1,1,0,0,0,0,1,0,1,0,0,1,0,0,1,0,0,1,0,0,1,0,0,1,0,0,1,0,1,0,0,1,0,0
-0.4417729543927777,1.6084834273893618,0.6560397071072184,1.705224335084498,1,0,1,0,1,0,0,1,0,0,1,0,1,0,0,0,1,1,0,0,1,0,0,0,0,1,1,0,0,1,0,0,0,0,1,0,1,1,0,0,0
-0.4417729543927777,1.6084834273893618,0.515009699612194,1.508724241095288,1,0,0,1,1,0,0,1,0,0,1,0,1,0,0,0,1,1,0,0,1,0,0,1,0,0,1,0,0,1,0,0,0,0,1,1,0,1,0,0,0
-0.4417729543927777,-1.2816237461508115,-0.34112540471054204,-0.9864164339934924,1,0,1,0,1,0,0,1,1,0,0,1,0,0,1,0,0,1,0,0,1,0,0,1,0,0,0,0,1,1,0,0,1,0,0,0,1,0,0,1,0
-0.4417729543927777,0.9571916699718579,1.2699350338502655,1.5685018922999152,0,1,0,1,0,1,0,1,0,0,1,0,1,0,1,0,0,1,0,0,0,0,1,0,0,1,0,0,1,0,0,1,0,0,1,0,1,0,0,1,0
2.2636062032690805,-0.7117434584104957,0.3557287499707549,-0.5069658639203881,0,1,1,0,1,0,0,1,0,0,1,0,1,0,1,0,0,1,0,0,1,0,0,1,0,0,1,0,0,1,0,0,1,0,0,1,0,0,0,1,0
-0.4417729543927777,1.3235432835192038,-1.2752418072952325,-0.26465014082208577,1,0,1,0,1,0,0,1,0,0,1,0,0,1,0,1,0,0,1,0,0,1,0,0,1,0,0,1,0,0,1,0,0,0,1,1,0,1,0,0,0
-0.4417729543927777,-1.1188008067964357,-0.017585975751368336,-0.8712736574351851,0,1,0,1,0,1,0,1,0,0,1,1,0,0,0,0,1,0,0,1,1,0,0,0,0,1,1,0,0,1,0,0,1,0,0,1,0,0,1,0,0
-0.4417729543927777,1.6084834273893618,-1.3183803978231223,-0.22059074090740072,0,1,0,1,0,1,0,1,0,0,1,0,0,1,0,1,0,0,1,0,0,1,0,0,1,0,0,1,0,0,1,0,0,0,1,0,1,1,0,0,0
-0.4417729543927777,1.6084834273893618,1.092403142062411,1.9933117815620325,1,0,0,1,1,0,0,1,0,0,1,0,1,0,1,0,0,1,0,0,0,0,1,1,0,0,0,0,1,0,0,1,0,0,1,0,1,0,0,1,0
-0.4417729543927777,0.061665503522790134,-0.5020655309107463,-0.24899774812693357,0,1,1,0,1,0,0,1,1,0,0,1,0,0,1,0,0,0,0,1,1,0,0,1,0,0,1,0,0,1,0,0,1,0,0,0,1,0,0,1,0
2.2636062032690805,1.2828375486806098,0.9729424298313317,1.6596721403545671,0,1,0,1,1,0,0,1,0,0,1,0,1,0,1,0,0,0,0,1,0,0,1,1,0,0,1,0,0,0,0,1,1,0,0,0,1,0,0,1,0
-0.4417729543927777,1.3235432835192038,-1.4776613474645617,-0.38938631935484114,0,1,0,1,1,0,0,1,1,0,0,0,0,1,0,1,0,0,1,0,0,1,0,0,1,0,0,1,0,0,1,0,0,0,1,0,1,0,1,0,0
-0.4417729543927777,0.87578020029467,1.0708338467984664,1.241711544950637,1,0,1,0,1,0,0,1,0,0,1,0,1,0,1,0,0,0,0,1,1,0,0,1,0,0,0,0,1,0,0,1,0,0,1,0,1,1,0,0,0
-0.4417729543927777,-1.2816237461508115,-1.4793205240233265,-1.0014760993355323,0,1,1,0,1,0,0,1,1,0,0,0,0,1,0,1,0,0,1,0,0,1,0,0,1,0,0,1,0,0,1,0,1,0,0,1,0,0,0,0,1
-0.4417729543927777,-0.8745663977648717,0.6593580602247482,-0.6201987412297779,0,1,1,0,1,0,0,1,1,0,0,0,1,0,1,0,0,1,0,0,0,0,1,1,0,0,1,0,0,0,0,1,1,0,0,1,0,0,0,1,0
-0.4417729543927777,-1.0780950719578417,-0.3245336391228921,-0.8686393136435746,1,0,1,0,1,0,0,1,1,0,0,1,0,0,0,0,1,0,0,1,1,0,0,1,0,0,1,0,0,1,0,0,1,0,0,1,0,0,0,0,1
-0.4417729543927777,1.48636622287358,-1.3499047524396572,-0.28956664251773473,1,0,0,1,1,0,0,1,0,0,1,0,0,1,0,1,0,0,1,0,0,1,0,0,1,0,0,1,0,0,1,0,0,0,1,1,0,1,0,0,0
-0.4417729543927777,-1.2002122764736236,-1.4743429943470316,-0.9766254562346737,0,1,1,0,1,0,0,1,1,0,0,0,0,1,0,1,0,0,1,0,0,1,0,0,1,0,0,1,0,0,1,0,1,0,0,0,1,0,0,1,0
-0.4417729543927777,1.6084834273893618,0.010620025747636343,0.9560608664803428,0,1,0,1,0,1,1,0,0,1,0,1,0,0,0,0,1,0,0,1,0,0,1,0,0,1,0,0,1,0,0,1,0,0,1,0,1,0,1,0,0
-0.4417729543927777,0.7943687306174819,0.1267623848611858,0.5187597970730058,0,1,0,1,0,1,0,1,1,0,0,1,0,0,1,0,0,0,0,1,0,0,1,0,0,1,0,0,1,1,0,0,0,1,0,0,1,0,0,1,0
2.2636062032690805,0.10237123836138413,1.132223379472771,0.5502621582476809,1,0,1,0,1,0,0,1,0,0,1,0,1,0,0,0,1,1,0,0,1,0,0,1,0,0,0,0,1,0,0,1,1,0,0,0,1,0,0,1,0
-0.4417729543927777,1.2828375486806098,1.2450473854687907,1.911120255263786,0,1,0,1,1,0,0,1,1,0,0,0,1,0,1,0,0,0,0,1,0,0,1,0,0,1,0,0,1,0,0,1,0,1,0,0,1,0,1,0,0
-0.4417729543927777,1.364249018357798,-1.4793205240233265,-0.413512517913007,0,1,0,1,0,1,0,1,1,0,0,0,0,1,0,1,0,0,1,0,0,1,0,0,1,0,0,1,0,0,1,0,0,1,0,0,1,0,0,1,0
-0.4417729543927777,-0.18256890550877383,1.323028683730745,0.3269795690437642,1,0,0,1,1,0,0,1,0,0,1,0,1,0,1,0,0,1,0,0,0,0,1,0,0,1,0,0,1,0,0,1,1,0,0,0,1,0,0,1,0
-0.4417729543927777,0.509428586747324,1.568586814427964,1.198859552607107,0,1,1,0,1,0,0,1,1,0,0,0,1,0,0,0,1,0,0,1,0,0,1,0,0,1,0,0,1,0,0,1,0,1,0,1,0,0,1,0,0
-0.4417729543927777,0.46872285190873003,-1.4776613474645617,-0.6128225786132686,0,1,1,0,1,0,0,1,1,0,0,0,0,1,0,1,0,0,1,0,0,1,0,0,1,0,0,1,0,0,1,0,0,0,1,1,0,0,1,0,0
2.2636062032690805,-1.2409180113122176,0.684245708606223,-0.9281096247391809,1,0,1,0,1,0,0,1,0,0,1,0,1,0,1,0,0,1,0,0,1,0,0,1,0,0,0,0,1,1,0,0,1,0,0,0,1,0,0,1,0
-0.4417729543927777,0.9164859351332639,0.3341594547068098,0.8397326352158104,1,0,0,1,0,1,0,1,0,0,1,1,0,0,0,0,1,0,0,1,1,0,0,0,0,1,0,0,1,1,0,0,0,1,0,0,1,0,1,0,0
-0.4417729543927777,-1.2409180113122176,-0.6331404790531806,-0.9748472741753365,0,1,1,0,1,0,0,1,1,0,0,1,0,0,1,0,0,1,0,0,1,0,0,1,0,0,1,0,0,1,0,0,1,0,0,1,0,0,0,0,1
-0.4417729543927777,1.6084834273893618,1.2948226822317404,2.30750118444144,1,0,0,1,1,0,0,1,0,0,1,0,1,0,0,0,1,0,0,1,0,0,1,0,0,1,0,0,1,1,0,0,0,0,1,0,1,1,0,0,0
-0.4417729543927777,-1.2816237461508115,0.485144521554424,-0.9754839072583089,1,0,1,0,1,0,0,1,1,0,0,0,1,0,1,0,0,1,0,0,1,0,0,1,0,0,0,0,1,1,0,0,1,0,0,1,0,0,0,1,0
-0.4417729543927777,0.1837827080385721,-0.8206274301936246,-0.3743047011478713,0,1,0,1,0,1,1,0,0,1,0,1,0,0,0,0,1,0,0,1,0,0,1,1,0,0,1,0,0,1,0,0,1,0,0,1,0,1,0,0,0
-0.4417729543927777,1.201426079003422,0.1483316801251309,0.8500943874628117,0,1,1,0,1,0,0,1,0,0,1,1,0,0,0,0,1,0,0,1,0,0,1,0,0,1,1,0,0,1,0,0,0,0,1,1,0,1,0,0,0
-0.4417729543927777,-0.8745663977648717,-1.4610695818769117,-0.9215896238549449,1,0,0,1,0,1,0,1,1,0,0,0,0,1,0,1,0,0,1,0,0,1,0,0,1,0,0,1,0,0,1,0,0,0,1,1,0,0,1,0,0
-0.4417729543927777,1.364249018357798,-1.5125040551986264,-0.465628619257034,0,1,1,0,1,0,0,1,1,0,0,0,0,1,0,1,0,0,1,0,0,1,0,0,1,0,0,1,0,0,1,0,0,0,1,1,0,1,0,0,0
2.2636062032690805,-0.26398037518596185,-0.14036504109997783,-0.3090607865756521,1,0,0,1,1,0,0,1,1,0,0,1,0,0,1,0,0,1,0,0,0,0,1,1,0,0,1,0,0,0,0,1,0,1,0,1,0,0,0,0,1
-0.4417729543927777,-1.0373893371192477,-1.5075265255223316,-0.9539481467618935,0,1,1,0,1,0,0,1,1,0,0,0,0,1,0,1,0,0,1,0,0,1,0,0,1,0,0,1,0,0,1,0,0,1,0,1,0,0,0,0,1
-0.4417729543927777,-0.9152721326034656,1.1587702044130106,-0.5753490381776097,0,1,0,1,1,0,0,1,1,0,0,0,1,0,1,0,0,0,0,1,1,0,0,0,0,1,0,0,1,0,0,1,1,0,0,0,1,0,0,1,0
-0.4417729543927777,1.6084834273893618,1.4109650413452899,2.316194518953755,1,0,0,1,0,1,0,1,0,0,1,0,1,0,0,0,1,1,0,0,0,0,1,0,0,1,0,0,1,0,0,1,0,0,1,1,0,0,0,0,1
-0.4417729543927777,-1.2816237461508115,0.16160509259525055,-0.979764715919676,0,1,1,0,1,0,0,1,1,0,0,0,1,0,1,0,0,1,0,0,1,0,0,1,0,0,1,0,0,1,0,0,1,0,0,0,1,0,0,1,0
-0.4417729543927777,-1.1595065416350296,-0.48547376532309644,-0.9150915758356392,1,0,0,1,0,1,0,1,1,0,0,1,0,0,0,0,1,1,0,0,1,0,0,1,0,0,1,0,0,1,0,0,1,0,0,1,0,0,0,1,0
-0.4417729543927777,-0.8338606629262777,-1.5008898192872715,-0.8958608661568828,1,0,1,0,1,0,0,1,1,0,0,0,0,1,0,1,0,0,1,0,0,1,0,0,1,0,0,1,0,0,1,0,0,1,0,1,0,0,0,0,1
-0.4417729543927777,-1.2816237461508115,-0.5634550635850508,-0.9893581178941242,0,1,1,0,1,0,0,1,1,0,0,1,0,0,0,0,1,1,0,0,1,0,0,1,0,0,1,0,0,1,0,0,1,0,0,1,0,0,0,1,0
-0.4417729543927777,0.550134321585918,1.4590811615494748,1.1209049292403674,1,0,0,1,1,0,0,1,0,0,1,0,1,0,1,0,0,0,0,1,0,0,1,0,0,1,0,0,1,0,0,1,0,0,1,0,1,0,1,0,0
-0.4417729543927777,-0.3453918448631498,-0.4589269403828564,-0.4529837690573038,0,1,1,0,1,0,0,1,1,0,0,1,0,0,1,0,0,1,0,0,1,0,0,0,0,1,1,0,0,1,0,0,1,0,0,0,1,0,1,0,0
-0.4417729543927777,-0.8745663977648717,0.4337100482327093,-0.6364219084131124,0,1,1,0,0,1,0,1,0,0,1,0,1,0,1,0,0,1,0,0,0,0,1,1,0,0,1,0,0,1,0,0,1,0,0,0,1,0,0,0,1
-0.4417729543927777,-0.5082147842175258,-1.4892755833759166,-0.8347879959213802,0,1,0,1,0,1,0,1,1,0,0,0,0,1,0,1,0,0,1,0,0,1,0,0,1,0,0,1,0,0,1,0,0,0,1,1,0,0,0,0,1
-0.4417729543927777,0.020959768684196148,1.0077851375653966,0.42756759615342366,0,1,1,0,0,1,0,1,0,0,1,0,1,0,0,0,1,1,0,0,0,0,1,1,0,0,1,0,0,0,0,1,1,0,0,0,1,1,0,0,0
-0.4417729543927777,-0.7931549280876837,0.6477438243133934,-0.5456248590622718,1,0,1,0,1,0,0,1,0,0,1,0,1,0,1,0,0,0,0,1,0,0,1,1,0,0,1,0,0,1,0,0,1,0,0,0,1,0,0,1,0
-0.4417729543927777,0.6722515261017,-1.4859572302583866,-0.5830544937680704,1,0,0,1,1,0,0,1,1,0,0,0,0,1,0,1,0,0,1,0,0,1,0,0,1,0,0,1,0,0,1,0,0,0,1,0,1,1,0,0,0
-0.4417729543927777,-0.7524491932490897,-1.5042081724048015,-0.8785181028621138,0,1,1,0,1,0,0,1,1,0,0,0,0,1,0,1,0,0,1,0,0,1,0,0,1,0,0,1,0,0,1,0,1,0,0,1,0,0,1,0,0
2.2636062032690805,-0.3453918448631498,0.461916049731714,-0.23229161791513722,0,1,0,1,1,0,0,1,0,0,1,0,1,0,0,0,1,1,0,0,1,0,0,1,0,0,1,0,0,1,0,0,1,0,0,0,1,0,0,1,0
-0.4417729543927777,-1.1595065416350296,1.2019087949409009,-0.8409787038316647,0,1,0,1,0,1,0,1,0,0,1,0,1,0,1,0,0,1,0,0,0,0,1,1,0,0,0,0,1,0,0,1,1,0,0,1,0,0,0,1,0
-0.4417729543927777,0.6722515261017,1.1836578527944857,1.2154559184942528,0,1,1,0,0,1,0,1,0,0,1,0,1,0,1,0,0,1,0,0,1,0,0,0,0,1,0,0,1,0,0,1,0,1,0,0,1,1,0,0,0
-0.4417729543927777,-1.1595065416350296,-1.5241182911099813,-0.9781621567797798,0,1,1,0,1,0,0,1,1,0,0,0,0,1,0,1,0,0,1,0,0,1,0,0,1,0,0,1,0,0,1,0,1,0,0,1,0,0,0,0,1
-0.4417729543927777,1.5677776925507678,-1.3399496930870674,-0.2556055604708898,1,0,1,0,1,0,0,1,0,0,1,0,0,1,0,1,0,0,1,0,0,1,0,0,1,0,0,1,0,0,1,0,0,0,1,1,0,0,0,1,0
-0.4417729543927777,0.9978974048104519,-1.4693654646707368,-0.5162080200559549,0,1,1,0,1,0,0,1,1,0,0,0,0,1,0,1,0,0,1,0,0,1,0,0,1,0,0,1,0,0,1,0,0,0,1,1,0,1,0,0,0
-0.4417729543927777,-0.5489205190561198,0.6576988836659833,-0.285110210936927,0,1,1,0,1,0,0,1,0,0,1,0,1,0,0,0,1,1,0,0,0,0,1,1,0,0,1,0,0,1,0,0,1,0,0,0,1,0,0,1,0
-0.4417729543927777,-0.5489205190561198,0.29599839385521476,-0.38497379350389366,0,1,1,0,1,0,0,1,1,0,0,0,1,0,1,0,0,0,0,1,1,0,0,1,0,0,1,0,0,1,0,0,1,0,0,0,1,0,1,0,0
-0.4417729543927777,-0.7117434584104957,0.675949825812398,-0.47482686966274057,0,1,1,0,1,0,0,1,1,0,0,0,1,0,1,0,0,1,0,0,0,0,1,1,0,0,0,0,1,1,0,0,1,0,0,1,0,0,0,1,0
2.2636062032690805,0.712957260940294,1.4541036318731795,1.3745044249127345,1,0,0,1,1,0,0,1,0,0,1,0,1,0,0,0,1,0,0,1,0,0,1,1,0,0,0,0,1,0,0,1,1,0,0,1,0,1,0,0,0
-0.4417729543927777,-0.5896262538947138,0.8319124223363075,-0.3398167503427043,1,0,1,0,1,0,0,1,0,0,1,0,1,0,1,0,0,0,0,1,1,0,0,1,0,0,0,0,1,1,0,0,1,0,0,0,1,0,1,0,0
-0.4417729543927777,0.1430769731999781,-0.14036504109997783,-0.029315428771550966,0,1,0,1,0,1,1,0,0,1,0,1,0,0,0,0,1,1,0,0,0,0,1,0,0,1,0,0,1,0,0,1,0,1,0,1,0,0,1,0,0
-0.4417729543927777,0.2244884428771661,0.13505826765501078,0.16163059039034727,0,1,0,1,1,0,0,1,0,0,1,1,0,0,1,0,0,1,0,0,0,0,1,0,0,1,1,0,0,0,0,1,0,1,0,1,0,0,1,0,0
-0.4417729543927777,1.6084834273893618,1.3661672742586348,2.3516264429509155,1,0,0,1,0,1,0,1,0,0,1,0,1,0,0,0,1,0,0,1,0,0,1,0,0,1,0,0,1,1,0,0,0,0,1,1,0,0,1,0,0
2.2636062032690805,-1.2409180113122176,-1.3432680462045972,-0.9895556936784949,0,1,1,0,1,0,1,0,0,1,0,1,0,0,1,0,0,1,0,0,1,0,0,1,0,0,1,0,0,1,0,0,1,0,0,0,1,0,0,0,1
-0.4417729543927777,0.6315457912631061,0.33913698438310497,0.6459986022077912,1,0,1,0,1,0,0,1,1,0,0,0,1,0,1,0,0,0,0,1,1,0,0,1,0,0,1,0,0,1,0,0,0,1,0,1,0,0,0,1,0
-0.4417729543927777,-1.2816237461508115,-0.49211047155815624,-0.9884141447021304,1,0,1,0,1,0,0,1,0,0,1,1,0,0,1,0,0,1,0,0,1,0,0,1,0,0,1,0,0,1,0,0,1,0,0,0,1,0,0,0,1
-0.4417729543927777,1.48636622287358,1.3744631570524597,2.1779134227591355,0,1,0,1,0,1,0,1,1,0,0,0,1,0,0,0,1,0,0,1,1,0,0,0,0,1,0,0,1,0,0,1,0,0,1,0,1,0,1,0,0
-0.4417729543927777,-0.8338606629262777,-0.6613464805521855,-0.7801912208402534,1,0,1,0,1,0,0,1,1,0,0,1,0,0,1,0,0,1,0,0,1,0,0,1,0,0,1,0,0,1,0,0,1,0,0,0,1,1,0,0,0
-0.4417729543927777,-1.1595065416350296,-1.4925939364934464,-0.9740130653079931,1,0,0,1,0,1,0,1,1,0,0,0,0,1,0,1,0,0,1,0,0,1,0,0,1,0,0,1,0,0,1,0,1,0,0,0,1,0,0,1,0
-0.4417729543927777,-1.2816237461508115,0.18317438785919563,-0.979479328675585,0,1,1,0,0,1,0,1,1,0,0,0,1,0,1,0,0,1,0,0,1,0,0,1,0,0,1,0,0,1,0,0,1,0,0,0,1,0,0,0,1
-0.4417729543927777,0.550134321585918,-1.3432680462045972,-0.5423099764578285,1,0,0,1,1,0,0,1,0,0,1,0,0,1,0,1,0,0,1,0,0,1,0,0,1,0,0,1,0,0,1,0,0,1,0,0,1,1,0,0,0
-0.4417729543927777,1.364249018357798,-1.4726838177882668,-0.41456625542965125,0,1,1,0,0,1,0,1,1,0,0,0,0,1,0,1,0,0,1,0,0,1,0,0,1,0,0,1,0,0,1,0,0,0,1,1,0,0,0,0,1
-0.4417729543927777,-0.8745663977648717,-0.9583390845711192,-0.8336464469450158,1,0,1,0,0,1,1,0,0,1,0,1,0,0,0,0,1,1,0,0,1,0,0,0,0,1,1,0,0,1,0,0,0,1,0,0,1,0,0,0,1
-0.4417729543927777,-0.3453918448631498,-0.968294143923709,-0.645642111683749,0,1,1,0,0,1,1,0,0,1,0,1,0,0,0,0,1,1,0,0,1,0,0,0,0,1,1,0,0,1,0,0,0,0,1,1,0,0,0,0,1
-0.4417729543927777,1.5270719577121739,1.6532048189249786,2.432808137462378,0,1,0,1,0,1,0,1,0,0,1,0,1,0,0,0,1,0,0,1,0,0,1,0,0,1,0,0,1,0,0,1,0,0,1,1,0,0,1,0,0
-0.4417729543927777,1.2421318138420159,-1.4925939364934464,-0.46826296304864445,0,1,0,1,1,0,0,1,1,0,0,0,0,1,0,1,0,0,1,0,0,1,0,0,1,0,0,1,0,0,1,0,0,0,1,0,1,1,0,0,0
-0.4417729543927777,-1.0780950719578417,-1.4909347599346816,-0.9624658583547674,1,0,1,0,1,0,0,1,1,0,0,0,0,1,0,1,0,0,1,0,0,1,0,0,1,0,0,1,0,0,1,0,1,0,0,1,0,0,0,0,1
-0.4417729543927777,-0.7524491932490897,-1.4942531130522116,-0.8858284068838329,0,1,1,0,1,0,0,1,1,0,0,0,0,1,0,1,0,0,1,0,0,1,0,0,1,0,0,1,0,0,1,0,1,0,0,1,0,0,0,0,1
-0.4417729543927777,1.48636622287358,-1.2918335728828825,-0.22162252555911488,0,1,0,1,0,1,0,1,0,0,1,0,0,1,0,1,0,0,1,0,0,1,0,0,1,0,0,1,0,0,1,0,0,0,1,0,1,1,0,0,0
-0.4417729543927777,-1.0373893371192477,-0.3743089358858419,-0.8328780966724627,1,0,1,0,1,0,0,1,0,0,1,1,0,0,0,0,1,1,0,0,1,0,0,1,0,0,1,0,0,1,0,0,1,0,0,0,1,0,0,1,0
-0.4417729543927777,-1.2002122764736236,0.48846287467195426,-0.8998782404390887,0,1,0,1,1,0,0,1,0,0,1,0,1,0,1,0,0,1,0,0,1,0,0,0,0,1,1,0,0,1,0,0,1,0,0,0,1,1,0,0,0
-0.4417729543927777,1.038603139649046,-0.12875080518862309,0.5169596621487387,1,0,0,1,1,0,0,1,0,0,1,1,0,0,0,0,1,1,0,0,1,0,0,0,0,1,1,0,0,1,0,0,0,1,0,0,1,1,0,0,0
-0.4417729543927777,-0.8745663977648717,-1.3183803978231223,-0.8694515696459879,1,0,1,0,0,1,1,0,0,1,0,1,0,0,1,0,0,1,0,0,1,0,0,1,0,0,1,0,0,1,0,0,1,0,0,1,0,0,0,1,0
-0.4417729543927777,1.6084834273893618,1.608407051838324,2.574096776152419,0,1,1,0,1,0,0,1,0,0,1,0,1,0,0,0,1,0,0,1,0,0,1,0,0,1,0,0,1,0,0,1,0,0,1,1,0,1,0,0,0
-0.4417729543927777,1.201426079003422,-1.2984702791179425,-0.3237472532138804,1,0,1,0,1,0,0,1,0,0,1,0,0,1,0,1,0,0,1,0,0,1,0,0,1,0,0,1,0,0,1,0,0,0,1,0,1,0,1,0,0
-0.4417729543927777,-1.2409180113122176,-1.4959122896109764,-0.9877555587542278,0,1,1,0,1,0,0,1,1,0,0,0,0,1,0,1,0,0,1,0,0,1,0,0,1,0,0,1,0,0,1,0,1,0,0,1,0,0,0,0,1
-0.4417729543927777,-0.06045170099299184,1.30809609470186,0.39703116103567226,1,0,1,0,1,0,0,1,0,0,1,0,1,0,0,0,1,0,0,1,1,0,0,1,0,0,0,0,1,0,0,1,1,0,0,1,0,0,0,1,0
-0.4417729543927777,-1.2816237461508115,-1.376451577379897,-1.0001150217098669,0,1,0,1,1,0,1,0,0,1,0,1,0,0,1,0,0,1,0,0,1,0,0,1,0,0,1,0,0,1,0,0,1,0,0,0,1,0,0,1,0
-0.4417729543927777,-1.1595065416350296,-1.5008898192872715,-0.9586899655867922,0,1,1,0,1,0,0,1,1,0,0,0,0,1,0,1,0,0,1,0,0,1,0,0,1,0,0,1,0,0,1,0,0,1,0,1,0,0,0,0,1
-0.4417729543927777,0.5908400564245121,1.0044667844478667,0.9930075381576794,0,1,0,1,1,0,0,1,0,0,1,0,1,0,1,0,0,1,0,0,1,0,0,1,0,0,0,0,1,0,0,1,0,1,0,0,1,0,1,0,0
-0.4417729543927777,0.3466056473929481,0.5183280527297238,0.42262820154415404,1,0,1,0,1,0,0,1,0,0,1,1,0,0,1,0,0,0,0,1,0,0,1,1,0,0,0,0,1,0,0,1,0,1,0,0,1,0,0,1,0
-0.4417729543927777,0.5908400564245121,-0.7642154271956151,-0.18706871615915763,1,0,1,0,1,0,1,0,0,1,0,1,0,0,0,0,1,1,0,0,0,0,1,0,0,1,1,0,0,1,0,0,0,0,1,1,0,0,0,0,1
-0.4417729543927777,-1.2816237461508115,-0.9782492032762989,-0.994846334126646,0,1,1,0,1,0,1,0,0,1,0,1,0,0,1,0,0,1,0,0,1,0,0,1,0,0,1,0,0,0,0,1,1,0,0,0,1,0,0,1,0
-0.4417729543927777,-0.9966836022806537,-1.4925939364934464,-0.9353760230310397,1,0,1,0,0,1,0,1,1,0,0,0,0,1,0,1,0,0,1,0,0,1,0,0,1,0,0,1,0,0,1,0,1,0,0,1,0,0,0,0,1
-0.4417729543927777,0.061665503522790134,0.6576988836659833,0.23627033115264373,1,0,0,1,0,1,0,1,1,0,0,1,0,0,0,0,1,0,0,1,0,0,1,0,0,1,0,0,1,0,0,1,0,0,1,1,0,0,0,0,1
-0.4417729543927777,0.42801711707013607,-1.3499047524396572,-0.5371291003343279,0,1,0,1,0,1,0,1,0,0,1,0,0,1,0,1,0,0,1,0,0,1,0,0,1,0,0,1,0,0,1,0,0,0,1,1,0,0,0,0,1
-0.4417729543927777,-1.1595065416350296,-0.47717788252927146,-0.9069470629465768,1,0,1,0,1,0,0,1,1,0,0,1,0,0,0,0,1,1,0,0,1,0,0,1,0,0,1,0,0,1,0,0,1,0,0,0,1,1,0,0,0
-0.4417729543927777,0.835074465456076,1.0890847889448811,1.2038428529462366,0,1,0,1,1,0,0,1,0,0,1,0,1,0,1,0,0,0,0,1,1,0,0,0,0,1,1,0,0,0,0,1,0,1,0,1,0,1,0,0,0
-0.4417729543927777,1.48636622287358,0.8534817176002525,1.7653532321280072,0,1,1,0,1,0,0,1,0,0,1,1,0,0,0,0,1,0,0,1,0,0,1,0,0,1,0,0,1,0,0,1,0,0,1,1,0,0,0,0,1
-0.4417729543927777,-1.2002122764736236,0.3175676891191599,-0.9149379057811287,0,1,1,0,1,0,0,1,0,0,1,0,1,0,1,0,0,1,0,0,1,0,0,1,0,0,1,0,0,1,0,0,1,0,0,1,0,0,0,1,0
-0.4417729543927777,1.2828375486806098,0.028870967894051164,0.7756741753498162,1,0,0,1,0,1,0,1,1,0,0,1,0,0,0,0,1,1,0,0,1,0,0,0,0,1,0,0,1,1,0,0,0,1,0,1,0,0,0,0,1
-0.4417729543927777,-0.9152721326034656,-1.3316538102932425,-0.9121059862051473,0,1,1,0,0,1,0,1,0,0,1,0,0,1,0,1,0,0,1,0,0,1,0,0,1,0,0,1,0,0,1,0,1,0,0,1,0,0,1,0,0
-0.4417729543927777,-0.3046861100245558,-1.4710246412295016,-0.7726613881692335,0,1,1,0,1,0,0,1,1,0,0,0,0,1,0,1,0,0,1,0,0,1,0,0,1,0,0,1,0,0,1,0,1,0,0,1,0,0,0,0,1
-0.4417729543927777,-1.2816237461508115,-0.47551870597050633,-0.9881946160528295,0,1,1,0,0,1,0,1,1,0,0,1,0,0,0,0,1,1,0,0,1,0,0,1,0,0,1,0,0,1,0,0,1,0,0,1,0,0,0,0,1
-0.4417729543927777,-0.019745966154397845,0.753931124074353,0.20419719548978646,0,1,1,0,1,0,0,1,0,0,1,0,1,0,0,0,1,1,0,0,1,0,0,0,0,1,1,0,0,1,0,0,1,0,0,1,0,1,0,0,0
-0.4417729543927777,0.1430769731999781,0.4735302856430692,0.24307571928097074,0,1,1,0,1,0,0,1,1,0,0,1,0,0,0,0,1,1,0,0,0,0,1,0,0,1,0,0,1,0,0,1,1,0,0,0,1,0,1,0,0
-0.4417729543927777,-0.10115743583158582,-0.3195561094465972,-0.33838981412224867,1,0,1,0,1,0,0,1,1,0,0,1,0,0,0,0,1,0,0,1,1,0,0,1,0,0,1,0,0,1,0,0,1,0,0,0,1,1,0,0,0
-0.4417729543927777,-0.3046861100245558,0.3109309828840998,-0.19209592222814761,1,0,1,0,1,0,0,1,1,0,0,1,0,0,0,0,1,0,0,1,0,0,1,0,0,1,0,0,1,1,0,0,0,1,0,1,0,0,0,0,1
2.2636062032690805,-0.14186317067017984,1.2948226822317404,0.2913061635323725,0,1,0,1,0,1,0,1,0,0,1,0,1,0,1,0,0,1,0,0,0,0,1,1,0,0,0,0,1,0,0,1,1,0,0,0,1,0,0,1,0
-0.4417729543927777,-1.2816237461508115,0.3673429858821096,-0.9770425606683453,1,0,1,0,1,0,0,1,0,0,1,0,1,0,1,0,0,1,0,0,1,0,0,1,0,0,1,0,0,1,0,0,1,0,0,1,0,0,0,1,0
-0.4417729543927777,0.9978974048104519,1.4756729271371245,1.7348826556050458,1,0,0,1,1,0,0,1,0,0,1,0,1,0,1,0,0,0,0,1,0,0,1,0,0,1,0,0,1,0,0,1,0,1,0,0,1,1,0,0,0
-0.4417729543927777,-0.3046861100245558,-1.4942531130522116,-0.786140447236307,0,1,1,0,1,0,0,1,1,0,0,0,0,1,0,1,0,0,1,0,0,1,0,0,1,0,0,1,0,0,1,0,0,1,0,1,0,0,1,0,0
2.2636062032690805,-0.019745966154397845,1.3744631570524597,0.5354000686900119,0,1,0,1,1,0,0,1,0,0,1,0,1,0,1,0,0,0,0,1,0,0,1,1,0,0,0,0,1,0,0,1,1,0,0,1,0,1,0,0,0
-0.4417729543927777,1.5677776925507678,0.7273842991341127,1.7397561916195254,0,1,0,1,0,1,0,1,0,0,1,1,0,0,0,0,1,0,0,1,0,0,1,0,0,1,0,0,1,0,0,1,0,0,1,1,0,1,0,0,0
-0.4417729543927777,-1.1595065416350296,-0.9931817923051839,-0.950808887076891,1,0,1,0,1,0,1,0,0,1,0,1,0,0,0,0,1,1,0,0,0,0,1,1,0,0,1,0,0,1,0,0,1,0,0,1,0,0,0,0,1
-0.4417729543927777,0.9164859351332639,0.8368899520126026,1.1484118689977665,1,0,0,1,1,0,0,1,0,0,1,1,0,0,0,0,1,0,0,1,0,0,1,0,0,1,0,0,1,0,0,1,0,1,0,0,1,0,0,1,0
-0.4417729543927777,-0.6303319887333078,0.8933019550106119,-0.31913715157856215,1,0,0,1,0,1,0,1,1,0,0,0,1,0,0,0,1,1,0,0,1,0,0,0,0,1,0,0,1,1,0,0,1,0,0,1,0,0,0,1,0
-0.4417729543927777,1.2421318138420159,-1.3366313399695373,-0.3191151987136321,0,1,0,1,0,1,0,1,0,0,1,0,0,1,0,1,0,0,1,0,0,1,0,0,1,0,0,1,0,0,1,0,0,0,1,1,0,0,1,0,0
2.2636062032690805,-1.0373893371192477,-0.6812565992573655,-0.8937094853937343,0,1,1,0,1,0,1,0,0,1,0,1,0,0,1,0,0,0,0,1,1,0,0,0,0,1,1,0,0,0,0,1,1,0,0,0,1,0,0,1,0
-0.4417729543927777,1.6084834273893618,1.754414589009643,2.802713911534347,0,1,0,1,1,0,0,1,0,0,1,0,1,0,0,0,1,0,0,1,0,0,1,0,0,1,0,0,1,0,0,1,0,1,0,0,1,1,0,0,0
2.2636062032690805,0.509428586747324,-1.0197286172454236,-0.3094120324145336,1,0,1,0,1,0,1,0,0,1,0,1,0,0,1,0,0,1,0,0,1,0,0,1,0,0,1,0,0,0,0,1,0,1,0,1,0,0,0,1,0
-0.4417729543927777,-1.2816237461508115,0.8103431270723623,-0.971181145732012,1,0,1,0,0,1,0,1,1,0,0,0,1,0,1,0,0,1,0,0,1,0,0,1,0,0,0,0,1,0,0,1,1,0,0,0,1,0,0,1,0
-0.4417729543927777,1.6084834273893618,1.5105156348711892,2.527885995474586,1,0,0,1,0,1,0,1,0,0,1,0,1,0,0,0,1,1,0,0,0,0,1,0,0,1,0,0,1,0,0,1,0,0,1,0,1,1,0,0,0
-0.4417729543927777,-0.8338606629262777,0.5481932307874938,-0.6099906590372873,0,1,1,0,1,0,0,1,1,0,0,0,1,0,1,0,0,1,0,0,1,0,0,1,0,0,0,0,1,1,0,0,1,0,0,0,1,0,0,1,0
2.2636062032690805,-0.10115743583158582,1.2135230308522555,0.2706046119033002,0,1,0,1,1,0,0,1,0,0,1,0,1,0,1,0,0,1,0,0,1,0,0,0,0,1,0,0,1,0,0,1,1,0,0,0,1,0,0,1,0
2.2636062032690805,1.6084834273893618,1.591815286250674,2.52904949731588,0,1,0,1,1,0,0,1,0,0,1,0,1,0,0,0,1,0,0,1,0,0,1,0,0,1,0,0,1,0,0,1,1,0,0,0,1,0,1,0,0
2.2636062032690805,-0.3046861100245558,0.1450133270076006,-0.21435612726725603,1,0,0,1,1,0,0,1,1,0,0,0,1,0,1,0,0,1,0,0,1,0,0,1,0,0,1,0,0,1,0,0,1,0,0,0,1,0,0,1,0
-0.4417729543927777,-0.2232746403473678,0.6726314726948683,-0.06573523169056575,0,1,0,1,0,1,0,1,0,0,1,0,1,0,1,0,0,0,0,1,1,0,0,0,0,1,1,0,0,1,0,0,1,0,0,0,1,0,1,0,0
-0.4417729543927777,1.038603139649046,0.22133544871079017,0.8469112220479491,0,1,0,1,0,1,0,1,0,0,1,1,0,0,0,0,1,0,0,1,0,0,1,0,0,1,1,0,0,1,0,0,0,0,1,1,0,0,1,0,0
-0.4417729543927777,-1.2409180113122176,-0.6613464805521855,-0.9680638389119396,0,1,1,0,1,0,0,1,1,0,0,1,0,0,1,0,0,1,0,0,1,0,0,1,0,0,1,0,0,1,0,0,1,0,0,0,1,0,0,0,1
-0.4417729543927777,1.120014609326234,-0.1702302191577479,0.5531379835535224,0,1,0,1,1,0,0,1,1,0,0,1,0,0,0,0,1,1,0,0,1,0,0,1,0,0,0,0,1,1,0,0,0,1,0,0,1,0,0,0,1
-0.4417729543927777,-0.5082147842175258,-1.5008898192872715,-0.8367198480352279,1,0,0,1,0,1,0,1,1,0,0,0,0,1,0,1,0,0,1,0,0,1,0,0,1,0,0,1,0,0,1,0,0,1,0,1,0,1,0,0,0
2.2636062032690805,1.2421318138420159,0.5996277041092085,1.2915884540717955,1,0,1,0,1,0,0,1,0,0,1,1,0,0,0,0,1,0,0,1,0,0,1,0,0,1,0,0,1,1,0,0,0,1,0,1,0,1,0,0,0
-0.4417729543927777,-0.7524491932490897,-1.4992306427285065,-0.8745885400396284,0,1,0,1,0,1,0,1,1,0,0,0,0,1,0,1,0,0,1,0,0,1,0,0,1,0,0,1,0,0,1,0,0,1,0,1,0,0,0,0,1
-0.4417729543927777,-0.14186317067017984,-1.4793205240233265,-0.7393588920702913,1,0,1,0,1,0,0,1,1,0,0,0,0,1,0,1,0,0,1,0,0,1,0,0,1,0,0,1,0,0,1,0,0,1,0,1,0,0,0,0,1
-0.4417729543927777,-1.2816237461508115,0.13339909109624587,-0.9801379146234876,1,0,0,1,1,0,0,1,1,0,0,0,1,0,1,0,0,1,0,0,1,0,0,1,0,0,1,0,0,1,0,0,1,0,0,0,1,0,0,1,0
-0.4417729543927777,-0.14186317067017984,0.8202981864249527,0.14152176611438752,0,1,1,0,1,0,0,1,1,0,0,0,1,0,1,0,0,0,0,1,1,0,0,0,0,1,0,0,1,1,0,0,1,0,0,1,0,0,0,0,1
-0.4417729543927777,-1.1595065416350296,-0.43735764511891156,-0.9221164926132671,0,1,1,0,1,0,0,1,0,0,1,1,0,0,1,0,0,1,0,0,1,0,0,1,0,0,1,0,0,1,0,0,1,0,0,1,0,0,1,0,0
-0.4417729543927777,1.5270719577121739,1.6797516438652182,2.5580711847534556,1,0,1,0,1,0,0,1,0,0,1,0,1,0,0,0,1,0,0,1,0,0,1,0,0,1,0,0,1,0,0,1,0,1,0,1,0,0,1,0,0
-0.4417729543927777,-1.0780950719578417,-0.29964599074141723,-0.8500013313179307,1,0,0,1,0,1,0,1,1,0,0,1,0,0,0,0,1,0,0,1,1,0,0,1,0,0,1,0,0,1,0,0,1,0,0,1,0,0,1,0,0
2.2636062032690805,-1.1595065416350296,0.9895341954189817,-0.8249531124327011,0,1,1,0,1,0,0,1,1,0,0,0,1,0,1,0,0,1,0,0,0,0,1,1,0,0,0,0,1,0,0,1,1,0,0,0,1,0,0,1,0
-0.4417729543927777,0.550134321585918,-1.4992306427285065,-0.6343583391096842,0,1,0,1,0,1,0,1,1,0,0,0,0,1,0,1,0,0,1,0,0,1,0,0,1,0,0,1,0,0,1,0,0,0,1,1,0,0,1,0,0
-0.4417729543927777,-0.9559778674420596,-0.6812565992573655,-0.8575531168538806,0,1,1,0,1,0,0,1,1,0,0,1,0,0,1,0,0,1,0,0,1,0,0,1,0,0,1,0,0,1,0,0,1,0,0,0,1,0,0,0,1
-0.4417729543927777,-1.2816237461508115,0.2130395659169652,-0.9790841771068434,0,1,1,0,1,0,0,1,1,0,0,0,1,0,1,0,0,1,0,0,1,0,0,1,0,0,1,0,0,1,0,0,1,0,0,0,1,0,0,0,1
-0.4417729543927777,-0.06045170099299184,1.2102046777347257,0.36983156138729434,0,1,1,0,1,0,0,1,1,0,0,0,1,0,1,0,0,0,0,1,0,0,1,1,0,0,0,0,1,0,0,1,1,0,0,0,1,0,0,1,0
2.2636062032690805,-1.2816237461508115,0.34577369061816454,-0.9773279479124364,0,1,1,0,1,0,0,1,0,0,1,0,1,0,1,0,0,1,0,0,1,0,0,1,0,0,1,0,0,1,0,0,1,0,0,0,1,0,0,1,0
-0.4417729543927777,0.509428586747324,0.29599839385521476,0.46965123822440075,0,1,0,1,0,1,0,1,0,0,1,1,0,0,0,0,1,0,0,1,1,0,0,0,0,1,0,0,1,1,0,0,0,0,1,1,0,0,1,0,0
-0.4417729543927777,-0.8745663977648717,-0.029200211662723564,-0.6881648110533278,1,0,1,0,1,0,0,1,1,0,0,1,0,0,0,0,1,1,0,0,0,0,1,1,0,0,1,0,0,0,0,1,1,0,0,1,0,1,0,0,0
-0.4417729543927777,1.2421318138420159,1.4906055161660092,2.064285393881004,1,0,1,0,1,0,0,1,0,0,1,0,1,0,1,0,0,0,0,1,0,0,1,0,0,1,0,0,1,0,0,1,1,0,0,0,1,0,1,0,0
-0.4417729543927777,-1.2002122764736236,-1.3382905165283023,-0.9724983176278172,1,0,1,0,1,0,0,1,0,0,1,0,0,1,0,1,0,0,1,0,0,1,0,0,1,0,0,1,0,0,1,0,1,0,0,1,0,0,0,0,1
-0.4417729543927777,-0.6710377235719017,-0.0225635054276635,-0.5608162415938921,0,1,0,1,0,1,0,1,1,0,0,1,0,0,0,0,1,1,0,0,0,0,1,1,0,0,0,0,1,1,0,0,0,0,1,1,0,0,0,0,1
-0.4417729543927777,-0.5489205190561198,-1.4842980536996215,-0.8426032158364912,1,0,0,1,0,1,0,1,1,0,0,0,0,1,0,1,0,0,1,0,0,1,0,0,1,0,0,1,0,0,1,0,1,0,0,1,0,0,0,0,1
-0.4417729543927777,1.5677776925507678,0.47021193252553894,1.4328770927618366,0,1,0,1,1,0,0,1,1,0,0,1,0,0,1,0,0,0,0,1,0,0,1,0,0,1,0,0,1,0,0,1,0,0,1,0,1,0,1,0,0
-0.4417729543927777,-0.6303319887333078,0.7240659460165829,-0.3912303600089685,0,1,1,0,1,0,0,1,0,0,1,0,1,0,1,0,0,1,0,0,0,0,1,0,0,1,1,0,0,1,0,0,0,1,0,1,0,0,0,1,0
-0.4417729543927777,0.712957260940294,-0.6679831867872456,-0.03093994077637754,0,1,0,1,0,1,0,1,1,0,0,1,0,0,1,0,0,1,0,0,1,0,0,1,0,0,1,0,0,1,0,0,0,1,0,0,1,1,0,0,0
-0.4417729543927777,-1.2409180113122176,0.2113803893582003,-0.9411496265076527,0,1,1,0,1,0,0,1,1,0,0,0,1,0,1,0,0,1,0,0,1,0,0,1,0,0,1,0,0,1,0,0,1,0,0,0,1,0,1,0,0
-0.4417729543927777,0.061665503522790134,-1.5008898192872715,-0.7137838044267396,0,1,1,0,1,0,0,1,1,0,0,0,0,1,0,1,0,0,1,0,0,1,0,0,1,0,0,1,0,0,1,0,1,0,0,1,0,0,0,0,1
-0.4417729543927777,0.38731138223154205,-0.2930092845063572,0.0375529978054945,0,1,0,1,1,0,0,1,0,0,1,1,0,0,0,0,1,1,0,0,1,0,0,1,0,0,1,0,0,1,0,0,0,1,0,1,0,0,1,0,0
-0.4417729543927777,1.48636622287358,0.6477438243133934,1.5574596012400814,1,0,0,1,0,1,0,1,0,0,1,0,1,0,0,0,1,1,0,0,0,0,1,1,0,0,1,0,0,1,0,0,0,1,0,1,0,1,0,0,0
-0.4417729543927777,-0.9559778674420596,-0.6878933054924252,-0.8333171539710644,1,0,1,0,1,0,0,1,1,0,0,1,0,0,1,0,0,1,0,0,1,0,0,1,0,0,1,0,0,1,0,0,1,0,0,0,1,1,0,0,0
-0.4417729543927777,-1.1595065416350296,-1.1425076825940332,-0.9584265312076312,0,1,1,0,1,0,1,0,0,1,0,1,0,0,1,0,0,1,0,0,1,0,0,0,0,1,1,0,0,1,0,0,1,0,0,1,0,0,0,1,0
-0.4417729543927777,0.87578020029467,1.6498864658074488,1.6456662125291717,1,0,0,1,1,0,0,1,0,0,1,0,1,0,0,0,1,0,0,1,0,0,1,0,0,1,0,0,1,0,0,1,0,1,0,0,1,0,0,0,1
-0.4417729543927777,0.020959768684196148,-0.18350363162786779,-0.1530198226525924,1,0,1,0,1,0,0,1,0,0,1,1,0,0,0,0,1,1,0,0,1,0,0,0,0,1,1,0,0,1,0,0,0,1,0,1,0,0,0,1,0
-0.4417729543927777,-0.8338606629262777,0.6344704118432732,-0.5860400833985623,1,0,1,0,0,1,0,1,0,0,1,0,1,0,1,0,0,1,0,0,1,0,0,1,0,0,0,0,1,1,0,0,1,0,0,0,1,0,0,1,0
-0.4417729543927777,1.5677776925507678,0.6809273554886932,1.75602326453272,0,1,0,1,0,1,0,1,0,0,1,1,0,0,0,0,1,1,0,0,0,0,1,0,0,1,0,0,1,0,0,1,0,1,0,1,0,0,0,1,0
-0.4417729543927777,-1.2002122764736236,-1.167395330975508,-0.9678882159924989,0,1,1,0,1,0,1,0,0,1,0,1,0,0,1,0,0,1,0,0,1,0,0,0,0,1,1,0,0,1,0,0,1,0,0,0,1,0,0,1,0
-0.4417729543927777,-1.0373893371192477,0.33913698438310497,-0.7799058335961623,1,0,1,0,1,0,0,1,1,0,0,0,1,0,1,0,0,1,0,0,0,0,1,1,0,0,1,0,0,1,0,0,1,0,0,0,1,0,0,1,0
-0.4417729543927777,0.2244884428771661,-1.4892755833759166,-0.6848499284488847,1,0,1,0,1,0,0,1,1,0,0,0,0,1,0,1,0,0,1,0,0,1,0,0,1,0,0,1,0,0,1,0,0,0,1,1,0,0,0,0,1
-0.4417729543927777,-0.5489205190561198,-1.4942531130522116,-0.853360119652234,0,1,0,1,0,1,0,1,1,0,0,0,0,1,0,1,0,0,1,0,0,1,0,0,1,0,0,1,0,0,1,0,0,1,0,1,0,0,0,0,1
-0.4417729543927777,1.5270719577121739,0.6593580602247482,1.5877326019786715,1,0,0,1,1,0,0,1,0,0,1,1,0,0,1,0,0,0,0,1,0,0,1,0,0,1,0,0,1,0,0,1,0,0,1,0,1,1,0,0,0
-0.4417729543927777,0.87578020029467,-1.1458260357115633,-0.2985453642741404,0,1,0,1,1,0,1,0,0,1,0,1,0,0,1,0,0,0,0,1,1,0,0,1,0,0,1,0,0,1,0,0,1,0,0,1,0,0,0,1,0
-0.4417729543927777,0.9571916699718579,0.008960849188871446,0.5316241759220369,1,0,0,1,0,1,0,1,0,0,1,1,0,0,0,0,1,1,0,0,1,0,0,1,0,0,0,0,1,1,0,0,0,1,0,1,0,1,0,0,0
-0.4417729543927777,1.3235432835192038,-0.1768669253928077,0.631575569948724,1,0,1,0,1,0,0,1,1,0,0,1,0,0,0,0,1,0,0,1,1,0,0,0,0,1,1,0,0,1,0,0,0,0,1,0,1,0,0,0,1
-0.4417729543927777,0.10237123836138413,0.6709722961361034,0.3201961337803671,0,1,1,0,0,1,0,1,1,0,0,0,1,0,1,0,0,1,0,0,0,0,1,1,0,0,0,0,1,1,0,0,0,1,0,0,1,0,0,1,0
-0.4417729543927777,1.2421318138420159,0.5515115839050236,1.1976301921710222,1,0,0,1,1,0,0,1,0,0,1,0,1,0,1,0,0,0,0,1,1,0,0,1,0,0,1,0,0,1,0,0,1,0,0,0,1,1,0,0,0
2.2636062032690805,0.1837827080385721,-1.5042081724048015,-0.6908650134397286,1,0,0,1,1,0,0,1,1,0,0,0,0,1,0,1,0,0,1,0,0,1,0,0,1,0,0,1,0,0,1,0,0,1,0,1,0,0,0,0,1
-0.4417729543927777,-1.1595065416350296,0.8335715988950724,-0.8487939237467759,0,1,1,0,1,0,0,1,0,0,1,0,1,0,1,0,0,0,0,1,1,0,0,1,0,0,1,0,0,0,0,1,1,0,0,0,1,0,0,1,0
-0.4417729543927777,-0.9152721326034656,1.120609143561416,-0.5830983994979305,1,0,1,0,1,0,0,1,0,0,1,0,1,0,0,0,1,1,0,0,1,0,0,1,0,0,0,0,1,0,0,1,1,0,0,0,1,0,0,1,0
2.2636062032690805,-1.2816237461508115,0.17321932850660576,-0.9796110458651653,1,0,1,0,1,0,0,1,1,0,0,0,1,0,1,0,0,1,0,0,1,0,0,1,0,0,1,0,0,1,0,0,1,0,0,0,1,0,0,1,0
-0.4417729543927777,1.5270719577121739,-1.4975714661697417,-0.40506066491492343,1,0,0,1,0,1,0,1,1,0,0,0,0,1,0,1,0,0,1,0,0,1,0,0,1,0,0,1,0,0,1,0,0,0,1,1,0,1,0,0,0
-0.4417729543927777,-0.42680331454033776,0.8319124223363075,-0.1350184734099209,1,0,1,0,1,0,0,1,0,0,1,0,1,0,1,0,0,1,0,0,1,0,0,0,0,1,0,0,1,1,0,0,1,0,0,0,1,0,0,1,0
-0.4417729543927777,-1.0373893371192477,0.4503018138203592,-0.759687244995552,1,0,1,0,1,0,0,1,1,0,0,1,0,0,0,0,1,0,0,1,1,0,0,0,0,1,0,0,1,0,0,1,1,0,0,0,1,0,0,1,0
-0.4417729543927777,-0.06045170099299184,-0.19511786753922278,-0.18375383355471447,0,1,0,1,1,0,0,1,0,0,1,1,0,0,1,0,0,1,0,0,1,0,0,1,0,0,0,0,1,1,0,0,1,0,0,0,1,0,1,0,0
-0.4417729543927777,1.48636622287358,-0.331170345357952,0.6459327436130009,1,0,0,1,0,1,1,0,0,1,0,1,0,0,1,0,0,0,0,1,0,0,1,1,0,0,0,0,1,0,0,1,0,0,1,0,1,0,1,0,0
2.2636062032690805,-0.10115743583158582,1.299800211908035,0.3599308193038249,1,0,1,0,1,0,0,1,0,0,1,0,1,0,1,0,0,0,0,1,0,0,1,1,0,0,0,0,1,0,0,1,1,0,0,0,1,0,0,1,0
2.2636062032690805,0.835074465456076,-0.3477621109456019,0.2429000963615302,0,1,1,0,1,0,1,0,0,1,0,1,0,0,1,0,0,0,0,1,0,0,1,1,0,0,0,0,1,0,0,1,1,0,0,0,1,0,0,1,0
-0.4417729543927777,-1.2816237461508115,0.21967627215202526,-0.9789963656471229,0,1,1,0,1,0,0,1,1,0,0,0,1,0,1,0,0,1,0,0,1,0,0,1,0,0,1,0,0,1,0,0,1,0,0,0,1,0,0,0,1
-0.4417729543927777,1.5677776925507678,0.8352307754538373,1.7604357903836674,1,0,0,1,1,0,0,1,0,0,1,1,0,0,0,0,1,0,0,1,0,0,1,0,0,1,0,0,1,0,0,1,0,0,1,1,0,0,0,1,0
2.2636062032690805,0.1837827080385721,-0.9384289658659393,-0.4330505677007846,0,1,1,0,1,0,1,0,0,1,0,1,0,0,1,0,0,0,0,1,0,0,1,1,0,0,1,0,0,1,0,0,1,0,0,1,0,0,0,1,0
2.2636062032690805,1.48636622287358,1.513833987988719,2.3308590327270533,0,1,0,1,1,0,0,1,0,0,1,0,1,0,0,0,1,1,0,0,0,0,1,0,0,1,0,0,1,0,0,1,0,1,0,0,1,0,0,0,1
-0.4417729543927777,-0.6710377235719017,0.5249647589647839,-0.4302845067195936,0,1,0,1,1,0,0,1,1,0,0,0,1,0,0,0,1,0,0,1,1,0,0,1,0,0,1,0,0,1,0,0,1,0,0,1,0,1,0,0,0
-0.4417729543927777,-1.2816237461508115,-1.4925939364934464,-1.001651722254973,0,1,1,0,1,0,0,1,1,0,0,0,0,1,0,1,0,0,1,0,0,1,0,0,1,0,0,1,0,0,1,0,1,0,0,1,0,0,0,1,0
-0.4417729543927777,1.48636622287358,-0.11713656927726811,0.772095858366212,1,0,0,1,0,1,0,1,0,0,1,1,0,0,0,0,1,1,0,0,1,0,0,0,0,1,1,0,0,1,0,0,0,0,1,1,0,0,1,0,0
-0.4417729543927777,-0.46750904937893173,1.5354032832526643,0.006928751228022867,0,1,0,1,1,0,0,1,0,0,1,0,1,0,1,0,0,0,0,1,0,0,1,0,0,1,0,0,1,0,0,1,1,0,0,0,1,0,0,1,0
-0.4417729543927777,1.160720344164828,1.37778151016999,1.7557159244236986,0,1,1,0,1,0,0,1,0,0,1,0,1,0,0,0,1,1,0,0,0,0,1,1,0,0,0,0,1,0,0,1,1,0,0,0,1,0,0,1,0
-0.4417729543927777,0.2244884428771661,1.329665389965805,0.7574093917279837,1,0,0,1,1,0,0,1,0,0,1,0,1,0,1,0,0,1,0,0,0,0,1,0,0,1,0,0,1,0,0,1,1,0,0,0,1,0,0,1,0
-0.4417729543927777,-1.2816237461508115,-1.5207999379924513,-1.0020249209587846,0,1,1,0,1,0,0,1,1,0,0,0,0,1,0,1,0,0,1,0,0,1,0,0,1,0,0,1,0,0,1,0,1,0,0,1,0,0,0,0,1
-0.4417729543927777,-0.3860975797017438,0.2893616876201552,-0.2891495380840631,1,0,0,1,1,0,0,1,0,0,1,1,0,0,1,0,0,1,0,0,1,0,0,0,0,1,0,0,1,0,0,1,1,0,0,0,1,0,1,0,0
-0.4417729543927777,-1.1595065416350296,-0.4821554122055664,-0.9197016774709575,0,1,1,0,1,0,0,1,0,0,1,1,0,0,1,0,0,1,0,0,1,0,0,1,0,0,1,0,0,1,0,0,1,0,0,1,0,0,0,0,1
-0.4417729543927777,-1.0780950719578417,-0.334488698475482,-0.8545016686285986,1,0,0,1,0,1,0,1,1,0,0,1,0,0,1,0,0,1,0,0,1,0,0,1,0,0,0,0,1,1,0,0,1,0,0,1,0,0,0,1,0
-0.4417729543927777,-0.5489205190561198,0.36402463276457986,-0.40644369540551895,1,0,1,0,0,1,0,1,0,0,1,1,0,0,0,0,1,0,0,1,1,0,0,0,0,1,0,0,1,1,0,0,1,0,0,0,1,0,0,0,1
-0.4417729543927777,1.2828375486806098,0.14335415044883573,0.9424061844938284,0,1,0,1,0,1,0,1,1,0,0,1,0,0,0,0,1,1,0,0,0,0,1,0,0,1,0,0,1,1,0,0,0,0,1,1,0,0,0,0,1
-0.4417729543927777,1.201426079003422,-1.3664965180273072,-0.3751828157450748,0,1,0,1,1,0,0,1,0,0,1,0,0,1,0,1,0,0,1,0,0,1,0,0,1,0,0,1,0,0,1,0,0,1,0,0,1,0,1,0,0
-0.4417729543927777,-1.2816237461508115,0.5564891135813188,-0.9745399340663153,0,1,1,0,1,0,0,1,0,0,1,0,1,0,0,0,1,1,0,0,1,0,0,1,0,0,1,0,0,1,0,0,1,0,0,0,1,0,0,1,0
-0.4417729543927777,-1.2816237461508115,-1.1425076825940332,-0.9970196677547246,1,0,0,1,0,1,1,0,0,1,0,1,0,0,0,0,1,1,0,0,1,0,0,1,0,0,1,0,0,1,0,0,1,0,0,1,0,1,0,0,0
-0.4417729543927777,-0.9966836022806537,-1.180668743445628,-0.9153769630797304,0,1,1,0,1,0,1,0,0,1,0,1,0,0,0,0,1,1,0,0,1,0,0,1,0,0,1,0,0,1,0,0,1,0,0,1,0,0,0,0,1
-0.4417729543927777,1.6084834273893618,1.6167029346321489,2.5565783899382093,1,0,0,1,1,0,0,1,0,0,1,0,1,0,0,0,1,0,0,1,0,0,1,0,0,1,0,0,1,0,0,1,0,0,1,0,1,0,1,0,0
-0.4417729543927777,-0.8745663977648717,-0.133728334864918,-0.7081199652747772,0,1,1,0,1,0,0,1,1,0,0,1,0,0,1,0,0,0,0,1,0,0,1,0,0,1,1,0,0,1,0,0,1,0,0,0,1,0,0,1,0
-0.4417729543927777,-0.3046861100245558,-1.4876164068171516,-0.7970071153767002,1,0,0,1,0,1,0,1,1,0,0,0,0,1,0,1,0,0,1,0,0,1,0,0,1,0,0,1,0,0,1,0,0,0,1,1,0,0,0,0,1
2.2636062032690805,-0.26398037518596185,1.35455303834728,0.17954412817329848,0,1,0,1,0,1,0,1,0,0,1,0,1,0,1,0,0,0,0,1,0,0,1,1,0,0,0,0,1,0,0,1,1,0,0,1,0,0,0,1,0
-0.4417729543927777,-0.6303319887333078,0.31922686567792474,-0.4766050517220776,1,0,0,1,0,1,0,1,1,0,0,1,0,0,0,0,1,0,0,1,1,0,0,1,0,0,0,0,1,0,0,1,1,0,0,1,0,0,0,0,1
-0.4417729543927777,-0.8745663977648717,-0.6729607164635405,-0.8030661060974043,1,0,1,0,1,0,0,1,1,0,0,1,0,0,1,0,0,1,0,0,1,0,0,1,0,0,1,0,0,1,0,0,1,0,0,0,1,0,0,0,1
-0.4417729543927777,1.445660488034986,-1.4743429943470316,-0.3847981705844529,1,0,1,0,1,0,0,1,1,0,0,0,0,1,0,1,0,0,1,0,0,1,0,0,1,0,0,1,0,0,1,0,0,0,1,1,0,0,1,0,0
-0.4417729543927777,1.07930887448764,1.540380812928959,1.8521329071966417,0,1,1,0,1,0,0,1,0,0,1,0,1,0,1,0,0,0,0,1,0,0,1,0,0,1,0,0,1,0,0,1,1,0,0,0,1,0,0,1,0
-0.4417729543927777,-0.9559778674420596,-0.4688819997354465,-0.8068639517303093,0,1,1,0,1,0,1,0,0,1,0,1,0,0,0,0,1,1,0,0,0,0,1,0,0,1,1,0,0,0,0,1,0,1,0,1,0,0,0,0,1
2.2636062032690805,-1.2409180113122176,0.25451897988608996,-0.9426643741878286,0,1,1,0,1,0,0,1,0,0,1,0,1,0,1,0,0,1,0,0,1,0,0,1,0,0,1,0,0,1,0,0,1,0,0,0,1,0,0,0,1
-0.4417729543927777,0.5908400564245121,0.675949825812398,0.7658612447260673,1,0,0,1,1,0,0,1,1,0,0,0,1,0,1,0,0,1,0,0,0,0,1,1,0,0,1,0,0,0,0,1,1,0,0,0,1,0,0,1,0
2.2636062032690805,0.020959768684196148,-0.34278458126930694,-0.21848326587411238,0,1,1,0,1,0,1,0,0,1,0,1,0,0,1,0,0,1,0,0,0,0,1,0,0,1,0,0,1,0,0,1,1,0,0,0,1,0,0,1,0
-0.4417729543927777,0.550134321585918,-1.4925939364934464,-0.6317679010479338,0,1,0,1,0,1,0,1,1,0,0,0,0,1,0,1,0,0,1,0,0,1,0,0,1,0,0,1,0,0,1,0,0,0,1,1,0,0,1,0,0
-0.4417729543927777,1.3235432835192038,1.5221298707825441,2.1709543645762976,1,0,0,1,0,1,0,1,0,0,1,0,1,0,1,0,0,0,0,1,0,0,1,0,0,1,0,0,1,0,0,1,0,0,1,0,1,0,1,0,0
-0.4417729543927777,0.6315457912631061,-1.1756912137693332,-0.3856104265868662,1,0,0,1,0,1,1,0,0,1,0,1,0,0,1,0,0,1,0,0,1,0,0,0,0,1,1,0,0,1,0,0,1,0,0,0,1,0,1,0,0
-0.4417729543927777,-1.2409180113122176,-0.6281629493768857,-0.9733105736302304,0,1,1,0,1,0,0,1,1,0,0,1,0,0,1,0,0,1,0,0,1,0,0,1,0,0,1,0,0,1,0,0,1,0,0,0,1,0,1,0,0
-0.4417729543927777,-1.2816237461508115,0.32088604223668965,-0.9776572408863877,1,0,1,0,1,0,0,1,1,0,0,0,1,0,1,0,0,1,0,0,0,0,1,1,0,0,1,0,0,1,0,0,1,0,0,0,1,0,0,0,1
-0.4417729543927777,-1.2816237461508115,-0.5004063543519812,-0.9885239090267809,0,1,1,0,0,1,0,1,1,0,0,1,0,0,1,0,0,1,0,0,0,0,1,1,0,0,1,0,0,1,0,0,1,0,0,0,1,0,0,1,0
-0.4417729543927777,-0.26398037518596185,0.523305582406019,-0.0475582595284535,1,0,1,0,1,0,0,1,0,0,1,0,1,0,1,0,0,1,0,0,0,0,1,1,0,0,1,0,0,1,0,0,1,0,0,0,1,0,0,1,0
-0.4417729543927777,-0.6710377235719017,-1.4776613474645617,-0.8692978995914773,1,0,0,1,0,1,0,1,1,0,0,0,0,1,0,1,0,0,1,0,0,1,0,0,1,0,0,1,0,0,1,0,1,0,0,1,0,0,0,1,0
-0.4417729543927777,0.6722515261017,1.38441821640505,1.2614252176578558,1,0,0,1,1,0,0,1,0,0,1,0,1,0,0,0,1,0,0,1,0,0,1,0,0,1,1,0,0,0,0,1,0,0,1,1,0,0,1,0,0
-0.4417729543927777,-0.019745966154397845,-1.4793205240233265,-0.6997778766013439,0,1,1,0,1,0,0,1,1,0,0,0,0,1,0,1,0,0,1,0,0,1,0,0,1,0,0,1,0,0,1,0,0,1,0,1,0,0,1,0,0
-0.4417729543927777,-0.14186317067017984,-1.4975714661697417,-0.7591823291021599,0,1,1,0,1,0,0,1,1,0,0,0,0,1,0,1,0,0,1,0,0,1,0,0,1,0,0,1,0,0,1,0,0,1,0,0,1,0,0,0,1
-0.4417729543927777,-1.2409180113122176,-1.3482455758808922,-0.9935291622308408,0,1,1,0,1,0,1,0,0,1,0,1,0,0,1,0,0,1,0,0,1,0,0,1,0,0,1,0,0,1,0,0,1,0,0,1,0,0,0,0,1
2.2636062032690805,1.5270719577121739,0.8601184238353121,1.8303337123210652,1,0,0,1,1,0,0,1,0,0,1,0,1,0,0,0,1,1,0,0,1,0,0,1,0,0,1,0,0,0,0,1,1,0,0,0,1,0,0,1,0
2.2636062032690805,0.753662995778888,0.953032311126152,1.1142532111665508,0,1,0,1,1,0,0,1,0,0,1,0,1,0,0,0,1,1,0,0,0,0,1,1,0,0,1,0,0,0,0,1,0,1,0,0,1,1,0,0,0
2.2636062032690805,0.9164859351332639,-0.1635935129226878,0.445546992531165,0,1,0,1,1,0,0,1,0,0,1,1,0,0,0,0,1,0,0,1,1,0,0,1,0,0,1,0,0,1,0,0,0,1,0,1,0,0,1,0,0
2.2636062032690805,-1.1188008067964357,0.8252757161012474,-0.7897407170848414,0,1,1,0,1,0,0,1,0,0,1,0,1,0,1,0,0,0,0,1,1,0,0,1,0,0,1,0,0,0,0,1,1,0,0,0,1,0,0,1,0
-0.4417729543927777,1.48636622287358,-1.3266762806169472,-0.25595680630977125,1,0,0,1,1,0,0,1,0,0,1,0,0,1,0,1,0,0,1,0,0,1,0,0,1,0,0,1,0,0,1,0,0,0,1,0,1,0,1,0,0
-0.4417729543927777,-0.7524491932490897,-0.4887921184406262,-0.7167474411923014,0,1,0,1,1,0,0,1,1,0,0,1,0,0,1,0,0,1,0,0,0,0,1,1,0,0,1,0,0,1,0,0,1,0,0,1,0,0,1,0,0
-0.4417729543927777,1.6084834273893618,1.2085455011759605,2.2048715408932824,1,0,0,1,1,0,0,1,0,0,1,0,1,0,1,0,0,0,0,1,0,0,1,1,0,0,0,0,1,0,0,1,0,1,0,0,1,0,0,1,0
-0.4417729543927777,1.5677776925507678,-0.11713656927726811,0.882079711665949,1,0,0,1,1,0,1,0,0,1,0,1,0,0,1,0,0,0,0,1,0,0,1,0,0,1,0,0,1,0,0,1,0,0,1,0,1,0,1,0,0
-0.4417729543927777,0.3466056473929481,-1.4760021709057964,-0.6698780745665652,1,0,1,0,1,0,0,1,1,0,0,0,0,1,0,1,0,0,1,0,0,1,0,0,1,0,0,1,0,0,1,0,1,0,0,1,0,0,0,1,0
-0.4417729543927777,-0.26398037518596185,-0.6347996556119457,-0.5068121938658776,1,0,1,0,0,1,1,0,0,1,0,1,0,0,0,0,1,1,0,0,1,0,0,0,0,1,1,0,0,0,0,1,1,0,0,1,0,0,0,0,1
-0.4417729543927777,-0.14186317067017984,0.46357522629047937,0.03636754309926987,1,0,1,0,1,0,0,1,1,0,0,0,1,0,1,0,0,1,0,0,1,0,0,1,0,0,0,0,1,1,0,0,1,0,0,0,1,0,0,1,0
2.2636062032690805,0.9164859351332639,0.3756388686759346,0.8136745845437972,1,0,0,1,0,1,0,1,0,0,1,1,0,0,0,0,1,1,0,0,0,0,1,0,0,1,0,0,1,1,0,0,0,1,0,1,0,0,0,1,0
-0.4417729543927777,0.2651941777157601,-0.46058611694162155,-0.10331853645087498,1,0,0,1,0,1,0,1,1,0,0,1,0,0,0,0,1,1,0,0,1,0,0,1,0,0,1,0,0,1,0,0,1,0,0,1,0,0,1,0,0
-0.4417729543927777,-0.46750904937893173,0.5780584088452635,-0.1969035996478367,0,1,1,0,1,0,0,1,0,0,1,0,1,0,1,0,0,0,0,1,1,0,0,1,0,0,1,0,0,1,0,0,1,0,0,0,1,0,0,1,0
-0.4417729543927777,0.6315457912631061,-1.0031368516577739,-0.3059434797555798,1,0,0,1,1,0,1,0,0,1,0,1,0,0,1,0,0,0,0,1,0,0,1,1,0,0,1,0,0,1,0,0,0,1,0,1,0,0,0,0,1
-0.4417729543927777,1.5677776925507678,-0.17354857227527767,0.7996686567184014,1,0,0,1,0,1,1,0,0,1,0,1,0,0,0,0,1,0,0,1,1,0,0,0,0,1,0,0,1,0,0,1,0,0,1,1,0,1,0,0,0
-0.4417729543927777,-0.7931549280876837,0.7970697146022427,-0.5003360987115019,1,0,1,0,0,1,0,1,0,0,1,1,0,0,0,0,1,0,0,1,0,0,1,0,0,1,0,0,1,0,0,1,0,0,1,1,0,0,1,0,0
-0.4417729543927777,-1.1595065416350296,-1.4859572302583866,-0.9733105736302304,1,0,1,0,1,0,0,1,1,0,0,0,0,1,0,1,0,0,1,0,0,1,0,0,1,0,0,1,0,0,1,0,1,0,0,1,0,0,0,0,1
-0.4417729543927777,1.5270719577121739,1.5602909316341391,2.412457831672187,1,0,1,0,1,0,0,1,0,0,1,0,1,0,0,0,1,0,0,1,0,0,1,0,0,1,0,0,1,0,0,1,0,0,1,0,1,0,1,0,0
-0.4417729543927777,0.38731138223154205,0.29765757041398017,0.37725162973366383,1,0,1,0,1,0,0,1,1,0,0,1,0,0,0,0,1,0,0,1,0,0,1,0,0,1,1,0,0,0,0,1,0,1,0,1,0,0,1,0,0
-0.4417729543927777,-1.2409180113122176,-1.4677062881119716,-0.9929144820127983,1,0,1,0,1,0,0,1,1,0,0,0,0,1,0,1,0,0,1,0,0,1,0,0,1,0,0,1,0,0,1,0,1,0,0,0,1,1,0,0,0
-0.4417729543927777,-0.7931549280876837,-1.4776613474645617,-0.8956852432374421,1,0,1,0,1,0,0,1,1,0,0,0,0,1,0,1,0,0,1,0,0,1,0,0,1,0,0,1,0,0,1,0,0,0,1,0,1,0,0,0,1
-0.4417729543927777,-1.0780950719578417,-0.6447547149645356,-0.8851917738008603,1,0,0,1,0,1,0,1,1,0,0,1,0,0,1,0,0,1,0,0,1,0,0,1,0,0,1,0,0,1,0,0,1,0,0,1,0,0,0,0,1
-0.4417729543927777,-1.2816237461508115,0.20474368312314026,-0.9791939414314939,1,0,1,0,1,0,0,1,1,0,0,0,1,0,1,0,0,1,0,0,1,0,0,1,0,0,1,0,0,1,0,0,1,0,0,1,0,0,0,0,1
-0.4417729543927777,-0.14186317067017984,-1.4959122896109764,-0.7588091303983485,1,0,0,1,1,0,0,1,1,0,0,0,0,1,0,1,0,0,1,0,0,1,0,0,1,0,0,1,0,0,1,0,1,0,0,1,0,0,0,0,1
-0.4417729543927777,1.07930887448764,-0.43901682167767647,0.309307512775044,0,1,1,0,1,0,1,0,0,1,0,1,0,0,1,0,0,1,0,0,1,0,0,0,0,1,0,0,1,0,0,1,1,0,0,0,1,0,0,1,0
-0.4417729543927777,1.3235432835192038,-0.6530505977583605,0.2777612458705085,1,0,1,0,0,1,1,0,0,1,0,1,0,0,1,0,0,0,0,1,1,0,0,0,0,1,0,0,1,1,0,0,0,0,1,1,0,0,0,0,1
-0.4417729543927777,1.5677776925507678,0.8451858348064276,1.9172451045792804,0,1,0,1,0,1,0,1,0,0,1,1,0,0,0,0,1,0,0,1,0,0,1,0,0,1,0,0,1,0,0,1,0,0,1,1,0,0,0,1,0
-0.4417729543927777,0.753662995778888,0.6129011165793287,0.8114353923209282,0,1,1,0,1,0,0,1,0,0,1,0,1,0,1,0,0,1,0,0,1,0,0,1,0,0,1,0,0,0,0,1,1,0,0,1,0,1,0,0,0
-0.4417729543927777,-0.5896262538947138,-1.4876164068171516,-0.8477401862301317,1,0,0,1,1,0,0,1,1,0,0,0,0,1,0,1,0,0,1,0,0,1,0,0,1,0,0,1,0,0,1,0,0,0,1,1,0,0,0,0,1
-0.4417729543927777,-0.6710377235719017,-0.8637660207215145,-0.7187012461710791,1,0,1,0,1,0,1,0,0,1,0,1,0,0,0,0,1,1,0,0,1,0,0,1,0,0,0,0,1,1,0,0,1,0,0,0,1,0,0,1,0
-0.4417729543927777,0.061665503522790134,1.6996617625703985,0.722504336489145,1,0,1,0,0,1,0,1,0,0,1,0,1,0,0,0,1,0,0,1,0,0,1,0,0,1,0,0,1,0,0,1,0,0,1,0,1,0,1,0,0
-0.4417729543927777,-0.6303319887333078,0.5017362871420739,-0.41959346149864113,1,0,1,0,1,0,0,1,0,0,1,0,1,0,1,0,0,1,0,0,0,0,1,1,0,0,1,0,0,1,0,0,1,0,0,1,0,1,0,0,0
-0.4417729543927777,-0.06045170099299184,-0.16525268948145272,-0.19868178170717377,0,1,0,1,0,1,1,0,0,1,0,1,0,0,0,0,1,1,0,0,0,0,1,0,0,1,0,0,1,0,0,1,0,1,0,1,0,0,0,1,0
-0.4417729543927777,-0.18256890550877383,0.9049161909219672,0.11715408604199073,0,1,0,1,0,1,0,1,0,0,1,0,1,0,1,0,0,1,0,0,1,0,0,1,0,0,0,0,1,0,0,1,0,1,0,1,0,1,0,0,0
-0.4417729543927777,0.835074465456076,0.916530426833322,1.0880414904400268,0,1,0,1,0,1,0,1,1,0,0,0,1,0,1,0,0,0,0,1,1,0,0,0,0,1,0,0,1,1,0,0,1,0,0,0,1,0,0,1,0
-0.4417729543927777,1.120014609326234,-0.005971739840013577,0.7631610423396665,1,0,1,0,1,0,0,1,0,0,1,1,0,0,0,0,1,1,0,0,0,0,1,0,0,1,1,0,0,1,0,0,0,1,0,1,0,0,0,1,0
-0.4417729543927777,-0.3860975797017438,-0.550181651114931,-0.5418709191592268,0,1,0,1,0,1,0,1,0,0,1,1,0,0,1,0,0,1,0,0,1,0,0,1,0,0,1,0,0,1,0,0,0,1,0,0,1,0,1,0,0
-0.4417729543927777,1.48636622287358,1.4026691585514648,2.202215244236742,0,1,0,1,1,0,0,1,0,0,1,0,1,0,0,0,1,0,0,1,0,0,1,0,0,1,1,0,0,0,0,1,0,1,0,0,1,0,1,0,0
-0.4417729543927777,-0.3046861100245558,-1.4660471115532068,-0.7911457004403668,0,1,1,0,1,0,0,1,1,0,0,0,0,1,0,1,0,0,1,0,0,1,0,0,1,0,0,1,0,0,1,0,0,0,1,0,1,0,0,0,1
-0.4417729543927777,0.6722515261017,1.120609143561416,1.149992475272733,0,1,1,0,1,0,0,1,0,0,1,0,1,0,1,0,0,0,0,1,1,0,0,1,0,0,0,0,1,0,0,1,1,0,0,1,0,0,0,1,0
2.2636062032690805,0.9164859351332639,1.1239274966789459,1.4561032238578686,0,1,1,0,1,0,0,1,0,0,1,0,1,0,0,0,1,1,0,0,1,0,0,1,0,0,0,0,1,0,0,1,1,0,0,0,1,0,0,1,0
2.2636062032690805,-0.6710377235719017,0.677609002371163,-0.4066412711898897,1,0,0,1,1,0,0,1,0,0,1,0,1,0,1,0,0,1,0,0,1,0,0,1,0,0,1,0,0,0,0,1,1,0,0,0,1,0,1,0,0
-0.4417729543927777,1.201426079003422,0.9646465470375069,1.5173297641478818,1,0,1,0,1,0,0,1,0,0,1,0,1,0,1,0,0,1,0,0,1,0,0,1,0,0,0,0,1,0,0,1,0,1,0,0,1,1,0,0,0
-0.4417729543927777,1.038603139649046,0.9447364283323271,1.3761289369175613,1,0,0,1,0,1,0,1,0,0,1,0,1,0,0,0,1,0,0,1,1,0,0,1,0,0,1,0,0,0,0,1,1,0,0,0,1,1,0,0,0
-0.4417729543927777,1.48636622287358,-1.5108448786398616,-0.41935197998441015,1,0,0,1,0,1,0,1,1,0,0,0,0,1,0,1,0,0,1,0,0,1,0,0,1,0,0,1,0,0,1,0,0,0,1,1,0,0,0,0,1
-0.4417729543927777,-1.2816237461508115,0.3739796921171697,-0.9769547492086249,0,1,0,1,1,0,0,1,1,0,0,0,1,0,1,0,0,1,0,0,0,0,1,1,0,0,1,0,0,1,0,0,1,0,0,1,0,0,0,1,0
-0.4417729543927777,-0.2232746403473678,-0.2913501079475923,-0.3784537926196578,1,0,1,0,1,0,0,1,1,0,0,1,0,0,1,0,0,0,0,1,1,0,0,0,0,1,1,0,0,1,0,0,1,0,0,0,1,0,0,0,1
2.2636062032690805,0.6722515261017,0.5448748776699636,0.7725568685297438,0,1,1,0,1,0,0,1,0,0,1,1,0,0,0,0,1,0,0,1,0,0,1,0,0,1,1,0,0,0,0,1,0,0,1,1,0,0,1,0,0
-0.4417729543927777,-1.2816237461508115,0.6809273554886932,-0.9728934691965588,1,0,1,0,1,0,0,1,1,0,0,0,1,0,1,0,0,1,0,0,0,0,1,1,0,0,0,0,1,1,0,0,1,0,0,0,1,0,0,1,0
-0.4417729543927777,1.3235432835192038,-1.3316538102932425,-0.3075021331656159,0,1,1,0,1,0,0,1,0,0,1,0,0,1,0,1,0,0,1,0,0,1,0,0,1,0,0,1,0,0,1,0,0,1,0,1,0,0,1,0,0
-0.4417729543927777,0.2651941777157601,1.2782309166440904,0.7433815110376578,1,0,1,0,1,0,0,1,0,0,1,0,1,0,1,0,0,0,0,1,0,0,1,1,0,0,0,0,1,0,0,1,1,0,0,0,1,0,0,1,0
-0.4417729543927777,0.42801711707013607,0.7024966507526379,0.5489669392168058,0,1,0,1,1,0,0,1,1,0,0,0,1,0,0,0,1,0,0,1,0,0,1,1,0,0,1,0,0,1,0,0,1,0,0,0,1,0,1,0,0
-0.4417729543927777,-0.5082147842175258,-1.3432680462045972,-0.7984340515971559,1,0,0,1,1,0,1,0,0,1,0,1,0,0,1,0,0,1,0,0,1,0,0,1,0,0,1,0,0,1,0,0,1,0,0,0,1,0,0,1,0
-0.4417729543927777,-0.8338606629262777,0.6676539430185732,-0.5714414282200543,0,1,0,1,1,0,0,1,1,0,0,0,1,0,1,0,0,0,0,1,1,0,0,1,0,0,1,0,0,0,0,1,1,0,0,0,1,0,1,0,0
-0.4417729543927777,-1.0780950719578417,-1.5025489958460365,-0.9661100339331617,0,1,1,0,0,1,0,1,1,0,0,0,0,1,0,1,0,0,1,0,0,1,0,0,1,0,0,1,0,0,1,0,1,0,0,1,0,0,0,0,1
-0.4417729543927777,1.445660488034986,-1.3084253384705324,-0.21053632876942086,1,0,1,0,1,0,0,1,0,0,1,0,0,1,0,1,0,0,1,0,0,1,0,0,1,0,0,1,0,0,1,0,0,0,1,1,0,1,0,0,0
-0.4417729543927777,0.5908400564245121,0.037166850687876125,0.3161787594981611,1,0,0,1,1,0,0,1,1,0,0,1,0,0,0,0,1,1,0,0,0,0,1,1,0,0,0,0,1,1,0,0,0,1,0,0,1,0,1,0,0
-0.4417729543927777,1.201426079003422,1.6797516438652182,2.1328222381927366,0,1,0,1,0,1,0,1,0,0,1,0,1,0,0,0,1,0,0,1,0,0,1,0,0,1,0,0,1,0,0,1,0,0,1,1,0,1,0,0,0
-0.4417729543927777,0.9571916699718579,1.120609143561416,1.478824439060509,1,0,0,1,1,0,0,1,1,0,0,0,1,0,1,0,0,1,0,0,0,0,1,0,0,1,0,0,1,0,0,1,1,0,0,0,1,0,0,1,0
-0.4417729543927777,-0.6303319887333078,-1.5125040551986264,-0.8756203246913424,1,0,0,1,1,0,0,1,1,0,0,0,0,1,0,1,0,0,1,0,0,1,0,0,1,0,0,1,0,0,1,0,0,1,0,1,0,0,0,0,1
-0.4417729543927777,0.10237123836138413,0.5017362871420739,0.23471167774260765,1,0,1,0,1,0,0,1,0,0,1,0,1,0,1,0,0,1,0,0,1,0,0,0,0,1,1,0,0,1,0,0,1,0,0,1,0,0,1,0,0
2.2636062032690805,-1.2409180113122176,0.4735302856430692,-0.9345198612987664,1,0,0,1,1,0,0,1,0,0,1,0,1,0,1,0,0,1,0,0,0,0,1,1,0,0,1,0,0,1,0,0,1,0,0,1,0,0,0,1,0
-0.4417729543927777,-1.2816237461508115,-0.9931817923051839,-0.9950439099110168,1,0,0,1,1,0,1,0,0,1,0,1,0,0,1,0,0,1,0,0,1,0,0,1,0,0,1,0,0,0,0,1,1,0,0,1,0,0,0,1,0
-0.4417729543927777,0.6315457912631061,1.2715942104090303,1.2013621792091371,1,0,0,1,0,1,0,1,0,0,1,0,1,0,0,0,1,0,0,1,1,0,0,1,0,0,0,0,1,0,0,1,0,1,0,0,1,0,1,0,0
-0.4417729543927777,0.509428586747324,0.8086839505135974,0.8301831389712225,1,0,1,0,1,0,0,1,0,0,1,0,1,0,1,0,0,1,0,0,0,0,1,1,0,0,1,0,0,0,0,1,1,0,0,0,1,0,1,0,0
-0.4417729543927777,1.5270719577121739,0.8368899520126026,1.7280114088819287,0,1,0,1,0,1,0,1,0,0,1,1,0,0,0,0,1,0,0,1,0,0,1,0,0,1,0,0,1,0,0,1,0,0,1,0,1,0,1,0,0
-0.4417729543927777,-0.06045170099299184,0.44864263726159437,0.05875946532795881,0,1,1,0,1,0,0,1,1,0,0,0,1,0,1,0,0,0,0,1,1,0,0,0,0,1,1,0,0,1,0,0,1,0,0,0,1,0,0,1,0
-0.4417729543927777,1.07930887448764,-1.3250171040581824,-0.3472148658241437,0,1,1,0,1,0,0,1,0,0,1,0,0,1,0,1,0,0,1,0,0,1,0,0,1,0,0,1,0,0,1,0,0,0,1,1,0,0,0,0,1
2.2636062032690805,0.5908400564245121,0.6643355899010434,0.7537432632846591,0,1,0,1,0,1,0,1,1,0,0,0,1,0,1,0,0,0,0,1,1,0,0,1,0,0,0,0,1,1,0,0,0,1,0,0,1,1,0,0,0
-0.4417729543927777,-0.019745966154397845,-1.5257774676687463,-0.7408516868855372,0,1,0,1,0,1,0,1,1,0,0,0,0,1,0,1,0,0,1,0,0,1,0,0,1,0,0,1,0,0,1,0,0,0,1,1,0,0,0,0,1
-0.4417729543927777,0.2244884428771661,0.18815191753549032,0.17864406071116484,0,1,1,0,1,0,0,1,1,0,0,1,0,0,0,0,1,0,0,1,1,0,0,0,0,1,0,0,1,1,0,0,0,1,0,1,0,0,0,0,1
-0.4417729543927777,1.07930887448764,0.6079235869030335,1.1625275611478127,1,0,1,0,1,0,0,1,0,0,1,0,1,0,1,0,0,0,0,1,0,0,1,1,0,0,1,0,0,1,0,0,1,0,0,0,1,0,0,1,0
-0.4417729543927777,-0.2232746403473678,1.1803394996769558,0.16338681958475423,0,1,1,0,1,0,0,1,0,0,1,0,1,0,1,0,0,1,0,0,0,0,1,1,0,0,0,0,1,0,0,1,0,1,0,0,1,1,0,0,0
-0.4417729543927777,1.038603139649046,0.9746016063900966,1.4527663883884954,1,0,0,1,1,0,0,1,0,0,1,0,1,0,1,0,0,0,0,1,0,0,1,1,0,0,1,0,0,0,0,1,0,1,0,0,1,0,0,1,0
-0.4417729543927777,1.5677776925507678,1.538721636370194,2.495856765541588,1,0,1,0,1,0,0,1,0,0,1,0,1,0,0,0,1,0,0,1,0,0,1,0,0,1,0,0,1,0,0,1,0,0,1,1,0,0,0,0,1
2.2636062032690805,-0.2232746403473678,0.7141108866639931,0.043787611445639384,1,0,1,0,1,0,0,1,0,0,1,0,1,0,1,0,0,0,0,1,0,0,1,1,0,0,1,0,0,1,0,0,1,0,0,0,1,1,0,0,0
2.2636062032690805,1.3235432835192038,1.2682758572915005,1.971863832525337,0,1,0,1,1,0,0,1,0,0,1,0,1,0,1,0,0,0,0,1,0,0,1,1,0,0,0,0,1,0,0,1,0,1,0,0,1,1,0,0,0
-0.4417729543927777,0.6315457912631061,0.19976615344684556,0.5830158327233709,0,1,1,0,1,0,0,1,0,0,1,1,0,0,0,0,1,1,0,0,1,0,0,0,0,1,1,0,0,0,0,1,0,1,0,0,1,1,0,0,0
-0.4417729543927777,-0.18256890550877383,0.5199872292884887,-0.024749232866092992,1,0,1,0,1,0,0,1,1,0,0,0,1,0,1,0,0,1,0,0,1,0,0,1,0,0,1,0,0,0,0,1,1,0,0,0,1,0,0,1,0
-0.4417729543927777,-0.5489205190561198,-1.3349721634107723,-0.8058760728084554,1,0,1,0,1,0,0,1,0,0,1,0,0,1,0,1,0,0,1,0,0,1,0,0,1,0,0,1,0,0,1,0,1,0,0,1,0,1,0,0,0
-0.4417729543927777,1.038603139649046,0.3607062796470496,0.9283563509385726,1,0,0,1,0,1,0,1,0,0,1,1,0,0,0,0,1,1,0,0,0,0,1,0,0,1,0,0,1,1,0,0,0,0,1,1,0,0,0,0,1
-0.4417729543927777,0.835074465456076,1.1737027934418958,1.2730382832058718,1,0,1,0,1,0,0,1,1,0,0,0,1,0,1,0,0,0,0,1,0,0,1,1,0,0,0,0,1,0,0,1,0,1,0,0,1,0,0,0,1
2.2636062032690805,0.3058999125543541,0.9828974891839216,0.5879552273326405,1,0,0,1,0,1,0,1,0,0,1,0,1,0,1,0,0,1,0,0,1,0,0,1,0,0,0,0,1,0,0,1,1,0,0,0,1,0,1,0,0
-0.4417729543927777,-1.2816237461508115,-1.5158224083161564,-1.0019590623639942,0,1,1,0,0,1,0,1,1,0,0,0,0,1,0,1,0,0,1,0,0,1,0,0,1,0,0,1,0,0,1,0,1,0,0,1,0,0,0,0,1
-0.4417729543927777,0.3058999125543541,1.3130736243781551,0.7619975404983719,0,1,1,0,1,0,0,1,0,0,1,0,1,0,1,0,0,0,0,1,0,0,1,1,0,0,0,0,1,0,0,1,1,0,0,0,1,0,1,0,0
-0.4417729543927777,1.160720344164828,-1.3100845150292972,-0.33487735573343475,0,1,0,1,1,0,0,1,0,0,1,0,0,1,0,1,0,0,1,0,0,1,0,0,1,0,0,1,0,0,1,0,0,0,1,1,0,1,0,0,0
2.2636062032690805,1.364249018357798,1.523789047341309,2.2788966014375367,0,1,0,1,1,0,0,1,0,0,1,0,1,0,1,0,0,0,0,1,0,0,1,0,0,1,0,0,1,0,0,1,0,1,0,0,1,0,0,1,0
-0.4417729543927777,0.3058999125543541,-0.8189682536348597,-0.3237033474840203,0,1,1,0,0,1,1,0,0,1,0,1,0,0,0,0,1,0,0,1,1,0,0,0,0,1,1,0,0,1,0,0,0,1,0,1,0,0,0,0,1
-0.4417729543927777,-0.7117434584104957,1.153792674736716,-0.3225178927777956,0,1,1,0,1,0,0,1,0,0,1,0,1,0,0,0,1,1,0,0,1,0,0,1,0,0,0,0,1,0,0,1,1,0,0,0,1,0,0,1,0
-0.4417729543927777,1.445660488034986,-1.3001294556767076,-0.27009445132474735,0,1,0,1,0,1,0,1,0,0,1,0,0,1,0,1,0,0,1,0,0,1,0,0,1,0,0,1,0,0,1,0,0,0,1,1,0,0,0,0,1
2.2636062032690805,-0.8338606629262777,0.515009699612194,-0.5932186702307007,0,1,0,1,1,0,0,1,1,0,0,0,1,0,1,0,0,1,0,0,1,0,0,1,0,0,1,0,0,0,0,1,1,0,0,0,1,0,0,1,0
-0.4417729543927777,-1.2816237461508115,-1.5108448786398616,-1.0018932037692039,1,0,1,0,1,0,0,1,1,0,0,0,0,1,0,1,0,0,1,0,0,1,0,0,1,0,0,1,0,0,1,0,1,0,0,1,0,0,1,0,0
-0.4417729543927777,-0.9966836022806537,-1.5075265255223316,-0.9392177743938049,1,0,0,1,0,1,0,1,1,0,0,0,0,1,0,1,0,0,1,0,0,1,0,0,1,0,0,1,0,0,1,0,0,0,1,1,0,0,0,0,1
-0.4417729543927777,0.3058999125543541,0.3275227484717497,0.29433565889272434,1,0,1,0,1,0,0,1,1,0,0,0,1,0,1,0,0,0,0,1,1,0,0,1,0,0,1,0,0,1,0,0,1,0,0,1,0,0,1,0,0
2.2636062032690805,1.6084834273893618,1.2516840917038505,2.304603406270669,0,1,0,1,1,0,0,1,0,0,1,0,1,0,0,0,1,0,0,1,0,0,1,1,0,0,1,0,0,0,0,1,0,0,1,0,1,0,1,0,0
-0.4417729543927777,-0.9559778674420596,0.2644740392386803,-0.7244089910529018,1,0,1,0,0,1,0,1,1,0,0,1,0,0,1,0,0,1,0,0,0,0,1,0,0,1,0,0,1,0,0,1,1,0,0,0,1,0,0,0,1
-0.4417729543927777,-0.7117434584104957,-0.19843622065675257,-0.591045336602622,1,0,1,0,1,0,0,1,1,0,0,1,0,0,0,0,1,1,0,0,0,0,1,0,0,1,1,0,0,1,0,0,1,0,0,1,0,0,0,1,0
-0.4417729543927777,-1.2816237461508115,-1.5091857020810964,-1.001871250904274,0,1,1,0,1,0,0,1,1,0,0,0,0,1,0,1,0,0,1,0,0,1,0,0,1,0,0,1,0,0,1,0,1,0,0,1,0,0,0,1,0
-0.4417729543927777,0.020959768684196148,0.6112419400205633,0.20044325558674148,1,0,1,0,1,0,0,1,0,0,1,0,1,0,1,0,0,1,0,0,1,0,0,1,0,0,1,0,0,0,0,1,1,0,0,0,1,0,0,1,0
-0.4417729543927777,0.2244884428771661,-1.4925939364934464,-0.6783079746997187,1,0,0,1,0,1,0,1,1,0,0,0,0,1,0,1,0,0,1,0,0,1,0,0,1,0,0,1,0,0,1,0,0,0,1,0,1,0,0,0,1
-0.4417729543927777,0.9164859351332639,-0.005971739840013577,0.5777032394102899,1,0,1,0,1,0,0,1,1,0,0,1,0,0,1,0,0,0,0,1,0,0,1,1,0,0,1,0,0,0,0,1,0,0,1,0,1,0,0,0,1
-0.4417729543927777,1.3235432835192038,0.4801669918781293,1.2164437974161066,1,0,0,1,0,1,0,1,0,0,1,1,0,0,1,0,0,0,0,1,1,0,0,0,0,1,0,0,1,0,0,1,0,0,1,0,1,1,0,0,0
-0.4417729543927777,-1.1595065416350296,-0.3394662281517769,-0.9072104973257378,1,0,0,1,1,0,0,1,1,0,0,1,0,0,0,0,1,0,0,1,1,0,0,1,0,0,1,0,0,1,0,0,1,0,0,1,0,0,0,0,1
-0.4417729543927777,0.42801711707013607,1.362848921141105,0.9795284790906059,1,0,1,0,0,1,0,1,1,0,0,0,1,0,0,0,1,0,0,1,1,0,0,0,0,1,0,0,1,0,0,1,0,1,0,0,1,0,1,0,0
-0.4417729543927777,-0.5896262538947138,-0.9865450860701238,-0.7437714179212387,1,0,1,0,1,0,1,0,0,1,0,1,0,0,1,0,0,1,0,0,0,0,1,0,0,1,1,0,0,1,0,0,1,0,0,0,1,0,0,1,0
2.2636062032690805,-1.2816237461508115,0.9497139580086218,-0.9693371050778845,0,1,1,0,1,0,0,1,0,0,1,0,1,0,1,0,0,1,0,0,1,0,0,1,0,0,0,0,1,0,0,1,1,0,0,0,1,0,0,1,0
-0.4417729543927777,-1.2816237461508115,-1.5274366442275114,-1.0021127324185048,0,1,1,0,1,0,0,1,1,0,0,0,0,1,0,1,0,0,1,0,0,1,0,0,1,0,0,1,0,0,1,0,1,0,0,1,0,0,0,0,1
-0.4417729543927777,-1.2002122764736236,0.17819685818290046,-0.9187137985491036,0,1,0,1,1,0,0,1,1,0,0,0,1,0,1,0,0,1,0,0,1,0,0,1,0,0,1,0,0,1,0,0,1,0,0,0,1,0,0,1,0
-0.4417729543927777,0.3466056473929481,-1.4693654646707368,-0.625994297571321,1,0,0,1,1,0,0,1,1,0,0,0,0,1,0,1,0,0,1,0,0,1,0,0,1,0,0,1,0,0,1,0,0,0,1,1,0,0,1,0,0
-0.4417729543927777,-0.6710377235719017,0.7804779490145928,-0.3860275310205379,1,0,1,0,1,0,0,1,0,0,1,0,1,0,1,0,0,1,0,0,0,0,1,1,0,0,1,0,0,0,0,1,1,0,0,0,1,0,0,1,0
-0.4417729543927777,-1.1188008067964357,0.506713816818369,-0.8417031483743577,1,0,1,0,1,0,0,1,1,0,0,0,1,0,1,0,0,1,0,0,1,0,0,1,0,0,0,0,1,1,0,0,1,0,0,1,0,0,0,1,0
-0.4417729543927777,0.9571916699718579,1.3412796258771598,1.5336846485207967,0,1,1,0,1,0,0,1,0,0,1,0,1,0,0,0,1,1,0,0,1,0,0,0,0,1,0,0,1,0,0,1,1,0,0,0,1,0,0,0,1
2.2636062032690805,-0.18256890550877383,-1.3017886322354724,-0.6878794238092367,1,0,0,1,1,0,0,1,0,0,1,0,0,1,0,1,0,0,1,0,0,1,0,0,1,0,0,1,0,0,1,0,1,0,0,1,0,0,0,0,1
-0.4417729543927777,0.87578020029467,-1.4892755833759166,-0.5263941493835153,1,0,0,1,1,0,0,1,1,0,0,0,0,1,0,1,0,0,1,0,0,1,0,0,1,0,0,1,0,0,1,0,0,0,1,1,0,0,1,0,0
-0.4417729543927777,-1.2816237461508115,-1.5075265255223316,-1.0018492980393439,0,1,1,0,1,0,0,1,1,0,0,0,0,1,0,1,0,0,1,0,0,1,0,0,1,0,0,1,0,0,1,0,1,0,0,0,1,0,0,0,1
-0.4417729543927777,0.38731138223154205,1.4391710428442945,1.0031717146203096,0,1,0,1,1,0,0,1,0,0,1,0,1,0,1,0,0,1,0,0,0,0,1,0,0,1,0,0,1,0,0,1,0,1,0,0,1,0,0,1,0
-0.4417729543927777,1.364249018357798,1.35123468522975,1.994716764917558,0,1,1,0,1,0,0,1,1,0,0,0,1,0,0,0,1,1,0,0,0,0,1,0,0,1,0,0,1,0,0,1,0,0,1,0,1,1,0,0,0
2.2636062032690805,-0.9966836022806537,0.6328112352845083,-0.741093168399768,1,0,0,1,1,0,0,1,0,0,1,0,1,0,1,0,0,1,0,0,1,0,0,1,0,0,1,0,0,0,0,1,1,0,0,0,1,0,0,1,0
-0.4417729543927777,-0.7524491932490897,-1.3067661619117674,-0.8468840244978583,1,0,0,1,0,1,0,1,0,0,1,0,0,1,0,1,0,0,1,0,0,1,0,0,1,0,0,1,0,0,1,0,1,0,0,1,0,0,0,0,1
-0.4417729543927777,0.42801711707013607,-0.5269531792922212,-0.09884015200513727,1,0,1,0,1,0,1,0,0,1,0,1,0,0,1,0,0,1,0,0,0,0,1,1,0,0,0,0,1,0,0,1,1,0,0,0,1,1,0,0,0
-0.4417729543927777,1.5270719577121739,-0.5004063543519812,0.4692999923855193,1,0,0,1,1,0,1,0,0,1,0,1,0,0,0,0,1,1,0,0,0,0,1,0,0,1,1,0,0,0,0,1,0,0,1,0,1,1,0,0,0
-0.4417729543927777,-0.06045170099299184,0.8086839505135974,0.22904783859064512,0,1,0,1,0,1,0,1,0,0,1,0,1,0,0,0,1,1,0,0,0,0,1,0,0,1,1,0,0,1,0,0,1,0,0,1,0,0,0,1,0
-0.4417729543927777,1.6084834273893618,1.558631755075374,2.533242494517527,0,1,0,1,1,0,0,1,0,0,1,0,1,0,0,0,1,1,0,0,0,0,1,0,0,1,0,0,1,0,0,1,0,0,1,0,1,0,1,0,0
-0.4417729543927777,0.061665503522790134,0.09026050056835615,0.0166758232569817,1,0,1,0,0,1,0,1,1,0,0,1,0,0,0,0,1,1,0,0,0,0,1,0,0,1,0,0,1,1,0,0,0,0,1,1,0,0,1,0,0
-0.4417729543927777,-0.5489205190561198,-1.4975714661697417,-0.859155675993777,0,1,0,1,0,1,0,1,1,0,0,0,0,1,0,1,0,0,1,0,0,1,0,0,1,0,0,1,0,0,1,0,0,1,0,1,0,0,0,0,1
-0.4417729543927777,0.835074465456076,1.3661672742586348,1.5228399332453337,1,0,0,1,1,0,0,1,1,0,0,0,1,0,0,0,1,0,0,1,0,0,1,1,0,0,0,0,1,0,0,1,0,1,0,0,1,1,0,0,0
-0.4417729543927777,-1.2002122764736236,-0.8173090770760948,-0.9697981152414165,1,0,0,1,0,1,1,0,0,1,0,1,0,0,1,0,0,0,0,1,1,0,0,1,0,0,1,0,0,0,0,1,1,0,0,1,0,0,0,0,1
-0.4417729543927777,-0.7931549280876837,0.49344040434824893,-0.5830105880382102,0,1,1,0,1,0,0,1,1,0,0,0,1,0,1,0,0,0,0,1,0,0,1,1,0,0,1,0,0,1,0,0,1,0,0,0,1,0,0,1,0
-0.4417729543927777,-0.3453918448631498,0.3142493360016301,-0.2583496685871507,0,1,0,1,1,0,0,1,1,0,0,1,0,0,0,0,1,1,0,0,1,0,0,0,0,1,0,0,1,0,0,1,0,1,0,1,0,1,0,0,0
2.2636062032690805,-1.1595065416350296,0.7937513614847125,-0.8468840244978583,1,0,1,0,1,0,0,1,0,0,1,0,1,0,1,0,0,1,0,0,0,0,1,1,0,0,1,0,0,0,0,1,1,0,0,0,1,0,0,1,0
2.2636062032690805,-0.019745966154397845,0.4834853449956591,0.1596767854115696,1,0,1,0,1,0,0,1,1,0,0,0,1,0,1,0,0,1,0,0,1,0,0,1,0,0,1,0,0,0,0,1,1,0,0,0,1,0,0,1,0
-0.4417729543927777,0.2651941777157601,-0.8173090770760948,-0.29457189572179454,1,0,1,0,1,0,1,0,0,1,0,1,0,0,0,0,1,0,0,1,1,0,0,0,0,1,1,0,0,1,0,0,0,1,0,0,1,1,0,0,0
-0.4417729543927777,1.6084834273893618,1.4872871630484794,2.3961907587589923,0,1,0,1,1,0,0,1,0,0,1,0,1,0,1,0,0,0,0,1,0,0,1,0,0,1,0,0,1,0,0,1,0,0,1,0,1,0,1,0,0
-0.4417729543927777,1.120014609326234,1.3595305680235752,1.7979971422790466,1,0,1,0,1,0,0,1,0,0,1,0,1,0,1,0,0,0,0,1,0,0,1,1,0,0,0,0,1,0,0,1,1,0,0,0,1,0,0,1,0
-0.4417729543927777,-1.1595065416350296,-1.3100845150292972,-0.973442290819811,1,0,1,0,0,1,0,1,0,0,1,0,0,1,0,1,0,0,1,0,0,1,0,0,1,0,0,1,0,0,1,0,1,0,0,0,1,0,0,0,1
-0.4417729543927777,1.6084834273893618,-1.3333129868520073,-0.22994266136761793,0,1,1,0,1,0,0,1,0,0,1,0,0,1,0,1,0,0,1,0,0,1,0,0,1,0,0,1,0,0,1,0,0,0,1,1,0,1,0,0,0
-0.4417729543927777,-0.9559778674420596,-0.5369082386448111,-0.8162597779203866,1,0,0,1,1,0,1,0,0,1,0,1,0,0,1,0,0,1,0,0,0,0,1,1,0,0,0,0,1,0,0,1,1,0,0,0,1,0,0,1,0
-0.4417729543927777,-0.14186317067017984,-0.8438559020163346,-0.5350216253010396,1,0,1,0,1,0,1,0,0,1,0,1,0,0,0,0,1,0,0,1,1,0,0,0,0,1,1,0,0,1,0,0,0,1,0,1,0,0,1,0,0
-0.4417729543927777,-0.5896262538947138,-1.3664965180273072,-0.8240310921056375,0,1,1,0,1,0,0,1,0,0,1,0,0,1,0,1,0,0,1,0,0,1,0,0,1,0,0,1,0,0,1,0,0,1,0,1,0,0,0,0,1
2.2636062032690805,1.6084834273893618,0.8169798333074224,1.821003744725778,1,0,0,1,0,1,0,1,0,0,1,1,0,0,0,0,1,0,0,1,0,0,1,0,0,1,0,0,1,0,0,1,0,0,1,0,1,0,1,0,0
-0.4417729543927777,-1.2409180113122176,-1.4892755833759166,-0.9916631687117834,0,1,1,0,1,0,0,1,1,0,0,0,0,1,0,1,0,0,1,0,0,1,0,0,1,0,0,1,0,0,1,0,1,0,0,1,0,0,0,0,1
-0.4417729543927777,1.5677776925507678,1.4823096333721841,2.4380109664508085,0,1,0,1,1,0,0,1,0,0,1,0,1,0,0,0,1,0,0,1,0,0,1,1,0,0,0,0,1,0,0,1,0,1,0,0,1,0,0,1,0
-0.4417729543927777,-0.9966836022806537,-1.5058673489635666,-0.9396568316924067,0,1,0,1,1,0,0,1,1,0,0,0,0,1,0,1,0,0,1,0,0,1,0,0,1,0,0,1,0,0,1,0,1,0,0,0,1,1,0,0,0
2.2636062032690805,1.6084834273893618,0.7672045365444726,1.8108176153982174,1,0,0,1,0,1,0,1,0,0,1,1,0,0,0,0,1,0,0,1,0,0,1,0,0,1,0,0,1,0,0,1,0,0,1,0,1,0,1,0,0
-0.4417729543927777,1.5677776925507678,0.19644780032931528,1.173196653503835,0,1,0,1,0,1,0,1,1,0,0,1,0,0,0,0,1,1,0,0,0,0,1,0,0,1,1,0,0,0,0,1,0,0,1,0,1,0,1,0,0
-0.4417729543927777,0.46872285190873003,1.3645080976998698,0.9700887471706684,0,1,1,0,1,0,0,1,1,0,0,0,1,0,0,0,1,0,0,1,0,0,1,1,0,0,0,0,1,0,0,1,0,1,0,0,1,0,0,1,0
-0.4417729543927777,0.5908400564245121,-1.3399496930870674,-0.5009068731996841,0,1,0,1,0,1,0,1,0,0,1,0,0,1,0,1,0,0,1,0,0,1,0,0,1,0,0,1,0,0,1,0,0,0,1,1,0,0,0,0,1
2.2636062032690805,-0.2232746403473678,1.5121748114299542,0.2442392211222654,1,0,1,0,1,0,0,1,0,0,1,0,1,0,0,0,1,0,0,1,0,0,1,1,0,0,0,0,1,0,0,1,0,1,0,0,1,1,0,0,0
-0.4417729543927777,-1.2816237461508115,-0.5037247074695113,-0.988567814756641,0,1,1,0,1,0,0,1,1,0,0,1,0,0,0,0,1,1,0,0,1,0,0,1,0,0,1,0,0,1,0,0,1,0,0,1,0,0,0,1,0
-0.4417729543927777,0.550134321585918,-1.3266762806169472,-0.4985140109223046,1,0,0,1,0,1,0,1,0,0,1,0,0,1,0,1,0,0,1,0,0,1,0,0,1,0,0,1,0,0,1,0,0,1,0,1,0,0,0,0,1
-0.4417729543927777,-0.8745663977648717,-1.0031368516577739,-0.8420104884833789,0,1,1,0,1,0,1,0,0,1,0,1,0,0,1,0,0,0,0,1,0,0,1,1,0,0,1,0,0,1,0,0,1,0,0,1,0,0,0,0,1
2.2636062032690805,0.3466056473929481,1.1571110278542458,0.8596658365723299,0,1,0,1,1,0,0,1,0,0,1,0,1,0,1,0,0,1,0,0,0,0,1,1,0,0,0,0,1,0,0,1,1,0,0,0,1,0,0,1,0
-0.4417729543927777,1.48636622287358,-0.11547739271850296,0.8034225966214463,1,0,0,1,1,0,0,1,1,0,0,1,0,0,1,0,0,0,0,1,1,0,0,1,0,0,1,0,0,0,0,1,0,0,1,0,1,0,1,0,0
-0.4417729543927777,-0.7931549280876837,-1.4925939364934464,-0.8989781729769551,0,1,1,0,1,0,0,1,1,0,0,0,0,1,0,1,0,0,1,0,0,1,0,0,1,0,0,1,0,0,1,0,0,1,0,0,1,0,0,1,0
-0.4417729543927777,0.509428586747324,-1.4909347599346816,-0.621230525881492,1,0,0,1,0,1,0,1,1,0,0,0,0,1,0,1,0,0,1,0,0,1,0,0,1,0,0,1,0,0,1,0,0,0,1,0,1,1,0,0,0
-0.4417729543927777,-0.3453918448631498,-1.3382905165283023,-0.7502036073457542,0,1,1,0,1,0,0,1,0,0,1,0,0,1,0,1,0,0,1,0,0,1,0,0,1,0,0,1,0,0,1,0,0,1,0,1,0,0,0,1,0
-0.4417729543927777,1.3235432835192038,-1.3001294556767076,-0.2838808505008421,0,1,1,0,1,0,0,1,0,0,1,0,0,1,0,1,0,0,1,0,0,1,0,0,1,0,0,1,0,0,1,0,0,0,1,1,0,0,0,0,1
2.2636062032690805,-1.2816237461508115,-0.5103614137045713,-0.9886556262163613,1,0,0,1,1,0,0,1,1,0,0,1,0,0,0,0,1,1,0,0,1,0,0,1,0,0,1,0,0,1,0,0,1,0,0,0,1,0,0,1,0
-0.4417729543927777,0.753662995778888,0.38061639835222977,0.731022048082019,0,1,0,1,0,1,0,1,1,0,0,1,0,0,0,0,1,1,0,0,1,0,0,0,0,1,0,0,1,0,0,1,0,1,0,0,1,1,0,0,0
-0.4417729543927777,-0.8745663977648717,-1.4909347599346816,-0.9173527209234382,1,0,1,0,1,0,0,1,1,0,0,0,0,1,0,1,0,0,1,0,0,1,0,0,1,0,0,1,0,0,1,0,0,1,0,1,0,0,0,0,1
-0.4417729543927777,-1.1188008067964357,1.0393094921819315,-0.7854160026936141,1,0,1,0,1,0,0,1,1,0,0,0,1,0,1,0,0,0,0,1,1,0,0,1,0,0,0,0,1,0,0,1,1,0,0,0,1,0,0,1,0
-0.4417729543927777,-0.9966836022806537,-1.5008898192872715,-0.9362541376282432,0,1,1,0,1,0,0,1,1,0,0,0,0,1,0,1,0,0,1,0,0,1,0,0,1,0,0,1,0,0,1,0,1,0,0,0,1,1,0,0,0
-0.4417729543927777,1.5677776925507678,0.5133505230534291,1.5041360923248994,0,1,0,1,1,0,0,1,0,0,1,1,0,0,0,0,1,0,0,1,0,0,1,0,0,1,1,0,0,0,0,1,0,0,1,1,0,0,1,0,0
-0.4417729543927777,-0.7117434584104957,0.9646465470375069,-0.34943210518208245,1,0,1,0,1,0,0,1,1,0,0,0,1,0,1,0,0,1,0,0,0,0,1,1,0,0,0,0,1,0,0,1,1,0,0,0,1,0,1,0,0
-0.4417729543927777,-0.18256890550877383,-1.4743429943470316,-0.7631997033843659,1,0,0,1,1,0,0,1,1,0,0,0,0,1,0,1,0,0,1,0,0,1,0,0,1,0,0,1,0,0,1,0,1,0,0,1,0,0,0,0,1
-0.4417729543927777,-0.6710377235719017,0.3258635719129848,-0.5145615551861984,1,0,1,0,1,0,0,1,0,0,1,0,1,0,1,0,0,1,0,0,1,0,0,1,0,0,1,0,0,1,0,0,1,0,0,0,1,0,1,0,0
-0.4417729543927777,0.835074465456076,-0.025881858545193294,0.522579595570841,0,1,0,1,0,1,0,1,0,0,1,1,0,0,0,0,1,0,0,1,1,0,0,0,0,1,1,0,0,1,0,0,0,1,0,1,0,1,0,0,0
-0.4417729543927777,-0.7524491932490897,-0.18184445506910263,-0.6675730237489061,1,0,0,1,0,1,0,1,1,0,0,1,0,0,0,0,1,0,0,1,1,0,0,0,0,1,1,0,0,1,0,0,1,0,0,1,0,1,0,0,0
-0.4417729543927777,0.6722515261017,1.185317029353251,1.148763114836648,1,0,1,0,1,0,0,1,1,0,0,0,1,0,1,0,0,1,0,0,0,0,1,0,0,1,0,0,1,0,0,1,0,0,1,1,0,0,1,0,0
-0.4417729543927777,1.5677776925507678,-0.5933202416428209,0.42249648435457343,1,0,0,1,1,0,1,0,0,1,0,1,0,0,1,0,0,1,0,0,0,0,1,0,0,1,1,0,0,0,0,1,0,0,1,0,1,0,0,1,0
-0.4417729543927777,0.509428586747324,-1.4627287584356767,-0.6187059464145319,1,0,0,1,0,1,0,1,1,0,0,0,0,1,0,1,0,0,1,0,0,1,0,0,1,0,0,1,0,0,1,0,0,0,1,1,0,0,0,0,1
-0.4417729543927777,0.835074465456076,1.1106540842088264,1.2505146437876022,1,0,0,1,1,0,0,1,0,0,1,0,1,0,1,0,0,0,0,1,1,0,0,1,0,0,0,0,1,0,0,1,1,0,0,0,1,0,1,0,0
-0.4417729543927777,-0.26398037518596185,-0.6795974226986004,-0.4906548852773334,1,0,1,0,1,0,1,0,0,1,0,1,0,0,1,0,0,1,0,0,0,0,1,0,0,1,0,0,1,1,0,0,1,0,0,0,1,0,1,0,0
-0.4417729543927777,1.404954753196392,0.7041558273114032,1.5729363710157929,1,0,0,1,1,0,0,1,0,0,1,1,0,0,1,0,0,0,0,1,0,0,1,0,0,1,0,0,1,0,0,1,0,0,1,1,0,1,0,0,0
-0.4417729543927777,-1.2409180113122176,0.6344704118432732,-0.9515552844845139,1,0,0,1,1,0,0,1,0,0,1,0,1,0,1,0,0,1,0,0,1,0,0,1,0,0,0,0,1,1,0,0,1,0,0,0,1,0,0,1,0
2.2636062032690805,-0.6303319887333078,0.5880134681978538,-0.36497473355258425,1,0,1,0,1,0,0,1,0,0,1,0,1,0,1,0,0,1,0,0,0,0,1,1,0,0,1,0,0,1,0,0,1,0,0,0,1,0,1,0,0
2.2636062032690805,-0.7931549280876837,0.5664441729339087,-0.5155055283781921,1,0,1,0,1,0,0,1,0,0,1,0,1,0,1,0,0,1,0,0,1,0,0,1,0,0,1,0,0,0,0,1,1,0,0,0,1,0,0,1,0
-0.4417729543927777,1.5677776925507678,1.3860773929638148,2.2308198272406456,0,1,1,0,0,1,0,1,0,0,1,0,1,0,0,0,1,1,0,0,0,0,1,1,0,0,0,0,1,0,0,1,0,0,1,1,0,1,0,0,0
-0.4417729543927777,1.445660488034986,-0.22166469247946255,0.7351491866888752,1,0,0,1,1,0,0,1,0,0,1,1,0,0,0,0,1,1,0,0,1,0,0,0,0,1,1,0,0,1,0,0,0,1,0,1,0,1,0,0,0
-0.4417729543927777,-1.2816237461508115,-1.5008898192872715,-1.0017614865796234,0,1,0,1,0,1,0,1,1,0,0,0,0,1,0,1,0,0,1,0,0,1,0,0,1,0,0,1,0,0,1,0,1,0,0,1,0,0,0,0,1
-0.4417729543927777,-0.9152721326034656,-1.4925939364934464,-0.914037838318995,0,1,1,0,0,1,0,1,1,0,0,0,0,1,0,1,0,0,1,0,0,1,0,0,1,0,0,1,0,0,1,0,0,1,0,0,1,1,0,0,0
-0.4417729543927777,0.3466056473929481,0.44864263726159437,0.3622797758513442,1,0,0,1,0,1,0,1,1,0,0,1,0,0,0,0,1,0,0,1,1,0,0,0,0,1,0,0,1,0,0,1,0,0,1,1,0,0,0,1,0
2.2636062032690805,-0.06045170099299184,-0.4821554122055664,-0.31665647784146234,1,0,0,1,1,0,1,0,0,1,0,1,0,0,0,0,1,0,0,1,0,0,1,1,0,0,1,0,0,0,0,1,0,1,0,0,1,0,1,0,0
-0.4417729543927777,-0.8745663977648717,0.14667250356636552,-0.6976923544329857,0,1,1,0,1,0,0,1,1,0,0,1,0,0,1,0,0,1,0,0,0,0,1,1,0,0,0,0,1,0,0,1,1,0,0,0,1,0,0,1,0
-0.4417729543927777,-1.2816237461508115,-1.3250171040581824,-0.9994344828970342,0,1,1,0,1,0,0,1,0,0,1,0,0,1,0,1,0,0,1,0,0,1,0,0,1,0,0,1,0,0,1,0,1,0,0,0,1,0,0,0,1
-0.4417729543927777,-0.42680331454033776,-1.4859572302583866,-0.8205186337168235,0,1,1,0,0,1,0,1,1,0,0,0,0,1,0,1,0,0,1,0,0,1,0,0,1,0,0,1,0,0,1,0,1,0,0,1,0,0,1,0,0
-0.4417729543927777,0.9978974048104519,0.8468450113651924,1.2857709448653223,0,1,1,0,1,0,0,1,0,0,1,0,1,0,1,0,0,1,0,0,1,0,0,0,0,1,0,0,1,1,0,0,0,0,1,0,1,0,1,0,0
-0.4417729543927777,-0.8338606629262777,-0.4539494107065615,-0.7416639428879503,1,0,0,1,1,0,0,1,1,0,0,1,0,0,1,0,0,0,0,1,1,0,0,1,0,0,1,0,0,1,0,0,1,0,0,0,1,0,0,1,0
-0.4417729543927777,1.404954753196392,-1.3051069853530024,-0.2243446808104457,1,0,1,0,1,0,0,1,0,0,1,0,0,1,0,1,0,0,1,0,0,1,0,0,1,0,0,1,0,0,1,0,0,0,1,0,1,1,0,0,0
-0.4417729543927777,-0.14186317067017984,-1.0346612062743088,-0.5672923367482677,0,1,0,1,1,0,1,0,0,1,0,1,0,0,1,0,0,1,0,0,1,0,0,1,0,0,0,0,1,1,0,0,1,0,0,1,0,0,0,0,1
-0.4417729543927777,-1.1595065416350296,-1.4743429943470316,-0.9763400689905825,0,1,0,1,0,1,0,1,1,0,0,0,0,1,0,1,0,0,1,0,0,1,0,0,1,0,0,1,0,0,1,0,1,0,0,0,1,0,0,0,1
-0.4417729543927777,-0.3046861100245558,-0.553500004232461,-0.44235858243114157,1,0,1,0,1,0,1,0,0,1,0,1,0,0,1,0,0,1,0,0,0,0,1,1,0,0,0,0,1,0,0,1,1,0,0,0,1,0,0,1,0
-0.4417729543927777,1.6084834273893618,-0.3079418735352422,0.6931533560776185,1,0,0,1,0,1,1,0,0,1,0,1,0,0,0,0,1,0,0,1,0,0,1,0,0,1,1,0,0,0,0,1,0,0,1,1,0,0,1,0,0
-0.4417729543927777,1.6084834273893618,0.8120023036311277,1.789259902036872,0,1,0,1,0,1,0,1,0,0,1,1,0,0,0,0,1,0,0,1,0,0,1,0,0,1,0,0,1,0,0,1,0,0,1,0,1,0,0,0,1
-0.4417729543927777,-0.9559778674420596,-0.8023764880472098,-0.852613722244611,1,0,1,0,1,0,1,0,0,1,0,1,0,0,1,0,0,0,0,1,1,0,0,1,0,0,1,0,0,0,0,1,1,0,0,1,0,0,0,1,0
-0.4417729543927777,0.835074465456076,0.15828673947772076,0.6079762401488802,0,1,0,1,0,1,0,1,0,0,1,1,0,0,0,0,1,0,0,1,1,0,0,1,0,0,1,0,0,0,0,1,0,0,1,1,0,1,0,0,0
-0.4417729543927777,1.445660488034986,1.5221298707825441,2.3060522953560545,1,0,0,1,1,0,0,1,0,0,1,0,1,0,0,0,1,0,0,1,0,0,1,1,0,0,0,0,1,0,0,1,0,0,1,0,1,1,0,0,0
2.2636062032690805,0.9978974048104519,-0.37928646556213685,0.3224792317330963,0,1,1,0,1,0,0,1,1,0,0,1,0,0,1,0,0,1,0,0,0,0,1,0,0,1,1,0,0,1,0,0,0,1,0,0,1,0,0,1,0
-0.4417729543927777,-0.7117434584104957,-1.3167212212643573,-0.8370491410091793,1,0,0,1,0,1,0,1,0,0,1,0,0,1,0,1,0,0,1,0,0,1,0,0,1,0,0,1,0,0,1,0,1,0,0,0,1,0,0,1,0
-0.4417729543927777,-0.3860975797017438,-1.5025489958460365,-0.8121545921784603,1,0,0,1,0,1,0,1,1,0,0,0,0,1,0,1,0,0,1,0,0,1,0,0,1,0,0,1,0,0,1,0,0,0,1,0,1,0,0,0,1
-0.4417729543927777,-0.8338606629262777,-1.3582006352334821,-0.8920191147941174,0,1,0,1,0,1,0,1,0,0,1,0,0,1,0,1,0,0,1,0,0,1,0,0,1,0,0,1,0,0,1,0,0,0,1,0,1,1,0,0,0
-0.4417729543927777,0.10237123836138413,-0.3909007014734918,-0.16263517749197054,0,1,0,1,1,0,1,0,0,1,0,1,0,0,0,0,1,1,0,0,0,0,1,1,0,0,0,0,1,0,0,1,0,1,0,1,0,0,1,0,0
-0.4417729543927777,-0.5489205190561198,0.8202981864249527,-0.23720905965947678,1,0,0,1,1,0,0,1,0,0,1,0,1,0,1,0,0,1,0,0,0,0,1,1,0,0,1,0,0,0,0,1,1,0,0,1,0,0,0,0,1
-0.4417729543927777,-0.9966836022806537,0.6494030008721583,-0.7194695964436322,0,1,1,0,1,0,0,1,0,0,1,0,1,0,1,0,0,1,0,0,1,0,0,1,0,0,1,0,0,0,0,1,1,0,0,1,0,1,0,0,0
-0.4417729543927777,0.835074465456076,-1.5025489958460365,-0.5810128773295723,0,1,1,0,1,0,0,1,1,0,0,0,0,1,0,1,0,0,1,0,0,1,0,0,1,0,0,1,0,0,1,0,0,0,1,1,0,1,0,0,0
-0.4417729543927777,-0.7931549280876837,-1.4776613474645617,-0.8999221461689488,0,1,1,0,1,0,0,1,1,0,0,0,0,1,0,1,0,0,1,0,0,1,0,0,1,0,0,1,0,0,1,0,1,0,0,0,1,0,0,1,0
2.2636062032690805,-1.2816237461508115,0.34411451405939963,-0.9773499007773664,1,0,1,0,1,0,0,1,1,0,0,0,1,0,1,0,0,1,0,0,0,0,1,1,0,0,1,0,0,1,0,0,1,0,0,0,1,1,0,0,0
-0.4417729543927777,-0.3860975797017438,0.6859048851649879,-0.19007625865457953,1,0,0,1,0,1,0,1,0,0,1,0,1,0,1,0,0,1,0,0,1,0,0,1,0,0,1,0,0,0,0,1,1,0,0,1,0,0,0,1,0
2.2636062032690805,-0.7524491932490897,-0.6165487134655306,-0.7150570705926846,1,0,1,0,1,0,1,0,0,1,0,1,0,0,1,0,0,1,0,0,1,0,0,1,0,0,0,0,1,0,0,1,1,0,0,0,1,0,0,1,0
-0.4417729543927777,-0.10115743583158582,-0.3079418735352422,-0.28427600206958376,0,1,1,0,1,0,0,1,1,0,0,1,0,0,0,0,1,1,0,0,0,0,1,1,0,0,1,0,0,1,0,0,0,0,1,0,1,0,0,0,1
-0.4417729543927777,-0.9966836022806537,-1.4959122896109764,-0.9460451153870622,1,0,0,1,0,1,0,1,1,0,0,0,0,1,0,1,0,0,1,0,0,1,0,0,1,0,0,1,0,0,1,0,0,0,1,0,1,0,0,0,1
-0.4417729543927777,-0.6710377235719017,0.21469874247573056,-0.47822956372690406,0,1,1,0,1,0,0,1,0,0,1,1,0,0,1,0,0,0,0,1,0,0,1,1,0,0,1,0,0,0,0,1,1,0,0,0,1,1,0,0,0
2.2636062032690805,1.038603139649046,1.1272458497964761,1.5276476106650227,0,1,0,1,1,0,0,1,0,0,1,0,1,0,1,0,0,0,0,1,1,0,0,1,0,0,0,0,1,0,0,1,1,0,0,0,1,0,0,1,0
-0.4417729543927777,-1.0373893371192477,1.1571110278542458,-0.7148155890784537,0,1,1,0,1,0,0,1,0,0,1,0,1,0,1,0,0,0,0,1,1,0,0,1,0,0,0,0,1,0,0,1,1,0,0,0,1,0,0,1,0
2.2636062032690805,-1.0780950719578417,1.105676554532531,-0.7642753937659402,1,0,1,0,1,0,0,1,0,0,1,0,1,0,1,0,0,0,0,1,1,0,0,1,0,0,0,0,1,0,0,1,1,0,0,0,1,0,0,1,0
-0.4417729543927777,1.5677776925507678,0.5614666432576135,1.5907401444740934,1,0,0,1,1,0,0,1,1,0,0,1,0,0,0,0,1,1,0,0,0,0,1,0,0,1,0,0,1,0,0,1,0,0,1,1,0,1,0,0,0
-0.4417729543927777,-1.2816237461508115,-0.6646648336697155,-0.9906972426548594,0,1,1,0,1,0,0,1,1,0,0,1,0,0,1,0,0,1,0,0,1,0,0,1,0,0,1,0,0,1,0,0,1,0,0,0,1,0,0,0,1
-0.4417729543927777,0.9978974048104519,1.2649575041739702,1.5913328718272057,0,1,0,1,1,0,0,1,0,0,1,0,1,0,0,0,1,0,0,1,0,0,1,0,0,1,0,0,1,1,0,0,1,0,0,0,1,0,0,1,0
-0.4417729543927777,-1.2816237461508115,-1.5141632317573916,-1.0019371094990641,1,0,1,0,1,0,0,1,1,0,0,0,0,1,0,1,0,0,1,0,0,1,0,0,1,0,0,1,0,0,1,0,1,0,0,1,0,0,0,1,0
-0.4417729543927777,-0.3860975797017438,-1.4809797005820917,-0.8037905506400972,1,0,1,0,1,0,0,1,1,0,0,0,0,1,0,1,0,0,1,0,0,1,0,0,1,0,0,1,0,0,1,0,1,0,0,0,1,1,0,0,0
-0.4417729543927777,0.2651941777157601,-0.21005045656810756,-0.03372795462249857,1,0,1,0,1,0,0,1,1,0,0,1,0,0,1,0,0,0,0,1,1,0,0,1,0,0,0,0,1,1,0,0,0,1,0,0,1,0,1,0,0
-0.4417729543927777,0.5908400564245121,1.1886353824707807,1.0396354232691845,0,1,1,0,1,0,0,1,0,0,1,0,1,0,0,0,1,0,0,1,1,0,0,0,0,1,0,0,1,1,0,0,1,0,0,1,0,0,0,0,1
2.2636062032690805,-0.8745663977648717,-1.4925939364934464,-0.9161233604873532,0,1,0,1,1,0,0,1,1,0,0,0,0,1,0,1,0,0,1,0,0,1,0,0,1,0,0,1,0,0,1,0,1,0,0,1,0,0,0,0,1
-0.4417729543927777,0.3466056473929481,0.7821371255733577,0.5899748909062087,1,0,1,0,0,1,0,1,0,0,1,0,1,0,1,0,0,0,0,1,1,0,0,1,0,0,0,0,1,1,0,0,1,0,0,0,1,1,0,0,0
-0.4417729543927777,-1.2002122764736236,0.20474368312314026,-0.9167380407053958,1,0,1,0,1,0,0,1,1,0,0,1,0,0,0,0,1,0,0,1,1,0,0,0,0,1,1,0,0,0,0,1,0,0,1,1,0,0,0,0,1
-0.4417729543927777,-0.14186317067017984,0.34577369061816454,-0.025210243029624702,0,1,1,0,1,0,0,1,1,0,0,1,0,0,1,0,0,1,0,0,0,0,1,0,0,1,0,0,1,0,0,1,0,1,0,0,1,1,0,0,0
-0.4417729543927777,1.48636622287358,1.332983743083335,2.1660808285618187,1,0,0,1,0,1,0,1,0,0,1,0,1,0,0,0,1,0,0,1,0,0,1,0,0,1,0,0,1,1,0,0,0,1,0,0,1,0,1,0,0
2.2636062032690805,0.2244884428771661,-0.25816657677229243,-0.022246606264062933,1,0,1,0,1,0,0,1,1,0,0,1,0,0,0,0,1,0,0,1,1,0,0,1,0,0,1,0,0,1,0,0,1,0,0,0,1,0,1,0,0
-0.4417729543927777,-0.6710377235719017,0.29599839385521476,-0.4465735324977183,0,1,0,1,1,0,0,1,0,0,1,0,1,0,1,0,0,1,0,0,1,0,0,1,0,0,1,0,0,1,0,0,1,0,0,0,1,1,0,0,0
-0.4417729543927777,0.42801711707013607,0.4602568731729491,0.5088590549895365,1,0,0,1,1,0,0,1,1,0,0,1,0,0,0,0,1,1,0,0,0,0,1,0,0,1,0,0,1,0,0,1,0,0,1,0,1,0,0,1,0
-0.4417729543927777,-1.0780950719578417,-0.5203164730571611,-0.8981878698394721,1,0,1,0,1,0,1,0,0,1,0,1,0,0,1,0,0,1,0,0,1,0,0,0,0,1,0,0,1,0,0,1,0,1,0,0,1,0,0,0,1
-0.4417729543927777,-0.3046861100245558,-1.2652867479426426,-0.6883404339727686,1,0,0,1,1,0,0,1,0,0,1,0,0,1,0,1,0,0,1,0,0,1,0,0,1,0,0,1,0,0,1,0,0,1,0,0,1,0,0,0,1
-0.4417729543927777,-1.2816237461508115,0.17321932850660576,-0.9796110458651653,1,0,1,0,1,0,0,1,1,0,0,0,1,0,1,0,0,1,0,0,1,0,0,1,0,0,1,0,0,1,0,0,1,0,0,0,1,0,0,0,1
2.2636062032690805,0.3466056473929481,0.9828974891839216,0.6805963173376085,0,1,0,1,1,0,0,1,1,0,0,0,1,0,1,0,0,0,0,1,1,0,0,1,0,0,0,0,1,0,0,1,1,0,0,0,1,0,0,1,0
-0.4417729543927777,0.509428586747324,1.2848676228791505,1.074167279804212,0,1,1,0,1,0,0,1,0,0,1,0,1,0,1,0,0,1,0,0,0,0,1,0,0,1,0,0,1,0,0,1,1,0,0,0,1,1,0,0,0
-0.4417729543927777,-1.1188008067964357,0.675949825812398,-0.8258092741649745,1,0,1,0,1,0,0,1,1,0,0,0,1,0,1,0,0,0,0,1,1,0,0,1,0,0,0,0,1,1,0,0,1,0,0,0,1,0,0,0,1
-0.4417729543927777,0.509428586747324,1.6050886987207937,1.1990351755265476,1,0,0,1,1,0,0,1,0,0,1,0,1,0,0,0,1,0,0,1,0,0,1,0,0,1,0,0,1,0,0,1,0,1,0,1,0,0,0,0,1
2.2636062032690805,0.46872285190873003,1.3014593884668004,0.9634370290968518,1,0,0,1,1,0,0,1,0,0,1,0,1,0,1,0,0,1,0,0,0,0,1,0,0,1,0,0,1,0,0,1,1,0,0,1,0,0,0,1,0
-0.4417729543927777,1.160720344164828,0.2943392172964499,1.016299527848502,1,0,0,1,0,1,0,1,1,0,0,1,0,0,1,0,0,1,0,0,0,0,1,0,0,1,0,0,1,0,0,1,0,0,1,0,1,1,0,0,0
-0.4417729543927777,0.7943687306174819,0.9397588986560319,1.0231707745716192,0,1,0,1,0,1,0,1,0,0,1,0,1,0,1,0,0,0,0,1,1,0,0,0,0,1,1,0,0,0,0,1,1,0,0,0,1,1,0,0,0
-0.4417729543927777,-1.0780950719578417,0.46855275596677404,-0.8196405191196201,1,0,1,0,1,0,0,1,0,0,1,0,1,0,0,0,1,1,0,0,1,0,0,1,0,0,1,0,0,1,0,0,1,0,0,0,1,0,0,1,0
2.2636062032690805,1.2828375486806098,-1.3449272227633624,-0.3304648298824871,0,1,0,1,0,1,0,1,0,0,1,0,0,1,0,1,0,0,1,0,0,1,0,0,1,0,0,1,0,0,1,0,0,0,1,0,1,1,0,0,0
-0.4417729543927777,-0.5489205190561198,-1.4859572302583866,-0.8401884006941817,1,0,0,1,0,1,0,1,1,0,0,0,0,1,0,1,0,0,1,0,0,1,0,0,1,0,0,1,0,0,1,0,0,0,1,1,0,0,0,0,1
2.2636062032690805,1.5677776925507678,1.35455303834728,2.231083261619807,0,1,1,0,1,0,0,1,0,0,1,0,1,0,1,0,0,0,0,1,1,0,0,0,0,1,0,0,1,0,0,1,0,1,0,1,0,1,0,0,0
-0.4417729543927777,0.509428586747324,0.546534054228729,0.6474035855633167,0,1,0,1,1,0,0,1,0,0,1,0,1,0,1,0,0,0,0,1,1,0,0,1,0,0,1,0,0,1,0,0,1,0,0,1,0,1,0,0,0
2.2636062032690805,0.712957260940294,1.2267964433223757,1.3014452904254044,0,1,0,1,1,0,0,1,0,0,1,0,1,0,0,0,1,0,0,1,0,0,1,1,0,0,0,0,1,1,0,0,0,1,0,0,1,1,0,0,0
-0.4417729543927777,1.445660488034986,1.7809614139498828,2.4976788533307857,1,0,0,1,1,0,0,1,0,0,1,0,1,0,0,0,1,0,0,1,0,0,1,0,0,1,0,0,1,0,0,1,0,0,1,1,0,0,0,0,1
2.2636062032690805,-1.2816237461508115,0.15662756291895585,-0.9798305745144662,0,1,1,0,1,0,0,1,1,0,0,0,1,0,1,0,0,1,0,0,1,0,0,1,0,0,1,0,0,1,0,0,1,0,0,0,1,0,0,1,0
2.2636062032690805,-0.8338606629262777,0.8750510128641972,-0.5298627020424691,1,0,1,0,1,0,0,1,0,0,1,0,1,0,1,0,0,0,0,1,1,0,0,1,0,0,0,0,1,1,0,0,1,0,0,0,1,0,0,1,0
-0.4417729543927777,0.020959768684196148,0.8534817176002525,0.3021947845376956,1,0,1,0,1,0,0,1,0,0,1,0,1,0,0,0,1,1,0,0,1,0,0,1,0,0,1,0,0,0,0,1,1,0,0,0,1,0,0,1,0
2.2636062032690805,-0.019745966154397845,0.8767101894229621,0.2613405029028035,1,0,0,1,0,1,0,1,0,0,1,0,1,0,1,0,0,1,0,0,0,0,1,1,0,0,0,0,1,1,0,0,1,0,0,0,1,0,0,0,1
-0.4417729543927777,1.5677776925507678,-1.5042081724048015,-0.4012408664170882,0,1,0,1,0,1,0,1,1,0,0,0,0,1,0,1,0,0,1,0,0,1,0,0,1,0,0,1,0,0,1,0,0,0,1,0,1,1,0,0,0
2.2636062032690805,-0.6303319887333078,0.916530426833322,-0.30146509530984195,1,0,0,1,1,0,0,1,0,0,1,0,1,0,1,0,0,1,0,0,1,0,0,1,0,0,0,0,1,0,0,1,1,0,0,0,1,0,0,1,0
-0.4417729543927777,-0.5489205190561198,-0.530271532409751,-0.5908477608182514,0,1,0,1,0,1,0,1,1,0,0,1,0,0,0,0,1,1,0,0,1,0,0,1,0,0,1,0,0,1,0,0,0,1,0,0,1,1,0,0,0
2.2636062032690805,0.87578020029467,0.3009759235315099,0.7103204964529467,0,1,0,1,1,0,0,1,0,0,1,0,1,0,1,0,0,1,0,0,1,0,0,1,0,0,1,0,0,1,0,0,1,0,0,1,0,1,0,0,0
-0.4417729543927777,0.9978974048104519,-0.2050729268918126,0.4988265957164865,1,0,0,1,1,0,1,0,0,1,0,1,0,0,0,0,1,0,0,1,0,0,1,1,0,0,0,0,1,0,0,1,1,0,0,0,1,1,0,0,0
-0.4417729543927777,1.445660488034986,0.5946501744329133,1.5257816171459655,0,1,0,1,0,1,0,1,1,0,0,1,0,0,0,0,1,0,0,1,1,0,0,0,0,1,0,0,1,0,0,1,0,0,1,1,0,1,0,0,0
-0.4417729543927777,0.835074465456076,-0.538567415203576,0.0851248561089934,1,0,0,1,0,1,1,0,0,1,0,1,0,0,0,0,1,0,0,1,0,0,1,1,0,0,1,0,0,0,0,1,1,0,0,0,1,1,0,0,0
-0.4417729543927777,0.6315457912631061,1.4093058647865249,1.238133227967033,1,0,1,0,1,0,0,1,0,0,1,0,1,0,1,0,0,0,0,1,0,0,1,1,0,0,0,0,1,0,0,1,1,0,0,0,1,1,0,0,0
-0.4417729543927777,0.1430769731999781,-0.3743089358858419,-0.15892514331878588,0,1,0,1,0,1,0,1,1,0,0,1,0,0,0,0,1,0,0,1,1,0,0,1,0,0,1,0,0,1,0,0,0,1,0,1,0,0,0,0,1
-0.4417729543927777,0.10237123836138413,-0.12377327551232793,-0.12298830342823308,0,1,1,0,1,0,0,1,1,0,0,1,0,0,0,0,1,0,0,1,0,0,1,1,0,0,1,0,0,1,0,0,0,1,0,1,0,0,0,0,1
-0.4417729543927777,1.404954753196392,0.02389343821775647,0.8875679278984707,1,0,0,1,1,0,0,1,0,0,1,1,0,0,0,0,1,0,0,1,0,0,1,1,0,0,1,0,0,1,0,0,0,0,1,1,0,0,0,0,1
-0.4417729543927777,0.835074465456076,-0.6182078900242958,0.10780216558177351,0,1,1,0,1,0,1,0,0,1,0,1,0,0,0,0,1,0,0,1,1,0,0,1,0,0,1,0,0,0,0,1,1,0,0,0,1,1,0,0,0
-0.4417729543927777,-0.42680331454033776,0.3607062796470496,-0.3012894723904013,1,0,0,1,0,1,0,1,0,0,1,0,1,0,1,0,0,1,0,0,1,0,0,1,0,0,1,0,0,1,0,0,1,0,0,0,1,1,0,0,0
2.2636062032690805,-0.10115743583158582,0.3258635719129848,-0.0834292408242159,0,1,1,0,1,0,0,1,1,0,0,1,0,0,0,0,1,0,0,1,1,0,0,1,0,0,0,0,1,0,0,1,1,0,0,0,1,0,0,1,0
-0.4417729543927777,0.712957260940294,1.170384440324366,1.2017573307778784,1,0,1,0,1,0,0,1,1,0,0,0,1,0,1,0,0,0,0,1,1,0,0,0,0,1,0,0,1,0,0,1,0,0,1,0,1,0,0,0,1
-0.4417729543927777,0.509428586747324,-1.4793205240233265,-0.6024388735013374,0,1,0,1,0,1,0,1,1,0,0,0,0,1,0,1,0,0,1,0,0,1,0,0,1,0,0,1,0,0,1,0,0,0,1,1,0,0,0,0,1
-0.4417729543927777,-0.14186317067017984,-1.3216987509406524,-0.6974289200538247,1,0,1,0,1,0,1,0,0,1,0,1,0,0,1,0,0,1,0,0,1,0,0,1,0,0,1,0,0,1,0,0,1,0,0,0,1,0,1,0,0
-0.4417729543927777,-0.8338606629262777,-0.6480730680820656,-0.7825840831176328,0,1,1,0,1,0,0,1,1,0,0,1,0,0,1,0,0,1,0,0,1,0,0,1,0,0,1,0,0,1,0,0,1,0,0,0,1,1,0,0,0
-0.4417729543927777,-1.2002122764736236,-0.9317922596308792,-0.9626853870040682,0,1,1,0,1,0,1,0,0,1,0,1,0,0,1,0,0,0,0,1,1,0,0,0,0,1,1,0,0,1,0,0,1,0,0,0,1,0,0,0,1
-0.4417729543927777,-1.2816237461508115,-0.984885909511359,-0.9949341455863663,0,1,1,0,1,0,1,0,0,1,0,1,0,0,1,0,0,1,0,0,1,0,0,1,0,0,1,0,0,0,0,1,1,0,0,0,1,1,0,0,0
-0.4417729543927777,-1.2409180113122176,0.8169798333074224,-0.9289438336065241,0,1,0,1,0,1,0,1,1,0,0,0,1,0,1,0,0,1,0,0,1,0,0,1,0,0,0,0,1,0,0,1,1,0,0,0,1,1,0,0,0
-0.4417729543927777,-0.2232746403473678,0.37066133899963943,-0.09128836646918716,1,0,0,1,1,0,0,1,1,0,0,0,1,0,1,0,0,0,0,1,1,0,0,1,0,0,1,0,0,1,0,0,1,0,0,0,1,0,0,1,0
2.2636062032690805,0.9164859351332639,0.6809273554886932,1.1298616981318428,1,0,0,1,1,0,0,1,0,0,1,0,1,0,1,0,0,0,0,1,0,0,1,1,0,0,1,0,0,1,0,0,1,0,0,0,1,0,0,1,0
-0.4417729543927777,-1.2816237461508115,-1.4942531130522116,-1.001673675119903,1,0,0,1,0,1,0,1,1,0,0,0,0,1,0,1,0,0,1,0,0,1,0,0,1,0,0,1,0,0,1,0,1,0,0,0,1,0,0,1,0
-0.4417729543927777,-1.1595065416350296,0.5266239355235488,-0.864446316441928,0,1,1,0,0,1,0,1,0,0,1,0,1,0,1,0,0,1,0,0,1,0,0,0,0,1,1,0,0,1,0,0,1,0,0,1,0,0,1,0,0
-0.4417729543927777,0.9164859351332639,-1.3034478087942376,-0.4009993849028573,1,0,0,1,0,1,0,1,0,0,1,0,0,1,0,1,0,0,1,0,0,1,0,0,1,0,0,1,0,0,1,0,0,0,1,0,1,0,1,0,0
-0.4417729543927777,-0.9966836022806537,-0.349421287504367,-0.8018147927963893,0,1,0,1,0,1,0,1,1,0,0,1,0,0,1,0,0,1,0,0,1,0,0,1,0,0,0,0,1,1,0,0,1,0,0,0,1,0,0,1,0
-0.4417729543927777,1.5270719577121739,1.6598415251600387,2.3752696784806195,0,1,1,0,1,0,0,1,0,0,1,0,1,0,0,0,1,0,0,1,0,0,1,0,0,1,0,0,1,0,0,1,0,0,1,0,1,1,0,0,0
-0.4417729543927777,1.2828375486806098,-0.5667734167025809,0.37152193198691097,1,0,0,1,1,0,1,0,0,1,0,1,0,0,0,0,1,1,0,0,0,0,1,0,0,1,1,0,0,0,0,1,0,0,1,1,0,0,0,1,0
-0.4417729543927777,-0.8745663977648717,0.36402463276457986,-0.6300116718535268,0,1,1,0,1,0,0,1,1,0,0,0,1,0,1,0,0,0,0,1,1,0,0,1,0,0,1,0,0,1,0,0,1,0,0,0,1,0,0,0,1
-0.4417729543927777,-1.2816237461508115,-0.5435449448798712,-0.989094683514963,0,1,1,0,1,0,0,1,1,0,0,1,0,0,0,0,1,1,0,0,1,0,0,1,0,0,1,0,0,1,0,0,1,0,0,0,1,0,0,0,1
-0.4417729543927777,-1.2816237461508115,0.15994591603648564,-0.9797866687846061,0,1,1,0,0,1,0,1,1,0,0,0,1,0,1,0,0,1,0,0,1,0,0,1,0,0,1,0,0,1,0,0,1,0,0,1,0,1,0,0,0
-0.4417729543927777,-1.2816237461508115,0.4984179340245441,-0.9753082843388684,0,1,1,0,1,0,0,1,1,0,0,0,1,0,1,0,0,1,0,0,1,0,0,1,0,0,0,0,1,1,0,0,1,0,0,0,1,0,0,1,0
-0.4417729543927777,1.364249018357798,-1.3017886322354724,-0.25762522404445787,0,1,0,1,0,1,0,1,0,0,1,0,0,1,0,1,0,0,1,0,0,1,0,0,1,0,0,1,0,0,1,0,0,1,0,0,1,0,1,0,0
-0.4417729543927777,-0.7931549280876837,-0.47717788252927146,-0.7422566702410627,0,1,1,0,1,0,0,1,1,0,0,1,0,0,1,0,0,1,0,0,1,0,0,0,0,1,1,0,0,1,0,0,1,0,0,0,1,0,0,0,1
-0.4417729543927777,1.6084834273893618,-1.3366313399695373,-0.20691410605595645,1,0,0,1,1,0,0,1,0,0,1,0,0,1,0,1,0,0,1,0,0,1,0,0,1,0,0,1,0,0,1,0,0,0,1,1,0,1,0,0,0
-0.4417729543927777,1.6084834273893618,0.0222342616589911,0.9945442387027855,0,1,1,0,1,0,1,0,0,1,0,1,0,0,0,0,1,0,0,1,0,0,1,0,0,1,0,0,1,0,0,1,0,0,1,0,1,1,0,0,0
-0.4417729543927777,0.7943687306174819,0.692541591400048,0.9360618065290333,1,0,0,1,0,1,0,1,1,0,0,0,1,0,1,0,0,0,0,1,0,0,1,0,0,1,1,0,0,1,0,0,1,0,0,1,0,1,0,0,0
-0.4417729543927777,-0.26398037518596185,0.6958599445175783,-0.04604351184827756,1,0,0,1,1,0,0,1,1,0,0,0,1,0,1,0,0,1,0,0,1,0,0,0,0,1,1,0,0,0,0,1,1,0,0,1,0,0,1,0,0
-0.4417729543927777,0.020959768684196148,-1.024706146921719,-0.5213230375846651,0,1,1,0,0,1,1,0,0,1,0,1,0,0,0,0,1,1,0,0,1,0,0,0,0,1,1,0,0,1,0,0,0,1,0,1,0,0,1,0,0
-0.4417729543927777,-0.7931549280876837,0.6527213539896881,-0.520774215961413,1,0,1,0,1,0,0,1,0,0,1,0,1,0,1,0,0,1,0,0,1,0,0,1,0,0,1,0,0,0,0,1,1,0,0,0,1,0,0,1,0
-0.4417729543927777,-0.7931549280876837,-1.1242567404476185,-0.8579482684226222,1,0,1,0,1,0,1,0,0,1,0,1,0,0,1,0,0,0,0,1,1,0,0,1,0,0,1,0,0,1,0,0,1,0,0,0,1,0,0,1,0
-0.4417729543927777,-0.2232746403473678,-1.4809797005820917,-0.7491498698291101,0,1,1,0,1,0,0,1,1,0,0,0,0,1,0,1,0,0,1,0,0,1,0,0,1,0,0,1,0,0,1,0,0,1,0,1,0,0,0,0,1
-0.4417729543927777,1.364249018357798,0.8883244253343172,1.6572573252122575,0,1,0,1,1,0,0,1,0,0,1,1,0,0,0,0,1,0,0,1,0,0,1,0,0,1,0,0,1,0,0,1,0,0,1,1,0,1,0,0,0
-0.4417729543927777,1.5677776925507678,1.6283171705435036,2.5792776522759198,0,1,0,1,0,1,0,1,0,0,1,0,1,0,0,0,1,0,0,1,0,0,1,0,0,1,0,0,1,0,0,1,0,0,1,0,1,1,0,0,0
-0.4417729543927777,-1.2816237461508115,-0.6513914211995956,-0.9905216197354186,1,0,1,0,1,0,0,1,1,0,0,1,0,0,1,0,0,1,0,0,1,0,0,1,0,0,1,0,0,1,0,0,1,0,0,1,0,0,0,0,1
-0.4417729543927777,1.120014609326234,-0.6795974226986004,0.20749012522929952,1,0,1,0,1,0,1,0,0,1,0,1,0,0,0,0,1,1,0,0,0,0,1,1,0,0,1,0,0,0,0,1,0,1,0,0,1,0,0,1,0
-0.4417729543927777,-0.9966836022806537,0.3175676891191599,-0.7426298689448741,0,1,0,1,1,0,0,1,1,0,0,0,1,0,0,0,1,1,0,0,1,0,0,1,0,0,1,0,0,1,0,0,1,0,0,0,1,0,0,1,0
-0.4417729543927777,0.9164859351332639,0.9795791360663918,1.216970666174429,1,0,0,1,1,0,0,1,0,0,1,0,1,0,1,0,0,0,0,1,0,0,1,1,0,0,0,0,1,1,0,0,1,0,0,0,1,0,1,0,0
-0.4417729543927777,1.5677776925507678,1.4491261021968844,2.3663348624540737,0,1,0,1,1,0,0,1,0,0,1,0,1,0,1,0,0,0,0,1,0,0,1,0,0,1,0,0,1,0,0,1,0,0,1,0,1,0,1,0,0
-0.4417729543927777,0.2651941777157601,-0.16857104259898276,0.017641749313905455,1,0,0,1,0,1,0,1,1,0,0,1,0,0,1,0,0,1,0,0,0,0,1,1,0,0,0,0,1,1,0,0,1,0,0,0,1,0,0,0,1
2.2636062032690805,-0.26398037518596185,0.6892232382825182,-0.10287947915227323,1,0,0,1,1,0,0,1,1,0,0,0,1,0,1,0,0,1,0,0,0,0,1,1,0,0,0,0,1,1,0,0,1,0,0,0,1,0,1,0,0
-0.4417729543927777,0.835074465456076,-0.1486609238938028,0.3876572877105251,0,1,0,1,1,0,1,0,0,1,0,1,0,0,1,0,0,0,0,1,0,0,1,0,0,1,0,0,1,0,0,1,0,1,0,0,1,0,0,1,0
-0.4417729543927777,-1.1188008067964357,1.1355417325903012,-0.8062273186473368,1,0,0,1,0,1,0,1,1,0,0,0,1,0,1,0,0,0,0,1,1,0,0,0,0,1,0,0,1,0,0,1,1,0,0,0,1,0,0,0,1
-0.4417729543927777,1.6084834273893618,1.3280062134070403,2.3019690624790585,0,1,1,0,1,0,0,1,0,0,1,0,1,0,1,0,0,0,0,1,0,0,1,1,0,0,0,0,1,0,0,1,0,1,0,0,1,0,0,1,0
-0.4417729543927777,-0.2232746403473678,0.3142493360016301,-0.14443625246492833,1,0,0,1,0,1,0,1,1,0,0,0,1,0,0,0,1,1,0,0,1,0,0,1,0,0,1,0,0,1,0,0,1,0,0,1,0,0,0,0,1
-0.4417729543927777,-0.8745663977648717,-0.1752077488340428,-0.7104250160924362,0,1,0,1,0,1,0,1,1,0,0,1,0,0,1,0,0,1,0,0,0,0,1,1,0,0,0,0,1,1,0,0,1,0,0,0,1,1,0,0,0
2.2636062032690805,1.6084834273893618,1.3910549226401097,2.3604075889229503,1,0,0,1,1,0,0,1,0,0,1,0,1,0,0,0,1,0,0,1,1,0,0,1,0,0,0,0,1,0,0,1,0,1,0,0,1,1,0,0,0
-0.4417729543927777,0.3466056473929481,1.3114144478193903,0.8169675142833103,1,0,0,1,1,0,0,1,1,0,0,0,1,0,0,0,1,0,0,1,0,0,1,1,0,0,0,0,1,0,0,1,0,1,0,0,1,1,0,0,0
-0.4417729543927777,0.1430769731999781,0.19147027065302058,0.09247906586057261,1,0,1,0,1,0,0,1,0,0,1,1,0,0,1,0,0,0,0,1,1,0,0,0,0,1,1,0,0,0,0,1,0,1,0,0,1,0,0,0,1
2.2636062032690805,-0.8745663977648717,0.5963093509916787,-0.6240185397276131,1,0,0,1,1,0,0,1,1,0,0,0,1,0,1,0,0,1,0,0,1,0,0,0,0,1,0,0,1,1,0,0,1,0,0,0,1,0,0,1,0
-0.4417729543927777,1.201426079003422,-1.4909347599346816,-0.46154538638003784,0,1,1,0,0,1,0,1,1,0,0,0,0,1,0,1,0,0,1,0,0,1,0,0,1,0,0,1,0,0,1,0,0,0,1,1,0,1,0,0,0
-0.4417729543927777,-0.5082147842175258,-1.3283354571757124,-0.7882698751345254,1,0,1,0,1,0,1,0,0,1,0,1,0,0,1,0,0,1,0,0,1,0,0,1,0,0,1,0,0,1,0,0,1,0,0,1,0,0,1,0,0
-0.4417729543927777,0.9164859351332639,-0.6596873039934206,0.0708115881745766,1,0,1,0,1,0,0,1,1,0,0,1,0,0,1,0,0,1,0,0,1,0,0,1,0,0,1,0,0,1,0,0,0,1,0,1,0,1,0,0,0
-0.4417729543927777,0.509428586747324,-0.46224529350038646,-0.01616566267842882,1,0,0,1,0,1,1,0,0,1,0,1,0,0,1,0,0,0,0,1,0,0,1,0,0,1,1,0,0,0,0,1,0,1,0,1,0,1,0,0,0
-0.4417729543927777,1.5677776925507678,1.4623995146670044,2.3535582950647633,1,0,0,1,0,1,0,1,0,0,1,0,1,0,0,0,1,0,0,1,0,0,1,1,0,0,0,0,1,0,0,1,0,0,1,0,1,1,0,0,0
2.2636062032690805,-1.2816237461508115,-0.945065672100999,-0.9944072768280443,1,0,1,0,1,0,1,0,0,1,0,1,0,0,1,0,0,1,0,0,1,0,0,1,0,0,0,0,1,1,0,0,1,0,0,0,1,0,0,1,0
-0.4417729543927777,-0.14186317067017984,-1.2885152197653524,-0.7063417832154401,1,0,0,1,0,1,0,1,0,0,1,0,0,1,0,1,0,0,1,0,0,1,0,0,1,0,0,1,0,0,1,0,0,0,1,1,0,0,0,0,1
-0.4417729543927777,-0.9152721326034656,-0.6281629493768857,-0.7943508187201597,0,1,1,0,1,0,0,1,1,0,0,1,0,0,1,0,0,1,0,0,1,0,0,1,0,0,1,0,0,1,0,0,1,0,0,1,0,0,0,0,1
-0.4417729543927777,-0.8745663977648717,-1.4826388771408565,-0.919086997252915,0,1,1,0,1,0,0,1,1,0,0,0,0,1,0,1,0,0,1,0,0,1,0,0,1,0,0,1,0,0,1,0,1,0,0,1,0,0,0,0,1
-0.4417729543927777,-0.5896262538947138,0.7771595958970625,-0.2906642857642391,1,0,1,0,1,0,0,1,0,0,1,0,1,0,1,0,0,1,0,0,1,0,0,0,0,1,0,0,1,1,0,0,1,0,0,0,1,0,0,1,0
2.2636062032690805,1.6084834273893618,1.4325343366092345,2.402842476832809,1,0,1,0,1,0,0,1,0,0,1,0,1,0,1,0,0,0,0,1,0,0,1,0,0,1,0,0,1,0,0,1,0,0,1,0,1,1,0,0,0
-0.4417729543927777,-1.2816237461508115,-0.7011667179625454,-0.9911802056833213,1,0,1,0,1,0,0,1,1,0,0,1,0,0,1,0,0,1,0,0,1,0,0,1,0,0,1,0,0,1,0,0,1,0,0,1,0,0,0,1,0
2.2636062032690805,0.9571916699718579,1.160429380971776,1.4949817476490532,1,0,1,0,1,0,0,1,0,0,1,0,1,0,1,0,0,0,0,1,0,0,1,0,0,1,0,0,1,1,0,0,0,0,1,0,1,1,0,0,0
-0.4417729543927777,-0.3860975797017438,1.0077851375653966,-0.047602165258313636,0,1,1,0,1,0,0,1,1,0,0,0,1,0,1,0,0,0,0,1,1,0,0,1,0,0,0,0,1,0,0,1,1,0,0,1,0,0,0,0,1
-0.4417729543927777,-0.5896262538947138,0.9878750188602168,-0.2693041481872642,0,1,0,1,1,0,0,1,0,0,1,0,1,0,1,0,0,1,0,0,1,0,0,1,0,0,0,0,1,0,0,1,1,0,0,0,1,0,0,1,0
2.2636062032690805,-0.10115743583158582,0.8883244253343172,0.20057497277632205,1,0,1,0,1,0,0,1,0,0,1,0,1,0,0,0,1,0,0,1,0,0,1,1,0,0,1,0,0,1,0,0,1,0,0,1,0,0,1,0,0
-0.4417729543927777,1.160720344164828,-1.4726838177882668,-0.46071117751269447,0,1,0,1,1,0,0,1,1,0,0,0,0,1,0,1,0,0,1,0,0,1,0,0,1,0,0,1,0,0,1,0,0,1,0,0,1,0,1,0,0
-0.4417729543927777,0.38731138223154205,-1.3233579274994174,-0.5933723402852114,0,1,1,0,1,0,0,1,0,0,1,0,0,1,0,1,0,0,1,0,0,1,0,0,1,0,0,1,0,0,1,0,0,1,0,1,0,0,0,1,0
-0.4417729543927777,0.712957260940294,0.6460846477546285,0.79681478427749,1,0,0,1,0,1,0,1,0,0,1,0,1,0,1,0,0,1,0,0,1,0,0,1,0,0,0,0,1,1,0,0,1,0,0,0,1,1,0,0,0
-0.4417729543927777,-0.2232746403473678,0.5432157011111987,-0.012521487100034265,0,1,1,0,1,0,0,1,0,0,1,0,1,0,1,0,0,1,0,0,0,0,1,1,0,0,1,0,0,1,0,0,1,0,0,0,1,0,0,1,0
-0.4417729543927777,-1.2816237461508115,0.19644780032931528,-0.9793037057561442,1,0,1,0,1,0,0,1,1,0,0,0,1,0,1,0,0,1,0,0,1,0,0,1,0,0,1,0,0,1,0,0,1,0,0,0,1,0,0,1,0
2.2636062032690805,0.509428586747324,0.1699009753890755,0.3341801087408326,1,0,1,0,1,0,0,1,0,0,1,1,0,0,0,0,1,1,0,0,1,0,0,0,0,1,1,0,0,0,0,1,1,0,0,0,1,0,0,1,0
2.2636062032690805,1.5270719577121739,1.3412796258771598,2.2877436060043617,0,1,0,1,1,0,0,1,1,0,0,0,1,0,0,0,1,0,0,1,0,0,1,1,0,0,0,0,1,0,0,1,0,0,1,1,0,0,1,0,0
-0.4417729543927777,-0.5896262538947138,-1.0429570890681337,-0.7469765362010314,0,1,1,0,1,0,1,0,0,1,0,1,0,0,1,0,0,0,0,1,0,0,1,1,0,0,1,0,0,1,0,0,1,0,0,0,1,0,1,0,0
-0.4417729543927777,-1.2002122764736236,0.3258635719129848,-0.9058713725650026,1,0,1,0,1,0,0,1,1,0,0,0,1,0,1,0,0,1,0,0,0,0,1,1,0,0,1,0,0,1,0,0,1,0,0,0,1,0,0,0,1
-0.4417729543927777,0.2651941777157601,0.5498524073462587,0.35387182858312094,1,0,0,1,0,1,0,1,1,0,0,0,1,0,1,0,0,1,0,0,0,0,1,0,0,1,1,0,0,1,0,0,1,0,0,0,1,1,0,0,0
-0.4417729543927777,0.7943687306174819,-1.5125040551986264,-0.5574355003946586,1,0,0,1,0,1,0,1,1,0,0,0,0,1,0,1,0,0,1,0,0,1,0,0,1,0,0,1,0,0,1,0,0,0,1,1,0,0,0,0,1
-0.4417729543927777,-1.1595065416350296,0.9779199595076269,-0.8404079293434825,1,0,1,0,1,0,0,1,1,0,0,0,1,0,0,0,1,1,0,0,0,0,1,0,0,1,1,0,0,0,0,1,1,0,0,0,1,1,0,0,0
-0.4417729543927777,1.445660488034986,1.4955830458423043,2.3316273829996064,0,1,0,1,1,0,0,1,0,0,1,0,1,0,1,0,0,0,0,1,0,0,1,0,0,1,0,0,1,0,0,1,0,0,1,0,1,1,0,0,0
-0.4417729543927777,-0.26398037518596185,-1.5174815848749212,-0.8086201809247163,1,0,0,1,1,0,0,1,1,0,0,0,0,1,0,1,0,0,1,0,0,1,0,0,1,0,0,1,0,0,1,0,0,1,0,1,0,0,0,0,1
-0.4417729543927777,-1.2816237461508115,-0.4738595294117414,-0.9881726631878994,0,1,1,0,1,0,0,1,1,0,0,1,0,0,1,0,0,0,0,1,1,0,0,1,0,0,1,0,0,1,0,0,1,0,0,1,0,0,0,0,1
-0.4417729543927777,0.7943687306174819,-1.4693654646707368,-0.5612772517574238,1,0,1,0,1,0,0,1,1,0,0,0,0,1,0,1,0,0,1,0,0,1,0,0,1,0,0,1,0,0,1,0,0,1,0,1,0,0,0,0,1
-0.4417729543927777,-0.8338606629262777,-0.6762790695810705,-0.7993999776540797,1,0,1,0,0,1,0,1,1,0,0,1,0,0,1,0,0,1,0,0,1,0,0,1,0,0,1,0,0,1,0,0,1,0,0,0,1,0,0,1,0
-0.4417729543927777,-0.14186317067017984,0.20142533000561044,-0.09712782854059043,1,0,1,0,1,0,0,1,0,0,1,1,0,0,1,0,0,1,0,0,1,0,0,1,0,0,0,0,1,0,0,1,0,1,0,0,1,0,1,0,0
-0.4417729543927777,-1.2816237461508115,0.49012205123071917,-0.9754180486635189,1,0,1,0,1,0,0,1,1,0,0,0,1,0,1,0,0,1,0,0,1,0,0,1,0,0,1,0,0,0,0,1,1,0,0,0,1,0,0,1,0
-0.4417729543927777,-0.3453918448631498,-0.5103614137045713,-0.47897596113452695,0,1,1,0,1,0,0,1,1,0,0,1,0,0,0,0,1,1,0,0,1,0,0,1,0,0,1,0,0,1,0,0,1,0,0,0,1,1,0,0,0
-0.4417729543927777,1.3235432835192038,0.8468450113651924,1.6054485639772518,1,0,0,1,0,1,0,1,0,0,1,1,0,0,0,0,1,0,0,1,0,0,1,0,0,1,0,0,1,0,0,1,0,0,1,0,1,0,0,0,1
-0.4417729543927777,-1.1188008067964357,-0.46224529350038646,-0.8760813348548742,0,1,1,0,1,0,1,0,0,1,0,1,0,0,1,0,0,0,0,1,1,0,0,1,0,0,0,0,1,0,0,1,1,0,0,0,1,0,0,0,1
-0.4417729543927777,0.10237123836138413,-1.5008898192872715,-0.689723464463364,1,0,0,1,0,1,0,1,1,0,0,0,0,1,0,1,0,0,1,0,0,1,0,0,1,0,0,1,0,0,1,0,0,0,1,1,0,0,1,0,0
-0.4417729543927777,0.1837827080385721,0.8518225410414871,0.4642288805866692,0,1,1,0,1,0,0,1,0,0,1,1,0,0,0,0,1,0,0,1,0,0,1,0,0,1,0,0,1,0,0,1,0,1,0,0,1,1,0,0,0
-0.4417729543927777,0.1430769731999781,-0.3925598780322567,-0.17565322639551229,1,0,1,0,1,0,1,0,0,1,0,1,0,0,0,0,1,0,0,1,0,0,1,0,0,1,1,0,0,0,0,1,0,0,1,0,1,0,0,0,1
-0.4417729543927777,-1.1595065416350296,0.5332606417586089,-0.8607582351336734,0,1,1,0,1,0,0,1,1,0,0,0,1,0,1,0,0,1,0,0,1,0,0,1,0,0,0,0,1,1,0,0,1,0,0,0,1,0,0,1,0
-0.4417729543927777,1.5270719577121739,-1.3349721634107723,-0.2702042156493978,1,0,0,1,0,1,0,1,0,0,1,0,0,1,0,1,0,0,1,0,0,1,0,0,1,0,0,1,0,0,1,0,0,0,1,1,0,1,0,0,0
-0.4417729543927777,-1.2409180113122176,-1.5324141739038064,-0.987075019941395,1,0,1,0,1,0,0,1,1,0,0,0,0,1,0,1,0,0,1,0,0,1,0,0,1,0,0,1,0,0,1,0,1,0,0,1,0,1,0,0,0
2.2636062032690805,-1.1595065416350296,0.34577369061816454,-0.8903726499243609,0,1,1,0,1,0,0,1,1,0,0,0,1,0,0,0,1,1,0,0,1,0,0,1,0,0,1,0,0,1,0,0,1,0,0,1,0,0,0,1,0
-0.4417729543927777,1.5677776925507678,0.9397588986560319,1.9178597847973227,0,1,0,1,1,0,0,1,0,0,1,0,1,0,1,0,0,0,0,1,0,0,1,1,0,0,1,0,0,0,0,1,1,0,0,0,1,1,0,0,0
2.2636062032690805,1.6084834273893618,0.8269348926600123,1.9301094834283115,1,0,0,1,1,0,0,1,0,0,1,1,0,0,0,0,1,0,0,1,0,0,1,0,0,1,0,0,1,0,0,1,0,0,1,0,1,1,0,0,0
2.2636062032690805,0.5908400564245121,0.08362379433329609,0.4174034196907932,1,0,0,1,1,0,0,1,0,0,1,1,0,0,0,0,1,0,0,1,0,0,1,1,0,0,1,0,0,1,0,0,1,0,0,0,1,0,1,0,0
-0.4417729543927777,0.9164859351332639,-0.21005045656810756,0.3368803111272334,0,1,0,1,1,0,0,1,1,0,0,1,0,0,0,0,1,0,0,1,0,0,1,1,0,0,1,0,0,1,0,0,0,0,1,1,0,0,0,1,0
-0.4417729543927777,0.753662995778888,0.9862158423014519,1.102662098483465,0,1,0,1,1,0,0,1,0,0,1,0,1,0,1,0,0,1,0,0,1,0,0,1,0,0,0,0,1,0,0,1,1,0,0,0,1,0,0,1,0
-0.4417729543927777,1.6084834273893618,1.7676880014797631,2.742277674381817,0,1,1,0,1,0,0,1,0,0,1,0,1,0,0,0,1,0,0,1,0,0,1,0,0,1,0,0,1,0,0,1,0,0,1,0,1,0,0,1,0
-0.4417729543927777,1.6084834273893618,1.6432497595723887,2.546194684826278,0,1,0,1,0,1,0,1,0,0,1,0,1,0,0,0,1,0,0,1,0,0,1,0,0,1,0,0,1,0,0,1,0,0,1,1,0,1,0,0,0
-0.4417729543927777,0.2244884428771661,0.30263510009027483,0.2199593525095891,0,1,0,1,0,1,0,1,1,0,0,1,0,0,0,0,1,0,0,1,0,0,1,0,0,1,0,0,1,1,0,0,0,1,0,1,0,0,0,1,0
-0.4417729543927777,-0.9966836022806537,0.3723205155584048,-0.7268677119250716,0,1,0,1,0,1,0,1,0,0,1,1,0,0,0,0,1,0,0,1,1,0,0,0,0,1,1,0,0,0,0,1,0,0,1,0,1,0,1,0,0
2.2636062032690805,-0.2232746403473678,0.7755004193382976,0.07307273326237561,1,0,1,0,1,0,0,1,0,0,1,0,1,0,1,0,0,1,0,0,0,0,1,1,0,0,1,0,0,0,0,1,1,0,0,1,0,0,1,0,0
-0.4417729543927777,-1.0780950719578417,-0.133728334864918,-0.8285972880110957,0,1,1,0,1,0,0,1,1,0,0,1,0,0,1,0,0,1,0,0,0,0,1,1,0,0,0,0,1,1,0,0,1,0,0,1,0,0,0,0,1
-0.4417729543927777,-0.6303319887333078,-1.5191407614336865,-0.8596166861573088,0,1,1,0,1,0,0,1,1,0,0,0,0,1,0,1,0,0,1,0,0,1,0,0,1,0,0,1,0,0,1,0,0,0,1,1,0,0,0,0,1
-0.4417729543927777,1.5677776925507678,-1.4975714661697417,-0.3973771621893929,0,1,0,1,0,1,0,1,1,0,0,0,0,1,0,1,0,0,1,0,0,1,0,0,1,0,0,1,0,0,1,0,0,0,1,1,0,0,0,0,1
-0.4417729543927777,0.38731138223154205,1.130564202914006,0.8050910143561331,1,0,0,1,1,0,0,1,1,0,0,0,1,0,1,0,0,1,0,0,0,0,1,0,0,1,0,0,1,0,0,1,0,0,1,0,1,0,1,0,0
-0.4417729543927777,-1.2816237461508115,-1.4793205240233265,-1.0014760993355323,1,0,1,0,1,0,0,1,1,0,0,0,0,1,0,1,0,0,1,0,0,1,0,0,1,0,0,1,0,0,1,0,1,0,0,1,0,0,0,0,1
-0.4417729543927777,1.5270719577121739,1.4789912802546543,2.3591562756219355,1,0,0,1,1,0,0,1,0,0,1,0,1,0,1,0,0,0,0,1,0,0,1,0,0,1,0,0,1,0,0,1,0,1,0,0,1,0,0,1,0
-0.4417729543927777,-0.9559778674420596,0.3540695734119895,-0.7199525594720941,0,1,1,0,1,0,0,1,1,0,0,0,1,0,0,0,1,1,0,0,1,0,0,1,0,0,1,0,0,1,0,0,1,0,0,1,0,0,0,1,0
-0.4417729543927777,-1.2816237461508115,-1.4959122896109764,-1.0016956279848332,0,1,1,0,0,1,0,1,1,0,0,0,0,1,0,1,0,0,1,0,0,1,0,0,1,0,0,1,0,0,1,0,1,0,0,1,0,0,0,0,1
-0.4417729543927777,-0.9152721326034656,-0.8040356646059748,-0.8131424711003142,1,0,1,0,1,0,1,0,0,1,0,1,0,0,0,0,1,0,0,1,0,0,1,1,0,0,1,0,0,1,0,0,1,0,0,1,0,1,0,0,0
-0.4417729543927777,0.6722515261017,0.9911933719777466,1.0490532023241919,0,1,0,1,1,0,0,1,1,0,0,0,1,0,1,0,0,0,0,1,1,0,0,1,0,0,0,0,1,0,0,1,0,0,1,0,1,0,0,1,0
-0.4417729543927777,0.550134321585918,-0.6961891882862502,-0.1288497183645664,1,0,0,1,1,0,1,0,0,1,0,1,0,0,1,0,0,1,0,0,1,0,0,1,0,0,0,0,1,0,0,1,1,0,0,0,1,0,0,1,0
-0.4417729543927777,0.550134321585918,1.2682758572915005,1.0069037016584244,1,0,0,1,1,0,0,1,0,0,1,0,1,0,1,0,0,0,0,1,1,0,0,0,0,1,0,0,1,0,0,1,0,1,0,0,1,0,0,1,0
2.2636062032690805,-1.1595065416350296,1.1504743216191857,-0.8577726455031814,1,0,0,1,1,0,0,1,0,0,1,0,1,0,0,0,1,1,0,0,1,0,0,1,0,0,0,0,1,0,0,1,1,0,0,0,1,0,0,1,0
-0.4417729543927777,1.5677776925507678,1.362848921141105,2.380735941848211,0,1,0,1,0,1,0,1,0,0,1,0,1,0,1,0,0,0,0,1,0,0,1,1,0,0,0,0,1,0,0,1,0,0,1,0,1,1,0,0,0
-0.4417729543927777,-0.7524491932490897,-0.11713656927726811,-0.6523377354874256,0,1,0,1,0,1,0,1,1,0,0,1,0,0,0,0,1,0,0,1,1,0,0,1,0,0,1,0,0,0,0,1,0,0,1,0,1,1,0,0,0
-0.4417729543927777,1.404954753196392,-0.35605799373942687,0.6747788081311353,0,1,0,1,0,1,0,1,1,0,0,1,0,0,0,0,1,0,0,1,1,0,0,1,0,0,1,0,0,1,0,0,0,0,1,0,1,1,0,0,0
-0.4417729543927777,-0.9152721326034656,-0.15695680668762776,-0.7630021275999951,0,1,0,1,0,1,0,1,1,0,0,1,0,0,1,0,0,1,0,0,0,0,1,1,0,0,0,0,1,1,0,0,1,0,0,1,0,0,0,0,1
-0.4417729543927777,1.201426079003422,-1.4892755833759166,-0.4828177124972922,0,1,1,0,1,0,0,1,1,0,0,0,0,1,0,1,0,0,1,0,0,1,0,0,1,0,0,1,0,0,1,0,0,0,1,0,1,0,1,0,0
-0.4417729543927777,1.3235432835192038,0.8236165395424825,1.5227740746505436,0,1,0,1,1,0,0,1,0,0,1,0,1,0,0,0,1,0,0,1,0,0,1,1,0,0,1,0,0,1,0,0,0,1,0,1,0,0,0,1,0
2.2636062032690805,0.835074465456076,-0.16193433636392293,0.40759048906704426,0,1,0,1,1,0,0,1,0,0,1,1,0,0,0,0,1,1,0,0,1,0,0,0,0,1,1,0,0,1,0,0,0,1,0,0,1,0,0,1,0
-0.4417729543927777,-1.1595065416350296,-1.5108448786398616,-0.9694029636726749,0,1,1,0,1,0,0,1,1,0,0,0,0,1,0,1,0,0,1,0,0,1,0,0,1,0,0,1,0,0,1,0,1,0,0,1,0,0,0,0,1
-0.4417729543927777,1.038603139649046,-0.16691186604021785,0.5285288219668945,1,0,0,1,1,0,0,1,0,0,1,1,0,0,1,0,0,0,0,1,1,0,0,0,0,1,1,0,0,1,0,0,0,0,1,0,1,0,1,0,0
-0.4417729543927777,-1.2816237461508115,0.46855275596677404,-0.9757034359076098,0,1,1,0,1,0,0,1,1,0,0,0,1,0,1,0,0,1,0,0,1,0,0,1,0,0,0,0,1,1,0,0,1,0,0,0,1,0,0,1,0
-0.4417729543927777,1.6084834273893618,1.4126242179040547,2.4378133906664377,1,0,1,0,1,0,0,1,0,0,1,0,1,0,1,0,0,1,0,0,0,0,1,0,0,1,0,0,1,0,0,1,0,0,1,0,1,0,1,0,0
-0.4417729543927777,1.48636622287358,1.3761223336112252,2.1735887083679084,1,0,0,1,1,0,0,1,1,0,0,0,1,0,0,0,1,0,0,1,1,0,0,0,0,1,0,0,1,0,0,1,0,1,0,0,1,0,1,0,0
-0.4417729543927777,-1.2409180113122176,0.49012205123071917,-0.93796646109279,1,0,0,1,1,0,0,1,1,0,0,0,1,0,1,0,0,0,0,1,0,0,1,1,0,0,1,0,0,1,0,0,1,0,0,1,0,1,0,0,0
-0.4417729543927777,0.7943687306174819,0.6709722961361034,0.9485968924041132,0,1,1,0,0,1,0,1,0,0,1,1,0,0,0,0,1,0,0,1,1,0,0,0,0,1,0,0,1,0,0,1,0,0,1,0,1,0,0,0,1
-0.4417729543927777,-0.9966836022806537,0.5033954637008388,-0.7121592924219132,1,0,1,0,1,0,0,1,1,0,0,0,1,0,1,0,0,1,0,0,1,0,0,1,0,0,0,0,1,1,0,0,1,0,0,0,1,1,0,0,0
2.2636062032690805,1.6084834273893618,1.5503358722815492,2.4772187832159442,1,0,1,0,1,0,0,1,0,0,1,0,1,0,1,0,0,0,0,1,0,0,1,0,0,1,0,0,1,0,0,1,0,0,1,1,0,0,0,1,0
-0.4417729543927777,-1.0373893371192477,-0.6862341289336604,-0.8727884051153612,1,0,0,1,1,0,0,1,1,0,0,1,0,0,1,0,0,1,0,0,1,0,0,1,0,0,1,0,0,1,0,0,1,0,0,0,1,0,0,0,1
-0.4417729543927777,0.835074465456076,1.1172907904438858,1.3217955962155954,1,0,1,0,1,0,0,1,0,0,1,0,1,0,0,0,1,0,0,1,0,0,1,1,0,0,0,0,1,1,0,0,0,1,0,1,0,0,0,0,1
-0.4417729543927777,-0.8745663977648717,0.18483356441796053,-0.6463006976316517,1,0,1,0,1,0,0,1,1,0,0,1,0,0,1,0,0,1,0,0,1,0,0,0,0,1,0,0,1,0,0,1,1,0,0,1,0,0,0,0,1
-0.4417729543927777,-0.5896262538947138,-1.0396387359506036,-0.7687757310766081,0,1,1,0,1,0,1,0,0,1,0,1,0,0,0,0,1,1,0,0,0,0,1,1,0,0,1,0,0,1,0,0,1,0,0,1,0,0,0,0,1
-0.4417729543927777,-1.2816237461508115,-1.4909347599346816,-1.001629769390043,0,1,1,0,1,0,0,1,1,0,0,0,0,1,0,1,0,0,1,0,0,1,0,0,1,0,0,1,0,0,1,0,1,0,0,1,0,0,0,0,1
-0.4417729543927777,1.2421318138420159,-1.3167212212643573,-0.3197518317966046,0,1,0,1,0,1,0,1,0,0,1,0,0,1,0,1,0,0,1,0,0,1,0,0,1,0,0,1,0,0,1,0,0,0,1,1,0,0,0,0,1
-0.4417729543927777,-0.10115743583158582,0.6709722961361034,0.11177563413411937,1,0,1,0,1,0,0,1,1,0,0,0,1,0,1,0,0,1,0,0,1,0,0,0,0,1,0,0,1,1,0,0,1,0,0,1,0,0,0,1,0
-0.4417729543927777,-1.2816237461508115,-1.4892755833759166,-1.0016078165251128,0,1,1,0,1,0,0,1,1,0,0,0,0,1,0,1,0,0,1,0,0,1,0,0,1,0,0,1,0,0,1,0,1,0,0,1,0,0,0,0,1
-0.4417729543927777,0.3058999125543541,-0.027541035103958663,0.06982370925272267,1,0,1,0,0,1,0,1,1,0,0,1,0,0,0,0,1,1,0,0,1,0,0,0,0,1,0,0,1,1,0,0,1,0,0,0,1,0,1,0,0
-0.4417729543927777,1.07930887448764,-1.5075265255223316,-0.5064389951620661,0,1,0,1,0,1,0,1,1,0,0,0,0,1,0,1,0,0,1,0,0,1,0,0,1,0,0,1,0,0,1,0,0,0,1,1,0,0,0,0,1
2.2636062032690805,-0.42680331454033776,-0.04579197725037348,-0.40372154015418815,1,0,0,1,1,0,0,1,0,0,1,1,0,0,0,0,1,0,0,1,1,0,0,0,0,1,1,0,0,1,0,0,1,0,0,0,1,0,0,0,1
-0.4417729543927777,1.6084834273893618,-0.314578579770302,0.8244973469543301,0,1,0,1,0,1,1,0,0,1,0,1,0,0,0,0,1,0,0,1,0,0,1,0,0,1,1,0,0,0,0,1,0,0,1,0,1,0,1,0,0
-0.4417729543927777,-0.7524491932490897,0.4370284013502391,-0.5176130034114804,1,0,0,1,1,0,0,1,1,0,0,0,1,0,1,0,0,1,0,0,1,0,0,1,0,0,1,0,0,0,0,1,1,0,0,0,1,0,0,1,0
-0.4417729543927777,1.6084834273893618,1.5105156348711892,2.4943639707263423,1,0,0,1,1,0,0,1,0,0,1,0,1,0,1,0,0,0,0,1,0,0,1,0,0,1,0,0,1,0,0,1,0,0,1,0,1,1,0,0,0
-0.4417729543927777,1.6084834273893618,1.6631598782775685,2.6798656793855793,1,0,1,0,1,0,0,1,0,0,1,0,1,0,0,0,1,0,0,1,0,0,1,0,0,1,0,0,1,0,0,1,0,0,1,1,0,0,1,0,0
-0.4417729543927777,0.6722515261017,0.32088604223668965,0.6230359054909199,0,1,1,0,1,0,0,1,0,0,1,0,1,0,1,0,0,1,0,0,1,0,0,1,0,0,1,0,0,1,0,0,1,0,0,0,1,1,0,0,0
2.2636062032690805,-0.5896262538947138,-0.550181651114931,-0.654467163385644,1,0,0,1,1,0,1,0,0,1,0,1,0,0,1,0,0,1,0,0,0,0,1,1,0,0,0,0,1,0,0,1,1,0,0,0,1,0,0,1,0
-0.4417729543927777,-0.9152721326034656,-1.4942531130522116,-0.92284093715596,1,0,1,0,1,0,0,1,1,0,0,0,0,1,0,1,0,0,1,0,0,1,0,0,1,0,0,1,0,0,1,0,1,0,0,0,1,0,0,0,1
-0.4417729543927777,-0.9966836022806537,0.6726314726948683,-0.7349463662193436,1,0,0,1,1,0,0,1,0,0,1,0,1,0,1,0,0,1,0,0,1,0,0,1,0,0,1,0,0,0,0,1,1,0,0,0,1,0,1,0,0
-0.4417729543927777,-1.0373893371192477,-0.8239457833111546,-0.8816354096821863,1,0,1,0,1,0,1,0,0,1,0,1,0,0,1,0,0,0,0,1,1,0,0,1,0,0,1,0,0,0,0,1,1,0,0,0,1,0,1,0,0
-0.4417729543927777,-1.2409180113122176,-1.150803565387858,-0.9824210125762166,1,0,0,1,0,1,1,0,0,1,0,1,0,0,1,0,0,0,0,1,1,0,0,1,0,0,1,0,0,1,0,0,1,0,0,0,1,0,0,0,1
-0.4417729543927777,0.061665503522790134,0.6344704118432732,0.26722387070406667,0,1,0,1,0,1,0,1,1,0,0,0,1,0,1,0,0,1,0,0,0,0,1,1,0,0,0,0,1,1,0,0,1,0,0,0,1,0,0,0,1
-0.4417729543927777,1.5270719577121739,0.03550767412911123,1.1372378607483522,1,0,1,0,0,1,0,1,0,0,1,1,0,0,0,0,1,0,0,1,1,0,0,0,0,1,1,0,0,1,0,0,0,0,1,1,0,0,0,1,0
-0.4417729543927777,1.6084834273893618,-1.3399496930870674,-0.24175330270000478,1,0,0,1,1,0,0,1,0,0,1,0,0,1,0,1,0,0,1,0,0,1,0,0,1,0,0,1,0,0,1,0,0,0,1,1,0,0,0,1,0
2.2636062032690805,-0.9966836022806537,-1.179009566886863,-0.9129841008023507,0,1,1,0,1,0,1,0,0,1,0,1,0,0,1,0,0,1,0,0,0,0,1,1,0,0,1,0,0,1,0,0,1,0,0,0,1,0,0,1,0
-0.4417729543927777,-0.6710377235719017,0.938099722097267,-0.31946644455251344,1,0,1,0,1,0,0,1,1,0,0,0,1,0,1,0,0,0,0,1,0,0,1,1,0,0,1,0,0,0,0,1,1,0,0,0,1,0,1,0,0
-0.4417729543927777,1.48636622287358,1.147155968501656,1.9933776401568226,0,1,0,1,1,0,0,1,0,0,1,0,1,0,1,0,0,1,0,0,0,0,1,1,0,0,0,0,1,0,0,1,0,1,0,1,0,1,0,0,0
2.2636062032690805,0.10237123836138413,0.5531707604637885,0.2256451445264816,0,1,0,1,1,0,0,1,0,0,1,0,1,0,1,0,0,1,0,0,0,0,1,1,0,0,1,0,0,1,0,0,0,1,0,0,1,1,0,0,0
-0.4417729543927777,0.9164859351332639,-1.4909347599346816,-0.5330458674573317,1,0,0,1,0,1,0,1,1,0,0,0,0,1,0,1,0,0,1,0,0,1,0,0,1,0,0,1,0,0,1,0,1,0,0,1,0,0,1,0,0
-0.4417729543927777,1.48636622287358,-1.5207999379924513,-0.4533130620312551,0,1,1,0,1,0,0,1,1,0,0,0,0,1,0,1,0,0,1,0,0,1,0,0,1,0,0,1,0,0,1,0,0,0,1,0,1,0,0,0,1
-0.4417729543927777,-1.2409180113122176,0.5199872292884887,-0.942005788239926,1,0,1,0,1,0,0,1,0,0,1,0,1,0,1,0,0,1,0,0,0,0,1,1,0,0,1,0,0,1,0,0,1,0,0,1,0,0,0,0,1
-0.4417729543927777,1.6084834273893618,-1.3100845150292972,-0.19093242038685293,1,0,1,0,1,0,0,1,0,0,1,0,0,1,0,1,0,0,1,0,0,1,0,0,1,0,0,1,0,0,1,0,0,0,1,1,0,0,1,0,0
-0.4417729543927777,-1.1188008067964357,-1.4925939364934464,-0.9622902354353267,1,0,1,0,1,0,0,1,1,0,0,0,0,1,0,1,0,0,1,0,0,1,0,0,1,0,0,1,0,0,1,0,1,0,0,1,0,0,0,0,1
-0.4417729543927777,-0.9152721326034656,0.17321932850660576,-0.6874842722404951,0,1,1,0,1,0,0,1,1,0,0,0,1,0,1,0,0,1,0,0,1,0,0,1,0,0,1,0,0,1,0,0,1,0,0,1,0,0,0,0,1
-0.4417729543927777,0.9978974048104519,-1.5307549973450414,-0.5299285606372595,0,1,1,0,1,0,0,1,1,0,0,0,0,1,0,1,0,0,1,0,0,1,0,0,1,0,0,1,0,0,1,0,0,0,1,1,0,0,1,0,0
-0.4417729543927777,-0.3046861100245558,-0.21005045656810756,-0.35066146561816736,1,0,0,1,0,1,1,0,0,1,0,1,0,0,0,0,1,0,0,1,0,0,1,1,0,0,0,0,1,0,0,1,1,0,0,0,1,0,1,0,0
-0.4417729543927777,1.2421318138420159,1.4541036318731795,2.0066591234395252,1,0,0,1,1,0,0,1,0,0,1,0,1,0,1,0,0,0,0,1,0,0,1,0,0,1,0,0,1,0,0,1,1,0,0,0,1,0,0,1,0
-0.4417729543927777,1.6084834273893618,0.515009699612194,1.5742535429115982,1,0,0,1,0,1,0,1,1,0,0,1,0,0,0,0,1,1,0,0,0,0,1,0,0,1,0,0,1,0,0,1,0,0,1,0,1,1,0,0,0
-0.4417729543927777,0.6315457912631061,1.0608787874458765,0.9536899570678932,0,1,0,1,1,0,0,1,0,0,1,0,1,0,0,0,1,0,0,1,0,0,1,1,0,0,0,0,1,1,0,0,0,0,1,0,1,1,0,0,0
-0.4417729543927777,0.6722515261017,0.8451858348064276,0.9629979717982501,0,1,0,1,0,1,0,1,1,0,0,0,1,0,1,0,0,0,0,1,0,0,1,1,0,0,0,0,1,1,0,0,1,0,0,0,1,0,1,0,0
-0.4417729543927777,-0.46750904937893173,-1.4660471115532068,-0.8118692049343692,1,0,1,0,0,1,0,1,1,0,0,0,0,1,0,1,0,0,1,0,0,1,0,0,1,0,0,1,0,0,1,0,1,0,0,1,0,0,0,0,1
2.2636062032690805,0.9978974048104519,-0.6663240102284804,0.11926156107527898,0,1,0,1,1,0,1,0,0,1,0,1,0,0,1,0,0,1,0,0,1,0,0,1,0,0,0,0,1,0,0,1,1,0,0,0,1,0,0,1,0
-0.4417729543927777,-0.46750904937893173,0.01393837886516614,-0.3850176992337538,0,1,1,0,1,0,0,1,1,0,0,1,0,0,0,0,1,1,0,0,0,0,1,1,0,0,0,0,1,1,0,0,1,0,0,1,0,1,0,0,0
-0.4417729543927777,-0.9966836022806537,-0.027541035103958663,-0.7891040840018688,1,0,1,0,1,0,0,1,1,0,0,1,0,0,1,0,0,1,0,0,0,0,1,0,0,1,1,0,0,0,0,1,1,0,0,1,0,0,0,0,1
-0.4417729543927777,-0.9559778674420596,0.6825865320474581,-0.6628092520590771,0,1,1,0,1,0,0,1,0,0,1,0,1,0,1,0,0,1,0,0,1,0,0,1,0,0,0,0,1,1,0,0,1,0,0,0,1,0,0,1,0
-0.4417729543927777,-1.2409180113122176,0.9961709016540418,-0.9322148104811072,0,1,1,0,1,0,0,1,1,0,0,0,1,0,1,0,0,1,0,0,0,0,1,1,0,0,0,0,1,0,0,1,1,0,0,1,0,0,0,1,0
-0.4417729543927777,-0.9559778674420596,0.9928525485365115,-0.6193864852273647,0,1,0,1,1,0,0,1,1,0,0,0,1,0,1,0,0,0,0,1,0,0,1,0,0,1,0,0,1,1,0,0,1,0,0,0,1,0,0,0,1
-0.4417729543927777,-0.5489205190561198,1.162088557530541,-0.1622619787881591,0,1,1,0,1,0,0,1,0,0,1,0,1,0,1,0,0,0,0,1,1,0,0,1,0,0,0,0,1,0,0,1,1,0,0,0,1,0,0,1,0
-0.4417729543927777,-0.9966836022806537,0.6643355899010434,-0.7169450169766721,1,0,1,0,1,0,0,1,1,0,0,0,1,0,0,0,1,1,0,0,1,0,0,1,0,0,0,0,1,1,0,0,1,0,0,1,0,0,0,1,0
-0.4417729543927777,0.9571916699718579,1.34459797899469,1.5874691675995103,1,0,1,0,1,0,0,1,0,0,1,0,1,0,1,0,0,0,0,1,1,0,0,0,0,1,0,0,1,0,0,1,1,0,0,0,1,1,0,0,0
-0.4417729543927777,-0.46750904937893173,-0.2979868141826521,-0.5023996680149301,1,0,0,1,0,1,1,0,0,1,0,1,0,0,0,0,1,1,0,0,0,0,1,1,0,0,0,0,1,0,0,1,0,1,0,0,1,0,0,1,0
-0.4417729543927777,1.120014609326234,0.5199872292884887,1.1614738236311684,1,0,0,1,0,1,0,1,1,0,0,1,0,0,1,0,0,0,0,1,0,0,1,0,0,1,0,0,1,0,0,1,0,0,1,0,1,1,0,0,0
-0.4417729543927777,0.9571916699718579,-0.4290617623250866,0.2562254853740931,0,1,0,1,0,1,1,0,0,1,0,1,0,0,0,0,1,0,0,1,1,0,0,0,0,1,0,0,1,1,0,0,0,1,0,0,1,0,0,0,1
-0.4417729543927777,0.9164859351332639,-1.4809797005820917,-0.5366461373058661,1,0,0,1,0,1,0,1,1,0,0,0,0,1,0,1,0,0,1,0,0,1,0,0,1,0,0,1,0,0,1,0,0,0,1,1,0,0,0,0,1
-0.4417729543927777,0.9164859351332639,-1.5207999379924513,-0.5706950308124313,0,1,1,0,0,1,0,1,1,0,0,0,0,1,0,1,0,0,1,0,0,1,0,0,1,0,0,1,0,0,1,0,0,1,0,1,0,1,0,0,0
2.2636062032690805,-0.7524491932490897,0.3109309828840998,-0.529094351769916,1,0,1,0,1,0,0,1,0,0,1,0,1,0,1,0,0,1,0,0,1,0,0,1,0,0,1,0,0,1,0,0,1,0,0,0,1,0,0,1,0
-0.4417729543927777,1.160720344164828,0.7871146552496529,1.3259227348224516,1,0,1,0,1,0,0,1,0,0,1,1,0,0,1,0,0,0,0,1,0,0,1,0,0,1,0,0,1,0,0,1,0,0,1,1,0,0,1,0,0
-0.4417729543927777,1.364249018357798,-1.4909347599346816,-0.40705837562356134,0,1,0,1,0,1,0,1,1,0,0,0,0,1,0,1,0,0,1,0,0,1,0,0,1,0,0,1,0,0,1,0,0,0,1,1,0,0,1,0,0
-0.4417729543927777,0.9978974048104519,-0.34112540471054204,0.3659019985648086,0,1,1,0,1,0,0,1,1,0,0,1,0,0,1,0,0,0,0,1,1,0,0,0,0,1,1,0,0,1,0,0,0,1,0,0,1,0,0,0,1
-0.4417729543927777,1.07930887448764,-0.009290092957543374,0.6296656706998062,0,1,1,0,1,0,0,1,1,0,0,1,0,0,1,0,0,1,0,0,0,0,1,0,0,1,0,0,1,1,0,0,1,0,0,0,1,0,0,1,0
-0.4417729543927777,0.6722515261017,1.38441821640505,1.2586811095415948,0,1,1,0,1,0,0,1,0,0,1,0,1,0,1,0,0,0,0,1,1,0,0,0,0,1,0,0,1,0,0,1,0,1,0,0,1,1,0,0,0
-0.4417729543927777,1.445660488034986,0.9049161909219672,1.7964165360040805,0,1,0,1,0,1,0,1,0,0,1,1,0,0,0,0,1,0,0,1,0,0,1,0,0,1,0,0,1,0,0,1,0,0,1,0,1,0,1,0,0
2.2636062032690805,0.1430769731999781,0.33084110158928,0.15724001740432983,1,0,1,0,1,0,0,1,0,0,1,0,1,0,1,0,0,1,0,0,1,0,0,1,0,0,1,0,0,1,0,0,1,0,0,0,1,1,0,0,0
2.2636062032690805,-1.2816237461508115,0.1533092098014256,-0.9798744802443264,1,0,0,1,1,0,0,1,1,0,0,0,1,0,1,0,0,1,0,0,1,0,0,1,0,0,1,0,0,1,0,0,1,0,0,0,1,0,0,1,0
-0.4417729543927777,-0.10115743583158582,1.1786803231181908,0.3493056326776628,1,0,1,0,1,0,0,1,0,0,1,0,1,0,1,0,0,1,0,0,0,0,1,1,0,0,0,0,1,0,0,1,1,0,0,1,0,0,0,1,0
-0.4417729543927777,1.5677776925507678,-1.3449272227633624,-0.25286145235462887,1,0,0,1,1,0,0,1,0,0,1,0,0,1,0,1,0,0,1,0,0,1,0,0,1,0,0,1,0,0,1,0,0,0,1,0,1,0,1,0,0
-0.4417729543927777,-0.9966836022806537,1.2019087949409009,-0.6403295183706679,1,0,0,1,1,0,0,1,1,0,0,0,1,0,1,0,0,0,0,1,0,0,1,1,0,0,0,0,1,0,0,1,1,0,0,1,0,0,0,1,0
2.2636062032690805,-0.9559778674420596,0.5282831120823137,-0.6803934968680769,1,0,1,0,1,0,0,1,1,0,0,0,1,0,1,0,0,1,0,0,1,0,0,1,0,0,0,0,1,1,0,0,1,0,0,0,1,0,0,1,0
-0.4417729543927777,1.48636622287358,1.3794406867287548,2.2161333606024174,0,1,1,0,1,0,0,1,0,0,1,0,1,0,1,0,0,1,0,0,0,0,1,0,0,1,0,0,1,0,0,1,0,0,1,0,1,1,0,0,0
-0.4417729543927777,1.404954753196392,1.3827590398462846,2.1704274958179757,1,0,1,0,0,1,0,1,0,0,1,0,1,0,1,0,0,0,0,1,1,0,0,0,0,1,0,0,1,0,0,1,0,1,0,0,1,1,0,0,0
-0.4417729543927777,-0.3453918448631498,-0.331170345357952,-0.41834214819762616,0,1,1,0,1,0,0,1,1,0,0,1,0,0,0,0,1,1,0,0,1,0,0,0,0,1,1,0,0,1,0,0,1,0,0,1,0,0,0,1,0
2.2636062032690805,-0.6710377235719017,0.22797215494585024,-0.4976798020549613,0,1,0,1,1,0,0,1,1,0,0,0,1,0,1,0,0,1,0,0,1,0,0,1,0,0,1,0,0,1,0,0,1,0,0,0,1,1,0,0,0
-0.4417729543927777,-0.7524491932490897,0.17487850506537067,-0.5509374523753529,1,0,0,1,0,1,0,1,1,0,0,0,1,0,1,0,0,1,0,0,1,0,0,1,0,0,1,0,0,1,0,0,1,0,0,1,0,0,0,1,0
2.2636062032690805,0.061665503522790134,1.4590811615494748,0.581259603528964,0,1,0,1,0,1,0,1,0,0,1,0,1,0,1,0,0,0,0,1,0,0,1,0,0,1,0,0,1,0,0,1,1,0,0,0,1,0,0,1,0
-0.4417729543927777,0.835074465456076,-1.5058673489635666,-0.5678850641013801,1,0,0,1,0,1,0,1,1,0,0,0,0,1,0,1,0,0,1,0,0,1,0,0,1,0,0,1,0,0,1,0,0,1,0,1,0,1,0,0,0
-0.4417729543927777,-0.5082147842175258,1.3578713914648097,-0.027076236548682114,1,0,0,1,0,1,0,1,0,0,1,0,1,0,1,0,0,0,0,1,0,0,1,1,0,0,0,0,1,0,0,1,1,0,0,0,1,1,0,0,0
-0.4417729543927777,-0.3453918448631498,0.3275227484717497,-0.21079976314858184,0,1,0,1,0,1,0,1,0,0,1,1,0,0,0,0,1,1,0,0,1,0,0,1,0,0,0,0,1,0,0,1,0,1,0,1,0,0,0,0,1
-0.4417729543927777,1.2828375486806098,0.5432157011111987,1.241645686355847,1,0,0,1,1,0,0,1,0,0,1,1,0,0,0,0,1,0,0,1,0,0,1,0,0,1,1,0,0,0,0,1,0,0,1,0,1,0,0,0,1
2.2636062032690805,1.5677776925507678,-1.3598598117922471,-0.2393384875576952,0,1,0,1,1,0,0,1,0,0,1,0,0,1,0,1,0,0,1,0,0,1,0,0,1,0,0,1,0,0,1,0,0,0,1,1,0,1,0,0,0
-0.4417729543927777,-0.9966836022806537,-1.5174815848749212,-0.9393055858535254,1,0,1,0,1,0,0,1,1,0,0,0,0,1,0,1,0,0,1,0,0,1,0,0,1,0,0,1,0,0,1,0,0,1,0,0,1,0,0,0,1
-0.4417729543927777,1.3235432835192038,0.1533092098014256,0.9474114376978882,0,1,0,1,0,1,0,1,0,0,1,1,0,0,0,0,1,0,0,1,1,0,0,1,0,0,1,0,0,0,0,1,0,0,1,0,1,0,0,0,1
-0.4417729543927777,-0.14186317067017984,-0.530271532409751,-0.4292307692029494,0,1,1,0,1,0,0,1,1,0,0,1,0,0,1,0,0,1,0,0,0,0,1,1,0,0,1,0,0,1,0,0,1,0,0,1,0,1,0,0,0
-0.4417729543927777,0.9164859351332639,1.193612912147076,1.381836681799384,1,0,0,1,0,1,0,1,0,0,1,0,1,0,0,0,1,1,0,0,1,0,0,1,0,0,0,0,1,0,0,1,0,1,0,1,0,0,0,0,1
-0.4417729543927777,0.87578020029467,-0.13040998174738797,0.43103614881237745,0,1,1,0,0,1,0,1,1,0,0,1,0,0,1,0,0,0,0,1,0,0,1,0,0,1,1,0,0,1,0,0,0,1,0,0,1,0,0,1,0
-0.4417729543927777,1.364249018357798,-0.118795745836033,0.8307319605944747,1,0,1,0,1,0,1,0,0,1,0,1,0,0,0,0,1,1,0,0,0,0,1,0,0,1,0,0,1,0,0,1,0,0,1,0,1,1,0,0,0
-0.4417729543927777,-0.06045170099299184,-0.17354857227527767,-0.20891181676459436,0,1,0,1,0,1,0,1,0,0,1,1,0,0,1,0,0,1,0,0,1,0,0,1,0,0,1,0,0,0,0,1,1,0,0,1,0,1,0,0,0
2.2636062032690805,-1.1188008067964357,0.4652344028492443,-0.8442716335711778,1,0,1,0,1,0,0,1,1,0,0,0,1,0,1,0,0,1,0,0,1,0,0,1,0,0,1,0,0,0,0,1,1,0,0,1,0,0,0,1,0
-0.4417729543927777,-0.46750904937893173,-0.10884068648344314,-0.39854066403068755,0,1,1,0,1,0,0,1,1,0,0,1,0,0,1,0,0,1,0,0,0,0,1,1,0,0,1,0,0,0,0,1,1,0,0,1,0,0,0,0,1
-0.4417729543927777,-0.9559778674420596,-1.3382905165283023,-0.9269461228978862,0,1,1,0,1,0,1,0,0,1,0,1,0,0,1,0,0,1,0,0,1,0,0,1,0,0,1,0,0,1,0,0,1,0,0,0,1,0,0,0,1
2.2636062032690805,-0.06045170099299184,0.8551408941590174,0.23877295775467378,0,1,1,0,1,0,0,1,0,0,1,0,1,0,1,0,0,0,0,1,1,0,0,1,0,0,0,0,1,1,0,0,1,0,0,0,1,0,0,1,0
-0.4417729543927777,0.6722515261017,1.138860085707831,1.1501022395973834,0,1,0,1,1,0,0,1,1,0,0,0,1,0,1,0,0,1,0,0,0,0,1,0,0,1,0,0,1,0,0,1,0,1,0,0,1,0,1,0,0
-0.4417729543927777,-0.8745663977648717,0.9646465470375069,-0.5367119959006563,1,0,0,1,1,0,0,1,0,0,1,0,1,0,1,0,0,1,0,0,1,0,0,1,0,0,0,0,1,0,0,1,1,0,0,0,1,0,0,1,0
-0.4417729543927777,-1.0780950719578417,0.9497139580086218,-0.7749005803921023,1,0,1,0,1,0,0,1,0,0,1,0,1,0,1,0,0,1,0,0,1,0,0,1,0,0,0,0,1,0,0,1,1,0,0,0,1,1,0,0,0
-0.4417729543927777,-1.3223294809894057,-1.4909347599346816,-0.3968393169986058,1,0,0,1,0,1,0,1,1,0,0,0,0,1,0,1,0,0,1,0,0,1,0,0,1,0,0,1,0,0,1,0,0,0,1,1,0,0,0,0,1
-0.4417729543927777,0.9978974048104519,-1.4942531130522116,-0.5205985930419723,1,0,0,1,1,0,0,1,1,0,0,0,0,1,0,1,0,0,1,0,0,1,0,0,1,0,0,1,0,0,1,0,0,0,1,1,0,1,0,0,0
-0.4417729543927777,-1.2409180113122176,-0.19677704409798766,-0.9602925247266887,1,0,1,0,1,0,0,1,1,0,0,1,0,0,1,0,0,0,0,1,1,0,0,1,0,0,0,0,1,1,0,0,1,0,0,0,1,0,0,1,0
-0.4417729543927777,-0.9559778674420596,0.677609002371163,-0.6790763249722718,1,0,0,1,0,1,0,1,0,0,1,0,1,0,1,0,0,1,0,0,1,0,0,1,0,0,0,0,1,1,0,0,1,0,0,0,1,1,0,0,0
-0.4417729543927777,0.2244884428771661,-1.4809797005820917,-0.684169389636052,1,0,1,0,1,0,0,1,1,0,0,0,0,1,0,1,0,0,1,0,0,1,0,0,1,0,0,1,0,0,1,0,0,0,1,1,0,0,0,0,1
-0.4417729543927777,0.2651941777157601,-0.334488698475482,-0.04812903401663585,0,1,1,0,0,1,1,0,0,1,0,1,0,0,1,0,0,1,0,0,0,0,1,0,0,1,0,0,1,0,0,1,0,1,0,1,0,1,0,0,0
-0.4417729543927777,-0.6303319887333078,0.916530426833322,-0.3451952022505757,0,1,0,1,0,1,0,1,0,0,1,0,1,0,1,0,0,1,0,0,1,0,0,1,0,0,0,0,1,0,0,1,1,0,0,0,1,0,0,1,0
-0.4417729543927777,1.5677776925507678,-1.3067661619117674,-0.1770362568861078,0,1,1,0,1,0,0,1,0,0,1,0,0,1,0,1,0,0,1,0,0,1,0,0,1,0,0,1,0,0,1,0,0,0,1,1,0,1,0,0,0
-0.4417729543927777,0.509428586747324,1.0559012577695814,0.9402108980008197,1,0,1,0,1,0,0,1,0,0,1,0,1,0,0,0,1,0,0,1,1,0,0,1,0,0,1,0,0,0,0,1,0,1,0,1,0,1,0,0,0
-0.4417729543927777,0.020959768684196148,-1.4876164068171516,-0.7160888552443988,1,0,0,1,0,1,0,1,1,0,0,0,0,1,0,1,0,0,1,0,0,1,0,0,1,0,0,1,0,0,1,0,0,0,1,1,0,0,0,0,1
-0.4417729543927777,1.6084834273893618,-1.4677062881119716,-0.35959628164471286,1,0,0,1,0,1,0,1,1,0,0,0,0,1,0,1,0,0,1,0,0,1,0,0,1,0,0,1,0,0,1,0,0,0,1,0,1,0,0,0,1
-0.4417729543927777,-0.14186317067017984,-0.3212152860053621,-0.2990502801675324,1,0,1,0,1,0,0,1,0,0,1,1,0,0,1,0,0,0,0,1,1,0,0,1,0,0,1,0,0,1,0,0,0,1,0,0,1,0,0,1,0
-0.4417729543927777,1.5677776925507678,1.0227177265942815,1.9968681456807063,1,0,0,1,0,1,0,1,0,0,1,0,1,0,1,0,0,0,0,1,0,0,1,1,0,0,1,0,0,0,0,1,0,0,1,0,1,0,1,0,0
2.2636062032690805,-0.5896262538947138,1.2832084463203852,-0.2173197640328178,1,0,1,0,1,0,0,1,0,0,1,0,1,0,1,0,0,0,0,1,1,0,0,0,0,1,0,0,1,0,0,1,1,0,0,0,1,0,1,0,0
-0.4417729543927777,-0.6710377235719017,-0.3660130530920169,-0.6441712697334331,1,0,1,0,1,0,0,1,1,0,0,1,0,0,1,0,0,0,0,1,1,0,0,0,0,1,1,0,0,1,0,0,1,0,0,0,1,0,0,0,1
2.2636062032690805,-0.2232746403473678,1.2052271480584307,0.1989504607714955,1,0,0,1,1,0,0,1,1,0,0,0,1,0,0,0,1,1,0,0,0,0,1,1,0,0,0,0,1,0,0,1,1,0,0,0,1,0,0,1,0
-0.4417729543927777,-1.1595065416350296,-1.5042081724048015,-0.9693810108077449,1,0,0,1,1,0,0,1,1,0,0,0,0,1,0,1,0,0,1,0,0,1,0,0,1,0,0,1,0,0,1,0,1,0,0,1,0,0,0,0,1
-0.4417729543927777,1.6084834273893618,-1.2769009838539975,-0.16983571718903917,1,0,0,1,1,0,0,1,0,0,1,0,0,1,0,1,0,0,1,0,0,1,0,0,1,0,0,1,0,0,1,0,0,0,1,1,0,0,1,0,0
2.2636062032690805,0.5908400564245121,0.9994892547715716,0.9673446390544076,1,0,1,0,1,0,0,1,0,0,1,0,1,0,1,0,0,0,0,1,1,0,0,0,0,1,0,0,1,1,0,0,1,0,0,0,1,0,0,1,0
-0.4417729543927777,0.2651941777157601,0.546534054228729,0.40060947801927654,0,1,1,0,1,0,0,1,0,0,1,0,1,0,1,0,0,0,0,1,1,0,0,1,0,0,1,0,0,1,0,0,0,1,0,1,0,0,1,0,0
-0.4417729543927777,1.6084834273893618,1.329665389965805,2.3219461695654378,1,0,0,1,1,0,0,1,0,0,1,0,1,0,0,0,1,1,0,0,0,0,1,1,0,0,0,0,1,0,0,1,0,0,1,0,1,0,1,0,0
2.2636062032690805,-1.2816237461508115,0.8086839505135974,-0.971203098596942,1,0,1,0,1,0,0,1,1,0,0,0,1,0,1,0,0,1,0,0,1,0,0,1,0,0,0,0,1,0,0,1,1,0,0,0,1,0,0,1,0
2.2636062032690805,1.6084834273893618,1.329665389965805,2.316787246306867,1,0,0,1,1,0,0,1,0,0,1,0,1,0,1,0,0,0,0,1,0,0,1,1,0,0,0,0,1,0,0,1,0,1,0,1,0,0,1,0,0
-0.4417729543927777,-0.5896262538947138,0.3474328671769299,-0.4043362203722305,1,0,1,0,1,0,0,1,1,0,0,0,1,0,0,0,1,1,0,0,1,0,0,1,0,0,1,0,0,1,0,0,1,0,0,0,1,0,0,1,0
2.2636062032690805,1.5677776925507678,0.20142533000561044,1.1901881709597226,0,1,0,1,1,0,0,1,1,0,0,1,0,0,0,0,1,0,0,1,1,0,0,0,0,1,0,0,1,1,0,0,0,1,0,0,1,1,0,0,0
-0.4417729543927777,0.38731138223154205,0.04878108659923135,0.1872495837637592,1,0,0,1,1,0,0,1,0,0,1,1,0,0,0,0,1,0,0,1,1,0,0,0,0,1,1,0,0,1,0,0,1,0,0,0,1,0,1,0,0
-0.4417729543927777,1.6084834273893618,0.8402083051301324,1.7861425952167995,0,1,0,1,1,0,0,1,0,0,1,1,0,0,0,0,1,0,0,1,0,0,1,0,0,1,0,0,1,0,0,1,0,0,1,0,1,0,1,0,0
-0.4417729543927777,-0.7117434584104957,1.168725263765601,-0.3891448378406102,1,0,1,0,1,0,0,1,0,0,1,0,1,0,1,0,0,0,0,1,1,0,0,1,0,0,0,0,1,0,0,1,1,0,0,0,1,0,0,1,0
-0.4417729543927777,1.6084834273893618,1.3263470368482753,2.308664686282735,0,1,0,1,0,1,0,1,1,0,0,0,1,0,0,0,1,1,0,0,0,0,1,0,0,1,0,0,1,0,0,1,0,0,1,0,1,0,1,0,0
-0.4417729543927777,-0.2232746403473678,-0.2896909313888272,-0.3221666469389142,0,1,1,0,0,1,0,1,1,0,0,1,0,0,0,0,1,0,0,1,1,0,0,1,0,0,1,0,0,1,0,0,0,1,0,1,0,0,0,0,1
-0.4417729543927777,0.10237123836138413,0.17819685818290046,0.050592999573966416,1,0,0,1,1,0,0,1,1,0,0,0,1,0,1,0,0,1,0,0,1,0,0,1,0,0,1,0,0,1,0,0,1,0,0,0,1,0,0,1,0
-0.4417729543927777,-0.9559778674420596,1.2135230308522555,-0.6122518041250864,0,1,0,1,0,1,0,1,1,0,0,0,1,0,1,0,0,0,0,1,1,0,0,0,0,1,0,0,1,0,0,1,1,0,0,0,1,0,0,1,0
-0.4417729543927777,-1.2816237461508115,-1.5058673489635666,-1.0018273451744135,1,0,1,0,1,0,0,1,1,0,0,0,0,1,0,1,0,0,1,0,0,1,0,0,1,0,0,1,0,0,1,0,1,0,0,1,0,0,1,0,0
-0.4417729543927777,-0.5082147842175258,-0.6829157758161304,-0.603338940963471,1,0,1,0,1,0,0,1,1,0,0,1,0,0,1,0,0,1,0,0,1,0,0,1,0,0,1,0,0,1,0,0,1,0,0,0,1,0,0,1,0
-0.4417729543927777,1.3235432835192038,-1.5125040551986264,-0.43087723407270595,1,0,0,1,1,0,0,1,1,0,0,0,0,1,0,1,0,0,1,0,0,1,0,0,1,0,0,1,0,0,1,0,0,0,1,1,0,1,0,0,0
-0.4417729543927777,-1.2816237461508115,-1.4610695818769117,-1.0012346178213012,1,0,1,0,1,0,0,1,1,0,0,0,0,1,0,1,0,0,1,0,0,1,0,0,1,0,0,1,0,0,1,0,1,0,0,1,0,0,0,0,1
-0.4417729543927777,-1.0373893371192477,-1.4892755833759166,-0.9380323196875803,1,0,1,0,1,0,0,1,1,0,0,0,0,1,0,1,0,0,1,0,0,1,0,0,1,0,0,1,0,0,1,0,1,0,0,1,0,0,0,0,1
-0.4417729543927777,-0.14186317067017984,0.3524103968532246,-0.10841160111465517,0,1,0,1,0,1,0,1,1,0,0,1,0,0,1,0,0,1,0,0,0,0,1,0,0,1,0,0,1,0,0,1,0,0,1,1,0,0,0,0,1
-0.4417729543927777,0.550134321585918,-1.1491443888290933,-0.4044679375618111,0,1,1,0,1,0,1,0,0,1,0,1,0,0,1,0,0,0,0,1,1,0,0,1,0,0,1,0,0,1,0,0,1,0,0,1,0,1,0,0,0
-0.4417729543927777,-1.2816237461508115,-0.5120205902633362,-0.9886775790812914,1,0,1,0,1,0,0,1,1,0,0,1,0,0,1,0,0,0,0,1,1,0,0,1,0,0,1,0,0,1,0,0,1,0,0,1,0,0,0,1,0
2.2636062032690805,-1.2002122764736236,0.32088604223668965,-0.9054542681313308,1,0,0,1,1,0,0,1,1,0,0,0,1,0,1,0,0,0,0,1,1,0,0,1,0,0,1,0,0,1,0,0,1,0,0,0,1,1,0,0,0
-0.4417729543927777,-0.7931549280876837,0.8684143066291371,-0.5117735413400772,0,1,1,0,1,0,0,1,1,0,0,0,1,0,1,0,0,1,0,0,1,0,0,1,0,0,0,0,1,0,0,1,1,0,0,0,1,0,0,1,0
-0.4417729543927777,-1.0373893371192477,-1.4892755833759166,-0.9679101688574289,1,0,1,0,0,1,0,1,1,0,0,0,0,1,0,1,0,0,1,0,0,1,0,0,1,0,0,1,0,0,1,0,0,1,0,1,0,0,0,0,1
-0.4417729543927777,-1.2816237461508115,-1.4959122896109764,-1.0016956279848332,0,1,1,0,1,0,0,1,1,0,0,0,0,1,0,1,0,0,1,0,0,1,0,0,1,0,0,1,0,0,1,0,1,0,0,0,1,0,0,1,0
-0.4417729543927777,-0.6710377235719017,-1.4859572302583866,-0.8605387064843726,0,1,0,1,0,1,0,1,1,0,0,0,0,1,0,1,0,0,1,0,0,1,0,0,1,0,0,1,0,0,1,0,1,0,0,1,0,0,0,1,0
-0.4417729543927777,-0.9966836022806537,0.018915908541461305,-0.7626289288961836,1,0,0,1,1,0,0,1,1,0,0,1,0,0,0,0,1,1,0,0,1,0,0,0,0,1,1,0,0,0,0,1,0,0,1,1,0,0,0,0,1
-0.4417729543927777,-0.9152721326034656,1.3097552712606253,-0.5355923997892219,0,1,1,0,1,0,0,1,1,0,0,0,1,0,0,0,1,0,0,1,0,0,1,1,0,0,0,0,1,0,0,1,1,0,0,0,1,0,0,1,0
-0.4417729543927777,-0.14186317067017984,1.1819986762357206,0.23231881546522803,0,1,1,0,0,1,0,1,0,0,1,0,1,0,1,0,0,0,0,1,0,0,1,0,0,1,1,0,0,0,0,1,0,1,0,1,0,0,1,0,0
-0.4417729543927777,-0.5489205190561198,0.6211969993731536,-0.36686267993657173,0,1,0,1,0,1,0,1,0,0,1,0,1,0,1,0,0,1,0,0,1,0,0,1,0,0,1,0,0,0,0,1,1,0,0,0,1,0,0,1,0
-0.4417729543927777,1.6084834273893618,1.5984519924857337,2.6111532121544063,1,0,0,1,0,1,0,1,0,0,1,0,1,0,0,0,1,0,0,1,0,0,1,0,0,1,0,0,1,0,0,1,0,0,1,0,1,1,0,0,0
-0.4417729543927777,-1.2002122764736236,1.130564202914006,-0.8842258477439365,1,0,1,0,1,0,0,1,1,0,0,0,1,0,0,0,1,1,0,0,0,0,1,1,0,0,0,0,1,0,0,1,1,0,0,0,1,0,1,0,0
-0.4417729543927777,0.46872285190873003,-1.3299946337344772,-0.5653824374993502,0,1,0,1,0,1,0,1,0,0,1,0,0,1,0,1,0,0,1,0,0,1,0,0,1,0,0,1,0,0,1,0,0,1,0,1,0,0,0,1,0
-0.4417729543927777,0.38731138223154205,1.3363020962008652,0.9217704914595465,1,0,1,0,1,0,0,1,0,0,1,0,1,0,0,0,1,1,0,0,0,0,1,1,0,0,0,0,1,0,0,1,1,0,0,0,1,0,0,1,0
-0.4417729543927777,-0.10115743583158582,0.6178786462556234,0.1180541535041242,0,1,0,1,0,1,0,1,0,0,1,0,1,0,1,0,0,0,0,1,1,0,0,0,0,1,1,0,0,1,0,0,1,0,0,0,1,1,0,0,0
-0.4417729543927777,0.753662995778888,0.5332606417586089,0.7834674423999971,0,1,1,0,1,0,0,1,0,0,1,0,1,0,1,0,0,0,0,1,1,0,0,1,0,0,1,0,0,1,0,0,1,0,0,1,0,1,0,0,0
-0.4417729543927777,-1.2816237461508115,-1.5025489958460365,-1.0017834394445535,1,0,1,0,1,0,0,1,1,0,0,0,0,1,0,1,0,0,1,0,0,1,0,0,1,0,0,1,0,0,1,0,1,0,0,1,0,0,0,0,1
-0.4417729543927777,-0.3860975797017438,-1.4909347599346816,-0.8148987002947212,0,1,0,1,0,1,0,1,1,0,0,0,0,1,0,1,0,0,1,0,0,1,0,0,1,0,0,1,0,0,1,0,0,1,0,0,1,0,1,0,0
-0.4417729543927777,0.835074465456076,1.5121748114299542,1.5517079506283984,1,0,0,1,1,0,0,1,1,0,0,0,1,0,0,0,1,0,0,1,0,0,1,0,0,1,0,0,1,0,0,1,0,1,0,1,0,0,0,1,0
-0.4417729543927777,-0.3453918448631498,1.122268320120181,0.04653171956190028,1,0,1,0,1,0,0,1,0,0,1,0,1,0,1,0,0,1,0,0,0,0,1,1,0,0,0,0,1,0,0,1,1,0,0,0,1,0,0,1,0
-0.4417729543927777,-1.2816237461508115,-1.4859572302583866,-1.0015639107952525,1,0,1,0,1,0,0,1,1,0,0,0,0,1,0,1,0,0,1,0,0,1,0,0,1,0,0,1,0,0,1,0,1,0,0,1,0,0,0,0,1
2.2636062032690805,1.160720344164828,1.1073357310912961,1.6531521394703315,0,1,0,1,1,0,0,1,0,0,1,0,1,0,1,0,0,0,0,1,0,0,1,0,0,1,0,0,1,1,0,0,0,1,0,0,1,0,0,0,1
-0.4417729543927777,-0.42680331454033776,0.938099722097267,-0.06323260508853569,0,1,1,0,1,0,0,1,1,0,0,0,1,0,1,0,0,0,0,1,1,0,0,1,0,0,0,0,1,0,0,1,1,0,0,0,1,0,0,0,1
2.2636062032690805,-1.1188008067964357,0.8783693659817274,-0.8129448953159435,0,1,1,0,1,0,0,1,1,0,0,0,1,0,1,0,0,1,0,0,1,0,0,1,0,0,0,0,1,0,0,1,1,0,0,0,1,0,0,1,0
-0.4417729543927777,0.2651941777157601,-0.5020655309107463,-0.14496312122325034,0,1,1,0,1,0,0,1,1,0,0,1,0,0,1,0,0,1,0,0,1,0,0,0,0,1,1,0,0,1,0,0,0,0,1,0,1,1,0,0,0
-0.4417729543927777,0.712957260940294,-0.8455150785750996,-0.12292244483344288,0,1,0,1,0,1,1,0,0,1,0,1,0,0,0,0,1,1,0,0,1,0,0,1,0,0,0,0,1,1,0,0,1,0,0,0,1,0,1,0,0
-0.4417729543927777,0.9978974048104519,-1.5108448786398616,-0.5443076871664665,0,1,0,1,0,1,0,1,1,0,0,0,0,1,0,1,0,0,1,0,0,1,0,0,1,0,0,1,0,0,1,0,0,1,0,1,0,0,0,0,1
-0.4417729543927777,0.2651941777157601,-1.3100845150292972,-0.5895964475172364,0,1,1,0,0,1,0,1,0,0,1,0,0,1,0,1,0,0,1,0,0,1,0,0,1,0,0,1,0,0,1,0,0,1,0,1,0,1,0,0,0
-0.4417729543927777,-0.8745663977648717,1.0376503156231665,-0.4738609436058167,1,0,0,1,1,0,0,1,0,0,1,0,1,0,0,0,1,1,0,0,1,0,0,0,0,1,0,0,1,1,0,0,1,0,0,0,1,0,1,0,0
-0.4417729543927777,-1.2816237461508115,-0.6513914211995956,-0.9905216197354186,0,1,1,0,1,0,0,1,1,0,0,1,0,0,1,0,0,1,0,0,1,0,0,1,0,0,1,0,0,1,0,0,1,0,0,1,0,0,0,1,0
-0.4417729543927777,0.9571916699718579,1.4823096333721841,1.6032971832141034,1,0,0,1,0,1,0,1,0,0,1,0,1,0,0,0,1,1,0,0,0,0,1,0,0,1,0,0,1,0,0,1,1,0,0,0,1,0,0,0,1
-0.4417729543927777,0.061665503522790134,-0.2648032830073523,-0.18081214965408277,0,1,1,0,1,0,0,1,1,0,0,1,0,0,0,0,1,1,0,0,0,0,1,1,0,0,1,0,0,1,0,0,0,1,0,1,0,0,0,0,1
2.2636062032690805,-0.8338606629262777,0.4735302856430692,-0.5960066840768219,1,0,0,1,1,0,0,1,1,0,0,1,0,0,0,0,1,1,0,0,0,0,1,0,0,1,0,0,1,0,0,1,0,1,0,0,1,0,0,1,0
-0.4417729543927777,-1.2816237461508115,0.8568000707177823,-0.9705664655139695,0,1,0,1,1,0,0,1,1,0,0,0,1,0,1,0,0,1,0,0,1,0,0,1,0,0,0,0,1,0,0,1,1,0,0,0,1,0,0,1,0
-0.4417729543927777,-0.5489205190561198,-1.5008898192872715,-0.8407152694525037,0,1,1,0,1,0,0,1,1,0,0,0,0,1,0,1,0,0,1,0,0,1,0,0,1,0,0,1,0,0,1,0,0,1,0,0,1,0,1,0,0
-0.4417729543927777,-0.5896262538947138,0.9895341954189817,-0.2675698718577873,0,1,0,1,1,0,0,1,0,0,1,0,1,0,1,0,0,1,0,0,1,0,0,1,0,0,0,0,1,0,0,1,1,0,0,0,1,0,0,1,0
2.2636062032690805,0.1430769731999781,-0.35937634685695685,-0.13543557784359259,0,1,0,1,1,0,0,1,1,0,0,1,0,0,1,0,0,1,0,0,0,0,1,0,0,1,1,0,0,1,0,0,0,1,0,1,0,0,1,0,0
2.2636062032690805,-0.8745663977648717,-0.15529763012886286,-0.7193378792540517,0,1,1,0,1,0,0,1,0,0,1,1,0,0,0,0,1,0,0,1,1,0,0,1,0,0,1,0,0,1,0,0,1,0,0,1,0,1,0,0,0
-0.4417729543927777,0.9571916699718579,0.29599839385521476,0.7865847492200695,1,0,1,0,1,0,0,1,1,0,0,0,1,0,1,0,0,0,0,1,1,0,0,1,0,0,1,0,0,1,0,0,1,0,0,0,1,0,0,1,0
2.2636062032690805,0.753662995778888,0.4171182826450594,0.6612338904692716,1,0,0,1,1,0,0,1,0,0,1,0,1,0,0,0,1,1,0,0,1,0,0,1,0,0,1,0,0,1,0,0,1,0,0,0,1,0,0,1,0
-0.4417729543927777,-0.2232746403473678,0.8368899520126026,0.05360054206938832,1,0,0,1,1,0,0,1,0,0,1,0,1,0,1,0,0,1,0,0,0,0,1,1,0,0,1,0,0,0,0,1,1,0,0,1,0,1,0,0,0
-0.4417729543927777,-1.2816237461508115,0.19810697688808065,-0.9792817528912141,1,0,1,0,1,0,0,1,1,0,0,0,1,0,1,0,0,1,0,0,1,0,0,1,0,0,1,0,0,1,0,0,1,0,0,1,0,0,0,0,1
2.2636062032690805,-1.1595065416350296,-0.6281629493768857,-0.9306781099360011,1,0,0,1,0,1,0,1,1,0,0,1,0,0,1,0,0,1,0,0,1,0,0,1,0,0,1,0,0,1,0,0,1,0,0,1,0,0,0,1,0
2.2636062032690805,1.6084834273893618,-0.015926799192603435,1.0272979131784759,0,1,0,1,1,0,1,0,0,1,0,1,0,0,0,0,1,0,0,1,0,0,1,0,0,1,0,0,1,0,0,1,0,0,1,0,1,0,1,0,0
2.2636062032690805,0.7943687306174819,-0.47883705908803637,0.11634183003957754,1,0,1,0,1,0,1,0,0,1,0,1,0,0,1,0,0,0,0,1,0,0,1,0,0,1,0,0,1,1,0,0,1,0,0,0,1,0,0,1,0
-0.4417729543927777,-0.7117434584104957,-1.3117436915880625,-0.8349636188408209,1,0,1,0,1,0,0,1,0,0,1,0,0,1,0,1,0,0,1,0,0,1,0,0,1,0,0,1,0,0,1,0,1,0,0,0,1,0,1,0,0
-0.4417729543927777,-1.2816237461508115,-0.322874462564127,-0.9861749524792616,1,0,0,1,1,0,0,1,1,0,0,1,0,0,1,0,0,1,0,0,1,0,0,1,0,0,0,0,1,1,0,0,1,0,0,1,0,0,0,0,1
-0.4417729543927777,1.2421318138420159,0.49509958090701384,1.1240441889253698,1,0,1,0,1,0,0,1,0,0,1,1,0,0,0,0,1,0,0,1,0,0,1,0,0,1,0,0,1,1,0,0,0,0,1,0,1,0,1,0,0
-0.4417729543927777,-0.7524491932490897,0.8617776003940775,-0.45763777642248227,1,0,0,1,0,1,0,1,0,0,1,0,1,0,1,0,0,0,0,1,1,0,0,1,0,0,1,0,0,0,0,1,1,0,0,0,1,1,0,0,0
2.2636062032690805,-0.3860975797017438,0.7804779490145928,-0.07497738782613234,1,0,0,1,0,1,0,1,1,0,0,0,1,0,1,0,0,0,0,1,0,0,1,1,0,0,1,0,0,0,0,1,1,0,0,0,1,1,0,0,0
2.2636062032690805,0.5908400564245121,1.153792674736716,1.0738818925601206,1,0,0,1,1,0,0,1,0,0,1,0,1,0,1,0,0,1,0,0,0,0,1,1,0,0,0,0,1,0,0,1,1,0,0,1,0,0,0,1,0
-0.4417729543927777,1.6084834273893618,1.4690362209020644,2.3753574899403396,1,0,0,1,0,1,0,1,0,0,1,0,1,0,1,0,0,0,0,1,0,0,1,0,0,1,0,0,1,0,0,1,0,0,1,0,1,1,0,0,0
-0.4417729543927777,0.6315457912631061,0.6145602931380936,0.696578003006712,1,0,1,0,1,0,0,1,0,0,1,1,0,0,0,0,1,0,0,1,0,0,1,1,0,0,0,0,1,0,0,1,0,1,0,0,1,0,1,0,0
-0.4417729543927777,-0.8745663977648717,-0.9666349673649441,-0.8509672573748545,1,0,1,0,1,0,1,0,0,1,0,1,0,0,1,0,0,1,0,0,1,0,0,1,0,0,0,0,1,1,0,0,1,0,0,0,1,0,0,0,1
-0.4417729543927777,0.6315457912631061,-1.4909347599346816,-0.5994971896007056,1,0,0,1,0,1,0,1,1,0,0,0,0,1,0,1,0,0,1,0,0,1,0,0,1,0,0,1,0,0,1,0,0,0,1,1,0,0,0,0,1
2.2636062032690805,1.160720344164828,-1.3250171040581824,-0.35105661718690895,0,1,0,1,1,0,0,1,0,0,1,0,0,1,0,1,0,0,1,0,0,1,0,0,1,0,0,1,0,0,1,0,0,0,1,1,0,1,0,0,0
2.2636062032690805,0.061665503522790134,0.14003579733130592,-0.011511655313250374,0,1,1,0,1,0,0,1,1,0,0,0,1,0,1,0,0,1,0,0,1,0,0,1,0,0,1,0,0,1,0,0,1,0,0,1,0,0,1,0,0
-0.4417729543927777,-0.3453918448631498,-1.4660471115532068,-0.7965680580780984,0,1,1,0,1,0,0,1,1,0,0,0,0,1,0,1,0,0,1,0,0,1,0,0,1,0,0,1,0,0,1,0,0,0,1,1,0,0,0,0,1
-0.4417729543927777,-0.5896262538947138,-0.11381821615973807,-0.5329580559976114,1,0,0,1,0,1,0,1,1,0,0,1,0,0,0,0,1,0,0,1,1,0,0,0,0,1,1,0,0,1,0,0,0,1,0,0,1,0,0,0,1
-0.4417729543927777,1.2828375486806098,0.7257251225753478,1.3285570786140621,1,0,0,1,0,1,0,1,0,0,1,0,1,0,0,0,1,1,0,0,1,0,0,0,0,1,1,0,0,1,0,0,1,0,0,0,1,1,0,0,0
2.2636062032690805,1.07930887448764,0.7904330083671827,1.3379529048041392,1,0,0,1,0,1,0,1,0,0,1,0,1,0,1,0,0,1,0,0,0,0,1,1,0,0,1,0,0,0,0,1,1,0,0,0,1,0,1,0,0
2.2636062032690805,-0.3453918448631498,-1.0180694406866588,-0.6467836606601135,0,1,0,1,1,0,1,0,0,1,0,1,0,0,1,0,0,1,0,0,0,0,1,0,0,1,1,0,0,1,0,0,1,0,0,1,0,0,0,0,1
-0.4417729543927777,-1.3223294809894057,-1.3134028681468273,-0.3968393169986058,0,1,0,1,0,1,0,1,0,0,1,0,0,1,0,1,0,0,1,0,0,1,0,0,1,0,0,1,0,0,1,0,0,0,1,1,0,0,0,0,1
-0.4417729543927777,1.120014609326234,-1.3250171040581824,-0.3496077281015232,1,0,1,0,1,0,0,1,0,0,1,0,0,1,0,1,0,0,1,0,0,1,0,0,1,0,0,1,0,0,1,0,0,0,1,1,0,0,0,0,1
-0.4417729543927777,0.3466056473929481,0.32254521879545506,0.3465615245614019,1,0,1,0,1,0,0,1,0,0,1,1,0,0,0,0,1,1,0,0,0,0,1,0,0,1,1,0,0,0,0,1,1,0,0,0,1,1,0,0,0
2.2636062032690805,-1.2002122764736236,0.5448748776699636,-0.9078032246788503,0,1,1,0,1,0,0,1,0,0,1,0,1,0,1,0,0,0,0,1,1,0,0,1,0,0,1,0,0,1,0,0,1,0,0,0,1,0,0,1,0
-0.4417729543927777,1.6084834273893618,1.4424893959618248,2.3788919011940837,0,1,0,1,1,0,0,1,0,0,1,0,1,0,1,0,0,0,0,1,0,0,1,0,0,1,0,0,1,0,0,1,0,0,1,0,1,0,0,1,0
-0.4417729543927777,0.5908400564245121,1.523789047341309,1.3059675806010025,0,1,0,1,1,0,0,1,0,0,1,0,1,0,0,0,1,1,0,0,0,0,1,0,0,1,0,0,1,0,0,1,0,1,0,0,1,0,1,0,0
-0.4417729543927777,-0.46750904937893173,0.34411451405939963,-0.32078361644831865,0,1,1,0,1,0,0,1,0,0,1,0,1,0,1,0,0,1,0,0,1,0,0,1,0,0,1,0,0,1,0,0,1,0,0,1,0,0,0,0,1
-0.4417729543927777,0.3466056473929481,1.099039848297471,0.7416911404380412,1,0,1,0,1,0,0,1,0,0,1,0,1,0,1,0,0,1,0,0,0,0,1,1,0,0,0,0,1,0,0,1,1,0,0,1,0,1,0,0,0
-0.4417729543927777,-1.0780950719578417,0.5946501744329133,-0.8083347936806251,0,1,0,1,1,0,0,1,0,0,1,0,1,0,1,0,0,1,0,0,1,0,0,1,0,0,0,0,1,1,0,0,1,0,0,0,1,0,0,1,0
-0.4417729543927777,-0.6303319887333078,-1.4544328756418516,-0.8411323738861755,0,1,1,0,1,0,0,1,1,0,0,0,0,1,0,1,0,0,1,0,0,1,0,0,1,0,0,1,0,0,1,0,1,0,0,1,0,0,1,0,0
-0.4417729543927777,1.6084834273893618,-1.4876164068171516,-0.3690140606997203,1,0,0,1,0,1,0,1,1,0,0,0,0,1,0,1,0,0,1,0,0,1,0,0,1,0,0,1,0,0,1,0,0,0,1,1,0,1,0,0,0
-0.4417729543927777,-0.7931549280876837,-0.42574340920755654,-0.7159571380548182,0,1,1,0,0,1,0,1,1,0,0,1,0,0,0,0,1,1,0,0,1,0,0,1,0,0,1,0,0,1,0,0,1,0,0,0,1,0,1,0,0
-0.4417729543927777,1.6084834273893618,-0.005971739840013577,1.099149640094651,1,0,0,1,1,0,0,1,0,0,1,1,0,0,0,0,1,0,0,1,1,0,0,0,0,1,1,0,0,1,0,0,0,0,1,1,0,1,0,0,0
-0.4417729543927777,-0.7117434584104957,1.2782309166440904,-0.3343504869751126,0,1,0,1,1,0,0,1,0,0,1,0,1,0,1,0,0,1,0,0,0,0,1,0,0,1,0,0,1,0,0,1,1,0,0,0,1,0,0,1,0
-0.4417729543927777,-1.2002122764736236,-0.999818498540244,-0.9603803361864092,1,0,1,0,1,0,1,0,0,1,0,1,0,0,1,0,0,1,0,0,1,0,0,1,0,0,0,0,1,1,0,0,1,0,0,0,1,0,1,0,0
-0.4417729543927777,0.550134321585918,0.3275227484717497,0.54749609726649,1,0,1,0,1,0,0,1,1,0,0,0,1,0,1,0,0,1,0,0,0,0,1,1,0,0,1,0,0,1,0,0,1,0,0,0,1,0,1,0,0
-0.4417729543927777,1.6084834273893618,-1.3731332242623673,-0.25349808543760144,0,1,0,1,1,0,0,1,0,0,1,0,0,1,0,1,0,0,1,0,0,1,0,0,1,0,0,1,0,0,1,0,0,0,1,0,1,1,0,0,0
-0.4417729543927777,-0.7117434584104957,-0.2913501079475923,-0.6012534187951126,1,0,1,0,1,0,0,1,1,0,0,1,0,0,1,0,0,1,0,0,1,0,0,1,0,0,0,0,1,1,0,0,0,1,0,1,0,0,0,0,1
-0.4417729543927777,1.2828375486806098,1.5337441066938993,2.0425301047352877,1,0,0,1,1,0,0,1,0,0,1,0,1,0,1,0,0,0,0,1,0,0,1,0,0,1,0,0,1,0,0,1,1,0,0,0,1,0,0,1,0
-0.4417729543927777,1.404954753196392,0.6593580602247482,1.4475635594000649,1,0,0,1,0,1,0,1,1,0,0,0,1,0,0,0,1,0,0,1,0,0,1,1,0,0,1,0,0,1,0,0,0,1,0,1,0,1,0,0,0
-0.4417729543927777,-1.2816237461508115,-1.4760021709057964,-1.0014321936056723,0,1,1,0,1,0,0,1,1,0,0,0,0,1,0,1,0,0,1,0,0,1,0,0,1,0,0,1,0,0,1,0,1,0,0,1,0,0,0,0,1
-0.4417729543927777,0.753662995778888,0.3407961609418699,0.7024613708079754,0,1,0,1,1,0,0,1,0,0,1,1,0,0,1,0,0,1,0,0,1,0,0,0,0,1,0,0,1,0,0,1,0,0,1,0,1,1,0,0,0
-0.4417729543927777,0.753662995778888,-0.1586159832463929,0.34056839243548803,1,0,1,0,0,1,1,0,0,1,0,1,0,0,0,0,1,1,0,0,0,0,1,0,0,1,0,0,1,0,0,1,0,1,0,1,0,1,0,0,0
-0.4417729543927777,-1.1188008067964357,-0.7194176601089602,-0.9142573669682958,0,1,1,0,1,0,1,0,0,1,0,1,0,0,0,0,1,0,0,1,0,0,1,0,0,1,1,0,0,1,0,0,1,0,0,0,1,0,0,0,1
-0.4417729543927777,-1.1595065416350296,-1.3150620447055925,-0.9590631642906039,1,0,1,0,1,0,0,1,0,0,1,0,0,1,0,1,0,0,1,0,0,1,0,0,1,0,0,1,0,0,1,0,0,0,1,0,1,0,1,0,0
-0.4417729543927777,0.10237123836138413,0.14003579733130592,0.08290761675105472,0,1,0,1,0,1,0,1,0,0,1,1,0,0,0,0,1,0,0,1,0,0,1,0,0,1,1,0,0,1,0,0,0,0,1,0,1,0,1,0,0
-0.4417729543927777,1.5677776925507678,-1.3499047524396572,-0.24954656975018574,1,0,0,1,1,0,0,1,0,0,1,0,0,1,0,1,0,0,1,0,0,1,0,0,1,0,0,1,0,0,1,0,0,0,1,0,1,0,1,0,0
-0.4417729543927777,-0.7931549280876837,0.5631258198163789,-0.5586648608307435,1,0,1,0,1,0,0,1,1,0,0,0,1,0,1,0,0,1,0,0,1,0,0,1,0,0,0,0,1,1,0,0,1,0,0,0,1,0,0,0,1
-0.4417729543927777,-1.2002122764736236,-1.4842980536996215,-0.9814550865192928,1,0,1,0,1,0,0,1,1,0,0,0,0,1,0,1,0,0,1,0,0,1,0,0,1,0,0,1,0,0,1,0,1,0,0,1,0,0,0,1,0
-0.4417729543927777,-0.10115743583158582,-1.5224591145512165,-0.730489934638536,0,1,0,1,1,0,0,1,1,0,0,0,0,1,0,1,0,0,1,0,0,1,0,0,1,0,0,1,0,0,1,0,0,0,1,1,0,0,0,0,1
2.2636062032690805,-0.5082147842175258,0.2893616876201552,-0.36785055885842566,0,1,0,1,1,0,0,1,1,0,0,0,1,0,1,0,0,0,0,1,1,0,0,1,0,0,1,0,0,1,0,0,1,0,0,0,1,0,0,1,0
-0.4417729543927777,1.2828375486806098,0.7124517101052282,1.3789608564935425,1,0,1,0,1,0,0,1,0,0,1,1,0,0,0,0,1,0,0,1,0,0,1,0,0,1,0,0,1,0,0,1,0,0,1,0,1,0,1,0,0
-0.4417729543927777,1.07930887448764,-1.5440284098151613,-0.5459541520362231,1,0,0,1,1,0,0,1,1,0,0,0,0,1,0,1,0,0,1,0,0,1,0,0,1,0,0,1,0,0,1,0,0,0,1,1,0,1,0,0,0
2.2636062032690805,-1.2816237461508115,-0.30296434385894727,-0.9859115181001004,1,0,1,0,1,0,0,1,1,0,0,1,0,0,0,0,1,1,0,0,0,0,1,1,0,0,1,0,0,1,0,0,1,0,0,0,1,0,0,1,0
2.2636062032690805,0.9978974048104519,0.9563506642436819,1.4595278707869623,0,1,1,0,1,0,0,1,0,0,1,0,1,0,0,0,1,1,0,0,1,0,0,0,0,1,1,0,0,0,0,1,0,0,1,1,0,0,0,1,0
-0.4417729543927777,1.364249018357798,-0.47717788252927146,0.4668193186484196,0,1,0,1,0,1,1,0,0,1,0,1,0,0,1,0,0,1,0,0,1,0,0,0,0,1,0,0,1,0,0,1,0,0,1,1,0,1,0,0,0
-0.4417729543927777,-0.3046861100245558,-0.8056948411647399,-0.5842838542041553,0,1,1,0,0,1,1,0,0,1,0,1,0,0,0,0,1,1,0,0,1,0,0,1,0,0,0,0,1,1,0,0,0,1,0,0,1,0,1,0,0
-0.4417729543927777,-0.9152721326034656,-1.1756912137693332,-0.8983415398939827,0,1,1,0,1,0,1,0,0,1,0,1,0,0,1,0,0,1,0,0,0,0,1,1,0,0,1,0,0,1,0,0,1,0,0,1,0,0,0,0,1
-0.4417729543927777,-1.1595065416350296,-1.4793205240233265,-0.9763839747204426,1,0,1,0,1,0,0,1,1,0,0,0,0,1,0,1,0,0,1,0,0,1,0,0,1,0,0,1,0,0,1,0,1,0,0,1,0,0,0,0,1
-0.4417729543927777,1.6084834273893618,0.8982794846869071,1.8322216587050524,1,0,0,1,1,0,0,1,0,0,1,1,0,0,0,0,1,0,0,1,0,0,1,0,0,1,0,0,1,0,0,1,0,0,1,1,0,1,0,0,0
2.2636062032690805,1.5677776925507678,1.6631598782775685,2.509335824608662,0,1,0,1,1,0,0,1,0,0,1,0,1,0,0,0,1,0,0,1,0,0,1,0,0,1,0,0,1,0,0,1,0,0,1,0,1,1,0,0,0
-0.4417729543927777,0.3466056473929481,-1.4992306427285065,-0.6561136282554005,1,0,1,0,1,0,0,1,1,0,0,0,0,1,0,1,0,0,1,0,0,1,0,0,1,0,0,1,0,0,1,0,0,1,0,0,1,0,0,0,1
-0.4417729543927777,-0.9559778674420596,-1.5042081724048015,-0.9237410046180935,0,1,0,1,0,1,0,1,1,0,0,0,0,1,0,1,0,0,1,0,0,1,0,0,1,0,0,1,0,0,1,0,0,0,1,1,0,0,0,0,1
-0.4417729543927777,-1.2816237461508115,-0.4655636466179165,-0.9880628988632489,0,1,1,0,1,0,0,1,1,0,0,1,0,0,1,0,0,1,0,0,0,0,1,1,0,0,1,0,0,1,0,0,1,0,0,1,0,0,0,0,1
-0.4417729543927777,-1.2816237461508115,0.28770251106138983,-0.9780962981849894,1,0,1,0,0,1,0,1,1,0,0,0,1,0,0,0,1,1,0,0,1,0,0,1,0,0,1,0,0,1,0,0,1,0,0,0,1,0,0,0,1
-0.4417729543927777,1.3235432835192038,1.4723545740195942,2.211193965993148,1,0,0,1,0,1,0,1,0,0,1,0,1,0,0,0,1,1,0,0,0,0,1,0,0,1,0,0,1,0,0,1,0,0,1,1,0,0,0,1,0
-0.4417729543927777,-1.1595065416350296,0.34577369061816454,-0.8619656427048282,1,0,1,0,1,0,0,1,0,0,1,0,1,0,1,0,0,1,0,0,1,0,0,1,0,0,1,0,0,1,0,0,1,0,0,1,0,0,0,1,0
-0.4417729543927777,-1.2816237461508115,0.3125901594428647,-0.9777670052110381,1,0,1,0,1,0,0,1,1,0,0,0,1,0,1,0,0,0,0,1,1,0,0,1,0,0,1,0,0,1,0,0,1,0,0,1,0,0,0,1,0
-0.4417729543927777,-1.2816237461508115,-0.7310318960203153,-0.9915753572520629,0,1,1,0,1,0,0,1,1,0,0,1,0,0,1,0,0,1,0,0,1,0,0,1,0,0,1,0,0,1,0,0,1,0,0,0,1,0,0,1,0
-0.4417729543927777,-1.0373893371192477,-1.4693654646707368,-0.9419618825100659,1,0,1,0,1,0,0,1,1,0,0,0,0,1,0,1,0,0,1,0,0,1,0,0,1,0,0,1,0,0,1,0,1,0,0,1,0,0,0,0,1
-0.4417729543927777,-1.1188008067964357,-1.4793205240233265,-0.969688350916766,0,1,1,0,1,0,0,1,1,0,0,0,0,1,0,1,0,0,1,0,0,1,0,0,1,0,0,1,0,0,1,0,1,0,0,1,0,0,0,0,1
-0.4417729543927777,-0.8338606629262777,-0.3743089358858419,-0.7046733654807534,0,1,0,1,0,1,0,1,1,0,0,1,0,0,1,0,0,1,0,0,1,0,0,1,0,0,1,0,0,0,0,1,0,1,0,1,0,0,1,0,0
2.2636062032690805,0.9164859351332639,1.1637477340893059,1.4084874598245096,1,0,1,0,1,0,0,1,0,0,1,0,1,0,1,0,0,1,0,0,0,0,1,1,0,0,0,0,1,0,0,1,0,1,0,0,1,0,0,1,0
-0.4417729543927777,0.87578020029467,-0.6547097743171254,0.06991152071244314,0,1,1,0,1,0,1,0,0,1,0,1,0,0,0,0,1,1,0,0,1,0,0,0,0,1,0,0,1,1,0,0,0,0,1,1,0,0,1,0,0
2.2636062032690805,-1.2409180113122176,0.1450133270076006,-0.9428839028371294,1,0,0,1,1,0,0,1,1,0,0,0,1,0,1,0,0,1,0,0,1,0,0,1,0,0,1,0,0,1,0,0,1,0,0,0,1,0,0,1,0
-0.4417729543927777,-0.3860975797017438,-1.5042081724048015,-0.8230871189136437,0,1,0,1,0,1,0,1,1,0,0,0,0,1,0,1,0,0,1,0,0,1,0,0,1,0,0,1,0,0,1,0,0,0,1,1,0,0,1,0,0
-0.4417729543927777,-0.7117434584104957,1.0210585500355167,-0.3732948693610873,0,1,1,0,1,0,0,1,0,0,1,0,1,0,1,0,0,0,0,1,1,0,0,0,0,1,1,0,0,0,0,1,1,0,0,1,0,0,0,1,0
-0.4417729543927777,-1.2409180113122176,-0.5087022371458062,-0.9600510432124578,1,0,1,0,1,0,0,1,1,0,0,1,0,0,1,0,0,0,0,1,1,0,0,1,0,0,1,0,0,1,0,0,1,0,0,0,1,0,0,0,1
-0.4417729543927777,0.9571916699718579,1.1172907904438858,1.4399898209991848,0,1,1,0,1,0,0,1,0,0,1,0,1,0,1,0,0,0,0,1,1,0,0,1,0,0,0,0,1,0,0,1,1,0,0,1,0,0,0,1,0
-0.4417729543927777,1.3235432835192038,1.3313245665245699,2.0256483516040507,1,0,0,1,1,0,0,1,0,0,1,0,1,0,0,0,1,1,0,0,0,0,1,1,0,0,0,0,1,0,0,1,1,0,0,0,1,0,0,1,0
-0.4417729543927777,-0.18256890550877383,0.9281446627446772,0.20505335722205978,0,1,0,1,0,1,0,1,1,0,0,0,1,0,1,0,0,0,0,1,0,0,1,0,0,1,0,0,1,1,0,0,0,1,0,1,0,1,0,0,0
-0.4417729543927777,-1.2816237461508115,-1.3183803978231223,-0.9993466714373139,1,0,1,0,1,0,1,0,0,1,0,1,0,0,1,0,0,1,0,0,1,0,0,1,0,0,1,0,0,1,0,0,1,0,0,1,0,0,0,0,1
-0.4417729543927777,-0.9966836022806537,-0.8770394331916345,-0.8651707609846209,1,0,1,0,0,1,1,0,0,1,0,1,0,0,0,0,1,1,0,0,1,0,0,1,0,0,1,0,0,0,0,1,1,0,0,0,1,0,0,1,0
-0.4417729543927777,-0.3860975797017438,0.1267623848611858,-0.2686455622393616,1,0,0,1,1,0,0,1,1,0,0,1,0,0,0,0,1,1,0,0,0,0,1,0,0,1,1,0,0,0,0,1,0,1,0,0,1,1,0,0,0
-0.4417729543927777,-0.6303319887333078,0.027211791335286267,-0.5225304451558199,0,1,1,0,1,0,0,1,0,0,1,1,0,0,0,0,1,1,0,0,1,0,0,1,0,0,1,0,0,0,0,1,1,0,0,1,0,1,0,0,0
-0.4417729543927777,-0.10115743583158582,0.18151521130043075,-0.11264850404616203,0,1,1,0,1,0,0,1,1,0,0,1,0,0,0,0,1,0,0,1,1,0,0,0,0,1,0,0,1,1,0,0,0,1,0,1,0,0,0,1,0
2.2636062032690805,1.404954753196392,1.3495755086709849,2.1122304508883145,1,0,0,1,1,0,0,1,0,0,1,0,1,0,0,0,1,0,0,1,1,0,0,1,0,0,0,0,1,0,0,1,0,1,0,0,1,0,0,1,0
-0.4417729543927777,-1.2816237461508115,0.5349198183173738,-0.9748253213104063,0,1,0,1,0,1,0,1,1,0,0,0,1,0,1,0,0,1,0,0,1,0,0,1,0,0,1,0,0,0,0,1,1,0,0,0,1,0,0,1,0
-0.4417729543927777,-0.6710377235719017,-0.4970880012344512,-0.6546866920349449,1,0,0,1,1,0,1,0,0,1,0,1,0,0,1,0,0,1,0,0,1,0,0,0,0,1,0,0,1,0,0,1,1,0,0,0,1,0,0,1,0
-0.4417729543927777,-1.2816237461508115,-1.4959122896109764,-1.0016956279848332,1,0,1,0,1,0,0,1,1,0,0,0,0,1,0,1,0,0,1,0,0,1,0,0,1,0,0,1,0,0,1,0,1,0,0,1,0,0,0,0,1
-0.4417729543927777,1.07930887448764,1.3960324523164047,1.690801302825431,1,0,0,1,1,0,0,1,0,0,1,0,1,0,0,0,1,0,0,1,0,0,1,0,0,1,1,0,0,0,0,1,0,1,0,0,1,0,1,0,0
2.2636062032690805,-0.5082147842175258,0.8584592472765472,-0.15381012579007552,1,0,0,1,1,0,0,1,0,0,1,0,1,0,1,0,0,1,0,0,0,0,1,1,0,0,0,0,1,1,0,0,1,0,0,1,0,0,0,1,0
-0.4417729543927777,-0.7931549280876837,0.2329496846221454,-0.6047878300488567,1,0,1,0,1,0,0,1,1,0,0,1,0,0,0,0,1,1,0,0,1,0,0,1,0,0,0,0,1,0,0,1,1,0,0,0,1,0,0,1,0
-0.4417729543927777,-0.18256890550877383,0.8302532457775426,0.14235597498173086,1,0,1,0,1,0,0,1,0,0,1,0,1,0,1,0,0,0,0,1,1,0,0,1,0,0,1,0,0,0,0,1,1,0,0,0,1,0,0,1,0
-0.4417729543927777,0.835074465456076,0.8700734831879025,1.1245051990889017,1,0,0,1,1,0,0,1,0,0,1,0,1,0,1,0,0,1,0,0,1,0,0,0,0,1,1,0,0,0,0,1,0,1,0,0,1,0,0,1,0
-0.4417729543927777,-1.0373893371192477,-1.4909347599346816,-0.9499966310744778,1,0,1,0,1,0,0,1,1,0,0,0,0,1,0,1,0,0,1,0,0,1,0,0,1,0,0,1,0,0,1,0,1,0,0,1,0,1,0,0,0
-0.4417729543927777,0.3058999125543541,-1.3316538102932425,-0.5605089014848709,1,0,0,1,0,1,0,1,0,0,1,0,0,1,0,1,0,0,1,0,0,1,0,0,1,0,0,1,0,0,1,0,0,0,1,0,1,0,0,0,1
-0.4417729543927777,1.445660488034986,-1.3532231055571873,-0.35232988335285403,0,1,1,0,1,0,0,1,0,0,1,0,0,1,0,1,0,0,1,0,0,1,0,0,1,0,0,1,0,0,1,0,0,0,1,0,1,1,0,0,0
-0.4417729543927777,-1.2816237461508115,0.1898110940942557,-0.9793915172158645,0,1,0,1,0,1,0,1,1,0,0,0,1,0,1,0,0,1,0,0,1,0,0,1,0,0,1,0,0,1,0,0,1,0,0,0,1,0,0,0,1
-0.4417729543927777,1.201426079003422,1.3645080976998698,1.9328096858147121,1,0,0,1,0,1,0,1,0,0,1,0,1,0,1,0,0,0,0,1,1,0,0,0,0,1,0,0,1,0,0,1,0,1,0,0,1,0,1,0,0
-0.4417729543927777,-0.18256890550877383,0.8733918363054323,0.08005374431014338,0,1,1,0,1,0,0,1,1,0,0,0,1,0,1,0,0,0,0,1,1,0,0,0,0,1,0,0,1,1,0,0,0,1,0,0,1,1,0,0,0
2.2636062032690805,1.201426079003422,0.8020472442785374,1.4563447053720997,0,1,0,1,1,0,0,1,0,0,1,0,1,0,0,0,1,0,0,1,0,0,1,1,0,0,1,0,0,1,0,0,1,0,0,0,1,0,0,1,0
-0.4417729543927777,-0.46750904937893173,-0.6397771852882407,-0.57791752337443,0,1,1,0,0,1,0,1,1,0,0,1,0,0,1,0,0,1,0,0,1,0,0,1,0,0,1,0,0,1,0,0,1,0,0,1,0,0,0,0,1
2.2636062032690805,0.3466056473929481,1.2002496183821354,0.7529310072822458,1,0,1,0,1,0,0,1,1,0,0,0,1,0,1,0,0,1,0,0,0,0,1,0,0,1,0,0,1,0,0,1,0,1,0,0,1,1,0,0,0
-0.4417729543927777,-1.0780950719578417,0.16160509259525055,-0.8445131150854089,0,1,0,1,0,1,0,1,1,0,0,0,1,0,1,0,0,1,0,0,1,0,0,1,0,0,1,0,0,1,0,0,1,0,0,0,1,0,0,1,0
2.2636062032690805,0.6722515261017,0.8335715988950724,0.9860923857047019,0,1,0,1,1,0,0,1,0,0,1,0,1,0,1,0,0,0,0,1,1,0,0,1,0,0,1,0,0,0,0,1,1,0,0,1,0,0,1,0,0
-0.4417729543927777,1.404954753196392,1.4756729271371245,2.18662871013638,1,0,0,1,0,1,0,1,0,0,1,0,1,0,0,0,1,1,0,0,0,0,1,0,0,1,0,0,1,0,0,1,0,1,0,0,1,0,0,1,0
-0.4417729543927777,0.509428586747324,1.1737027934418958,0.9583000587032114,1,0,1,0,1,0,0,1,1,0,0,0,1,0,0,0,1,0,0,1,1,0,0,1,0,0,0,0,1,0,0,1,0,1,0,0,1,0,0,1,0
-0.4417729543927777,1.07930887448764,-1.5141632317573916,-0.48674727531977785,0,1,0,1,0,1,0,1,1,0,0,0,0,1,0,1,0,0,1,0,0,1,0,0,1,0,0,1,0,0,1,0,0,0,1,1,0,0,1,0,0
-0.4417729543927777,-1.2816237461508115,0.8883244253343172,-0.9701493610802979,1,0,1,0,1,0,0,1,1,0,0,0,1,0,1,0,0,0,0,1,1,0,0,0,0,1,0,0,1,1,0,0,1,0,0,1,0,0,0,1,0
-0.4417729543927777,1.6084834273893618,1.3263470368482753,2.2989834728485663,0,1,0,1,0,1,0,1,0,0,1,0,1,0,0,0,1,0,0,1,0,0,1,0,0,1,1,0,0,0,0,1,0,1,0,0,1,0,1,0,0
-0.4417729543927777,1.404954753196392,-1.4643879349944418,-0.3905059154662756,0,1,0,1,0,1,0,1,1,0,0,0,0,1,0,1,0,0,1,0,0,1,0,0,1,0,0,1,0,0,1,0,0,0,1,0,1,0,0,0,1
-0.4417729543927777,0.46872285190873003,-1.5042081724048015,-0.6678364581280671,1,0,0,1,0,1,0,1,1,0,0,0,0,1,0,1,0,0,1,0,0,1,0,0,1,0,0,1,0,0,1,0,1,0,0,1,0,0,0,0,1
-0.4417729543927777,-1.2816237461508115,-0.6945300117274853,-0.9910923942236011,1,0,1,0,1,0,0,1,1,0,0,1,0,0,1,0,0,1,0,0,1,0,0,1,0,0,1,0,0,1,0,0,1,0,0,0,1,0,0,0,1
2.2636062032690805,1.5677776925507678,1.3595305680235752,2.292156131855309,1,0,1,0,1,0,0,1,0,0,1,0,1,0,1,0,0,0,0,1,0,0,1,1,0,0,0,0,1,0,0,1,0,1,0,0,1,0,0,1,0
2.2636062032690805,-1.1188008067964357,0.21635791903449547,-0.8472572232016697,0,1,1,0,1,0,0,1,1,0,0,0,1,0,1,0,0,1,0,0,1,0,0,1,0,0,1,0,0,1,0,0,1,0,0,0,1,0,0,0,1
2.2636062032690805,1.364249018357798,1.515493164547484,2.155565406260307,1,0,0,1,0,1,0,1,0,0,1,0,1,0,0,0,1,0,0,1,1,0,0,0,0,1,0,0,1,0,0,1,0,1,0,0,1,0,1,0,0
2.2636062032690805,-0.019745966154397845,0.9480547814498569,0.2939405073239829,0,1,0,1,1,0,0,1,0,0,1,0,1,0,1,0,0,0,0,1,0,0,1,1,0,0,1,0,0,0,0,1,1,0,0,0,1,0,0,1,0
-0.4417729543927777,0.7943687306174819,-0.05574703660296334,0.45711615234932085,0,1,1,0,1,0,0,1,1,0,0,1,0,0,0,0,1,0,0,1,1,0,0,1,0,0,0,0,1,1,0,0,0,0,1,0,1,0,1,0,0
-0.4417729543927777,-1.2816237461508115,-0.6812565992573655,-0.9909167713041603,0,1,1,0,1,0,0,1,1,0,0,1,0,0,1,0,0,1,0,0,1,0,0,1,0,0,1,0,0,1,0,0,1,0,0,1,0,0,0,0,1
-0.4417729543927777,-0.5896262538947138,-1.4892755833759166,-0.8530088738133526,0,1,1,0,1,0,0,1,1,0,0,0,0,1,0,1,0,0,1,0,0,1,0,0,1,0,0,1,0,0,1,0,1,0,0,1,0,0,0,0,1
-0.4417729543927777,1.364249018357798,-0.33614787503424715,0.5112299644019858,0,1,1,0,1,0,0,1,1,0,0,1,0,0,0,0,1,0,0,1,1,0,0,1,0,0,1,0,0,1,0,0,0,1,0,0,1,0,0,0,1
-0.4417729543927777,0.2244884428771661,0.4818261684368942,0.3124906781899066,0,1,0,1,1,0,0,1,1,0,0,0,1,0,0,0,1,0,0,1,1,0,0,1,0,0,1,0,0,1,0,0,1,0,0,0,1,0,0,1,0
-0.4417729543927777,-0.7117434584104957,1.2267964433223757,-0.27839263426832034,0,1,0,1,0,1,0,1,1,0,0,0,1,0,0,0,1,1,0,0,1,0,0,0,0,1,0,0,1,0,0,1,0,1,0,1,0,0,0,1,0
-0.4417729543927777,0.550134321585918,1.1521334981779512,1.0225121886237165,1,0,0,1,0,1,0,1,0,0,1,0,1,0,0,0,1,1,0,0,0,0,1,0,0,1,1,0,0,0,0,1,0,0,1,1,0,0,0,0,1
-0.4417729543927777,1.3235432835192038,1.168725263765601,1.9064662478986074,1,0,0,1,1,0,0,1,0,0,1,0,1,0,0,0,1,0,0,1,1,0,0,0,0,1,0,0,1,1,0,0,0,1,0,0,1,1,0,0,0
-0.4417729543927777,1.445660488034986,-1.2984702791179425,-0.1711528890848444,1,0,0,1,1,0,0,1,0,0,1,0,0,1,0,1,0,0,1,0,0,1,0,0,1,0,0,1,0,0,1,0,0,0,1,1,0,0,1,0,0
-0.4417729543927777,-0.7931549280876837,1.0641971405634063,-0.4245109032429807,0,1,0,1,0,1,0,1,1,0,0,0,1,0,1,0,0,1,0,0,0,0,1,1,0,0,0,0,1,0,0,1,1,0,0,1,0,0,0,1,0
-0.4417729543927777,-0.9152721326034656,1.1139724373263562,-0.5457785291167824,1,0,1,0,1,0,0,1,0,0,1,0,1,0,1,0,0,1,0,0,1,0,0,0,0,1,0,0,1,0,0,1,1,0,0,0,1,0,0,1,0
-0.4417729543927777,-0.3046861100245558,-1.5075265255223316,-0.7837256320939975,0,1,1,0,1,0,0,1,1,0,0,0,0,1,0,1,0,0,1,0,0,1,0,0,1,0,0,1,0,0,1,0,0,1,0,0,1,1,0,0,0
-0.4417729543927777,-0.9152721326034656,-1.3017886322354724,-0.8999440990338791,0,1,1,0,1,0,0,1,0,0,1,0,0,1,0,1,0,0,1,0,0,1,0,0,1,0,0,1,0,0,1,0,0,0,1,1,0,1,0,0,0
-0.4417729543927777,1.6084834273893618,-1.2968111025591775,-0.1884078409198929,0,1,0,1,1,0,0,1,0,0,1,0,0,1,0,1,0,0,1,0,0,1,0,0,1,0,0,1,0,0,1,0,0,0,1,1,0,0,1,0,0
-0.4417729543927777,-1.2002122764736236,-0.4871329418818613,-0.9435424887850321,0,1,1,0,1,0,0,1,1,0,0,1,0,0,1,0,0,1,0,0,1,0,0,0,0,1,1,0,0,1,0,0,1,0,0,0,1,0,0,0,1
-0.4417729543927777,-1.2409180113122176,-0.349421287504367,-0.9603144775916188,0,1,1,0,1,0,0,1,0,0,1,1,0,0,1,0,0,0,0,1,1,0,0,1,0,0,1,0,0,1,0,0,1,0,0,0,1,0,0,0,1
-0.4417729543927777,0.2244884428771661,0.5332606417586089,0.3440369450944419,0,1,0,1,0,1,0,1,1,0,0,1,0,0,0,0,1,1,0,0,0,0,1,0,0,1,0,0,1,0,0,1,0,0,1,1,0,0,1,0,0
-0.4417729543927777,1.201426079003422,1.4159425710215845,2.024660472682197,0,1,0,1,1,0,0,1,0,0,1,0,1,0,1,0,0,1,0,0,0,0,1,0,0,1,0,0,1,0,0,1,0,0,1,0,1,1,0,0,0
2.2636062032690805,-0.8745663977648717,0.3407961609418699,-0.6700097917561457,0,1,0,1,0,1,0,1,0,0,1,0,1,0,1,0,0,1,0,0,1,0,0,1,0,0,1,0,0,1,0,0,1,0,0,0,1,0,1,0,0
-0.4417729543927777,-1.2002122764736236,0.5033954637008388,-0.9148940000512683,1,0,1,0,1,0,0,1,1,0,0,0,1,0,1,0,0,1,0,0,0,0,1,0,0,1,1,0,0,1,0,0,1,0,0,1,0,0,1,0,0
-0.4417729543927777,0.6722515261017,-0.43569846856014666,0.10534344470960379,0,1,0,1,0,1,1,0,0,1,0,1,0,0,1,0,0,0,0,1,1,0,0,1,0,0,0,0,1,0,0,1,0,1,0,0,1,1,0,0,0
-0.4417729543927777,-0.6303319887333078,-1.5091857020810964,-0.8483768193131042,0,1,1,0,1,0,0,1,1,0,0,0,0,1,0,1,0,0,1,0,0,1,0,0,1,0,0,1,0,0,1,0,0,0,1,1,0,0,1,0,0
-0.4417729543927777,-0.9966836022806537,-1.4677062881119716,-0.9499966310744778,1,0,1,0,1,0,0,1,1,0,0,0,0,1,0,1,0,0,1,0,0,1,0,0,1,0,0,1,0,0,1,0,1,0,0,0,1,0,0,0,1
-0.4417729543927777,-1.2409180113122176,-0.4887921184406262,-0.9624439054898373,0,1,1,0,1,0,0,1,1,0,0,1,0,0,1,0,0,1,0,0,1,0,0,0,0,1,1,0,0,1,0,0,1,0,0,0,1,0,1,0,0
-0.4417729543927777,-1.2002122764736236,0.7771595958970625,-0.8953559502634908,0,1,1,0,1,0,0,1,1,0,0,0,1,0,1,0,0,1,0,0,0,0,1,0,0,1,0,0,1,1,0,0,1,0,0,0,1,0,0,0,1
2.2636062032690805,-0.9559778674420596,0.6477438243133934,-0.675629725178248,1,0,1,0,1,0,0,1,0,0,1,0,1,0,1,0,0,1,0,0,1,0,0,1,0,0,1,0,0,0,0,1,1,0,0,0,1,0,0,1,0
-0.4417729543927777,1.5270719577121739,-1.3499047524396572,-0.2534102739778811,0,1,0,1,1,0,0,1,0,0,1,0,0,1,0,1,0,0,1,0,0,1,0,0,1,0,0,1,0,0,1,0,0,0,1,1,0,1,0,0,0
-0.4417729543927777,-0.019745966154397845,0.9911933719777466,0.36451896807421325,0,1,0,1,0,1,0,1,1,0,0,0,1,0,0,0,1,0,0,1,0,0,1,1,0,0,1,0,0,0,0,1,0,1,0,1,0,0,0,0,1
-0.4417729543927777,-0.42680331454033776,0.3341594547068098,-0.319356680227863,0,1,0,1,0,1,0,1,1,0,0,0,1,0,0,0,1,1,0,0,1,0,0,1,0,0,1,0,0,1,0,0,1,0,0,1,0,1,0,0,0
-0.4417729543927777,-0.7524491932490897,-1.5075265255223316,-0.8909873301424034,1,0,0,1,0,1,0,1,1,0,0,0,0,1,0,1,0,0,1,0,0,1,0,0,1,0,0,1,0,0,1,0,0,1,0,0,1,0,0,0,1
-0.4417729543927777,-1.2409180113122176,0.8319124223363075,-0.9269680757628163,0,1,0,1,0,1,0,1,1,0,0,0,1,0,1,0,0,1,0,0,0,0,1,0,0,1,1,0,0,0,0,1,1,0,0,1,0,0,1,0,0
-0.4417729543927777,1.445660488034986,-1.3167212212643573,-0.251632091918544,0,1,0,1,1,0,0,1,0,0,1,0,0,1,0,1,0,0,1,0,0,1,0,0,1,0,0,1,0,0,1,0,0,0,1,1,0,1,0,0,0
-0.4417729543927777,-0.7524491932490897,-1.4776613474645617,-0.889362818137577,0,1,1,0,1,0,0,1,1,0,0,0,0,1,0,1,0,0,1,0,0,1,0,0,1,0,0,1,0,0,1,0,0,1,0,1,0,1,0,0,0
-0.4417729543927777,-1.2409180113122176,0.8700734831879025,-0.9364297605476839,1,0,1,0,1,0,0,1,1,0,0,0,1,0,0,0,1,0,0,1,1,0,0,1,0,0,0,0,1,1,0,0,1,0,0,0,1,0,0,1,0
-0.4417729543927777,-1.2409180113122176,0.491781227789484,-0.9381859897420909,1,0,1,0,1,0,0,1,1,0,0,0,1,0,1,0,0,1,0,0,1,0,0,1,0,0,0,0,1,1,0,0,1,0,0,0,1,0,0,1,0
-0.4417729543927777,0.6315457912631061,1.0658563171221713,1.050063034110976,1,0,0,1,1,0,0,1,1,0,0,0,1,0,1,0,0,0,0,1,0,0,1,1,0,0,0,0,1,0,0,1,0,1,0,0,1,0,0,1,0
-0.4417729543927777,-1.0780950719578417,-0.5236348261746911,-0.8915141989007256,1,0,0,1,1,0,0,1,1,0,0,1,0,0,1,0,0,1,0,0,1,0,0,0,0,1,1,0,0,1,0,0,1,0,0,0,1,0,0,1,0
2.2636062032690805,0.42801711707013607,1.2632983276152054,0.9277197178556001,0,1,0,1,1,0,0,1,0,0,1,0,1,0,1,0,0,0,0,1,0,0,1,1,0,0,0,0,1,0,0,1,1,0,0,0,1,0,0,1,0
-0.4417729543927777,0.1430769731999781,0.3524103968532246,0.16632850348538605,1,0,1,0,1,0,0,1,1,0,0,1,0,0,0,0,1,0,0,1,0,0,1,0,0,1,1,0,0,0,0,1,0,1,0,0,1,0,0,0,1
-0.4417729543927777,1.364249018357798,1.147155968501656,1.9358830869049244,0,1,1,0,1,0,0,1,1,0,0,0,1,0,1,0,0,0,0,1,0,0,1,1,0,0,0,0,1,0,0,1,1,0,0,1,0,0,0,1,0
-0.4417729543927777,1.038603139649046,0.9264854861859118,1.3188100065851034,0,1,0,1,0,1,0,1,1,0,0,0,1,0,1,0,0,0,0,1,1,0,0,1,0,0,0,0,1,0,0,1,1,0,0,0,1,0,0,1,0
-0.4417729543927777,-0.3860975797017438,0.8335715988950724,-0.05774438885601388,1,0,1,0,1,0,0,1,0,0,1,0,1,0,0,0,1,1,0,0,1,0,0,1,0,0,0,0,1,1,0,0,1,0,0,0,1,1,0,0,0
-0.4417729543927777,-1.2816237461508115,1.2118638542934907,-0.9658685524189309,0,1,1,0,1,0,0,1,0,0,1,0,1,0,1,0,0,1,0,0,0,0,1,1,0,0,0,0,1,0,0,1,1,0,0,0,1,0,0,1,0
-0.4417729543927777,-0.7117434584104957,-1.4876164068171516,-0.8776180353999803,1,0,1,0,1,0,0,1,1,0,0,0,0,1,0,1,0,0,1,0,0,1,0,0,1,0,0,1,0,0,1,0,0,1,0,1,0,0,1,0,0
-0.4417729543927777,1.5677776925507678,1.170384440324366,2.1547531502578936,0,1,0,1,0,1,0,1,1,0,0,0,1,0,0,0,1,0,0,1,0,0,1,0,0,1,0,0,1,1,0,0,0,0,1,1,0,0,1,0,0
-0.4417729543927777,-0.8338606629262777,0.8037064208373027,-0.5460858692258036,1,0,1,0,1,0,0,1,0,0,1,0,1,0,1,0,0,0,0,1,1,0,0,1,0,0,1,0,0,0,0,1,1,0,0,0,1,0,0,1,0
-0.4417729543927777,-1.2816237461508115,-0.6596873039934206,-0.9906313840600691,0,1,1,0,1,0,0,1,1,0,0,1,0,0,1,0,0,1,0,0,1,0,0,1,0,0,1,0,0,1,0,0,1,0,0,1,0,0,0,0,1
2.2636062032690805,-0.9559778674420596,-0.521975649615926,-0.8137571513183567,0,1,1,0,1,0,0,1,1,0,0,1,0,0,1,0,0,1,0,0,1,0,0,0,0,1,1,0,0,1,0,0,1,0,0,1,0,0,0,0,1
-0.4417729543927777,-0.10115743583158582,-1.4494553459655568,-0.6978460244874962,0,1,0,1,0,1,0,1,1,0,0,0,0,1,0,1,0,0,1,0,0,1,0,0,1,0,0,1,0,0,1,0,0,0,1,1,0,0,0,0,1
2.2636062032690805,0.10237123836138413,1.2102046777347257,0.5246651177391993,0,1,1,0,1,0,0,1,0,0,1,0,1,0,1,0,0,1,0,0,0,0,1,1,0,0,0,0,1,0,0,1,1,0,0,0,1,0,0,1,0
-0.4417729543927777,0.6722515261017,-0.42408423264879164,0.1240033799001779,1,0,0,1,1,0,0,1,0,0,1,1,0,0,1,0,0,1,0,0,1,0,0,1,0,0,1,0,0,1,0,0,1,0,0,0,1,0,1,0,0
-0.4417729543927777,1.160720344164828,-0.11547739271850296,0.6365588702878537,1,0,0,1,0,1,1,0,0,1,0,1,0,0,1,0,0,0,0,1,0,0,1,0,0,1,0,0,1,0,0,1,0,0,1,0,1,1,0,0,0
-0.4417729543927777,1.5270719577121739,-0.01260844607507364,0.9674983091089179,1,0,0,1,1,0,1,0,0,1,0,1,0,0,0,0,1,0,0,1,0,0,1,0,0,1,0,0,1,0,0,1,0,0,1,1,0,1,0,0,0
-0.4417729543927777,-0.9152721326034656,1.1836578527944857,-0.5449223673845089,1,0,1,0,1,0,0,1,0,0,1,0,1,0,1,0,0,1,0,0,0,0,1,1,0,0,0,0,1,0,0,1,1,0,0,0,1,0,0,1,0
-0.4417729543927777,1.6084834273893618,-1.2885152197653524,-0.1975182798658791,0,1,0,1,0,1,0,1,0,0,1,0,0,1,0,1,0,0,1,0,0,1,0,0,1,0,0,1,0,0,1,0,0,0,1,1,0,0,0,0,1
-0.4417729543927777,1.201426079003422,-0.337807051593012,0.4935140024034055,1,0,0,1,0,1,0,1,1,0,0,1,0,0,0,0,1,1,0,0,0,0,1,1,0,0,1,0,0,1,0,0,0,1,0,1,0,0,1,0,0
-0.4417729543927777,-0.9966836022806537,-0.6464138915233004,-0.8296290726628097,1,0,0,1,0,1,0,1,1,0,0,1,0,0,1,0,0,1,0,0,1,0,0,1,0,0,1,0,0,1,0,0,1,0,0,0,1,0,0,1,0
-0.4417729543927777,-1.2409180113122176,0.4984179340245441,-0.9338173696210036,0,1,1,0,1,0,0,1,1,0,0,0,1,0,1,0,0,1,0,0,1,0,0,1,0,0,0,0,1,1,0,0,1,0,0,0,1,0,0,1,0
-0.4417729543927777,0.6722515261017,1.2865267994379155,1.2008133575858848,0,1,1,0,1,0,0,1,0,0,1,0,1,0,1,0,0,0,0,1,0,0,1,1,0,0,0,0,1,0,0,1,1,0,0,0,1,1,0,0,0
-0.4417729543927777,-1.2816237461508115,-1.5091857020810964,-1.001871250904274,0,1,1,0,1,0,0,1,1,0,0,0,0,1,0,1,0,0,1,0,0,1,0,0,1,0,0,1,0,0,1,0,1,0,0,1,0,0,0,0,1
-0.4417729543927777,-0.3046861100245558,1.0210585500355167,0.016258718823309922,0,1,0,1,1,0,0,1,1,0,0,0,1,0,1,0,0,1,0,0,1,0,0,0,0,1,0,0,1,0,0,1,1,0,0,0,1,0,1,0,0
-0.4417729543927777,1.6084834273893618,0.3374778078243396,1.332552500031338,0,1,1,0,1,0,0,1,1,0,0,1,0,0,0,0,1,0,0,1,0,0,1,0,0,1,0,0,1,1,0,0,0,0,1,0,1,1,0,0,0
-0.4417729543927777,0.2651941777157601,-0.4738595294117414,-0.173831138606315,1,0,1,0,1,0,1,0,0,1,0,1,0,0,1,0,0,1,0,0,0,0,1,1,0,0,0,0,1,0,0,1,1,0,0,0,1,0,1,0,0
-0.4417729543927777,-1.2002122764736236,0.14003579733130592,-0.907232450190668,1,0,0,1,0,1,0,1,0,0,1,1,0,0,1,0,0,0,0,1,0,0,1,1,0,0,0,0,1,1,0,0,1,0,0,0,1,1,0,0,0
-0.4417729543927777,1.48636622287358,1.2948226822317404,2.2592048815952483,1,0,0,1,0,1,0,1,0,0,1,0,1,0,1,0,0,0,0,1,0,0,1,1,0,0,0,0,1,0,0,1,1,0,0,0,1,0,0,1,0
-0.4417729543927777,-0.6710377235719017,-1.4992306427285065,-0.8809329180044234,0,1,1,0,1,0,0,1,1,0,0,0,0,1,0,1,0,0,1,0,0,1,0,0,1,0,0,1,0,0,1,0,1,0,0,1,0,0,1,0,0
-0.4417729543927777,-0.8338606629262777,-1.0396387359506036,-0.8192234146859484,1,0,1,0,1,0,1,0,0,1,0,1,0,0,0,0,1,1,0,0,1,0,0,0,0,1,1,0,0,1,0,0,0,1,0,0,1,0,0,0,1
-0.4417729543927777,1.5677776925507678,0.0637136756281159,1.0745404785080233,0,1,0,1,0,1,0,1,0,0,1,1,0,0,0,0,1,0,0,1,1,0,0,0,0,1,1,0,0,1,0,0,0,1,0,0,1,0,1,0,0
-0.4417729543927777,-0.8338606629262777,-1.5108448786398616,-0.9234336645090724,1,0,0,1,0,1,0,1,1,0,0,0,0,1,0,1,0,0,1,0,0,1,0,0,1,0,0,1,0,0,1,0,1,0,0,1,0,1,0,0,0
2.2636062032690805,1.5677776925507678,1.3893957460813446,2.3366106833387357,0,1,1,0,1,0,0,1,0,0,1,0,1,0,1,0,0,0,0,1,1,0,0,0,0,1,0,0,1,0,0,1,0,0,1,0,1,0,0,1,0
-0.4417729543927777,0.550134321585918,-0.2664624595661174,0.11361967478824661,0,1,0,1,0,1,0,1,1,0,0,1,0,0,0,0,1,1,0,0,0,0,1,0,0,1,1,0,0,1,0,0,0,1,0,1,0,0,0,0,1
-0.4417729543927777,1.6084834273893618,0.9198487799508522,1.9457618761234636,1,0,0,1,0,1,0,1,0,0,1,1,0,0,0,0,1,0,0,1,0,0,1,0,0,1,0,0,1,0,0,1,0,0,1,1,0,1,0,0,0
-0.4417729543927777,-0.42680331454033776,0.3673429858821096,-0.22730831757600747,1,0,1,0,1,0,0,1,0,0,1,0,1,0,1,0,0,1,0,0,1,0,0,1,0,0,1,0,0,1,0,0,0,1,0,0,1,0,1,0,0
-0.4417729543927777,-1.2816237461508115,-0.3062826969764771,-0.9859554238299607,0,1,0,1,1,0,0,1,1,0,0,1,0,0,0,0,1,1,0,0,0,0,1,1,0,0,1,0,0,1,0,0,1,0,0,1,0,0,0,0,1
-0.4417729543927777,1.6084834273893618,1.7079576453642236,2.7405653509172705,1,0,0,1,0,1,0,1,0,0,1,0,1,0,0,0,1,0,0,1,0,0,1,0,0,1,0,0,1,0,0,1,0,0,1,0,1,0,1,0,0
-0.4417729543927777,0.3466056473929481,-1.3167212212643573,-0.57291227017037,0,1,1,0,1,0,0,1,0,0,1,0,0,1,0,1,0,0,1,0,0,1,0,0,1,0,0,1,0,0,1,0,1,0,0,0,1,1,0,0,0
-0.4417729543927777,0.835074465456076,0.9928525485365115,1.1849633891063618,1,0,0,1,1,0,0,1,1,0,0,0,1,0,1,0,0,1,0,0,0,0,1,1,0,0,0,0,1,0,0,1,0,1,0,0,1,1,0,0,0
-0.4417729543927777,1.201426079003422,1.2019087949409009,1.9042051028108087,1,0,0,1,0,1,0,1,0,0,1,0,1,0,0,0,1,1,0,0,1,0,0,1,0,0,0,0,1,0,0,1,0,0,1,0,1,1,0,0,0
-0.4417729543927777,-1.2409180113122176,1.0310136093881066,-0.9336636995664929,1,0,1,0,1,0,0,1,0,0,1,0,1,0,1,0,0,1,0,0,1,0,0,1,0,0,0,0,1,0,0,1,1,0,0,0,1,0,0,1,0
-0.4417729543927777,1.48636622287358,0.9414180752147968,1.7986996339568095,1,0,0,1,0,1,0,1,0,0,1,0,1,0,1,0,0,0,0,1,1,0,0,0,0,1,1,0,0,0,0,1,0,0,1,0,1,1,0,0,0
-0.4417729543927777,-1.1595065416350296,-0.6513914211995956,-0.9239385804024643,1,0,1,0,1,0,0,1,1,0,0,1,0,0,1,0,0,1,0,0,1,0,0,1,0,0,1,0,0,1,0,0,1,0,0,0,1,0,0,0,1
-0.4417729543927777,-0.9559778674420596,-0.18018527851033775,-0.7776885942382235,1,0,1,0,1,0,0,1,1,0,0,1,0,0,1,0,0,1,0,0,1,0,0,0,0,1,0,0,1,1,0,0,1,0,0,0,1,1,0,0,0
-0.4417729543927777,1.2421318138420159,0.21801709559326038,0.9988470002290827,0,1,1,0,1,0,0,1,0,0,1,1,0,0,0,0,1,0,0,1,0,0,1,0,0,1,1,0,0,1,0,0,0,1,0,1,0,0,0,1,0
-0.4417729543927777,-1.1188008067964357,-0.5900018885252909,-0.9124352791790986,0,1,1,0,1,0,0,1,0,0,1,1,0,0,1,0,0,1,0,0,1,0,0,1,0,0,1,0,0,1,0,0,1,0,0,1,0,0,0,1,0
-0.4417729543927777,0.3466056473929481,-1.4693654646707368,-0.6437322124348314,1,0,1,0,1,0,0,1,1,0,0,0,0,1,0,1,0,0,1,0,0,1,0,0,1,0,0,1,0,0,1,0,0,0,1,1,0,0,0,0,1
-0.4417729543927777,-1.1188008067964357,0.961328193919977,-0.7966558695378188,1,0,1,0,1,0,0,1,0,0,1,0,1,0,1,0,0,1,0,0,1,0,0,1,0,0,0,0,1,0,0,1,1,0,0,0,1,0,0,0,1
2.2636062032690805,-1.2409180113122176,1.0144218438004566,-0.930656157071071,0,1,0,1,1,0,0,1,1,0,0,0,1,0,1,0,0,1,0,0,0,0,1,1,0,0,0,0,1,0,0,1,1,0,0,0,1,0,1,0,0
-0.4417729543927777,0.020959768684196148,-0.12875080518862309,-0.12421766386431794,0,1,0,1,1,0,0,1,1,0,0,1,0,0,0,0,1,0,0,1,1,0,0,0,0,1,1,0,0,1,0,0,0,0,1,0,1,0,0,0,1
-0.4417729543927777,-1.2816237461508115,-1.5174815848749212,-1.0019810152289244,0,1,1,0,1,0,0,1,1,0,0,0,0,1,0,1,0,0,1,0,0,1,0,0,1,0,0,1,0,0,1,0,1,0,0,1,0,0,0,0,1
-0.4417729543927777,0.753662995778888,-1.3084253384705324,-0.44786875152859346,1,0,0,1,1,0,0,1,0,0,1,0,0,1,0,1,0,0,1,0,0,1,0,0,1,0,0,1,0,0,1,0,0,0,1,1,0,0,0,0,1
2.2636062032690805,-0.9966836022806537,1.2085455011759605,-0.6677266938034166,1,0,1,0,1,0,0,1,0,0,1,0,1,0,1,0,0,1,0,0,0,0,1,1,0,0,0,0,1,0,0,1,1,0,0,1,0,0,0,1,0
2.2636062032690805,-1.0373893371192477,0.292680040737685,-0.7710588290293371,0,1,1,0,1,0,0,1,0,0,1,0,1,0,1,0,0,1,0,0,1,0,0,1,0,0,1,0,0,1,0,0,1,0,0,1,0,0,0,0,1
-0.4417729543927777,-1.1188008067964357,1.299800211908035,-0.7724857652497927,0,1,1,0,1,0,0,1,0,0,1,0,1,0,1,0,0,0,0,1,0,0,1,1,0,0,0,0,1,0,0,1,1,0,0,1,0,0,0,0,1
-0.4417729543927777,-1.2816237461508115,0.5050546402596042,-0.9752204728791479,1,0,1,0,1,0,0,1,1,0,0,0,1,0,1,0,0,1,0,0,1,0,0,1,0,0,1,0,0,0,0,1,1,0,0,1,0,0,1,0,0
-0.4417729543927777,-0.5489205190561198,-0.6663240102284804,-0.6180912661964896,1,0,1,0,1,0,1,0,0,1,0,1,0,0,1,0,0,1,0,0,1,0,0,1,0,0,0,0,1,0,0,1,0,1,0,0,1,0,1,0,0
-0.4417729543927777,0.1430769731999781,1.1355417325903012,0.5770446534623872,1,0,1,0,1,0,0,1,0,0,1,0,1,0,1,0,0,0,0,1,1,0,0,1,0,0,0,0,1,0,0,1,1,0,0,0,1,0,0,1,0
-0.4417729543927777,1.445660488034986,-0.3477621109456019,0.6031027041344007,1,0,1,0,1,0,0,1,1,0,0,1,0,0,0,0,1,1,0,0,0,0,1,1,0,0,1,0,0,1,0,0,0,1,0,0,1,0,1,0,0
2.2636062032690805,0.2651941777157601,1.155451851295481,0.7616243417945604,1,0,1,0,1,0,0,1,0,0,1,0,1,0,1,0,0,1,0,0,0,0,1,1,0,0,0,0,1,0,0,1,1,0,0,0,1,0,0,1,0
2.2636062032690805,-0.7117434584104957,0.506713816818369,-0.47596841863910505,0,1,1,0,1,0,0,1,0,0,1,0,1,0,1,0,0,0,0,1,1,0,0,1,0,0,1,0,0,1,0,0,1,0,0,0,1,0,0,1,0
-0.4417729543927777,1.6084834273893618,-1.4577512287593817,-0.35456907557572287,0,1,0,1,0,1,0,1,1,0,0,0,0,1,0,1,0,0,1,0,0,1,0,0,1,0,0,1,0,0,1,0,0,0,1,1,0,1,0,0,0
-0.4417729543927777,-1.0373893371192477,-1.0197286172454236,-0.8977488125408704,0,1,0,1,1,0,1,0,0,1,0,1,0,0,0,0,1,0,0,1,1,0,0,1,0,0,1,0,0,1,0,0,1,0,0,1,0,0,0,0,1
-0.4417729543927777,1.5677776925507678,-1.3432680462045972,-0.25055640153696973,0,1,0,1,1,0,0,1,0,0,1,0,0,1,0,1,0,0,1,0,0,1,0,0,1,0,0,1,0,0,1,0,0,0,1,1,0,1,0,0,0
-0.4417729543927777,-0.7524491932490897,0.017256731982696408,-0.5987507921930828,0,1,0,1,0,1,0,1,1,0,0,1,0,0,0,0,1,0,0,1,1,0,0,1,0,0,0,0,1,1,0,0,1,0,0,0,1,0,0,1,0
-0.4417729543927777,-0.42680331454033776,-1.4760021709057964,-0.8033734462064255,0,1,0,1,1,0,0,1,1,0,0,0,0,1,0,1,0,0,1,0,0,1,0,0,1,0,0,1,0,0,1,0,1,0,0,0,1,1,0,0,0
2.2636062032690805,1.6084834273893618,1.739481999980758,2.6935862199668836,1,0,1,0,1,0,0,1,0,0,1,0,1,0,0,0,1,0,0,1,0,0,1,0,0,1,0,0,1,0,0,1,0,0,1,0,1,0,1,0,0
-0.4417729543927777,0.7943687306174819,0.885006072216787,1.0214584511070726,0,1,0,1,1,0,0,1,0,0,1,0,1,0,0,0,1,1,0,0,0,0,1,0,0,1,1,0,0,1,0,0,0,0,1,0,1,0,1,0,0
-0.4417729543927777,0.10237123836138413,-0.09390809745455812,-0.09010291176296252,1,0,1,0,1,0,0,1,1,0,0,1,0,0,1,0,0,1,0,0,0,0,1,1,0,0,1,0,0,0,0,1,1,0,0,0,1,0,0,1,0
-0.4417729543927777,0.712957260940294,-1.4859572302583866,-0.6016924760937143,1,0,0,1,0,1,0,1,1,0,0,0,0,1,0,1,0,0,1,0,0,1,0,0,1,0,0,1,0,0,1,0,0,0,1,1,0,1,0,0,0
-0.4417729543927777,0.9978974048104519,1.1521334981779512,1.4031090079166384,1,0,0,1,1,0,0,1,0,0,1,0,1,0,0,0,1,1,0,0,1,0,0,1,0,0,0,0,1,0,0,1,1,0,0,0,1,0,0,1,0
-0.4417729543927777,1.404954753196392,1.5735643441042588,2.2335419824919764,1,0,0,1,0,1,0,1,0,0,1,0,1,0,1,0,0,0,0,1,0,0,1,0,0,1,0,0,1,0,0,1,0,1,0,0,1,0,1,0,0
-0.4417729543927777,-0.8745663977648717,0.4834853449956591,-0.6610749757296003,0,1,1,0,1,0,0,1,1,0,0,0,1,0,0,0,1,1,0,0,0,0,1,1,0,0,1,0,0,1,0,0,1,0,0,0,1,1,0,0,0
-0.4417729543927777,0.10237123836138413,0.13505826765501078,0.06163529063380011,0,1,0,1,1,0,0,1,0,0,1,1,0,0,1,0,0,0,0,1,1,0,0,0,0,1,0,0,1,1,0,0,0,1,0,0,1,0,0,1,0
2.2636062032690805,-1.2816237461508115,0.2860433345026249,-0.9781182510499195,0,1,0,1,1,0,0,1,0,0,1,0,1,0,1,0,0,1,0,0,1,0,0,1,0,0,1,0,0,1,0,0,1,0,0,0,1,0,0,1,0
-0.4417729543927777,-0.14186317067017984,0.30761262976657,-0.13525995492415185,1,0,1,0,1,0,0,1,0,0,1,0,1,0,1,0,0,1,0,0,1,0,0,1,0,0,1,0,0,1,0,0,1,0,0,0,1,0,0,1,0
-0.4417729543927777,-0.019745966154397845,-1.4726838177882668,-0.7230259605623064,1,0,1,0,1,0,0,1,1,0,0,0,0,1,0,1,0,0,1,0,0,1,0,0,1,0,0,1,0,0,1,0,0,1,0,1,0,1,0,0,0
-0.4417729543927777,-0.5082147842175258,-0.43569846856014666,-0.5608821001886823,0,1,1,0,1,0,0,1,1,0,0,1,0,0,1,0,0,0,0,1,1,0,0,1,0,0,1,0,0,1,0,0,1,0,0,0,1,0,0,0,1
-0.4417729543927777,-0.42680331454033776,-1.5224591145512165,-0.811056948931956,1,0,0,1,0,1,0,1,1,0,0,0,0,1,0,1,0,0,1,0,0,1,0,0,1,0,0,1,0,0,1,0,1,0,0,1,0,1,0,0,0
-0.4417729543927777,-0.26398037518596185,0.3325002781480449,-0.20476272529280787,1,0,1,0,1,0,0,1,0,0,1,0,1,0,1,0,0,1,0,0,1,0,0,1,0,0,1,0,0,1,0,0,1,0,0,0,1,1,0,0,0
-0.4417729543927777,-0.42680331454033776,-0.27143998924241236,-0.43750699928159237,0,1,1,0,1,0,1,0,0,1,0,1,0,0,1,0,0,1,0,0,0,0,1,0,0,1,0,0,1,0,0,1,0,0,1,1,0,1,0,0,0
-0.4417729543927777,1.5270719577121739,-1.3200395743818873,-0.15826655737088327,0,1,0,1,1,0,0,1,0,0,1,0,0,1,0,1,0,0,1,0,0,1,0,0,1,0,0,1,0,0,1,0,0,0,1,1,0,1,0,0,0
-0.4417729543927777,1.445660488034986,0.675949825812398,1.430747664863618,1,0,0,1,0,1,0,1,0,0,1,1,0,0,1,0,0,0,0,1,0,0,1,0,0,1,0,0,1,0,0,1,0,0,1,1,0,1,0,0,0
-0.4417729543927777,-0.6303319887333078,0.8634367769528424,-0.3025627385563463,0,1,1,0,1,0,0,1,1,0,0,0,1,0,1,0,0,0,0,1,0,0,1,1,0,0,1,0,0,0,0,1,1,0,0,0,1,0,1,0,0
-0.4417729543927777,-1.2409180113122176,-1.1292342701239133,-0.9844845818796447,1,0,1,0,1,0,1,0,0,1,0,1,0,0,1,0,0,1,0,0,1,0,0,0,0,1,1,0,0,1,0,0,1,0,0,0,1,0,0,1,0
-0.4417729543927777,0.9164859351332639,-1.5008898192872715,-0.5098636420911598,1,0,0,1,1,0,0,1,1,0,0,0,0,1,0,1,0,0,1,0,0,1,0,0,1,0,0,1,0,0,1,0,0,1,0,1,0,0,0,1,0
-0.4417729543927777,0.2244884428771661,1.32468786028951,0.696314568627551,0,1,1,0,1,0,0,1,0,0,1,0,1,0,0,0,1,0,0,1,1,0,0,1,0,0,0,0,1,0,0,1,0,1,0,0,1,0,0,1,0
-0.4417729543927777,-1.0373893371192477,-1.004796028216539,-0.9021393855268878,1,0,0,1,0,1,1,0,0,1,0,1,0,0,0,0,1,1,0,0,1,0,0,0,0,1,1,0,0,1,0,0,1,0,0,1,0,0,0,0,1
-0.4417729543927777,-1.1188008067964357,0.6908824148412831,-0.8036368805855865,1,0,0,1,0,1,0,1,1,0,0,0,1,0,1,0,0,1,0,0,1,0,0,0,0,1,0,0,1,1,0,0,1,0,0,0,1,0,0,1,0
-0.4417729543927777,0.3466056473929481,1.1239274966789459,0.7278827883970164,1,0,1,0,1,0,0,1,1,0,0,0,1,0,1,0,0,0,0,1,1,0,0,0,0,1,0,0,1,0,0,1,0,0,1,0,1,1,0,0,0
-0.4417729543927777,-0.8745663977648717,-0.000994210163718412,-0.696001983833369,1,0,1,0,1,0,0,1,1,0,0,1,0,0,1,0,0,1,0,0,1,0,0,1,0,0,0,0,1,0,0,1,1,0,0,0,1,0,0,1,0
-0.4417729543927777,1.5677776925507678,0.6095827634617984,1.5776123312459014,1,0,0,1,1,0,0,1,0,0,1,1,0,0,1,0,0,0,0,1,0,0,1,0,0,1,0,0,1,0,0,1,0,0,1,0,1,0,1,0,0
2.2636062032690805,-0.06045170099299184,0.2860433345026249,-0.09073954484593498,1,0,1,0,1,0,0,1,1,0,0,0,1,0,0,0,1,1,0,0,1,0,0,1,0,0,1,0,0,1,0,0,1,0,0,0,1,0,1,0,0
-0.4417729543927777,1.445660488034986,0.8584592472765472,1.7569013791299235,0,1,0,1,1,0,0,1,0,0,1,1,0,0,0,0,1,0,0,1,0,0,1,0,0,1,0,0,1,0,0,1,0,0,1,0,1,0,1,0,0
-0.4417729543927777,1.6084834273893618,1.1040173779737663,2.069971185897897,1,0,0,1,1,0,0,1,0,0,1,0,1,0,0,0,1,1,0,0,0,0,1,0,0,1,0,0,1,1,0,0,0,0,1,0,1,1,0,0,0
-0.4417729543927777,-0.3453918448631498,-0.019245152310133705,-0.3260742568964697,1,0,0,1,0,1,0,1,0,0,1,1,0,0,0,0,1,0,0,1,0,0,1,1,0,0,1,0,0,1,0,0,0,0,1,1,0,0,0,1,0
-0.4417729543927777,-0.8745663977648717,1.1886353824707807,-0.5143859322667577,1,0,1,0,1,0,0,1,0,0,1,0,1,0,1,0,0,1,0,0,0,0,1,1,0,0,0,0,1,0,0,1,1,0,0,0,1,0,0,1,0
-0.4417729543927777,-1.2409180113122176,-0.09224892089579322,-0.9607535348902205,1,0,0,1,1,0,0,1,1,0,0,1,0,0,0,0,1,1,0,0,1,0,0,1,0,0,1,0,0,0,0,1,1,0,0,0,1,0,0,0,1
-0.4417729543927777,1.6084834273893618,1.4424893959618248,2.399856887202317,0,1,0,1,0,1,0,1,0,0,1,0,1,0,0,0,1,0,0,1,0,0,1,1,0,0,0,0,1,0,0,1,0,0,1,0,1,0,1,0,0
-0.4417729543927777,-0.8338606629262777,-1.5008898192872715,-0.9136646396151835,1,0,1,0,1,0,0,1,1,0,0,0,0,1,0,1,0,0,1,0,0,1,0,0,1,0,0,1,0,0,1,0,1,0,0,1,0,0,0,0,1
-0.4417729543927777,-0.019745966154397845,0.6228561759319186,0.14575866904589438,0,1,1,0,0,1,0,1,0,0,1,1,0,0,1,0,0,0,0,1,0,0,1,0,0,1,0,0,1,0,0,1,0,1,0,1,0,0,1,0,0
2.2636062032690805,-1.2816237461508115,0.2677923923562101,-0.9783597325641504,1,0,1,0,1,0,0,1,1,0,0,0,1,0,1,0,0,0,0,1,1,0,0,1,0,0,1,0,0,1,0,0,1,0,0,0,1,0,0,1,0
-0.4417729543927777,-0.8338606629262777,-1.4527736990830868,-0.876037429125014,0,1,0,1,0,1,0,1,1,0,0,0,0,1,0,1,0,0,1,0,0,1,0,0,1,0,0,1,0,0,1,0,1,0,0,0,1,0,0,1,0
-0.4417729543927777,0.42801711707013607,1.2102046777347257,0.9776405327066183,0,1,1,0,1,0,0,1,0,0,1,0,1,0,1,0,0,0,0,1,1,0,0,1,0,0,0,0,1,0,0,1,1,0,0,0,1,0,0,1,0
-0.4417729543927777,-0.8338606629262777,-1.4560920522006169,-0.8953559502634908,0,1,0,1,0,1,0,1,1,0,0,0,0,1,0,1,0,0,1,0,0,1,0,0,1,0,0,1,0,0,1,0,0,0,1,1,0,1,0,0,0
-0.4417729543927777,-0.26398037518596185,-0.3444437578280721,-0.4120416759626912,0,1,1,0,1,0,1,0,0,1,0,1,0,0,0,0,1,1,0,0,1,0,0,0,0,1,0,0,1,0,0,1,0,1,0,1,0,0,1,0,0
-0.4417729543927777,-1.2816237461508115,0.17653768162413558,-0.9795671401353052,1,0,1,0,1,0,0,1,1,0,0,0,1,0,1,0,0,1,0,0,1,0,0,1,0,0,1,0,0,1,0,0,1,0,0,0,1,0,0,1,0
-0.4417729543927777,-0.8745663977648717,-1.3864066367324872,-0.9027540657449302,0,1,1,0,1,0,0,1,0,0,1,0,0,1,0,1,0,0,1,0,0,1,0,0,1,0,0,1,0,0,1,0,1,0,0,1,0,0,1,0,0
-0.4417729543927777,-0.18256890550877383,-1.1557810950641532,-0.6544013047908538,0,1,1,0,1,0,1,0,0,1,0,1,0,0,1,0,0,1,0,0,1,0,0,0,0,1,1,0,0,1,0,0,1,0,0,0,1,0,1,0,0
2.2636062032690805,1.364249018357798,0.5183280527297238,1.3012696675059638,1,0,0,1,1,0,0,1,0,0,1,1,0,0,1,0,0,0,0,1,0,0,1,1,0,0,0,0,1,0,0,1,0,0,1,0,1,1,0,0,0
-0.4417729543927777,-0.5082147842175258,1.0575604343283462,-0.20838494800627225,0,1,0,1,0,1,0,1,0,0,1,0,1,0,1,0,0,0,0,1,1,0,0,0,0,1,0,0,1,1,0,0,1,0,0,1,0,0,0,0,1
-0.4417729543927777,1.201426079003422,1.306436918143095,1.8933603875353453,1,0,0,1,1,0,0,1,1,0,0,0,1,0,0,0,1,1,0,0,0,0,1,0,0,1,0,0,1,0,0,1,0,1,0,0,1,0,0,1,0
2.2636062032690805,-1.2816237461508115,0.30761262976657,-0.9778328638058285,1,0,1,0,1,0,0,1,0,0,1,0,1,0,1,0,0,1,0,0,1,0,0,1,0,0,1,0,0,1,0,0,1,0,0,0,1,0,0,1,0
-0.4417729543927777,-0.46750904937893173,0.5116913464946637,-0.24329000324511088,0,1,1,0,0,1,0,1,0,0,1,0,1,0,0,0,1,1,0,0,1,0,0,1,0,0,1,0,0,1,0,0,1,0,0,1,0,0,0,1,0
-0.4417729543927777,-1.2816237461508115,-1.3432680462045972,-0.9996759644112652,0,1,1,0,1,0,1,0,0,1,0,1,0,0,1,0,0,1,0,0,1,0,0,1,0,0,1,0,0,1,0,0,1,0,0,0,1,0,0,0,1
-0.4417729543927777,0.2244884428771661,0.9945117250952769,0.5773300407064784,0,1,0,1,0,1,0,1,0,0,1,0,1,0,1,0,0,1,0,0,0,0,1,0,0,1,0,0,1,1,0,0,0,0,1,0,1,1,0,0,0
-0.4417729543927777,-0.5896262538947138,0.6079235869030335,-0.30302374871987814,0,1,0,1,0,1,0,1,1,0,0,1,0,0,0,0,1,1,0,0,0,0,1,0,0,1,0,0,1,0,0,1,1,0,0,1,0,0,0,1,0
-0.4417729543927777,1.120014609326234,-1.4743429943470316,-0.48406902579830724,0,1,0,1,1,0,0,1,1,0,0,0,0,1,0,1,0,0,1,0,0,1,0,0,1,0,0,1,0,0,1,0,0,0,1,0,1,1,0,0,0
-0.4417729543927777,1.5270719577121739,0.8402083051301324,1.7933870406437282,1,0,1,0,1,0,0,1,0,0,1,0,1,0,1,0,0,0,0,1,0,0,1,0,0,1,1,0,0,1,0,0,0,1,0,0,1,1,0,0,0
-0.4417729543927777,1.404954753196392,0.1649234457127808,1.0162336692537115,1,0,0,1,0,1,0,1,0,0,1,1,0,0,1,0,0,1,0,0,0,0,1,0,0,1,1,0,0,0,0,1,0,0,1,0,1,1,0,0,0
-0.4417729543927777,-1.1188008067964357,-1.2951519260004125,-0.9511381800508424,0,1,0,1,0,1,0,1,0,0,1,0,0,1,0,1,0,0,1,0,0,1,0,0,1,0,0,1,0,0,1,0,1,0,0,0,1,1,0,0,0
-0.4417729543927777,1.364249018357798,1.6880475266590433,2.476648008727762,0,1,0,1,1,0,0,1,0,0,1,0,1,0,0,0,1,0,0,1,0,0,1,0,0,1,0,0,1,0,0,1,0,1,0,1,0,1,0,0,0
-0.4417729543927777,1.6084834273893618,-1.3117436915880625,-0.22138104404488393,0,1,0,1,1,0,0,1,0,0,1,0,0,1,0,1,0,0,1,0,0,1,0,0,1,0,0,1,0,0,1,0,0,0,1,1,0,0,0,0,1
2.2636062032690805,1.6084834273893618,0.6361295884020381,1.6808566550121011,1,0,0,1,1,0,0,1,0,0,1,1,0,0,0,0,1,0,0,1,0,0,1,1,0,0,0,0,1,0,0,1,0,0,1,0,1,0,1,0,0
-0.4417729543927777,-1.2002122764736236,-1.4892755833759166,-0.9772840421825763,0,1,1,0,0,1,0,1,1,0,0,0,0,1,0,1,0,0,1,0,0,1,0,0,1,0,0,1,0,0,1,0,1,0,0,0,1,0,0,0,1
-0.4417729543927777,0.6315457912631061,-1.4892755833759166,-0.5555475540106711,0,1,0,1,1,0,0,1,1,0,0,0,0,1,0,1,0,0,1,0,0,1,0,0,1,0,0,1,0,0,1,0,0,0,1,0,1,0,0,0,1
-0.4417729543927777,-1.0373893371192477,0.33084110158928,-0.7728150582237441,1,0,1,0,1,0,0,1,0,0,1,0,1,0,1,0,0,1,0,0,1,0,0,1,0,0,1,0,0,1,0,0,1,0,0,0,1,0,0,1,0
-0.4417729543927777,-1.2409180113122176,0.8435266582476622,-0.9267704999784455,1,0,0,1,1,0,0,1,1,0,0,0,1,0,0,0,1,0,0,1,1,0,0,1,0,0,0,0,1,1,0,0,1,0,0,1,0,0,0,1,0
-0.4417729543927777,0.7943687306174819,1.2649575041739702,1.3450436801765577,0,1,1,0,1,0,0,1,0,0,1,0,1,0,1,0,0,0,0,1,0,0,1,1,0,0,0,0,1,0,0,1,1,0,0,0,1,0,0,1,0
-0.4417729543927777,0.2244884428771661,-1.4842980536996215,-0.6828522177402467,1,0,0,1,0,1,0,1,1,0,0,0,0,1,0,1,0,0,1,0,0,1,0,0,1,0,0,1,0,0,1,0,0,0,1,0,1,0,0,0,1
-0.4417729543927777,1.6084834273893618,-1.4793205240233265,-0.41575171013587586,0,1,0,1,0,1,0,1,1,0,0,0,0,1,0,1,0,0,1,0,0,1,0,0,1,0,0,1,0,0,1,0,0,0,1,1,0,0,0,1,0
2.2636062032690805,-0.9559778674420596,0.31922686567792474,-0.7369221240630515,1,0,1,0,1,0,0,1,0,0,1,0,1,0,1,0,0,1,0,0,1,0,0,1,0,0,1,0,0,1,0,0,1,0,0,0,1,0,0,1,0
-0.4417729543927777,0.9978974048104519,-1.5075265255223316,-0.4977676135146817,1,0,0,1,0,1,0,1,1,0,0,0,0,1,0,1,0,0,1,0,0,1,0,0,1,0,0,1,0,0,1,0,0,0,1,1,0,1,0,0,0
-0.4417729543927777,-0.7931549280876837,-0.6945300117274853,-0.7209184855290179,0,1,1,0,0,1,0,1,1,0,0,1,0,0,1,0,0,1,0,0,1,0,0,1,0,0,1,0,0,1,0,0,1,0,0,1,0,0,0,0,1
-0.4417729543927777,0.3058999125543541,1.362848921141105,0.824255865440099,0,1,0,1,1,0,0,1,0,0,1,0,1,0,1,0,0,0,0,1,0,0,1,1,0,0,0,0,1,0,0,1,0,1,0,0,1,1,0,0,0
-0.4417729543927777,0.2651941777157601,-1.4959122896109764,-0.6351047365173071,1,0,0,1,0,1,0,1,1,0,0,0,0,1,0,1,0,0,1,0,0,1,0,0,1,0,0,1,0,0,1,0,0,0,1,0,1,1,0,0,0
2.2636062032690805,0.020959768684196148,1.5105156348711892,0.5945410868116667,1,0,1,0,1,0,0,1,0,0,1,0,1,0,1,0,0,0,0,1,0,0,1,0,0,1,0,0,1,0,0,1,1,0,0,0,1,0,0,1,0
-0.4417729543927777,0.6315457912631061,-1.3582006352334821,-0.4909841782512847,1,0,1,0,1,0,0,1,0,0,1,0,0,1,0,1,0,0,1,0,0,1,0,0,1,0,0,1,0,0,1,0,0,0,1,1,0,0,1,0,0
2.2636062032690805,-0.9152721326034656,-1.170713684093038,-0.8824696185495295,1,0,1,0,1,0,1,0,0,1,0,1,0,0,1,0,0,1,0,0,1,0,0,0,0,1,1,0,0,1,0,0,1,0,0,0,1,0,0,1,0
-0.4417729543927777,-0.8745663977648717,0.38061639835222977,-0.6421735590247952,1,0,1,0,1,0,0,1,1,0,0,0,1,0,0,0,1,1,0,0,1,0,0,1,0,0,1,0,0,1,0,0,1,0,0,1,0,0,0,1,0
-0.4417729543927777,0.5908400564245121,-1.2619683948251128,-0.4612160934060865,1,0,0,1,1,0,0,1,0,0,1,0,0,1,0,1,0,0,1,0,0,1,0,0,1,0,0,1,0,0,1,0,0,1,0,1,0,0,0,1,0
-0.4417729543927777,-1.2816237461508115,0.4652344028492443,-0.9757473416374701,0,1,1,0,1,0,0,1,1,0,0,0,1,0,1,0,0,1,0,0,1,0,0,1,0,0,0,0,1,1,0,0,1,0,0,0,1,0,0,1,0
-0.4417729543927777,0.7943687306174819,0.8070247739548325,1.032259260652675,0,1,1,0,1,0,0,1,0,0,1,1,0,0,0,0,1,0,0,1,0,0,1,0,0,1,0,0,1,0,0,1,0,0,1,0,1,0,0,0,1
-0.4417729543927777,1.364249018357798,0.6742906492536331,1.4212420743488905,0,1,0,1,1,0,0,1,0,0,1,1,0,0,0,0,1,0,0,1,1,0,0,0,0,1,0,0,1,0,0,1,0,0,1,1,0,0,0,1,0
2.2636062032690805,-0.8745663977648717,0.4370284013502391,-0.6306922106663596,1,0,0,1,0,1,0,1,0,0,1,0,1,0,1,0,0,1,0,0,0,0,1,1,0,0,1,0,0,1,0,0,1,0,0,0,1,0,1,0,0
-0.4417729543927777,0.550134321585918,0.5000771105833091,0.6447033831769159,0,1,0,1,0,1,0,1,0,0,1,0,1,0,1,0,0,0,0,1,1,0,0,1,0,0,1,0,0,1,0,0,1,0,0,0,1,1,0,0,0
-0.4417729543927777,0.46872285190873003,1.0343319625056362,0.9056790414657927,1,0,0,1,1,0,0,1,0,0,1,0,1,0,1,0,0,1,0,0,1,0,0,1,0,0,0,0,1,0,0,1,1,0,0,0,1,0,0,1,0
2.2636062032690805,1.5677776925507678,1.332983743083335,2.303637480213745,0,1,0,1,0,1,0,1,0,0,1,0,1,0,0,0,1,0,0,1,1,0,0,1,0,0,0,0,1,0,0,1,1,0,0,0,1,0,1,0,0
-0.4417729543927777,-0.42680331454033776,-0.3245336391228921,-0.4808858603834446,1,0,0,1,0,1,0,1,1,0,0,1,0,0,1,0,0,0,0,1,1,0,0,0,0,1,1,0,0,1,0,0,1,0,0,1,0,0,0,1,0
-0.4417729543927777,-0.3860975797017438,0.40550404673370466,-0.2379335042021696,1,0,0,1,0,1,0,1,0,0,1,1,0,0,0,0,1,1,0,0,0,0,1,0,0,1,0,0,1,1,0,0,0,0,1,0,1,1,0,0,0
2.2636062032690805,0.7943687306174819,1.3031185650255652,1.4344137933069427,0,1,0,1,1,0,0,1,0,0,1,0,1,0,0,0,1,1,0,0,0,0,1,1,0,0,0,0,1,0,0,1,1,0,0,0,1,0,0,1,0
-0.4417729543927777,1.6084834273893618,-1.5108448786398616,-0.41186605304325047,0,1,0,1,0,1,0,1,1,0,0,0,0,1,0,1,0,0,1,0,0,1,0,0,1,0,0,1,0,0,1,0,0,0,1,1,0,0,1,0,0
-0.4417729543927777,0.3058999125543541,0.6610172367835131,0.43981729478441234,1,0,0,1,0,1,0,1,0,0,1,0,1,0,1,0,0,1,0,0,0,0,1,0,0,1,1,0,0,1,0,0,1,0,0,0,1,0,0,1,0
-0.4417729543927777,1.48636622287358,1.0193993734767517,1.950679317867803,1,0,0,1,1,0,0,1,1,0,0,0,1,0,1,0,0,0,0,1,1,0,0,1,0,0,0,0,1,0,0,1,0,1,0,0,1,0,1,0,0
2.2636062032690805,-0.14186317067017984,1.1189499670026513,0.24650036621006444,1,0,1,0,1,0,0,1,0,0,1,0,1,0,1,0,0,1,0,0,1,0,0,0,0,1,0,0,1,0,0,1,1,0,0,1,0,0,0,1,0
2.2636062032690805,1.6084834273893618,1.6216804643084437,2.434344838007484,0,1,1,0,1,0,0,1,0,0,1,0,1,0,0,0,1,0,0,1,0,0,1,0,0,1,0,0,1,0,0,1,0,0,1,1,0,1,0,0,0
2.2636062032690805,0.42801711707013607,0.9812383126251567,0.8146624634656511,1,0,0,1,1,0,0,1,0,0,1,0,1,0,0,0,1,0,0,1,1,0,0,1,0,0,0,0,1,1,0,0,1,0,0,0,1,0,0,1,0
-0.4417729543927777,1.404954753196392,-1.2818785135302926,-0.2688870437535925,0,1,0,1,0,1,0,1,0,0,1,0,0,1,0,1,0,0,1,0,0,1,0,0,1,0,0,1,0,0,1,0,0,0,1,1,0,0,0,0,1
-0.4417729543927777,0.9164859351332639,-1.4577512287593817,-0.4790198668643872,1,0,0,1,0,1,0,1,1,0,0,0,0,1,0,1,0,0,1,0,0,1,0,0,1,0,0,1,0,0,1,0,0,0,1,1,0,0,0,0,1
-0.4417729543927777,1.5677776925507678,-1.3416088696458324,-0.21299504964159058,0,1,0,1,1,0,0,1,0,0,1,0,0,1,0,1,0,0,1,0,0,1,0,0,1,0,0,1,0,0,1,0,0,0,1,0,1,0,0,1,0
-0.4417729543927777,-0.3046861100245558,-1.4892755833759166,-0.8033075876116351,1,0,1,0,0,1,0,1,1,0,0,0,0,1,0,1,0,0,1,0,0,1,0,0,1,0,0,1,0,0,1,0,1,0,0,1,0,0,1,0,0
-0.4417729543927777,-1.2816237461508115,-1.4594104053181467,-1.0012126649563713,1,0,1,0,1,0,0,1,1,0,0,0,0,1,0,1,0,0,1,0,0,1,0,0,1,0,0,1,0,0,1,0,1,0,0,1,0,0,0,0,1
-0.4417729543927777,1.6084834273893618,1.4690362209020644,2.448614200212041,0,1,1,0,1,0,0,1,0,0,1,0,1,0,1,0,0,0,0,1,0,0,1,0,0,1,0,0,1,0,0,1,0,0,1,1,0,1,0,0,0
-0.4417729543927777,0.7943687306174819,0.3474328671769299,0.6867431195180329,0,1,0,1,1,0,0,1,1,0,0,1,0,0,0,0,1,0,0,1,1,0,0,1,0,0,0,0,1,0,0,1,0,1,0,0,1,0,0,0,1
-0.4417729543927777,-0.42680331454033776,-1.5158224083161564,-0.8292778268239284,1,0,1,0,1,0,0,1,1,0,0,0,0,1,0,1,0,0,1,0,0,1,0,0,1,0,0,1,0,0,1,0,0,1,0,0,1,0,0,0,1
-0.4417729543927777,1.445660488034986,0.3922306342635845,1.2872856925454983,0,1,1,0,1,0,0,1,0,0,1,1,0,0,0,0,1,0,0,1,0,0,1,1,0,0,1,0,0,0,0,1,0,1,0,1,0,0,1,0,0
-0.4417729543927777,-0.9152721326034656,0.1715601519478404,-0.7207867683394374,0,1,0,1,1,0,0,1,1,0,0,0,1,0,1,0,0,1,0,0,1,0,0,1,0,0,1,0,0,1,0,0,1,0,0,0,1,0,0,1,0
-0.4417729543927777,-0.9152721326034656,1.1720436168831307,-0.5429685624057311,1,0,0,1,0,1,0,1,0,0,1,0,1,0,0,0,1,1,0,0,1,0,0,1,0,0,0,0,1,0,0,1,1,0,0,0,1,0,0,1,0
-0.4417729543927777,0.9164859351332639,1.2865267994379155,1.4732264585033368,1,0,0,1,0,1,0,1,1,0,0,0,1,0,1,0,0,0,0,1,0,0,1,0,0,1,0,0,1,0,0,1,0,1,0,0,1,1,0,0,0
-0.4417729543927777,0.9571916699718579,-1.3283354571757124,-0.4247084790273515,0,1,1,0,1,0,0,1,0,0,1,0,0,1,0,1,0,0,1,0,0,1,0,0,1,0,0,1,0,0,1,0,0,1,0,1,0,0,0,1,0
2.2636062032690805,0.550134321585918,1.5022197520773644,1.172625879015653,1,0,0,1,0,1,0,1,0,0,1,0,1,0,0,0,1,0,0,1,1,0,0,0,0,1,0,0,1,0,0,1,1,0,0,0,1,0,0,1,0
-0.4417729543927777,-1.2816237461508115,0.6527213539896881,-0.9732666679003703,0,1,1,0,1,0,0,1,1,0,0,0,1,0,0,0,1,1,0,0,1,0,0,1,0,0,1,0,0,0,0,1,1,0,0,0,1,0,0,0,1
-0.4417729543927777,0.42801711707013607,0.34577369061816454,0.37762482843747525,0,1,1,0,1,0,0,1,0,0,1,0,1,0,1,0,0,1,0,0,1,0,0,1,0,0,1,0,0,1,0,0,1,0,0,0,1,0,1,0,0
2.2636062032690805,0.2651941777157601,1.35123468522975,0.8708617976866744,0,1,0,1,1,0,0,1,0,0,1,0,1,0,1,0,0,0,0,1,0,0,1,1,0,0,0,0,1,0,0,1,1,0,0,0,1,0,0,1,0
-0.4417729543927777,0.712957260940294,-0.6795974226986004,-0.04955597023709152,0,1,0,1,1,0,1,0,0,1,0,1,0,0,0,0,1,1,0,0,1,0,0,0,0,1,0,0,1,1,0,0,0,1,0,0,1,1,0,0,0
-0.4417729543927777,-1.0780950719578417,-1.5008898192872715,-0.9535310423282217,1,0,1,0,1,0,0,1,1,0,0,0,0,1,0,1,0,0,1,0,0,1,0,0,1,0,0,1,0,0,1,0,1,0,0,1,0,0,1,0,0
-0.4417729543927777,0.509428586747324,-1.3432680462045972,-0.53260681015873,0,1,0,1,0,1,0,1,0,0,1,0,0,1,0,1,0,0,1,0,0,1,0,0,1,0,0,1,0,0,1,0,0,0,1,1,0,0,0,0,1
-0.4417729543927777,-0.42680331454033776,-0.47551870597050633,-0.5391707167728261,1,0,1,0,1,0,1,0,0,1,0,1,0,0,1,0,0,1,0,0,0,0,1,1,0,0,0,0,1,0,0,1,1,0,0,0,1,0,0,1,0
-0.4417729543927777,1.6084834273893618,-1.3216987509406524,-0.194708313154828,1,0,0,1,0,1,0,1,0,0,1,0,0,1,0,1,0,0,1,0,0,1,0,0,1,0,0,1,0,0,1,0,0,0,1,1,0,1,0,0,0
-0.4417729543927777,-1.0373893371192477,1.177021146559426,-0.6964849468618309,1,0,1,0,1,0,0,1,1,0,0,0,1,0,1,0,0,1,0,0,0,0,1,0,0,1,0,0,1,0,0,1,1,0,0,0,1,0,0,1,0
-0.4417729543927777,-1.2816237461508115,-1.4992306427285065,-1.0017395337146933,0,1,1,0,1,0,0,1,1,0,0,0,0,1,0,1,0,0,1,0,0,1,0,0,1,0,0,1,0,0,1,0,1,0,0,0,1,0,0,0,1
-0.4417729543927777,1.6084834273893618,1.7096168219229884,2.5079966998479266,1,0,1,0,1,0,0,1,0,0,1,0,1,0,0,0,1,0,0,1,0,0,1,0,0,1,0,0,1,0,0,1,0,0,1,0,1,1,0,0,0
2.2636062032690805,-0.9152721326034656,0.9148712502745571,-0.6002874927381888,0,1,0,1,1,0,0,1,1,0,0,0,1,0,1,0,0,0,0,1,0,0,1,0,0,1,0,0,1,1,0,0,1,0,0,0,1,0,0,0,1
2.2636062032690805,-1.2816237461508115,-0.8206274301936246,-0.9927608119582877,0,1,0,1,1,0,1,0,0,1,0,1,0,0,1,0,0,0,0,1,1,0,0,1,0,0,0,0,1,1,0,0,1,0,0,1,0,0,0,1,0
-0.4417729543927777,0.6315457912631061,0.1533092098014256,0.49801433971407333,1,0,0,1,1,0,0,1,0,0,1,1,0,0,1,0,0,1,0,0,0,0,1,0,0,1,1,0,0,0,0,1,0,1,0,0,1,0,0,0,1
-0.4417729543927777,-0.26398037518596185,-1.5042081724048015,-0.803241729016845,0,1,1,0,1,0,0,1,1,0,0,0,0,1,0,1,0,0,1,0,0,1,0,0,1,0,0,1,0,0,1,0,0,1,0,0,1,1,0,0,0
-0.4417729543927777,1.445660488034986,0.8385491285713675,1.7546182811771942,1,0,0,1,1,0,0,1,0,0,1,0,1,0,1,0,0,0,0,1,0,0,1,0,0,1,1,0,0,1,0,0,0,0,1,1,0,0,1,0,0
-0.4417729543927777,0.712957260940294,0.3573879265295198,0.6914629854780017,1,0,0,1,1,0,0,1,0,0,1,1,0,0,1,0,0,1,0,0,0,0,1,1,0,0,0,0,1,0,0,1,0,1,0,1,0,1,0,0,0
-0.4417729543927777,1.6084834273893618,1.6797516438652182,2.6392089735350575,1,0,0,1,1,0,0,1,0,0,1,0,1,0,0,0,1,0,0,1,0,0,1,0,0,1,0,0,1,0,0,1,0,0,1,0,1,0,1,0,0
2.2636062032690805,-0.6303319887333078,-1.4693654646707368,-0.8652585724443412,1,0,1,0,1,0,0,1,1,0,0,0,0,1,0,1,0,0,1,0,0,1,0,0,1,0,0,1,0,0,1,0,0,1,0,1,0,0,0,0,1
2.2636062032690805,1.364249018357798,1.4076466882277596,2.0857992015124895,0,1,0,1,1,0,0,1,0,0,1,0,1,0,1,0,0,0,0,1,0,0,1,0,0,1,0,0,1,0,0,1,0,1,0,0,1,1,0,0,0
-0.4417729543927777,-0.6303319887333078,0.8385491285713675,-0.3719557446003519,0,1,0,1,1,0,0,1,0,0,1,0,1,0,0,0,1,0,0,1,0,0,1,1,0,0,1,0,0,1,0,0,1,0,0,1,0,0,1,0,0
-0.4417729543927777,-0.5082147842175258,-0.025881858545193294,-0.4508543411590853,0,1,0,1,1,0,0,1,1,0,0,1,0,0,0,0,1,1,0,0,1,0,0,0,0,1,1,0,0,0,0,1,0,1,0,0,1,0,0,0,1
2.2636062032690805,-0.18256890550877383,1.2732533869677953,0.2587500648410531,1,0,1,0,1,0,0,1,0,0,1,0,1,0,1,0,0,1,0,0,0,0,1,0,0,1,0,0,1,0,0,1,1,0,0,0,1,0,0,1,0
-0.4417729543927777,0.509428586747324,-0.4655636466179165,-0.0012157616610393618,0,1,1,0,1,0,0,1,1,0,0,1,0,0,0,0,1,1,0,0,1,0,0,1,0,0,1,0,0,1,0,0,1,0,0,0,1,1,0,0,0
-0.4417729543927777,0.38731138223154205,-0.346102934386837,-7.421268467486756e-05,0,1,0,1,0,1,0,1,1,0,0,1,0,0,0,0,1,0,0,1,1,0,0,1,0,0,1,0,0,1,0,0,1,0,0,1,0,0,0,0,1
-0.4417729543927777,-1.2816237461508115,-0.6513914211995956,-0.9905216197354186,1,0,1,0,1,0,0,1,1,0,0,1,0,0,1,0,0,1,0,0,1,0,0,1,0,0,1,0,0,1,0,0,1,0,0,0,1,0,0,1,0
-0.4417729543927777,-0.3453918448631498,0.3474328671769299,-0.24300461600101983,1,0,0,1,1,0,0,1,0,0,1,0,1,0,1,0,0,1,0,0,1,0,0,1,0,0,1,0,0,1,0,0,1,0,0,0,1,0,1,0,0
-0.4417729543927777,-0.9966836022806537,-0.7127809538739002,-0.8587166186951752,0,1,0,1,0,1,0,1,1,0,0,1,0,0,1,0,0,1,0,0,1,0,0,1,0,0,1,0,0,1,0,0,0,1,0,0,1,0,0,0,1
-0.4417729543927777,-0.8338606629262777,-1.0545713249794886,-0.8151401818089522,1,0,0,1,0,1,1,0,0,1,0,1,0,0,0,0,1,1,0,0,1,0,0,0,0,1,1,0,0,1,0,0,0,1,0,1,0,0,1,0,0
-0.4417729543927777,-0.9559778674420596,-1.5008898192872715,-0.9310732615047427,0,1,1,0,1,0,0,1,1,0,0,0,0,1,0,1,0,0,1,0,0,1,0,0,1,0,0,1,0,0,1,0,1,0,0,1,0,0,1,0,0
-0.4417729543927777,0.42801711707013607,0.515009699612194,0.48190093685538943,1,0,0,1,1,0,0,1,0,0,1,0,1,0,1,0,0,0,0,1,1,0,0,1,0,0,1,0,0,1,0,0,1,0,0,1,0,0,0,1,0
-0.4417729543927777,0.7943687306174819,-1.4776613474645617,-0.5315530726420858,1,0,0,1,0,1,0,1,1,0,0,0,0,1,0,1,0,0,1,0,0,1,0,0,1,0,0,1,0,0,1,0,0,1,0,0,1,0,0,1,0
-0.4417729543927777,-0.019745966154397845,0.3507512202944597,0.01026558669739608,1,0,0,1,1,0,0,1,1,0,0,0,1,0,0,0,1,1,0,0,1,0,0,1,0,0,1,0,0,1,0,0,1,0,0,0,1,1,0,0,0
2.2636062032690805,-1.2816237461508115,0.13837662077254057,-0.9800720560286973,0,1,1,0,1,0,0,1,1,0,0,0,1,0,1,0,0,1,0,0,1,0,0,1,0,0,1,0,0,1,0,0,1,0,0,1,0,0,0,1,0
-0.4417729543927777,1.6084834273893618,1.747777882774583,2.6376722729899513,1,0,0,1,0,1,0,1,0,0,1,0,1,0,0,0,1,0,0,1,0,0,1,0,0,1,0,0,1,0,0,1,0,0,1,0,1,1,0,0,0
-0.4417729543927777,-1.0780950719578417,0.677609002371163,-0.7955143205614542,0,1,1,0,1,0,0,1,1,0,0,0,1,0,1,0,0,0,0,1,1,0,0,1,0,0,0,0,1,1,0,0,1,0,0,0,1,0,0,1,0
-0.4417729543927777,1.201426079003422,-0.538567415203576,0.31051492034619876,1,0,0,1,0,1,1,0,0,1,0,1,0,0,0,0,1,0,0,1,1,0,0,0,0,1,0,0,1,1,0,0,0,0,1,1,0,1,0,0,0
-0.4417729543927777,-0.5082147842175258,-1.5125040551986264,-0.8199698120935713,1,0,1,0,1,0,0,1,1,0,0,0,0,1,0,1,0,0,1,0,0,1,0,0,1,0,0,1,0,0,1,0,0,1,0,0,1,0,1,0,0
-0.4417729543927777,0.061665503522790134,0.8335715988950724,0.3493495384075229,0,1,0,1,0,1,0,1,0,0,1,0,1,0,1,0,0,1,0,0,0,0,1,1,0,0,1,0,0,0,0,1,1,0,0,0,1,0,1,0,0
-0.4417729543927777,-0.5082147842175258,0.18317438785919563,-0.3645795819838426,0,1,0,1,0,1,0,1,1,0,0,0,1,0,1,0,0,1,0,0,1,0,0,1,0,0,1,0,0,1,0,0,1,0,0,0,1,0,0,1,0
-0.4417729543927777,0.753662995778888,-0.5070430605870413,0.11065603802268485,1,0,0,1,1,0,1,0,0,1,0,1,0,0,1,0,0,0,0,1,1,0,0,1,0,0,0,0,1,0,0,1,1,0,0,0,1,0,0,1,0
-0.4417729543927777,1.6084834273893618,-1.4826388771408565,-0.3224520341830053,1,0,1,0,1,0,0,1,1,0,0,0,0,1,0,1,0,0,1,0,0,1,0,0,1,0,0,1,0,0,1,0,0,0,1,1,0,0,1,0,0
-0.4417729543927777,-1.0373893371192477,0.45196099037912413,-0.7808059010582958,1,0,1,0,1,0,0,1,0,0,1,0,1,0,1,0,0,0,0,1,1,0,0,1,0,0,1,0,0,1,0,0,1,0,0,0,1,1,0,0,0
-0.4417729543927777,-1.2816237461508115,-1.4842980536996215,-1.0015419579303226,0,1,1,0,1,0,0,1,1,0,0,0,0,1,0,1,0,0,1,0,0,1,0,0,1,0,0,1,0,0,1,0,1,0,0,1,0,0,0,0,1
-0.4417729543927777,-0.9966836022806537,-0.34112540471054204,-0.7986755331113868,1,0,0,1,0,1,0,1,1,0,0,1,0,0,0,0,1,0,0,1,1,0,0,1,0,0,1,0,0,1,0,0,1,0,0,1,0,0,0,0,1
-0.4417729543927777,-1.2002122764736236,-0.5236348261746911,-0.9361882790334529,0,1,1,0,1,0,0,1,1,0,0,1,0,0,1,0,0,1,0,0,0,0,1,1,0,0,1,0,0,1,0,0,1,0,0,0,1,0,0,1,0
-0.4417729543927777,-0.06045170099299184,0.515009699612194,0.05610316867141818,0,1,1,0,1,0,0,1,0,0,1,0,1,0,1,0,0,0,0,1,1,0,0,1,0,0,1,0,0,1,0,0,1,0,0,0,1,0,0,1,0
-0.4417729543927777,-0.9559778674420596,0.3258635719129848,-0.7001730281700856,1,0,1,0,1,0,0,1,0,0,1,0,1,0,1,0,0,1,0,0,1,0,0,1,0,0,1,0,0,1,0,0,1,0,0,0,1,0,0,1,0
2.2636062032690805,-0.5896262538947138,0.6643355899010434,-0.37656584623567024,1,0,1,0,1,0,0,1,1,0,0,0,1,0,1,0,0,1,0,0,0,0,1,1,0,0,1,0,0,0,0,1,1,0,0,0,1,0,0,1,0
-0.4417729543927777,0.7943687306174819,0.677609002371163,0.8944830803514482,0,1,1,0,1,0,0,1,1,0,0,0,1,0,1,0,0,0,0,1,1,0,0,1,0,0,1,0,0,0,0,1,1,0,0,0,1,0,0,1,0
2.2636062032690805,-0.9559778674420596,-1.4959122896109764,-0.9299975711231683,0,1,0,1,1,0,0,1,1,0,0,0,0,1,0,1,0,0,1,0,0,1,0,0,1,0,0,1,0,0,1,0,0,1,0,1,0,0,1,0,0
-0.4417729543927777,1.48636622287358,-1.5141632317573916,-0.3746998527166128,0,1,1,0,1,0,0,1,1,0,0,0,0,1,0,1,0,0,1,0,0,1,0,0,1,0,0,1,0,0,1,0,0,0,1,0,1,1,0,0,0
-0.4417729543927777,-1.2816237461508115,-0.49045129499939133,-0.9883921918372003,1,0,1,0,1,0,0,1,1,0,0,1,0,0,0,0,1,1,0,0,1,0,0,1,0,0,1,0,0,1,0,0,1,0,0,1,0,0,0,1,0
-0.4417729543927777,0.020959768684196148,-1.3416088696458324,-0.6853767972072068,1,0,0,1,0,1,0,1,0,0,1,0,0,1,0,1,0,0,1,0,0,1,0,0,1,0,0,1,0,0,1,0,0,0,1,0,1,0,0,0,1
-0.4417729543927777,-0.6710377235719017,-1.4710246412295016,-0.8654122424988518,0,1,1,0,1,0,0,1,1,0,0,0,0,1,0,1,0,0,1,0,0,1,0,0,1,0,0,1,0,0,1,0,1,0,0,0,1,0,1,0,0
-0.4417729543927777,1.3235432835192038,-0.3245336391228921,0.6023124009969176,1,0,0,1,1,0,0,1,1,0,0,1,0,0,0,0,1,1,0,0,0,0,1,1,0,0,1,0,0,1,0,0,1,0,0,0,1,0,0,0,1
-0.4417729543927777,-1.2409180113122176,-1.4842980536996215,-0.9951536742356671,0,1,0,1,0,1,0,1,1,0,0,0,0,1,0,1,0,0,1,0,0,1,0,0,1,0,0,1,0,0,1,0,0,1,0,1,0,0,0,0,1
2.2636062032690805,-0.7931549280876837,1.0592196108871113,-0.46793367007469316,1,0,1,0,1,0,0,1,1,0,0,0,1,0,1,0,0,1,0,0,0,0,1,1,0,0,0,0,1,0,0,1,1,0,0,0,1,0,0,1,0
-0.4417729543927777,1.48636622287358,1.3412796258771598,2.1686493137586385,1,0,0,1,1,0,0,1,0,0,1,0,1,0,1,0,0,1,0,0,0,0,1,0,0,1,0,0,1,0,0,1,0,0,1,1,0,1,0,0,0
-0.4417729543927777,-0.9559778674420596,0.4967587574657792,-0.6847621169891643,0,1,0,1,1,0,0,1,1,0,0,0,1,0,1,0,0,0,0,1,0,0,1,1,0,0,1,0,0,1,0,0,1,0,0,0,1,0,0,1,0
-0.4417729543927777,0.1837827080385721,0.23792721429844008,0.15677900724079813,1,0,0,1,1,0,0,1,0,0,1,1,0,0,1,0,0,0,0,1,1,0,0,0,0,1,1,0,0,0,0,1,0,1,0,1,0,0,0,0,1
-0.4417729543927777,0.1837827080385721,-0.32785199224042216,-0.11879530622658645,0,1,0,1,1,0,0,1,0,0,1,1,0,0,0,0,1,1,0,0,1,0,0,1,0,0,1,0,0,1,0,0,1,0,0,0,1,0,0,0,1
-0.4417729543927777,0.87578020029467,0.4984179340245441,0.904778974003659,0,1,0,1,0,1,0,1,1,0,0,0,1,0,1,0,0,0,0,1,1,0,0,0,0,1,1,0,0,1,0,0,0,0,1,0,1,1,0,0,0
-0.4417729543927777,0.10237123836138413,-0.49045129499939133,-0.2836174161216811,1,0,1,0,0,1,0,1,0,0,1,1,0,0,1,0,0,1,0,0,1,0,0,1,0,0,1,0,0,1,0,0,1,0,0,1,0,0,0,0,1
-0.4417729543927777,-0.9966836022806537,-1.5025489958460365,-0.9358809389244317,0,1,0,1,0,1,0,1,1,0,0,0,0,1,0,1,0,0,1,0,0,1,0,0,1,0,0,1,0,0,1,0,1,0,0,1,0,0,1,0,0
-0.4417729543927777,0.87578020029467,-1.4743429943470316,-0.5556792712002516,1,0,1,0,1,0,0,1,1,0,0,0,0,1,0,1,0,0,1,0,0,1,0,0,1,0,0,1,0,0,1,0,0,0,1,0,1,0,0,0,1
2.2636062032690805,-0.6710377235719017,0.315908512560395,-0.4566059917707682,0,1,1,0,1,0,0,1,0,0,1,0,1,0,1,0,0,1,0,0,1,0,0,1,0,0,1,0,0,1,0,0,1,0,0,0,1,1,0,0,0
-0.4417729543927777,-0.8745663977648717,-0.000994210163718412,-0.7042782139120118,1,0,1,0,1,0,0,1,1,0,0,1,0,0,1,0,0,1,0,0,0,0,1,0,0,1,1,0,0,0,0,1,0,1,0,1,0,0,1,0,0
-0.4417729543927777,0.061665503522790134,-1.1458260357115633,-0.5982897820295509,0,1,0,1,0,1,1,0,0,1,0,1,0,0,0,0,1,1,0,0,1,0,0,1,0,0,1,0,0,1,0,0,0,1,0,1,0,1,0,0,0
-0.4417729543927777,-0.9559778674420596,-0.6630056571109504,-0.8211772196647261,0,1,1,0,1,0,0,1,1,0,0,1,0,0,1,0,0,1,0,0,1,0,0,1,0,0,1,0,0,1,0,0,1,0,0,1,0,0,0,0,1
-0.4417729543927777,1.6084834273893618,-1.3250171040581824,-0.19850615878773303,1,0,0,1,1,0,0,1,0,0,1,0,0,1,0,1,0,0,1,0,0,1,0,0,1,0,0,1,0,0,1,0,0,0,1,1,0,0,1,0,0
-0.4417729543927777,-0.6303319887333078,-0.4456535279127365,-0.6150398179712074,0,1,1,0,1,0,0,1,1,0,0,1,0,0,1,0,0,1,0,0,1,0,0,0,0,1,1,0,0,1,0,0,1,0,0,1,0,0,0,0,1
-0.4417729543927777,-1.2409180113122176,-0.6646648336697155,-0.961653602352354,0,1,1,0,1,0,0,1,1,0,0,1,0,0,1,0,0,1,0,0,1,0,0,1,0,0,1,0,0,1,0,0,1,0,0,1,0,1,0,0,0
-0.4417729543927777,0.3466056473929481,0.8053655973960676,0.5902822310152298,0,1,1,0,1,0,0,1,0,0,1,0,1,0,1,0,0,0,0,1,1,0,0,1,0,0,0,0,1,1,0,0,1,0,0,0,1,0,0,1,0
-0.4417729543927777,0.1837827080385721,-0.005971739840013577,0.01926626131873183,1,0,1,0,1,0,0,1,1,0,0,1,0,0,1,0,0,1,0,0,1,0,0,1,0,0,0,0,1,0,0,1,1,0,0,0,1,0,0,1,0
2.2636062032690805,0.6722515261017,0.8269348926600123,0.8719155352033183,1,0,1,0,1,0,0,1,1,0,0,0,1,0,1,0,0,0,0,1,0,0,1,1,0,0,1,0,0,0,0,1,0,1,0,0,1,1,0,0,0
-0.4417729543927777,0.835074465456076,0.30429427664903974,0.672912814612078,1,0,0,1,1,0,0,1,0,0,1,1,0,0,0,0,1,0,0,1,0,0,1,1,0,0,1,0,0,0,0,1,0,1,0,1,0,1,0,0,0
-0.4417729543927777,-1.2409180113122176,-1.1906238027982181,-0.9907631012496497,1,0,0,1,0,1,1,0,0,1,0,1,0,0,1,0,0,1,0,0,1,0,0,0,0,1,1,0,0,1,0,0,1,0,0,1,0,1,0,0,0
2.2636062032690805,0.87578020029467,0.4834853449956591,0.9083792438521933,1,0,1,0,1,0,0,1,0,0,1,0,1,0,1,0,0,0,0,1,1,0,0,1,0,0,1,0,0,1,0,0,1,0,0,0,1,0,0,1,0
-0.4417729543927777,-1.2816237461508115,-0.4987471777932163,-0.9885019561618507,1,0,1,0,0,1,0,1,1,0,0,1,0,0,0,0,1,1,0,0,1,0,0,1,0,0,1,0,0,1,0,0,1,0,0,1,0,0,0,0,1
-0.4417729543927777,-0.2232746403473678,-1.4892755833759166,-0.7676561349651736,0,1,1,0,0,1,0,1,1,0,0,0,0,1,0,1,0,0,1,0,0,1,0,0,1,0,0,1,0,0,1,0,0,1,0,1,0,0,1,0,0
-0.4417729543927777,-0.8338606629262777,-1.4776613474645617,-0.8933582395548529,1,0,1,0,1,0,0,1,1,0,0,0,0,1,0,1,0,0,1,0,0,1,0,0,1,0,0,1,0,0,1,0,1,0,0,1,0,0,0,0,1
2.2636062032690805,-0.8745663977648717,0.17487850506537067,-0.6439297882192021,0,1,0,1,1,0,0,1,1,0,0,0,1,0,1,0,0,1,0,0,1,0,0,1,0,0,1,0,0,1,0,0,1,0,0,0,1,0,0,1,0
-0.4417729543927777,-0.3046861100245558,-0.991522615746419,-0.6396489795578352,1,0,1,0,0,1,1,0,0,1,0,1,0,0,0,0,1,1,0,0,1,0,0,0,0,1,1,0,0,1,0,0,0,0,1,1,0,1,0,0,0
-0.4417729543927777,-1.2002122764736236,-1.5091857020810964,-0.980006197433907,0,1,1,0,1,0,0,1,1,0,0,0,0,1,0,1,0,0,1,0,0,1,0,0,1,0,0,1,0,0,1,0,0,1,0,0,1,0,0,0,1
-0.4417729543927777,-1.2409180113122176,0.506713816818369,-0.930897638585302,0,1,1,0,1,0,0,1,1,0,0,0,1,0,1,0,0,1,0,0,1,0,0,1,0,0,1,0,0,0,0,1,1,0,0,0,1,0,0,1,0
-0.4417729543927777,-0.7931549280876837,-1.5058673489635666,-0.8939290140430352,1,0,0,1,0,1,0,1,1,0,0,0,0,1,0,1,0,0,1,0,0,1,0,0,1,0,0,1,0,0,1,0,0,0,1,1,0,0,0,0,1
2.2636062032690805,-0.3046861100245558,1.1139724373263562,0.09359866197200714,1,0,0,1,1,0,0,1,1,0,0,0,1,0,1,0,0,0,0,1,0,0,1,1,0,0,0,0,1,0,0,1,1,0,0,0,1,0,0,1,0
-0.4417729543927777,-0.9152721326034656,0.523305582406019,-0.6640825182250222,0,1,1,0,1,0,0,1,0,0,1,0,1,0,1,0,0,0,0,1,1,0,0,1,0,0,1,0,0,1,0,0,1,0,0,0,1,1,0,0,0
-0.4417729543927777,1.404954753196392,1.4922646927247745,2.2089328209053485,0,1,0,1,1,0,0,1,0,0,1,0,1,0,0,0,1,0,0,1,0,0,1,1,0,0,0,0,1,0,0,1,0,1,0,1,0,0,1,0,0
-0.4417729543927777,1.6084834273893618,0.8634367769528424,1.910395810721093,1,0,0,1,0,1,0,1,0,0,1,1,0,0,0,0,1,0,0,1,0,0,1,0,0,1,0,0,1,0,0,1,0,0,1,1,0,0,1,0,0
-0.4417729543927777,-0.9559778674420596,-1.4859572302583866,-0.9058494197000724,1,0,1,0,1,0,0,1,1,0,0,0,0,1,0,1,0,0,1,0,0,1,0,0,1,0,0,1,0,0,1,0,1,0,0,1,0,1,0,0,0
2.2636062032690805,0.712957260940294,0.17985603474166537,0.5063564283875065,0,1,1,0,1,0,0,1,0,0,1,1,0,0,0,0,1,0,0,1,1,0,0,1,0,0,0,0,1,1,0,0,1,0,0,0,1,1,0,0,0
-0.4417729543927777,-0.6710377235719017,1.1637477340893059,-0.3365677263330514,1,0,0,1,1,0,0,1,0,0,1,0,1,0,1,0,0,0,0,1,1,0,0,1,0,0,0,0,1,0,0,1,1,0,0,0,1,0,0,1,0
-0.4417729543927777,-0.8338606629262777,0.6709722961361034,-0.5805518671660405,1,0,1,0,1,0,0,1,1,0,0,0,1,0,0,0,1,1,0,0,1,0,0,1,0,0,0,0,1,1,0,0,0,1,0,0,1,0,1,0,0
-0.4417729543927777,-0.9559778674420596,0.3407961609418699,-0.7321144466433624,1,0,1,0,1,0,0,1,0,0,1,0,1,0,1,0,0,1,0,0,1,0,0,1,0,0,1,0,0,1,0,0,1,0,0,0,1,0,1,0,0
-0.4417729543927777,0.10237123836138413,-1.5158224083161564,-0.7127739726399556,0,1,1,0,1,0,0,1,1,0,0,0,0,1,0,1,0,0,1,0,0,1,0,0,1,0,0,1,0,0,1,0,0,0,1,1,0,0,0,0,1
-0.4417729543927777,-0.5082147842175258,0.3673429858821096,-0.31285863220855725,1,0,0,1,0,1,0,1,0,0,1,1,0,0,0,0,1,1,0,0,1,0,0,1,0,0,0,0,1,0,0,1,0,1,0,1,0,1,0,0,0
-0.4417729543927777,-0.7931549280876837,-0.3477621109456019,-0.7000632638454352,0,1,0,1,1,0,1,0,0,1,0,1,0,0,0,0,1,1,0,0,1,0,0,0,0,1,0,0,1,0,0,1,1,0,0,0,1,0,0,1,0
-0.4417729543927777,-0.9559778674420596,1.2666166807327353,-0.5843277599340154,0,1,0,1,0,1,0,1,1,0,0,0,1,0,1,0,0,1,0,0,0,0,1,0,0,1,0,0,1,0,0,1,1,0,0,1,0,0,0,1,0
-0.4417729543927777,1.3235432835192038,-1.4942531130522116,-0.4428854511894637,0,1,0,1,0,1,0,1,1,0,0,0,0,1,0,1,0,0,1,0,0,1,0,0,1,0,0,1,0,0,1,0,0,0,1,1,0,0,0,0,1
-0.4417729543927777,0.3466056473929481,-1.3299946337344772,-0.5879280297825498,1,0,1,0,1,0,0,1,0,0,1,0,0,1,0,1,0,0,1,0,0,1,0,0,1,0,0,1,0,0,1,0,0,1,0,0,1,0,0,0,1
-0.4417729543927777,1.038603139649046,1.2334331495574353,1.5736169098286252,1,0,0,1,1,0,0,1,0,0,1,0,1,0,1,0,0,1,0,0,0,0,1,0,0,1,0,0,1,0,0,1,1,0,0,0,1,0,1,0,0
-0.4417729543927777,-0.8338606629262777,0.3258635719129848,-0.6472885765535056,0,1,1,0,1,0,0,1,0,0,1,1,0,0,1,0,0,1,0,0,0,0,1,1,0,0,0,0,1,0,0,1,1,0,0,1,0,1,0,0,0
-0.4417729543927777,-0.46750904937893173,-0.6630056571109504,-0.6037340925322126,1,0,0,1,0,1,0,1,1,0,0,1,0,0,1,0,0,1,0,0,1,0,0,1,0,0,1,0,0,1,0,0,1,0,0,0,1,0,0,1,0
-0.4417729543927777,-1.2816237461508115,0.506713816818369,-0.975198520014218,1,0,1,0,1,0,0,1,0,0,1,0,1,0,1,0,0,0,0,1,1,0,0,1,0,0,1,0,0,1,0,0,1,0,0,0,1,0,0,0,1
-0.4417729543927777,-1.2816237461508115,-1.4892755833759166,-1.0016078165251128,0,1,1,0,1,0,0,1,1,0,0,0,0,1,0,1,0,0,1,0,0,1,0,0,1,0,0,1,0,0,1,0,1,0,0,0,1,0,0,0,1
-0.4417729543927777,-0.7931549280876837,-1.4909347599346816,-0.8925459835524396,0,1,1,0,1,0,0,1,1,0,0,0,0,1,0,1,0,0,1,0,0,1,0,0,1,0,0,1,0,0,1,0,0,0,1,1,0,0,1,0,0
-0.4417729543927777,-1.2816237461508115,-0.6928708351687204,-0.9910704413586708,0,1,1,0,1,0,0,1,1,0,0,1,0,0,1,0,0,1,0,0,1,0,0,1,0,0,1,0,0,1,0,0,1,0,0,0,1,1,0,0,0
-0.4417729543927777,-0.8745663977648717,0.007301672630106549,-0.6928188184185063,0,1,0,1,0,1,0,1,0,0,1,1,0,0,0,0,1,1,0,0,1,0,0,1,0,0,0,0,1,1,0,0,1,0,0,0,1,1,0,0,0
-0.4417729543927777,1.364249018357798,1.2682758572915005,2.076732668296364,0,1,0,1,0,1,0,1,1,0,0,0,1,0,0,0,1,0,0,1,0,0,1,1,0,0,0,0,1,0,0,1,0,1,0,0,1,1,0,0,0
-0.4417729543927777,1.038603139649046,1.5171523411062493,1.8551624025569935,1,0,0,1,1,0,0,1,0,0,1,0,1,0,0,0,1,0,0,1,0,0,1,1,0,0,0,0,1,0,0,1,0,1,0,0,1,0,1,0,0
-0.4417729543927777,-1.2816237461508115,0.8601184238353121,-0.9705225597841094,0,1,1,0,0,1,0,1,1,0,0,0,1,0,1,0,0,1,0,0,1,0,0,1,0,0,0,0,1,0,0,1,1,0,0,0,1,0,0,1,0
-0.4417729543927777,-0.06045170099299184,-1.4577512287593817,-0.7040806381276411,1,0,0,1,0,1,0,1,1,0,0,0,0,1,0,1,0,0,1,0,0,1,0,0,1,0,0,1,0,0,1,0,0,0,1,1,0,0,0,0,1
-0.4417729543927777,-1.2816237461508115,-1.4942531130522116,-1.001673675119903,1,0,1,0,1,0,0,1,1,0,0,0,0,1,0,1,0,0,1,0,0,1,0,0,1,0,0,1,0,0,1,0,1,0,0,1,0,0,0,0,1
-0.4417729543927777,-0.7117434584104957,-1.4892755833759166,-0.885586925369602,1,0,0,1,0,1,0,1,1,0,0,0,0,1,0,1,0,0,1,0,0,1,0,0,1,0,0,1,0,0,1,0,1,0,0,1,0,0,0,0,1
-0.4417729543927777,-1.0780950719578417,-0.5352490620860462,-0.8798572276228492,1,0,0,1,0,1,0,1,1,0,0,1,0,0,1,0,0,1,0,0,1,0,0,0,0,1,1,0,0,1,0,0,1,0,0,0,1,0,0,0,1
-0.4417729543927777,1.2421318138420159,-1.3167212212643573,-0.3257888696523786,0,1,1,0,1,0,0,1,0,0,1,0,0,1,0,1,0,0,1,0,0,1,0,0,1,0,0,1,0,0,1,0,0,0,1,1,0,0,0,0,1
2.2636062032690805,1.5677776925507678,0.14169497389007082,1.1771920749211109,1,0,0,1,0,1,0,1,0,0,1,1,0,0,0,0,1,0,0,1,1,0,0,1,0,0,0,0,1,1,0,0,0,1,0,1,0,0,0,1,0
-0.4417729543927777,-1.2816237461508115,-0.6596873039934206,-0.9906313840600691,0,1,1,0,1,0,0,1,1,0,0,1,0,0,1,0,0,1,0,0,1,0,0,1,0,0,1,0,0,1,0,0,1,0,0,0,1,0,0,0,1
-0.4417729543927777,-0.6303319887333078,0.18151521130043075,-0.4773734019946307,0,1,0,1,1,0,0,1,1,0,0,0,1,0,1,0,0,1,0,0,1,0,0,1,0,0,1,0,0,1,0,0,1,0,0,0,1,1,0,0,0
-0.4417729543927777,-1.2002122764736236,-0.6464138915233004,-0.9481964961502107,0,1,1,0,1,0,0,1,1,0,0,1,0,0,1,0,0,1,0,0,1,0,0,1,0,0,1,0,0,1,0,0,1,0,0,1,0,0,0,0,1
-0.4417729543927777,-1.2816237461508115,-1.4826388771408565,-1.0015200050653925,0,1,1,0,1,0,0,1,1,0,0,0,0,1,0,1,0,0,1,0,0,1,0,0,1,0,0,1,0,0,1,0,1,0,0,0,1,0,0,0,1
-0.4417729543927777,1.201426079003422,-1.3449272227633624,-0.3900229524378137,0,1,1,0,0,1,0,1,0,0,1,0,0,1,0,1,0,0,1,0,0,1,0,0,1,0,0,1,0,0,1,0,0,0,1,0,1,0,0,0,1
-0.4417729543927777,0.835074465456076,1.147155968501656,1.3711456365784314,1,0,1,0,1,0,0,1,1,0,0,0,1,0,0,0,1,0,0,1,0,0,1,0,0,1,1,0,0,0,0,1,0,0,1,1,0,0,0,0,1
-0.4417729543927777,-0.6710377235719017,0.2760882751500351,-0.4854081505590426,1,0,0,1,0,1,0,1,1,0,0,0,1,0,1,0,0,0,0,1,1,0,0,1,0,0,1,0,0,1,0,0,1,0,0,1,0,1,0,0,0
2.2636062032690805,1.6084834273893618,0.0006649663950464859,0.9855435640814497,0,1,0,1,1,0,1,0,0,1,0,1,0,0,0,0,1,0,0,1,0,0,1,0,0,1,0,0,1,0,0,1,0,0,1,0,1,0,1,0,0
-0.4417729543927777,-0.9152721326034656,-0.9517023783360591,-0.8462034856850256,1,0,1,0,1,0,1,0,0,1,0,1,0,0,1,0,0,0,0,1,1,0,0,0,0,1,1,0,0,1,0,0,1,0,0,1,0,0,0,1,0
-0.4417729543927777,-0.5489205190561198,-1.4842980536996215,-0.8403201178837622,0,1,0,1,0,1,0,1,1,0,0,0,0,1,0,1,0,0,1,0,0,1,0,0,1,0,0,1,0,0,1,0,0,0,1,1,0,0,0,0,1
-0.4417729543927777,0.10237123836138413,-1.4959122896109764,-0.6857939016408785,1,0,0,1,0,1,0,1,1,0,0,0,0,1,0,1,0,0,1,0,0,1,0,0,1,0,0,1,0,0,1,0,0,0,1,0,1,0,0,0,1
2.2636062032690805,-0.7931549280876837,0.9994892547715716,-0.4440270001658282,1,0,1,0,1,0,0,1,0,0,1,0,1,0,1,0,0,1,0,0,1,0,0,1,0,0,0,0,1,0,0,1,1,0,0,0,1,0,0,1,0
2.2636062032690805,-1.2409180113122176,-1.3465863993221272,-0.9920363674155949,1,0,1,0,1,0,1,0,0,1,0,1,0,0,1,0,0,1,0,0,1,0,0,1,0,0,1,0,0,1,0,0,1,0,0,1,0,0,0,1,0
2.2636062032690805,-0.7117434584104957,0.7987288911610076,-0.4447733975734512,1,0,1,0,1,0,0,1,0,0,1,0,1,0,1,0,0,0,0,1,1,0,0,1,0,0,0,0,1,1,0,0,1,0,0,1,0,0,1,0,0
-0.4417729543927777,-0.9152721326034656,-1.4726838177882668,-0.899439183140487,1,0,0,1,1,0,0,1,1,0,0,0,0,1,0,1,0,0,1,0,0,1,0,0,1,0,0,1,0,0,1,0,1,0,0,0,1,0,0,0,1
-0.4417729543927777,-0.8338606629262777,-0.6314813024944157,-0.7882698751345254,1,0,0,1,1,0,0,1,1,0,0,1,0,0,1,0,0,1,0,0,1,0,0,1,0,0,1,0,0,1,0,0,1,0,0,1,0,1,0,0,0
2.2636062032690805,-0.06045170099299184,0.8551408941590174,0.23453605482316692,1,0,0,1,1,0,0,1,0,0,1,0,1,0,1,0,0,1,0,0,0,0,1,1,0,0,0,0,1,1,0,0,0,1,0,0,1,0,0,1,0
2.2636062032690805,0.46872285190873003,0.7788187724558279,0.7075763883366858,0,1,0,1,1,0,0,1,0,0,1,0,1,0,1,0,0,0,0,1,1,0,0,1,0,0,1,0,0,0,0,1,0,1,0,1,0,0,0,0,1
-0.4417729543927777,-0.5896262538947138,0.6726314726948683,-0.32815977906482796,1,0,1,0,1,0,0,1,0,0,1,0,1,0,1,0,0,1,0,0,1,0,0,1,0,0,0,0,1,1,0,0,1,0,0,0,1,0,0,1,0
-0.4417729543927777,0.42801711707013607,0.3407961609418699,0.4184352043425073,1,0,0,1,0,1,0,1,1,0,0,1,0,0,0,0,1,1,0,0,0,0,1,1,0,0,0,0,1,0,0,1,0,0,1,1,0,1,0,0,0
-0.4417729543927777,-0.7117434584104957,1.2052271480584307,-0.3705946669746865,1,0,1,0,1,0,0,1,1,0,0,0,1,0,1,0,0,0,0,1,0,0,1,1,0,0,0,0,1,0,0,1,1,0,0,0,1,0,0,1,0
-0.4417729543927777,-0.7117434584104957,0.34577369061816454,-0.5210596032055042,1,0,0,1,1,0,0,1,1,0,0,0,1,0,1,0,0,0,0,1,1,0,0,1,0,0,1,0,0,1,0,0,1,0,0,1,0,1,0,0,0
2.2636062032690805,-1.2816237461508115,-1.3316538102932425,-0.9995222943567544,1,0,0,1,1,0,1,0,0,1,0,1,0,0,1,0,0,1,0,0,1,0,0,1,0,0,1,0,0,1,0,0,1,0,0,0,1,0,0,1,0
-0.4417729543927777,0.509428586747324,-1.2951519260004125,-0.4762538058831962,1,0,0,1,0,1,0,1,0,0,1,0,0,1,0,1,0,0,1,0,0,1,0,0,1,0,0,1,0,0,1,0,0,1,0,0,1,0,1,0,0
-0.4417729543927777,0.5908400564245121,-1.5025489958460365,-0.5831642580927209,0,1,0,1,1,0,0,1,1,0,0,0,0,1,0,1,0,0,1,0,0,1,0,0,1,0,0,1,0,0,1,0,0,0,1,1,0,0,0,0,1
-0.4417729543927777,-0.14186317067017984,-0.2050729268918126,-0.2656819254737998,0,1,1,0,1,0,0,1,1,0,0,1,0,0,0,0,1,0,0,1,1,0,0,0,0,1,1,0,0,1,0,0,0,1,0,0,1,0,0,1,0
-0.4417729543927777,0.6315457912631061,0.48846287467195426,0.6888725474162515,1,0,0,1,0,1,0,1,0,0,1,1,0,0,1,0,0,0,0,1,1,0,0,0,0,1,0,0,1,0,0,1,0,0,1,1,0,0,0,1,0
-0.4417729543927777,-0.9966836022806537,-1.4909347599346816,-0.9482404018800709,1,0,1,0,1,0,0,1,1,0,0,0,0,1,0,1,0,0,1,0,0,1,0,0,1,0,0,1,0,0,1,0,0,0,1,1,0,0,0,0,1
-0.4417729543927777,1.201426079003422,1.346257155553455,1.837841592127155,0,1,0,1,0,1,0,1,0,0,1,0,1,0,0,0,1,0,0,1,1,0,0,1,0,0,0,0,1,0,0,1,1,0,0,0,1,0,0,1,0
-0.4417729543927777,1.364249018357798,-1.3150620447055925,-0.27551680896247893,0,1,1,0,0,1,0,1,0,0,1,0,0,1,0,1,0,0,1,0,0,1,0,0,1,0,0,1,0,0,1,0,0,0,1,0,1,0,1,0,0
-0.4417729543927777,-1.2002122764736236,-1.4909347599346816,-0.9824868711710069,1,0,1,0,1,0,0,1,1,0,0,0,0,1,0,1,0,0,1,0,0,1,0,0,1,0,0,1,0,0,1,0,1,0,0,1,0,0,0,0,1
-0.4417729543927777,-0.019745966154397845,1.4806504568134193,0.5737078179930141,1,0,1,0,1,0,0,1,0,0,1,0,1,0,0,0,1,1,0,0,0,0,1,0,0,1,0,0,1,0,0,1,0,1,0,0,1,1,0,0,0
2.2636062032690805,-0.6710377235719017,-0.8604476676039845,-0.7119178109076822,0,1,1,0,1,0,1,0,0,1,0,1,0,0,1,0,0,0,0,1,1,0,0,1,0,0,0,0,1,1,0,0,1,0,0,0,1,0,0,0,1
-0.4417729543927777,0.3058999125543541,1.36118974458234,0.8929902855362021,1,0,1,0,1,0,0,1,0,0,1,0,1,0,1,0,0,1,0,0,0,0,1,0,0,1,0,0,1,0,0,1,0,1,0,0,1,0,1,0,0
-0.4417729543927777,-0.9966836022806537,-1.4826388771408565,-0.9337295581612831,1,0,1,0,1,0,0,1,1,0,0,0,0,1,0,1,0,0,1,0,0,1,0,0,1,0,0,1,0,0,1,0,0,0,1,1,0,0,0,0,1
-0.4417729543927777,-1.1595065416350296,-0.2133688096856376,-0.9116888817714757,1,0,0,1,0,1,0,1,0,0,1,1,0,0,1,0,0,0,0,1,1,0,0,0,0,1,1,0,0,1,0,0,1,0,0,0,1,0,0,0,1
-0.4417729543927777,1.5270719577121739,0.4751894622018341,1.5061996616283277,0,1,0,1,0,1,0,1,0,0,1,1,0,0,0,0,1,0,0,1,0,0,1,0,0,1,0,0,1,1,0,0,0,0,1,0,1,1,0,0,0
-0.4417729543927777,-1.2816237461508115,-1.3150620447055925,-0.9993027657074536,0,1,1,0,0,1,1,0,0,1,0,1,0,0,1,0,0,1,0,0,1,0,0,1,0,0,1,0,0,1,0,0,1,0,0,0,1,0,0,1,0
-0.4417729543927777,1.445660488034986,1.4192609241391148,2.2038836619714286,0,1,0,1,1,0,0,1,0,0,1,0,1,0,0,0,1,0,0,1,1,0,0,0,0,1,0,0,1,0,0,1,1,0,0,0,1,0,0,1,0
-0.4417729543927777,0.46872285190873003,-0.35273964062189705,0.006928751228022867,0,1,0,1,0,1,1,0,0,1,0,1,0,0,1,0,0,1,0,0,0,0,1,0,0,1,0,0,1,0,0,1,0,1,0,0,1,0,0,1,0
-0.4417729543927777,-1.0373893371192477,-0.07067962563184838,-0.8267532473569683,1,0,1,0,1,0,0,1,1,0,0,1,0,0,1,0,0,1,0,0,0,0,1,0,0,1,1,0,0,0,0,1,1,0,0,1,0,1,0,0,0
2.2636062032690805,1.5677776925507678,0.8269348926600123,1.7527742405230669,1,0,1,0,1,0,0,1,0,0,1,1,0,0,0,0,1,0,0,1,0,0,1,0,0,1,0,0,1,0,0,1,0,0,1,1,0,0,0,0,1
-0.4417729543927777,0.42801711707013607,0.42873251855641414,0.46739009313660174,0,1,1,0,1,0,0,1,0,0,1,0,1,0,1,0,0,0,0,1,1,0,0,1,0,0,1,0,0,1,0,0,1,0,0,0,1,0,0,1,0
-0.4417729543927777,-0.7931549280876837,1.3014593884668004,-0.44003157874855237,1,0,1,0,0,1,0,1,0,0,1,0,1,0,1,0,0,0,0,1,0,0,1,1,0,0,0,0,1,0,0,1,0,1,0,0,1,0,1,0,0
-0.4417729543927777,1.404954753196392,-1.3366313399695373,-0.29894051584288195,0,1,0,1,0,1,0,1,0,0,1,0,0,1,0,1,0,0,1,0,0,1,0,0,1,0,0,1,0,0,1,0,0,0,1,1,0,1,0,0,0
-0.4417729543927777,-1.2816237461508115,-1.4992306427285065,-1.0017395337146933,0,1,1,0,0,1,0,1,1,0,0,0,0,1,0,1,0,0,1,0,0,1,0,0,1,0,0,1,0,0,1,0,1,0,0,1,0,0,0,0,1
-0.4417729543927777,0.550134321585918,-1.4842980536996215,-0.6391440636644432,0,1,0,1,0,1,0,1,1,0,0,0,0,1,0,1,0,0,1,0,0,1,0,0,1,0,0,1,0,0,1,0,0,1,0,0,1,1,0,0,0
-0.4417729543927777,1.364249018357798,1.2450473854687907,1.8940189734832478,1,0,0,1,0,1,0,1,0,0,1,0,1,0,1,0,0,0,0,1,0,0,1,1,0,0,0,0,1,0,0,1,0,1,0,0,1,0,1,0,0
-0.4417729543927777,0.3058999125543541,0.31922686567792474,0.3136761328961312,0,1,0,1,0,1,0,1,0,0,1,1,0,0,1,0,0,1,0,0,0,0,1,1,0,0,0,0,1,0,0,1,1,0,0,0,1,0,0,1,0
-0.4417729543927777,1.404954753196392,0.9762607829488615,1.7738489908559507,1,0,0,1,0,1,0,1,0,0,1,0,1,0,0,0,1,1,0,0,1,0,0,0,0,1,1,0,0,0,0,1,0,1,0,0,1,0,1,0,0
-0.4417729543927777,0.10237123836138413,-1.3001294556767076,-0.6229208964811087,1,0,0,1,0,1,0,1,0,0,1,0,0,1,0,1,0,0,1,0,0,1,0,0,1,0,0,1,0,0,1,0,1,0,0,0,1,0,0,1,0
-0.4417729543927777,0.2651941777157601,0.5000771105833091,0.3870865132223427,0,1,0,1,0,1,0,1,1,0,0,1,0,0,0,0,1,1,0,0,0,0,1,0,0,1,0,0,1,0,0,1,0,1,0,1,0,0,1,0,0
-0.4417729543927777,-1.2816237461508115,0.18151521130043075,-0.979501281540515,0,1,1,0,1,0,0,1,1,0,0,0,1,0,1,0,0,1,0,0,1,0,0,1,0,0,1,0,0,1,0,0,1,0,0,1,0,0,0,1,0
-0.4417729543927777,1.2421318138420159,-1.5191407614336865,-0.4936185220428952,0,1,0,1,0,1,0,1,1,0,0,0,0,1,0,1,0,0,1,0,0,1,0,0,1,0,0,1,0,0,1,0,0,0,1,0,1,0,0,0,1
-0.4417729543927777,-1.2816237461508115,-0.530271532409751,-0.9889190605955225,0,1,1,0,0,1,0,1,1,0,0,1,0,0,1,0,0,1,0,0,0,0,1,1,0,0,1,0,0,1,0,0,1,0,0,1,0,0,0,1,0
-0.4417729543927777,-1.2816237461508115,0.6659947664598083,-0.9730910449809296,1,0,1,0,1,0,0,1,0,0,1,0,1,0,1,0,0,1,0,0,1,0,0,1,0,0,1,0,0,0,0,1,1,0,0,0,1,0,0,1,0
-0.4417729543927777,-0.9152721326034656,-1.4909347599346816,-0.9290096922013144,0,1,1,0,1,0,0,1,1,0,0,0,0,1,0,1,0,0,1,0,0,1,0,0,1,0,0,1,0,0,1,0,1,0,0,1,0,0,0,1,0
-0.4417729543927777,-1.2816237461508115,0.3325002781480449,-0.9775035708318771,0,1,1,0,1,0,0,1,0,0,1,0,1,0,1,0,0,1,0,0,1,0,0,1,0,0,1,0,0,1,0,0,1,0,0,0,1,0,0,1,0
-0.4417729543927777,1.2828375486806098,0.9264854861859118,1.6154810232503016,1,0,0,1,0,1,0,1,0,0,1,0,1,0,1,0,0,0,0,1,0,0,1,1,0,0,1,0,0,0,0,1,0,1,0,0,1,0,0,1,0
-0.4417729543927777,-0.6710377235719017,-1.4876164068171516,-0.8705272600275622,1,0,1,0,1,0,0,1,1,0,0,0,0,1,0,1,0,0,1,0,0,1,0,0,1,0,0,1,0,0,1,0,0,1,0,1,0,1,0,0,0
-0.4417729543927777,1.5677776925507678,0.515009699612194,1.4756412736456463,1,0,0,1,1,0,0,1,0,0,1,1,0,0,1,0,0,1,0,0,0,0,1,0,0,1,0,0,1,0,0,1,0,0,1,0,1,1,0,0,0
-0.4417729543927777,-0.9152721326034656,1.0044667844478667,-0.6019120047430152,0,1,1,0,0,1,0,1,0,0,1,0,1,0,1,0,0,1,0,0,1,0,0,1,0,0,0,0,1,0,0,1,1,0,0,1,0,0,0,1,0
2.2636062032690805,-0.3860975797017438,1.3114144478193903,-0.05113657651205775,0,1,0,1,1,0,0,1,0,0,1,0,1,0,1,0,0,0,0,1,0,0,1,1,0,0,0,0,1,0,0,1,1,0,0,0,1,0,0,1,0
-0.4417729543927777,-1.2816237461508115,0.6809273554886932,-0.9728934691965588,1,0,1,0,1,0,0,1,0,0,1,0,1,0,1,0,0,1,0,0,1,0,0,1,0,0,1,0,0,0,0,1,1,0,0,0,1,0,0,0,1
-0.4417729543927777,-0.26398037518596185,-0.44399435135397164,-0.44165609075337875,0,1,1,0,1,0,0,1,0,0,1,1,0,0,1,0,0,1,0,0,1,0,0,1,0,0,1,0,0,1,0,0,0,1,0,0,1,0,1,0,0
-0.4417729543927777,0.87578020029467,0.6460846477546285,0.9583439644330718,0,1,1,0,1,0,0,1,1,0,0,0,1,0,0,0,1,1,0,0,0,0,1,0,0,1,1,0,0,1,0,0,0,1,0,1,0,0,0,1,0
-0.4417729543927777,-1.0373893371192477,0.48846287467195426,-0.7449129668976032,1,0,1,0,1,0,0,1,0,0,1,0,1,0,0,0,1,1,0,0,1,0,0,1,0,0,1,0,0,1,0,0,1,0,0,0,1,0,0,0,1
-0.4417729543927777,-1.1188008067964357,-1.5158224083161564,-0.9726300348173976,0,1,1,0,1,0,0,1,1,0,0,0,0,1,0,1,0,0,1,0,0,1,0,0,1,0,0,1,0,0,1,0,1,0,0,0,1,0,0,0,1
-0.4417729543927777,0.1430769731999781,1.075811376474761,0.5078053174728924,1,0,0,1,0,1,0,1,0,0,1,0,1,0,1,0,0,0,0,1,0,0,1,1,0,0,0,0,1,1,0,0,1,0,0,0,1,1,0,0,0
-0.4417729543927777,-0.9152721326034656,0.7141108866639931,-0.645620158818819,1,0,1,0,1,0,0,1,0,0,1,0,1,0,1,0,0,1,0,0,1,0,0,1,0,0,1,0,0,0,0,1,1,0,0,1,0,0,0,1,0
-0.4417729543927777,-1.2002122764736236,-1.371474047703602,-0.9713128629215924,0,1,0,1,1,0,0,1,0,0,1,0,0,1,0,1,0,0,1,0,0,1,0,0,1,0,0,1,0,0,1,0,1,0,0,0,1,0,0,0,1
-0.4417729543927777,-1.1188008067964357,0.10021555992094601,-0.8566091436618869,1,0,0,1,1,0,0,1,0,0,1,1,0,0,1,0,0,1,0,0,0,0,1,0,0,1,0,0,1,1,0,0,1,0,0,1,0,1,0,0,0
2.2636062032690805,0.753662995778888,0.9580098408024468,1.075528357429877,0,1,0,1,1,0,0,1,0,0,1,0,1,0,0,0,1,1,0,0,0,0,1,1,0,0,0,0,1,1,0,0,1,0,0,0,1,1,0,0,0
-0.4417729543927777,-0.8338606629262777,-1.5091857020810964,-0.9022930555813984,1,0,1,0,1,0,0,1,1,0,0,0,0,1,0,1,0,0,1,0,0,1,0,0,1,0,0,1,0,0,1,0,1,0,0,1,0,0,0,0,1
-0.4417729543927777,0.020959768684196148,0.4984179340245441,0.16839207278881416,1,0,1,0,1,0,0,1,1,0,0,0,1,0,1,0,0,0,0,1,1,0,0,0,0,1,1,0,0,1,0,0,0,1,0,0,1,1,0,0,0
-0.4417729543927777,-0.10115743583158582,-0.5352490620860462,-0.3356896117358479,1,0,1,0,1,0,0,1,1,0,0,1,0,0,0,0,1,1,0,0,1,0,0,1,0,0,1,0,0,1,0,0,1,0,0,0,1,0,0,0,1
-0.4417729543927777,1.5677776925507678,1.6664782313950988,2.5363378484726695,1,0,0,1,1,0,0,1,0,0,1,0,1,0,0,0,1,0,0,1,0,0,1,0,0,1,0,0,1,0,0,1,0,0,1,0,1,0,1,0,0
2.2636062032690805,-1.2816237461508115,0.14335415044883573,-0.980006197433907,1,0,1,0,1,0,0,1,1,0,0,0,1,0,1,0,0,1,0,0,1,0,0,1,0,0,1,0,0,1,0,0,1,0,0,0,1,0,0,1,0
-0.4417729543927777,-1.2409180113122176,0.18151521130043075,-0.9458036338728311,1,0,0,1,0,1,0,1,1,0,0,0,1,0,1,0,0,1,0,0,1,0,0,1,0,0,1,0,0,1,0,0,1,0,0,1,0,0,0,1,0
-0.4417729543927777,-0.7931549280876837,-1.4925939364934464,-0.9034346045577628,0,1,1,0,1,0,0,1,1,0,0,0,0,1,0,1,0,0,1,0,0,1,0,0,1,0,0,1,0,0,1,0,0,0,1,1,0,0,0,0,1
-0.4417729543927777,-0.5896262538947138,0.6859048851649879,-0.307260651651385,0,1,0,1,0,1,0,1,1,0,0,0,1,0,1,0,0,1,0,0,1,0,0,0,0,1,1,0,0,0,0,1,1,0,0,0,1,0,0,1,0
2.2636062032690805,1.364249018357798,-0.6430955384057707,0.31872529183005127,1,0,0,1,1,0,1,0,0,1,0,1,0,0,1,0,0,0,0,1,0,0,1,1,0,0,0,0,1,1,0,0,0,1,0,1,0,1,0,0,0
-0.4417729543927777,1.404954753196392,-1.3167212212643573,-0.24945875829046538,1,0,0,1,1,0,0,1,0,0,1,0,0,1,0,1,0,0,1,0,0,1,0,0,1,0,0,1,0,0,1,0,0,0,1,0,1,0,1,0,0
-0.4417729543927777,-0.9966836022806537,-1.3167212212643573,-0.9286145406325728,0,1,1,0,1,0,1,0,0,1,0,1,0,0,1,0,0,1,0,0,1,0,0,1,0,0,1,0,0,1,0,0,1,0,0,0,1,0,1,0,0
-0.4417729543927777,-1.2002122764736236,0.5100321699358988,-0.9006246378467117,1,0,0,1,0,1,0,1,1,0,0,0,1,0,1,0,0,1,0,0,1,0,0,1,0,0,1,0,0,0,0,1,1,0,0,0,1,0,0,1,0
-0.4417729543927777,0.1837827080385721,-1.354882282115952,-0.6320093825621649,1,0,0,1,0,1,0,1,0,0,1,0,0,1,0,1,0,0,1,0,0,1,0,0,1,0,0,1,0,0,1,0,0,0,1,0,1,1,0,0,0
2.2636062032690805,1.48636622287358,1.4939238692835395,2.341462266488285,0,1,0,1,1,0,0,1,0,0,1,0,1,0,1,0,0,0,0,1,0,0,1,0,0,1,0,0,1,0,0,1,0,0,1,0,1,0,0,1,0
-0.4417729543927777,0.753662995778888,-1.3598598117922471,-0.4763635702078467,0,1,0,1,0,1,0,1,0,0,1,0,0,1,0,1,0,0,1,0,0,1,0,0,1,0,0,1,0,0,1,0,0,1,0,0,1,0,0,0,1
-0.4417729543927777,-1.0780950719578417,-1.5257774676687463,-0.9620487539210957,0,1,1,0,1,0,0,1,1,0,0,0,0,1,0,1,0,0,1,0,0,1,0,0,1,0,0,1,0,0,1,0,1,0,0,1,0,0,0,0,1
-0.4417729543927777,-0.10115743583158582,-1.4677062881119716,-0.752640375352994,0,1,0,1,1,0,0,1,1,0,0,0,0,1,0,1,0,0,1,0,0,1,0,0,1,0,0,1,0,0,1,0,0,1,0,1,0,0,1,0,0
-0.4417729543927777,1.5270719577121739,-1.3565414586747173,-0.2355845476546503,1,0,0,1,0,1,0,1,0,0,1,0,0,1,0,1,0,0,1,0,0,1,0,0,1,0,0,1,0,0,1,0,0,0,1,1,0,0,0,0,1
-0.4417729543927777,1.07930887448764,0.7240659460165829,1.2665402351865658,0,1,0,1,0,1,0,1,1,0,0,1,0,0,0,0,1,0,0,1,0,0,1,0,0,1,0,0,1,0,0,1,0,0,1,0,1,0,0,1,0
2.2636062032690805,0.38731138223154205,0.4785078153193639,0.4578405968920138,0,1,1,0,1,0,0,1,0,0,1,0,1,0,1,0,0,0,0,1,1,0,0,1,0,0,1,0,0,1,0,0,1,0,0,0,1,1,0,0,0
-0.4417729543927777,-1.2816237461508115,-1.5025489958460365,-1.0017834394445535,1,0,1,0,1,0,0,1,1,0,0,0,0,1,0,1,0,0,1,0,0,1,0,0,1,0,0,1,0,0,1,0,1,0,0,1,0,0,0,0,1
-0.4417729543927777,-1.2002122764736236,-1.5307549973450414,-0.9858237066403801,1,0,1,0,1,0,0,1,1,0,0,0,0,1,0,1,0,0,1,0,0,1,0,0,1,0,0,1,0,0,1,0,1,0,0,1,0,0,0,0,1
-0.4417729543927777,-1.2409180113122176,1.0193993734767517,-0.936956629306006,0,1,1,0,1,0,0,1,1,0,0,0,1,0,1,0,0,0,0,1,1,0,0,1,0,0,0,0,1,0,0,1,1,0,0,1,0,0,0,1,0
-0.4417729543927777,-0.7931549280876837,-1.4992306427285065,-0.9020954797970276,1,0,0,1,0,1,0,1,1,0,0,0,0,1,0,1,0,0,1,0,0,1,0,0,1,0,0,1,0,0,1,0,0,0,1,0,1,1,0,0,0
-0.4417729543927777,-0.42680331454033776,-0.5020655309107463,-0.5498178562639184,1,0,1,0,1,0,0,1,1,0,0,1,0,0,0,0,1,1,0,0,1,0,0,1,0,0,1,0,0,1,0,0,1,0,0,0,1,0,0,1,0
-0.4417729543927777,0.835074465456076,1.5553134019578438,1.5404022251894036,1,0,0,1,1,0,0,1,0,0,1,0,1,0,1,0,0,0,0,1,0,0,1,0,0,1,0,0,1,0,0,1,0,1,0,0,1,1,0,0,0
-0.4417729543927777,0.46872285190873003,0.9779199595076269,0.8754938521869228,1,0,0,1,0,1,0,1,0,0,1,0,1,0,1,0,0,0,0,1,0,0,1,1,0,0,1,0,0,0,0,1,0,1,0,1,0,0,0,1,0
-0.4417729543927777,1.6084834273893618,1.6880475266590433,2.688602919627754,0,1,0,1,1,0,0,1,0,0,1,0,1,0,0,0,1,0,0,1,0,0,1,0,0,1,0,0,1,0,0,1,0,0,1,0,1,1,0,0,0
-0.4417729543927777,1.5270719577121739,1.6382722298960934,2.6093091715002785,0,1,0,1,1,0,0,1,0,0,1,0,1,0,0,0,1,0,0,1,0,0,1,0,0,1,0,0,1,0,0,1,0,0,1,1,0,0,1,0,0
-0.4417729543927777,-1.2816237461508115,-1.4992306427285065,-1.0017395337146933,0,1,1,0,1,0,0,1,1,0,0,0,0,1,0,1,0,0,1,0,0,1,0,0,1,0,0,1,0,0,1,0,1,0,0,1,0,1,0,0,0
-0.4417729543927777,-1.0373893371192477,-0.11713656927726811,-0.8177086670057724,1,0,1,0,1,0,0,1,1,0,0,1,0,0,0,0,1,0,0,1,0,0,1,1,0,0,1,0,0,1,0,0,1,0,0,1,0,0,0,1,0
2.2636062032690805,1.6084834273893618,1.575223520663024,2.5226173078913647,1,0,0,1,1,0,0,1,0,0,1,0,1,0,0,0,1,0,0,1,0,0,1,1,0,0,0,0,1,0,0,1,0,0,1,0,1,0,0,1,0
-0.4417729543927777,-1.1595065416350296,0.46357522629047937,-0.8788034901062051,1,0,0,1,0,1,0,1,1,0,0,0,1,0,1,0,0,1,0,0,1,0,0,1,0,0,0,0,1,1,0,0,1,0,0,0,1,0,0,0,1
2.2636062032690805,-0.8745663977648717,1.148815145060421,-0.5137492991837851,1,0,0,1,1,0,0,1,0,0,1,0,1,0,1,0,0,1,0,0,0,0,1,1,0,0,0,0,1,0,0,1,1,0,0,0,1,0,0,1,0
-0.4417729543927777,-0.42680331454033776,0.6095827634617984,-0.19995504787311877,1,0,0,1,0,1,0,1,1,0,0,0,1,0,1,0,0,0,0,1,1,0,0,1,0,0,1,0,0,0,0,1,1,0,0,1,0,0,0,1,0
2.2636062032690805,1.120014609326234,1.1803394996769558,1.6366655379078359,1,0,0,1,1,0,0,1,0,0,1,0,1,0,1,0,0,1,0,0,0,0,1,1,0,0,0,0,1,0,0,1,0,1,0,0,1,0,1,0,0
-0.4417729543927777,-0.26398037518596185,0.7373393584867031,-0.011950712611852118,1,0,1,0,1,0,0,1,1,0,0,0,1,0,0,0,1,1,0,0,0,0,1,0,0,1,1,0,0,1,0,0,0,1,0,0,1,0,1,0,0
-0.4417729543927777,0.1837827080385721,1.1239274966789459,0.5155546787932132,0,1,1,0,1,0,0,1,0,0,1,0,1,0,1,0,0,1,0,0,1,0,0,0,0,1,0,0,1,0,0,1,1,0,0,1,0,1,0,0,0
-0.4417729543927777,-1.0780950719578417,1.4922646927247745,-0.7164840068131403,1,0,1,0,1,0,0,1,0,0,1,0,1,0,1,0,0,0,0,1,0,0,1,0,0,1,0,0,1,0,0,1,1,0,0,0,1,0,1,0,0
-0.4417729543927777,0.1430769731999781,0.6576988836659833,0.32877970396803124,0,1,1,0,1,0,0,1,0,0,1,0,1,0,1,0,0,1,0,0,1,0,0,1,0,0,1,0,0,0,0,1,1,0,0,0,1,0,0,1,0
-0.4417729543927777,1.6084834273893618,0.15662756291895585,1.1445920704999315,0,1,1,0,1,0,0,1,0,0,1,1,0,0,0,0,1,0,0,1,0,0,1,0,0,1,1,0,0,1,0,0,0,0,1,1,0,1,0,0,0
-0.4417729543927777,1.2421318138420159,1.498901398959834,1.9337756118716358,0,1,0,1,1,0,0,1,1,0,0,0,1,0,0,0,1,0,0,1,0,0,1,0,0,1,0,0,1,0,0,1,0,0,1,0,1,0,1,0,0
-0.4417729543927777,-0.2232746403473678,-1.5008898192872715,-0.7867990331842096,0,1,1,0,0,1,0,1,1,0,0,0,0,1,0,1,0,0,1,0,0,1,0,0,1,0,0,1,0,0,1,0,0,0,1,1,0,0,1,0,0
-0.4417729543927777,-1.2409180113122176,-0.32785199224042216,-0.9652977779307486,1,0,1,0,1,0,0,1,1,0,0,1,0,0,1,0,0,0,0,1,1,0,0,0,0,1,1,0,0,1,0,0,1,0,0,0,1,0,1,0,0
-0.4417729543927777,0.10237123836138413,-1.0446162656268987,-0.4941453908012173,1,0,1,0,1,0,1,0,0,1,0,1,0,0,1,0,0,1,0,0,0,0,1,0,0,1,1,0,0,1,0,0,1,0,0,0,1,0,0,0,1
-0.4417729543927777,-0.7117434584104957,-1.5025489958460365,-0.891602010360446,1,0,1,0,0,1,0,1,1,0,0,0,0,1,0,1,0,0,1,0,0,1,0,0,1,0,0,1,0,0,1,0,0,1,0,1,0,0,0,0,1
2.2636062032690805,-0.7931549280876837,0.3109309828840998,-0.597543384621928,1,0,1,0,1,0,0,1,1,0,0,0,1,0,1,0,0,1,0,0,0,0,1,1,0,0,1,0,0,1,0,0,1,0,0,0,1,0,0,1,0
2.2636062032690805,1.3235432835192038,0.9779199595076269,1.6793199544669952,1,0,0,1,1,0,0,1,1,0,0,0,1,0,0,0,1,0,0,1,0,0,1,1,0,0,1,0,0,0,0,1,1,0,0,1,0,0,0,1,0
-0.4417729543927777,-0.9559778674420596,0.32254521879545506,-0.7015121529308209,1,0,1,0,1,0,0,1,1,0,0,1,0,0,0,0,1,0,0,1,1,0,0,1,0,0,0,0,1,0,0,1,1,0,0,0,1,0,0,1,0
-0.4417729543927777,-1.2409180113122176,1.170384440324366,-0.9232580415896317,0,1,1,0,1,0,0,1,1,0,0,0,1,0,0,0,1,0,0,1,1,0,0,1,0,0,0,0,1,0,0,1,1,0,0,1,0,0,0,1,0
-0.4417729543927777,-0.9152721326034656,0.5332606417586089,-0.6512400922409213,1,0,1,0,1,0,0,1,0,0,1,0,1,0,1,0,0,0,0,1,1,0,0,1,0,0,1,0,0,1,0,0,1,0,0,0,1,0,1,0,0
-0.4417729543927777,-0.8745663977648717,-1.5025489958460365,-0.9112937302027341,0,1,0,1,0,1,0,1,1,0,0,0,0,1,0,1,0,0,1,0,0,1,0,0,1,0,0,1,0,0,1,0,0,0,1,1,0,0,0,0,1
-0.4417729543927777,0.1430769731999781,-1.5158224083161564,-0.7119397637726124,1,0,1,0,1,0,0,1,1,0,0,0,0,1,0,1,0,0,1,0,0,1,0,0,1,0,0,1,0,0,1,0,0,1,0,0,1,1,0,0,0
2.2636062032690805,-0.2232746403473678,0.6278337056082132,0.0038992558676707945,1,0,0,1,1,0,0,1,0,0,1,1,0,0,1,0,0,0,0,1,0,0,1,0,0,1,0,0,1,0,0,1,1,0,0,1,0,0,0,1,0
-0.4417729543927777,1.6084834273893618,0.6195378228143883,1.6060632441952944,1,0,0,1,0,1,0,1,0,0,1,1,0,0,0,0,1,0,0,1,0,0,1,1,0,0,0,0,1,0,0,1,0,0,1,0,1,0,1,0,0
-0.4417729543927777,1.160720344164828,0.1649234457127808,0.8453525686379129,0,1,0,1,1,0,0,1,0,0,1,1,0,0,0,0,1,1,0,0,0,0,1,1,0,0,1,0,0,0,0,1,0,0,1,0,1,0,0,0,1
2.2636062032690805,1.038603139649046,1.346257155553455,1.7141591511110437,1,0,0,1,1,0,0,1,1,0,0,0,1,0,0,0,1,0,0,1,1,0,0,0,0,1,0,0,1,0,0,1,0,1,0,0,1,0,1,0,0
-0.4417729543927777,-0.42680331454033776,0.7323618288104079,-0.19786952570476046,0,1,0,1,1,0,0,1,1,0,0,0,1,0,1,0,0,1,0,0,0,0,1,1,0,0,0,0,1,1,0,0,1,0,0,0,1,1,0,0,0
-0.4417729543927777,-1.1188008067964357,0.8584592472765472,-0.8104203158489834,1,0,1,0,1,0,0,1,0,0,1,0,1,0,1,0,0,0,0,1,1,0,0,1,0,0,0,0,1,1,0,0,1,0,0,0,1,0,0,1,0
2.2636062032690805,-0.26398037518596185,0.9978300782128067,0.08600297070619689,1,0,1,0,1,0,0,1,0,0,1,0,1,0,0,0,1,0,0,1,1,0,0,1,0,0,1,0,0,0,0,1,1,0,0,0,1,0,0,1,0
2.2636062032690805,1.160720344164828,1.130564202914006,1.6104538171813119,0,1,0,1,0,1,0,1,0,0,1,0,1,0,1,0,0,0,0,1,1,0,0,1,0,0,0,0,1,0,0,1,0,1,0,1,0,0,0,1,0
2.2636062032690805,0.3058999125543541,1.2251372667636105,0.7837089239142282,0,1,0,1,1,0,0,1,0,0,1,0,1,0,0,0,1,1,0,0,1,0,0,1,0,0,0,0,1,0,0,1,1,0,0,1,0,0,0,1,0
2.2636062032690805,1.3235432835192038,1.1338825560315358,1.8417711549496403,0,1,1,0,1,0,0,1,1,0,0,0,1,0,1,0,0,0,0,1,0,0,1,1,0,0,0,0,1,0,0,1,1,0,0,0,1,1,0,0,0
-0.4417729543927777,-1.2002122764736236,1.4275568069329396,-0.8705272600275622,0,1,1,0,1,0,0,1,1,0,0,0,1,0,1,0,0,0,0,1,0,0,1,0,0,1,0,0,1,0,0,1,1,0,0,0,1,0,0,1,0
-0.4417729543927777,-0.2232746403473678,-0.538567415203576,-0.38618120107504844,0,1,0,1,1,0,0,1,1,0,0,1,0,0,0,0,1,1,0,0,1,0,0,1,0,0,1,0,0,1,0,0,0,1,0,1,0,0,1,0,0
-0.4417729543927777,1.48636622287358,0.4818261684368942,1.405523823058948,0,1,1,0,0,1,0,1,0,0,1,1,0,0,0,0,1,0,0,1,0,0,1,0,0,1,0,0,1,1,0,0,0,0,1,0,1,0,1,0,0
-0.4417729543927777,0.87578020029467,-0.1702302191577479,0.41496665168355346,1,0,0,1,0,1,0,1,0,0,1,1,0,0,1,0,0,0,0,1,0,0,1,1,0,0,1,0,0,1,0,0,0,0,1,0,1,1,0,0,0
-0.4417729543927777,-0.14186317067017984,0.08362379433329609,-0.21962481485047697,1,0,1,0,1,0,0,1,0,0,1,1,0,0,0,0,1,0,0,1,1,0,0,0,0,1,1,0,0,1,0,0,1,0,0,1,0,0,0,0,1
2.2636062032690805,-1.0780950719578417,0.8103431270723623,-0.7611141812160076,1,0,1,0,1,0,0,1,1,0,0,0,1,0,1,0,0,1,0,0,1,0,0,1,0,0,0,0,1,0,0,1,1,0,0,0,1,0,0,1,0
-0.4417729543927777,-0.5896262538947138,-1.5158224083161564,-0.86492927947039,0,1,1,0,1,0,0,1,1,0,0,0,0,1,0,1,0,0,1,0,0,1,0,0,1,0,0,1,0,0,1,0,1,0,0,1,0,0,0,0,1
-0.4417729543927777,-1.2409180113122176,0.16160509259525055,-0.951269897240423,0,1,1,0,1,0,0,1,1,0,0,0,1,0,1,0,0,1,0,0,1,0,0,1,0,0,1,0,0,1,0,0,1,0,0,0,1,0,1,0,0
-0.4417729543927777,-0.42680331454033776,-1.4892755833759166,-0.8039661735595378,1,0,1,0,1,0,0,1,1,0,0,0,0,1,0,1,0,0,1,0,0,1,0,0,1,0,0,1,0,0,1,0,1,0,0,0,1,0,0,0,1
-0.4417729543927777,-0.26398037518596185,-1.5025489958460365,-0.7931214582840747,1,0,0,1,0,1,0,1,1,0,0,0,0,1,0,1,0,0,1,0,0,1,0,0,1,0,0,1,0,0,1,0,0,0,1,1,0,0,1,0,0
-0.4417729543927777,-0.8745663977648717,0.7058150038701682,-0.6182449362510002,0,1,1,0,0,1,0,1,0,0,1,0,1,0,1,0,0,1,0,0,1,0,0,1,0,0,1,0,0,0,0,1,1,0,0,1,0,0,0,1,0
-0.4417729543927777,0.9978974048104519,0.3109309828840998,0.7538749804742396,0,1,0,1,0,1,0,1,0,0,1,0,1,0,1,0,0,1,0,0,1,0,0,1,0,0,1,0,0,1,0,0,1,0,0,0,1,0,0,1,0
-0.4417729543927777,-1.1595065416350296,-1.5025489958460365,-0.9807525948415299,0,1,1,0,1,0,0,1,1,0,0,0,0,1,0,1,0,0,1,0,0,1,0,0,1,0,0,1,0,0,1,0,1,0,0,0,1,0,0,0,1
-0.4417729543927777,0.1430769731999781,0.6626764133422784,0.33626563090919087,0,1,1,0,1,0,0,1,0,0,1,0,1,0,1,0,0,1,0,0,1,0,0,1,0,0,1,0,0,0,0,1,1,0,0,0,1,0,0,1,0
-0.4417729543927777,1.404954753196392,-1.5091857020810964,-0.4853203390993222,0,1,1,0,1,0,0,1,1,0,0,0,0,1,0,1,0,0,1,0,0,1,0,0,1,0,0,1,0,0,1,0,0,1,0,0,1,0,0,0,1
-0.4417729543927777,0.9164859351332639,-0.47717788252927146,0.2333286472520121,1,0,1,0,1,0,0,1,1,0,0,1,0,0,0,0,1,1,0,0,1,0,0,1,0,0,1,0,0,1,0,0,1,0,0,0,1,0,1,0,0
-0.4417729543927777,-0.2232746403473678,0.9978300782128067,0.07078963530964663,1,0,0,1,1,0,0,1,0,0,1,0,1,0,1,0,0,1,0,0,1,0,0,1,0,0,0,0,1,0,0,1,1,0,0,1,0,0,1,0,0
-0.4417729543927777,-1.2816237461508115,-0.6381180087294755,-0.9903459968159781,0,1,1,0,1,0,0,1,1,0,0,1,0,0,1,0,0,1,0,0,1,0,0,1,0,0,1,0,0,1,0,0,1,0,0,0,1,0,0,0,1
-0.4417729543927777,0.712957260940294,-1.4859572302583866,-0.5841521370145748,1,0,1,0,0,1,0,1,1,0,0,0,0,1,0,1,0,0,1,0,0,1,0,0,1,0,0,1,0,0,1,0,0,0,1,1,0,0,1,0,0
-0.4417729543927777,1.6084834273893618,0.9397588986560319,1.9264214021200567,1,0,0,1,0,1,0,1,0,0,1,1,0,0,0,0,1,0,0,1,0,0,1,0,0,1,0,0,1,0,0,1,0,0,1,0,1,1,0,0,0
-0.4417729543927777,-1.2002122764736236,-0.3195561094465972,-0.9242898262413457,1,0,1,0,1,0,0,1,1,0,0,1,0,0,1,0,0,1,0,0,1,0,0,1,0,0,1,0,0,0,0,1,1,0,0,0,1,0,0,1,0
-0.4417729543927777,1.5270719577121739,-0.2183463393619325,0.8398863052703213,1,0,1,0,1,0,1,0,0,1,0,1,0,0,0,0,1,1,0,0,0,0,1,0,0,1,0,0,1,0,0,1,0,0,1,0,1,1,0,0,0
-0.4417729543927777,1.5677776925507678,1.537062459811429,2.495088415269035,1,0,1,0,1,0,0,1,0,0,1,0,1,0,1,0,0,0,0,1,0,0,1,0,0,1,0,0,1,0,0,1,0,0,1,0,1,0,0,1,0
-0.4417729543927777,-1.1595065416350296,-1.4793205240233265,-0.9768888906138347,1,0,0,1,0,1,0,1,1,0,0,0,0,1,0,1,0,0,1,0,0,1,0,0,1,0,0,1,0,0,1,0,1,0,0,1,0,0,0,0,1
-0.4417729543927777,-0.9966836022806537,0.32088604223668965,-0.7694123641595805,1,0,1,0,1,0,0,1,0,0,1,0,1,0,1,0,0,1,0,0,1,0,0,1,0,0,1,0,0,1,0,0,1,0,0,0,1,0,1,0,0
-0.4417729543927777,-0.019745966154397845,-1.4942531130522116,-0.7462959973881987,1,0,1,0,1,0,0,1,1,0,0,0,0,1,0,1,0,0,1,0,0,1,0,0,1,0,0,1,0,0,1,0,1,0,0,1,0,1,0,0,0
-0.4417729543927777,-0.8338606629262777,0.36236545620581445,-0.6352584065718178,1,0,1,0,1,0,0,1,0,0,1,1,0,0,1,0,0,1,0,0,1,0,0,0,0,1,0,0,1,0,0,1,0,1,0,0,1,0,0,0,1
-0.4417729543927777,-0.9152721326034656,0.6975191210763432,-0.6334363187826205,1,0,0,1,0,1,0,1,0,0,1,0,1,0,1,0,0,1,0,0,1,0,0,1,0,0,1,0,0,0,0,1,1,0,0,1,0,0,0,1,0
-0.4417729543927777,0.6315457912631061,0.5681033494926736,0.7589680451380197,1,0,0,1,0,1,0,1,0,0,1,0,1,0,1,0,0,1,0,0,1,0,0,1,0,0,1,0,0,0,0,1,0,1,0,0,1,0,0,0,1
-0.4417729543927777,0.9978974048104519,1.0061259610066315,1.3888835514419415,1,0,1,0,1,0,0,1,1,0,0,0,1,0,1,0,0,1,0,0,0,0,1,1,0,0,0,0,1,0,0,1,0,0,1,0,1,0,0,1,0
-0.4417729543927777,-0.9559778674420596,0.5183280527297238,-0.7233113478063974,1,0,1,0,1,0,0,1,1,0,0,0,1,0,1,0,0,0,0,1,0,0,1,1,0,0,1,0,0,1,0,0,1,0,0,1,0,0,0,1,0
2.2636062032690805,-0.8338606629262777,0.6261745290494484,-0.558291662126932,0,1,1,0,1,0,0,1,1,0,0,0,1,0,1,0,0,0,0,1,0,0,1,0,0,1,1,0,0,1,0,0,1,0,0,0,1,0,0,0,1
-0.4417729543927777,-1.2816237461508115,-0.6331404790531806,-0.9902801382211879,0,1,0,1,0,1,0,1,1,0,0,1,0,0,1,0,0,1,0,0,1,0,0,1,0,0,1,0,0,1,0,0,1,0,0,0,1,0,0,0,1
-0.4417729543927777,-0.3860975797017438,0.6062644103442686,-0.11811476741375376,1,0,1,0,1,0,0,1,1,0,0,0,1,0,1,0,0,0,0,1,0,0,1,0,0,1,1,0,0,1,0,0,1,0,0,1,0,1,0,0,0
-0.4417729543927777,1.6084834273893618,0.6560397071072184,1.5773488968667402,1,0,0,1,0,1,0,1,0,0,1,1,0,0,0,0,1,1,0,0,0,0,1,0,0,1,0,0,1,0,0,1,0,0,1,1,0,0,1,0,0
-0.4417729543927777,-1.2816237461508115,-0.6397771852882407,-0.9903679496809081,1,0,1,0,1,0,0,1,1,0,0,1,0,0,1,0,0,1,0,0,1,0,0,1,0,0,1,0,0,1,0,0,1,0,0,0,1,0,0,1,0
-0.4417729543927777,-0.9966836022806537,-1.4793205240233265,-0.9319513761019462,0,1,1,0,0,1,0,1,1,0,0,0,0,1,0,1,0,0,1,0,0,1,0,0,1,0,0,1,0,0,1,0,1,0,0,1,0,0,0,0,1
-0.4417729543927777,-1.2002122764736236,-1.4959122896109764,-0.9852968378820581,1,0,1,0,1,0,0,1,1,0,0,0,0,1,0,1,0,0,1,0,0,1,0,0,1,0,0,1,0,0,1,0,1,0,0,1,0,0,0,0,1
-0.4417729543927777,-0.5896262538947138,-1.5025489958460365,-0.8298486013121106,0,1,1,0,1,0,0,1,1,0,0,0,0,1,0,1,0,0,1,0,0,1,0,0,1,0,0,1,0,0,1,0,0,1,0,1,0,0,0,0,1
-0.4417729543927777,-0.42680331454033776,1.1886353824707807,-0.09058587479142441,0,1,1,0,1,0,0,1,0,0,1,0,1,0,0,0,1,1,0,0,1,0,0,1,0,0,0,0,1,0,0,1,1,0,0,0,1,0,0,1,0
-0.4417729543927777,-0.2232746403473678,-1.4942531130522116,-0.7688854954012585,1,0,0,1,0,1,0,1,1,0,0,0,0,1,0,1,0,0,1,0,0,1,0,0,1,0,0,1,0,0,1,0,0,0,1,1,0,0,0,0,1
2.2636062032690805,0.2244884428771661,1.148815145060421,0.6291388019414842,1,0,1,0,1,0,0,1,0,0,1,0,1,0,1,0,0,1,0,0,1,0,0,0,0,1,0,0,1,0,0,1,1,0,0,0,1,0,0,1,0
-0.4417729543927777,1.6084834273893618,1.5055381051948942,2.4875146768681553,0,1,0,1,0,1,0,1,0,0,1,0,1,0,0,0,1,0,0,1,0,0,1,1,0,0,0,0,1,0,0,1,0,0,1,0,1,1,0,0,0
-0.4417729543927777,1.48636622287358,-0.1718893957165128,0.7765083842171595,0,1,0,1,0,1,0,1,1,0,0,1,0,0,0,0,1,0,0,1,0,0,1,1,0,0,1,0,0,1,0,0,0,0,1,0,1,1,0,0,0
-0.4417729543927777,-0.8745663977648717,0.4668935794080092,-0.6023949677714773,1,0,1,0,1,0,0,1,0,0,1,0,1,0,0,0,1,1,0,0,1,0,0,1,0,0,1,0,0,1,0,0,1,0,0,0,1,1,0,0,0
-0.4417729543927777,-0.7524491932490897,-1.4925939364934464,-0.8925679364173696,0,1,1,0,0,1,0,1,1,0,0,0,0,1,0,1,0,0,1,0,0,1,0,0,1,0,0,1,0,0,1,0,1,0,0,1,0,0,0,0,1
-0.4417729543927777,0.9978974048104519,0.6494030008721583,1.1169973192828118,1,0,0,1,0,1,0,1,0,0,1,1,0,0,0,0,1,1,0,0,0,0,1,0,0,1,0,0,1,0,0,1,0,0,1,0,1,0,0,1,0
-0.4417729543927777,0.10237123836138413,-1.4876164068171516,-0.7274384864132538,1,0,1,0,0,1,0,1,1,0,0,0,0,1,0,1,0,0,1,0,0,1,0,0,1,0,0,1,0,0,1,0,0,1,0,0,1,0,1,0,0
-0.4417729543927777,-1.2409180113122176,-0.13206915830615287,-0.9513138029702831,0,1,1,0,0,1,0,1,0,0,1,1,0,0,0,0,1,0,0,1,1,0,0,1,0,0,1,0,0,1,0,0,1,0,0,1,0,1,0,0,0
2.2636062032690805,-0.3860975797017438,1.3761223336112252,0.07998788571535308,0,1,1,0,1,0,0,1,0,0,1,0,1,0,1,0,0,0,0,1,0,0,1,1,0,0,0,0,1,0,0,1,1,0,0,0,1,0,0,1,0
-0.4417729543927777,0.550134321585918,-1.4892755833759166,-0.6143812320233049,0,1,1,0,1,0,0,1,1,0,0,0,0,1,0,1,0,0,1,0,0,1,0,0,1,0,0,1,0,0,1,0,0,0,1,1,0,1,0,0,0
-0.4417729543927777,-0.8338606629262777,-1.5091857020810964,-0.9105473327951112,1,0,1,0,1,0,0,1,1,0,0,0,0,1,0,1,0,0,1,0,0,1,0,0,1,0,0,1,0,0,1,0,1,0,0,1,0,1,0,0,0
2.2636062032690805,-1.0373893371192477,-0.45229023414779657,-0.8262922371934365,1,0,1,0,1,0,0,1,1,0,0,1,0,0,1,0,0,0,0,1,1,0,0,1,0,0,1,0,0,1,0,0,1,0,0,0,1,0,0,0,1
-0.4417729543927777,-1.0780950719578417,-1.3117436915880625,-0.9431034314864304,0,1,0,1,0,1,0,1,0,0,1,0,0,1,0,1,0,0,1,0,0,1,0,0,1,0,0,1,0,0,1,0,0,0,1,1,0,0,0,0,1
-0.4417729543927777,-1.2816237461508115,0.3358186312655747,-0.9774596651020168,1,0,1,0,1,0,0,1,0,0,1,0,1,0,1,0,0,1,0,0,1,0,0,1,0,0,1,0,0,1,0,0,1,0,0,0,1,0,0,0,1
-0.4417729543927777,1.2421318138420159,1.4706953974608294,1.9933556872918925,1,0,0,1,1,0,0,1,0,0,1,0,1,0,1,0,0,0,0,1,0,0,1,0,0,1,0,0,1,0,0,1,0,0,1,0,1,1,0,0,0
-0.4417729543927777,1.160720344164828,-0.1702302191577479,0.5884162374961724,1,0,0,1,0,1,0,1,0,0,1,1,0,0,0,0,1,0,0,1,1,0,0,1,0,0,1,0,0,1,0,0,1,0,0,1,0,0,0,1,0
-0.4417729543927777,-0.06045170099299184,0.7522719475155877,0.18569093035372292,1,0,1,0,1,0,0,1,1,0,0,0,1,0,0,0,1,1,0,0,0,0,1,0,0,1,1,0,0,1,0,0,1,0,0,1,0,0,0,1,0
-0.4417729543927777,-0.26398037518596185,0.5166688761709589,-0.09330803004275513,0,1,1,0,1,0,0,1,0,0,1,0,1,0,1,0,0,1,0,0,1,0,0,0,0,1,1,0,0,1,0,0,1,0,0,0,1,0,0,1,0
-0.4417729543927777,0.020959768684196148,-0.34112540471054204,-0.2792927017304539,0,1,1,0,1,0,0,1,0,0,1,1,0,0,1,0,0,0,0,1,1,0,0,1,0,0,1,0,0,1,0,0,1,0,0,0,1,1,0,0,0
-0.4417729543927777,1.6084834273893618,0.02389343821775647,1.0375718539657564,0,1,0,1,0,1,1,0,0,1,0,1,0,0,0,0,1,0,0,1,0,0,1,0,0,1,0,0,1,0,0,1,0,0,1,0,1,1,0,0,0
-0.4417729543927777,0.3466056473929481,0.3242043953542199,0.38915008252577105,1,0,0,1,0,1,0,1,1,0,0,1,0,0,0,0,1,1,0,0,1,0,0,0,0,1,0,0,1,0,0,1,0,1,0,0,1,0,1,0,0
-0.4417729543927777,1.160720344164828,0.6626764133422784,1.3010062331268026,0,1,0,1,0,1,0,1,1,0,0,1,0,0,0,0,1,0,0,1,0,0,1,0,0,1,0,0,1,0,0,1,0,1,0,1,0,1,0,0,0
-0.4417729543927777,-0.7117434584104957,-1.5307549973450414,-0.8809109651394934,0,1,0,1,1,0,0,1,1,0,0,0,0,1,0,1,0,0,1,0,0,1,0,0,1,0,0,1,0,0,1,0,0,1,0,1,0,0,0,0,1
2.2636062032690805,0.9164859351332639,-0.49376964811692137,0.1941208304868763,0,1,1,0,1,0,1,0,0,1,0,1,0,0,1,0,0,1,0,0,0,0,1,1,0,0,0,0,1,0,0,1,0,1,0,0,1,1,0,0,0
-0.4417729543927777,0.5908400564245121,1.4076466882277596,1.237101443315319,0,1,0,1,0,1,0,1,0,0,1,0,1,0,1,0,0,1,0,0,0,0,1,0,0,1,0,0,1,0,0,1,1,0,0,0,1,1,0,0,0
2.2636062032690805,0.87578020029467,1.2135230308522555,1.3486878557549522,1,0,0,1,1,0,0,1,0,0,1,0,1,0,1,0,0,0,0,1,1,0,0,1,0,0,0,0,1,0,0,1,0,1,0,0,1,0,1,0,0
-0.4417729543927777,-1.2816237461508115,-1.4809797005820917,-1.0014980522004622,0,1,1,0,1,0,0,1,1,0,0,0,0,1,0,1,0,0,1,0,0,1,0,0,1,0,0,1,0,0,1,0,1,0,0,1,0,0,0,0,1
-0.4417729543927777,0.5908400564245121,1.3744631570524597,1.1186218312876384,1,0,1,0,1,0,0,1,0,0,1,0,1,0,1,0,0,0,0,1,0,0,1,1,0,0,0,0,1,0,0,1,1,0,0,0,1,0,0,1,0
-0.4417729543927777,1.201426079003422,1.6631598782775685,2.1215823713485316,1,0,1,0,1,0,0,1,0,0,1,0,1,0,0,0,1,0,0,1,0,0,1,0,0,1,0,0,1,0,0,1,0,1,0,0,1,0,1,0,0
-0.4417729543927777,1.404954753196392,-1.4627287584356767,-0.42760625719812295,1,0,0,1,1,0,0,1,1,0,0,0,0,1,0,1,0,0,1,0,0,1,0,0,1,0,0,1,0,0,1,0,0,1,0,0,1,1,0,0,0
-0.4417729543927777,0.1837827080385721,0.0222342616589911,0.005479862142637231,0,1,1,0,1,0,0,1,1,0,0,1,0,0,0,0,1,0,0,1,0,0,1,0,0,1,1,0,0,1,0,0,0,0,1,1,0,1,0,0,0
2.2636062032690805,0.835074465456076,0.2943392172964499,0.7475086496445142,1,0,1,0,1,0,0,1,1,0,0,0,1,0,1,0,0,0,0,1,1,0,0,1,0,0,1,0,0,1,0,0,1,0,0,0,1,0,1,0,0
-0.4417729543927777,1.201426079003422,0.5332606417586089,1.1786848697363568,1,0,0,1,1,0,0,1,1,0,0,1,0,0,0,0,1,1,0,0,0,0,1,0,0,1,0,0,1,0,0,1,0,0,1,1,0,0,0,0,1
-0.4417729543927777,-0.7524491932490897,-1.4892755833759166,-0.8790010658905758,0,1,1,0,1,0,0,1,1,0,0,0,0,1,0,1,0,0,1,0,0,1,0,0,1,0,0,1,0,0,1,0,1,0,0,0,1,0,0,1,0
-0.4417729543927777,-1.0780950719578417,-1.5008898192872715,-0.961390167973193,0,1,1,0,0,1,0,1,1,0,0,0,0,1,0,1,0,0,1,0,0,1,0,0,1,0,0,1,0,0,1,0,1,0,0,1,0,0,0,0,1
-0.4417729543927777,-0.2232746403473678,1.2267964433223757,0.1667675607839878,1,0,0,1,1,0,0,1,1,0,0,0,1,0,0,0,1,1,0,0,1,0,0,0,0,1,0,0,1,0,0,1,0,1,0,0,1,0,1,0,0
-0.4417729543927777,1.038603139649046,-1.4809797005820917,-0.5136175819942046,0,1,1,0,1,0,0,1,1,0,0,0,0,1,0,1,0,0,1,0,0,1,0,0,1,0,0,1,0,0,1,0,0,0,1,1,0,0,1,0,0
-0.4417729543927777,0.6722515261017,1.132223379472771,1.1206634477261364,0,1,0,1,1,0,0,1,0,0,1,0,1,0,1,0,0,0,0,1,1,0,0,1,0,0,0,0,1,0,0,1,1,0,0,0,1,1,0,0,0
-0.4417729543927777,1.48636622287358,0.2910208641789201,1.1347571870112525,1,0,0,1,0,1,0,1,0,0,1,1,0,0,0,0,1,0,0,1,1,0,0,0,0,1,0,0,1,1,0,0,0,1,0,1,0,0,1,0,0
-0.4417729543927777,1.5270719577121739,0.5133505230534291,1.5000528594479035,1,0,0,1,0,1,0,1,1,0,0,1,0,0,1,0,0,0,0,1,0,0,1,0,0,1,0,0,1,0,0,1,0,0,1,0,1,1,0,0,0
-0.4417729543927777,-1.2816237461508115,-1.4610695818769117,-1.0012346178213012,1,0,1,0,1,0,0,1,1,0,0,0,0,1,0,1,0,0,1,0,0,1,0,0,1,0,0,1,0,0,1,0,1,0,0,1,0,0,0,0,1
-0.4417729543927777,-0.7931549280876837,-0.3245336391228921,-0.6842352482308423,1,0,1,0,1,0,0,1,1,0,0,1,0,0,0,0,1,1,0,0,1,0,0,0,0,1,1,0,0,1,0,0,0,1,0,1,0,0,0,0,1
-0.4417729543927777,-1.2816237461508115,-1.3283354571757124,-0.9994783886268943,1,0,1,0,1,0,1,0,0,1,0,1,0,0,1,0,0,1,0,0,1,0,0,1,0,0,1,0,0,1,0,0,1,0,0,0,1,0,0,0,1
2.2636062032690805,-0.9559778674420596,0.3507512202944597,-0.7305557932333262,1,0,1,0,1,0,0,1,1,0,0,0,1,0,1,0,0,1,0,0,0,0,1,1,0,0,1,0,0,1,0,0,1,0,0,1,0,0,1,0,0
-0.4417729543927777,1.2828375486806098,0.6427662946370982,1.3117850898074757,0,1,1,0,1,0,0,1,0,0,1,0,1,0,0,0,1,0,0,1,1,0,0,1,0,0,1,0,0,1,0,0,0,1,0,0,1,0,1,0,0
-0.4417729543927777,-1.2002122764736236,0.010620025747636343,-0.9182527883855717,0,1,1,0,1,0,0,1,0,0,1,1,0,0,1,0,0,1,0,0,1,0,0,0,0,1,0,0,1,1,0,0,1,0,0,0,1,0,0,0,1
2.2636062032690805,-0.8745663977648717,-0.3444437578280721,-0.7464277145777792,0,1,1,0,0,1,0,1,1,0,0,1,0,0,1,0,0,0,0,1,1,0,0,0,0,1,1,0,0,1,0,0,1,0,0,0,1,0,0,1,0
-0.4417729543927777,0.753662995778888,-0.6795974226986004,-0.05258546559744339,0,1,1,0,1,0,1,0,0,1,0,1,0,0,0,0,1,1,0,0,1,0,0,0,0,1,1,0,0,0,0,1,1,0,0,0,1,0,1,0,0
-0.4417729543927777,1.2828375486806098,0.04048520380540639,0.918148268746082,0,1,0,1,1,0,0,1,0,0,1,1,0,0,0,0,1,1,0,0,1,0,0,1,0,0,0,0,1,1,0,0,0,1,0,0,1,0,1,0,0
-0.4417729543927777,-0.7931549280876837,-1.4809797005820917,-0.8894945353271575,1,0,1,0,1,0,0,1,1,0,0,0,0,1,0,1,0,0,1,0,0,1,0,0,1,0,0,1,0,0,1,0,1,0,0,0,1,0,0,0,1
-0.4417729543927777,-0.6303319887333078,0.1682417988303106,-0.5079098371123819,1,0,1,0,1,0,0,1,1,0,0,0,1,0,1,0,0,1,0,0,1,0,0,1,0,0,1,0,0,1,0,0,1,0,0,0,1,0,0,1,0
-0.4417729543927777,-0.6303319887333078,0.17985603474166537,-0.4828177124972922,0,1,0,1,0,1,0,1,0,0,1,1,0,0,0,0,1,1,0,0,0,0,1,1,0,0,0,0,1,1,0,0,0,1,0,0,1,1,0,0,0
-0.4417729543927777,-0.019745966154397845,-1.1541219185053881,-0.60311941231417,1,0,1,0,1,0,1,0,0,1,0,1,0,0,0,0,1,1,0,0,1,0,0,1,0,0,1,0,0,1,0,0,0,1,0,1,0,0,0,0,1
-0.4417729543927777,1.5270719577121739,0.10021555992094601,1.0374181839112457,0,1,0,1,1,0,0,1,1,0,0,1,0,0,0,0,1,0,0,1,1,0,0,0,0,1,1,0,0,0,0,1,0,0,1,1,0,0,0,0,1
-0.4417729543927777,-1.2816237461508115,0.485144521554424,-0.9754839072583089,0,1,1,0,1,0,0,1,1,0,0,0,1,0,1,0,0,1,0,0,1,0,0,1,0,0,0,0,1,1,0,0,1,0,0,0,1,0,0,1,0
-0.4417729543927777,0.509428586747324,0.9978300782128067,0.907764563634151,0,1,0,1,0,1,0,1,0,0,1,0,1,0,1,0,0,0,0,1,0,0,1,1,0,0,1,0,0,0,0,1,0,1,0,0,1,0,1,0,0
-0.4417729543927777,0.46872285190873003,0.6593580602247482,0.685469853352088,1,0,1,0,1,0,0,1,0,0,1,0,1,0,1,0,0,0,0,1,0,0,1,1,0,0,1,0,0,1,0,0,1,0,0,0,1,1,0,0,0
-0.4417729543927777,-0.8338606629262777,-1.3167212212643573,-0.8898018754361787,1,0,0,1,0,1,0,1,0,0,1,0,0,1,0,1,0,0,1,0,0,1,0,0,1,0,0,1,0,0,1,0,0,0,1,1,0,0,1,0,0
-0.4417729543927777,1.5677776925507678,-1.4959122896109764,-0.404687466211112,1,0,0,1,1,0,0,1,1,0,0,0,0,1,0,1,0,0,1,0,0,1,0,0,1,0,0,1,0,0,1,0,0,0,1,1,0,0,1,0,0
-0.4417729543927777,-1.2409180113122176,0.38061639835222977,-0.943762017434333,0,1,0,1,1,0,0,1,1,0,0,0,1,0,1,0,0,1,0,0,0,0,1,1,0,0,1,0,0,1,0,0,1,0,0,1,0,0,0,1,0
-0.4417729543927777,-0.9559778674420596,0.0023241429538113836,-0.7192939735241916,1,0,0,1,0,1,0,1,1,0,0,1,0,0,0,0,1,0,0,1,0,0,1,0,0,1,1,0,0,1,0,0,1,0,0,1,0,0,0,0,1
-0.4417729543927777,-1.0373893371192477,-1.3233579274994174,-0.9270119814926766,1,0,1,0,1,0,1,0,0,1,0,1,0,0,1,0,0,1,0,0,1,0,0,1,0,0,1,0,0,1,0,0,1,0,0,1,0,1,0,0,0
-0.4417729543927777,-0.5896262538947138,0.36402463276457986,-0.4075632915169534,0,1,1,0,1,0,0,1,1,0,0,0,1,0,1,0,0,1,0,0,1,0,0,0,0,1,1,0,0,1,0,0,1,0,0,0,1,1,0,0,0
-0.4417729543927777,-1.1595065416350296,0.24124556741597036,-0.8762569577743149,0,1,1,0,1,0,0,1,0,0,1,0,1,0,1,0,0,1,0,0,1,0,0,1,0,0,1,0,0,1,0,0,1,0,0,0,1,1,0,0,0
-0.4417729543927777,-0.7117434584104957,-1.5042081724048015,-0.8789571601607156,1,0,1,0,1,0,0,1,1,0,0,0,0,1,0,1,0,0,1,0,0,1,0,0,1,0,0,1,0,0,1,0,1,0,0,1,0,0,0,0,1
-0.4417729543927777,1.48636622287358,1.1355417325903012,2.008261682579422,1,0,0,1,1,0,0,1,0,0,1,0,1,0,0,0,1,1,0,0,1,0,0,1,0,0,0,0,1,0,0,1,0,0,1,1,0,1,0,0,0
-0.4417729543927777,-1.2816237461508115,-0.6795974226986004,-0.9908948184392303,1,0,1,0,1,0,0,1,1,0,0,1,0,0,1,0,0,1,0,0,1,0,0,1,0,0,1,0,0,1,0,0,1,0,0,0,1,0,0,0,1
-0.4417729543927777,-1.2816237461508115,0.6543805305484535,-0.9732447150354401,0,1,1,0,1,0,0,1,0,0,1,0,1,0,1,0,0,1,0,0,1,0,0,1,0,0,0,0,1,1,0,0,1,0,0,0,1,0,0,0,1
-0.4417729543927777,-1.0373893371192477,-1.3465863993221272,-0.9441791218680048,0,1,1,0,1,0,1,0,0,1,0,1,0,0,1,0,0,1,0,0,1,0,0,1,0,0,1,0,0,1,0,0,0,1,0,0,1,0,1,0,0
-0.4417729543927777,1.038603139649046,-0.1718893957165128,0.5808864048251525,1,0,0,1,0,1,1,0,0,1,0,1,0,0,0,0,1,1,0,0,0,0,1,0,0,1,0,0,1,0,0,1,0,0,1,1,0,0,0,0,1
-0.4417729543927777,0.509428586747324,1.6830699969827485,1.2399772686211603,1,0,1,0,1,0,0,1,0,0,1,0,1,0,0,0,1,0,0,1,0,0,1,0,0,1,0,0,1,0,0,1,1,0,0,0,1,0,0,1,0
-0.4417729543927777,0.1430769731999781,0.3789572217934644,0.13392607484857727,1,0,1,0,1,0,0,1,1,0,0,1,0,0,0,0,1,0,0,1,0,0,1,0,0,1,0,0,1,1,0,0,0,1,0,0,1,0,0,0,1
2.2636062032690805,-0.2232746403473678,0.6593580602247482,0.0036138686235798207,0,1,0,1,1,0,0,1,0,0,1,1,0,0,1,0,0,0,0,1,0,0,1,0,0,1,0,0,1,0,0,1,1,0,0,0,1,1,0,0,0
2.2636062032690805,1.3235432835192038,1.30809609470186,1.8779494763544242,0,1,0,1,1,0,0,1,0,0,1,0,1,0,1,0,0,0,0,1,0,0,1,1,0,0,0,0,1,0,0,1,1,0,0,0,1,0,0,1,0
2.2636062032690805,1.6084834273893618,1.6963434094528682,2.679821773655719,0,1,0,1,1,0,0,1,0,0,1,0,1,0,0,0,1,0,0,1,0,0,1,0,0,1,0,0,1,0,0,1,0,0,1,0,1,1,0,0,0
-0.4417729543927777,-0.7117434584104957,-1.3183803978231223,-0.8401005892344613,1,0,0,1,1,0,0,1,0,0,1,0,0,1,0,1,0,0,1,0,0,1,0,0,1,0,0,1,0,0,1,0,0,0,1,1,0,0,0,0,1
-0.4417729543927777,-1.2409180113122176,0.17819685818290046,-0.9522797290272068,0,1,1,0,1,0,0,1,1,0,0,1,0,0,1,0,0,1,0,0,1,0,0,0,0,1,0,0,1,0,0,1,1,0,0,1,0,0,0,1,0
-0.4417729543927777,1.2828375486806098,1.1654069106480707,1.7355412415529485,1,0,1,0,1,0,0,1,0,0,1,0,1,0,1,0,0,1,0,0,0,0,1,1,0,0,0,0,1,0,0,1,0,1,0,0,1,0,1,0,0
-0.4417729543927777,-0.7931549280876837,1.1753619700006606,-0.4137979051570982,1,0,1,0,1,0,0,1,0,0,1,0,1,0,0,0,1,1,0,0,1,0,0,1,0,0,0,0,1,0,0,1,1,0,0,0,1,0,0,1,0
-0.4417729543927777,1.5270719577121739,0.5050546402596042,1.448375815402478,0,1,0,1,0,1,0,1,1,0,0,1,0,0,0,0,1,0,0,1,0,0,1,1,0,0,0,0,1,0,0,1,0,0,1,0,1,0,1,0,0
-0.4417729543927777,-1.2816237461508115,-0.3510804640631319,-0.986548151183073,0,1,1,0,1,0,0,1,0,0,1,1,0,0,1,0,0,1,0,0,0,0,1,1,0,0,1,0,0,1,0,0,1,0,0,1,0,0,0,1,0
-0.4417729543927777,-0.5082147842175258,0.8551408941590174,-0.2282961964978614,0,1,1,0,1,0,0,1,0,0,1,0,1,0,1,0,0,1,0,0,0,0,1,1,0,0,0,0,1,1,0,0,1,0,0,0,1,0,1,0,0
-0.4417729543927777,1.07930887448764,-1.3432680462045972,-0.3548544628198141,1,0,1,0,1,0,0,1,0,0,1,0,0,1,0,1,0,0,1,0,0,1,0,0,1,0,0,1,0,0,1,0,0,0,1,1,0,0,0,1,0
2.2636062032690805,-0.06045170099299184,0.8136614801898926,0.22230830905710838,0,1,0,1,1,0,0,1,0,0,1,0,1,0,0,0,1,1,0,0,1,0,0,1,0,0,0,0,1,1,0,0,1,0,0,1,0,0,0,1,0
-0.4417729543927777,0.1430769731999781,0.015597555423931509,0.0865298394645191,0,1,1,0,1,0,0,1,1,0,0,1,0,0,1,0,0,0,0,1,1,0,0,0,0,1,1,0,0,0,0,1,0,1,0,0,1,0,0,0,1
-0.4417729543927777,-1.2816237461508115,0.8020472442785374,-0.9712909100566625,0,1,1,0,1,0,0,1,1,0,0,0,1,0,1,0,0,1,0,0,1,0,0,1,0,0,0,0,1,0,0,1,1,0,0,0,1,0,0,1,0
-0.4417729543927777,-1.2816237461508115,-1.4876164068171516,-1.0015858636601827,0,1,1,0,1,0,0,1,1,0,0,0,0,1,0,1,0,0,1,0,0,1,0,0,1,0,0,1,0,0,1,0,1,0,0,1,0,0,0,0,1
-0.4417729543927777,-0.9559778674420596,-1.5224591145512165,-0.9411935322375128,1,0,1,0,1,0,0,1,1,0,0,0,0,1,0,1,0,0,1,0,0,1,0,0,1,0,0,1,0,0,1,0,1,0,0,1,0,0,0,0,1
-0.4417729543927777,0.87578020029467,-1.3333129868520073,-0.4211301620437472,1,0,0,1,0,1,0,1,0,0,1,0,0,1,0,1,0,0,1,0,0,1,0,0,1,0,0,1,0,0,1,0,0,1,0,0,1,1,0,0,0
-0.4417729543927777,1.160720344164828,-1.5108448786398616,-0.49120370690058557,1,0,0,1,0,1,0,1,1,0,0,0,0,1,0,1,0,0,1,0,0,1,0,0,1,0,0,1,0,0,1,0,1,0,0,0,1,0,0,0,1
-0.4417729543927777,-1.1188008067964357,0.36402463276457986,-0.8533381667873039,0,1,1,0,1,0,0,1,0,0,1,0,1,0,1,0,0,1,0,0,1,0,0,1,0,0,1,0,0,1,0,0,1,0,0,0,1,1,0,0,0
-0.4417729543927777,0.3466056473929481,0.31922686567792474,0.31710077982522494,0,1,0,1,0,1,0,1,0,0,1,1,0,0,0,0,1,0,0,1,0,0,1,1,0,0,0,0,1,1,0,0,1,0,0,0,1,0,1,0,0
-0.4417729543927777,1.6084834273893618,0.6477438243133934,1.6384656728321032,0,1,0,1,1,0,0,1,1,0,0,1,0,0,0,0,1,0,0,1,0,0,1,0,0,1,0,0,1,0,0,1,0,0,1,1,0,0,0,0,1
-0.4417729543927777,-0.2232746403473678,0.13671744421377566,-0.22307141464450062,0,1,1,0,1,0,0,1,1,0,0,0,1,0,1,0,0,1,0,0,1,0,0,1,0,0,1,0,0,1,0,0,1,0,0,0,1,0,0,0,1
-0.4417729543927777,0.10237123836138413,-0.32951116879918707,-0.1276642636583417,0,1,1,0,1,0,0,1,1,0,0,1,0,0,1,0,0,1,0,0,1,0,0,1,0,0,0,0,1,1,0,0,1,0,0,1,0,0,0,0,1
2.2636062032690805,-0.6710377235719017,1.0359911390644017,-0.33900449434029106,1,0,1,0,1,0,0,1,0,0,1,0,1,0,1,0,0,1,0,0,1,0,0,1,0,0,0,0,1,0,0,1,1,0,0,0,1,0,0,1,0
-0.4417729543927777,-0.6303319887333078,-1.4925939364934464,-0.8740397184163762,0,1,1,0,1,0,0,1,1,0,0,0,0,1,0,1,0,0,1,0,0,1,0,0,1,0,0,1,0,0,1,0,0,1,0,1,0,0,0,0,1
-0.4417729543927777,1.201426079003422,-1.3316538102932425,-0.3622525783012534,0,1,0,1,0,1,0,1,0,0,1,0,0,1,0,1,0,0,1,0,0,1,0,0,1,0,0,1,0,0,1,0,0,1,0,1,0,1,0,0,0
2.2636062032690805,-1.2816237461508115,0.23792721429844008,-0.978754884132892,1,0,1,0,1,0,0,1,0,0,1,0,1,0,1,0,0,1,0,0,1,0,0,1,0,0,1,0,0,1,0,0,1,0,0,0,1,0,0,1,0
-0.4417729543927777,-0.7931549280876837,0.32254521879545506,-0.5861718005881428,1,0,1,0,1,0,0,1,1,0,0,0,1,0,1,0,0,0,0,1,1,0,0,1,0,0,1,0,0,1,0,0,0,1,0,0,1,0,0,0,1
-0.4417729543927777,-0.9152721326034656,0.3258635719129848,-0.6593187465351933,1,0,1,0,1,0,0,1,0,0,1,0,1,0,1,0,0,1,0,0,1,0,0,1,0,0,1,0,0,1,0,0,1,0,0,0,1,0,0,1,0
-0.4417729543927777,-1.1595065416350296,-0.46722282317668135,-0.9052347394820299,1,0,0,1,0,1,0,1,0,0,1,1,0,0,1,0,0,1,0,0,1,0,0,1,0,0,1,0,0,1,0,0,1,0,0,1,0,0,0,0,1
-0.4417729543927777,-0.9152721326034656,-1.4793205240233265,-0.9330051136185903,0,1,1,0,1,0,0,1,1,0,0,0,0,1,0,1,0,0,1,0,0,1,0,0,1,0,0,1,0,0,1,0,0,1,0,1,0,0,0,0,1
-0.4417729543927777,0.38731138223154205,0.9712832532725668,0.8276146537744026,1,0,0,1,0,1,0,1,0,0,1,0,1,0,1,0,0,1,0,0,1,0,0,1,0,0,0,0,1,0,0,1,1,0,0,0,1,0,0,1,0
-0.4417729543927777,-1.2816237461508115,-1.4925939364934464,-1.001651722254973,1,0,1,0,1,0,0,1,1,0,0,0,0,1,0,1,0,0,1,0,0,1,0,0,1,0,0,1,0,0,1,0,1,0,0,1,0,0,1,0,0
-0.4417729543927777,1.404954753196392,0.745635241280528,1.5882814236019238,0,1,0,1,0,1,0,1,0,0,1,0,1,0,1,0,0,0,0,1,0,0,1,1,0,0,1,0,0,1,0,0,0,1,0,1,0,0,0,1,0
-0.4417729543927777,1.201426079003422,-1.4892755833759166,-0.4554863956593337,0,1,0,1,0,1,0,1,1,0,0,0,0,1,0,1,0,0,1,0,0,1,0,0,1,0,0,1,0,0,1,0,0,0,1,1,0,0,1,0,0
2.2636062032690805,-0.5896262538947138,0.961328193919977,-0.24473889233049662,0,1,1,0,1,0,0,1,0,0,1,0,1,0,1,0,0,1,0,0,0,0,1,0,0,1,0,0,1,1,0,0,1,0,0,1,0,1,0,0,0
-0.4417729543927777,-0.8338606629262777,0.6527213539896881,-0.5637359726295937,1,0,1,0,1,0,0,1,1,0,0,0,1,0,1,0,0,0,0,1,1,0,0,1,0,0,1,0,0,0,0,1,1,0,0,0,1,0,0,1,0
-0.4417729543927777,-0.9559778674420596,-0.49211047155815624,-0.7978852299739037,0,1,1,0,0,1,0,1,1,0,0,1,0,0,1,0,0,0,0,1,1,0,0,1,0,0,1,0,0,1,0,0,1,0,0,0,1,0,0,1,0
-0.4417729543927777,1.6084834273893618,-1.3001294556767076,-0.19192029930870685,0,1,0,1,1,0,0,1,0,0,1,0,0,1,0,1,0,0,1,0,0,1,0,0,1,0,0,1,0,0,1,0,0,0,1,1,0,0,1,0,0
-0.4417729543927777,1.07930887448764,-1.4842980536996215,-0.4869228982392186,0,1,1,0,1,0,0,1,1,0,0,0,0,1,0,1,0,0,1,0,0,1,0,0,1,0,0,1,0,0,1,0,0,0,1,0,1,1,0,0,0
-0.4417729543927777,-0.10115743583158582,0.476848638760599,0.05522505407421469,1,0,1,0,1,0,0,1,0,0,1,1,0,0,0,0,1,1,0,0,0,0,1,1,0,0,0,0,1,0,0,1,0,1,0,0,1,0,1,0,0
-0.4417729543927777,1.5270719577121739,1.1272458497964761,1.9921263268558078,1,0,1,0,1,0,0,1,0,0,1,0,1,0,1,0,0,0,0,1,1,0,0,1,0,0,0,0,1,0,0,1,0,1,0,1,0,0,0,1,0
-0.4417729543927777,1.48636622287358,-1.4859572302583866,-0.42317177848224535,1,0,0,1,0,1,0,1,1,0,0,0,0,1,0,1,0,0,1,0,0,1,0,0,1,0,0,1,0,0,1,0,0,0,1,1,0,1,0,0,0
-0.4417729543927777,0.5908400564245121,-1.4892755833759166,-0.5640213598736847,1,0,0,1,0,1,0,1,1,0,0,0,0,1,0,1,0,0,1,0,0,1,0,0,1,0,0,1,0,0,1,0,0,0,1,1,0,0,1,0,0
-0.4417729543927777,-0.8338606629262777,-0.1702302191577479,-0.6908650134397286,0,1,1,0,1,0,0,1,1,0,0,1,0,0,1,0,0,1,0,0,1,0,0,0,0,1,0,0,1,1,0,0,0,1,0,0,1,0,0,1,0
-0.4417729543927777,0.38731138223154205,0.6427662946370982,0.5651022949404199,1,0,0,1,1,0,0,1,0,0,1,0,1,0,1,0,0,1,0,0,0,0,1,0,0,1,1,0,0,1,0,0,1,0,0,0,1,0,0,1,0
-0.4417729543927777,1.07930887448764,1.147155968501656,1.6068535473327776,0,1,0,1,1,0,0,1,0,0,1,0,1,0,1,0,0,1,0,0,0,0,1,1,0,0,0,0,1,0,0,1,0,1,0,0,1,1,0,0,0
2.2636062032690805,0.509428586747324,1.2350923261162008,1.06867906357169,1,0,1,0,1,0,0,1,0,0,1,0,1,0,1,0,0,1,0,0,0,0,1,1,0,0,0,0,1,0,0,1,0,1,0,0,1,1,0,0,0
-0.4417729543927777,-0.9152721326034656,0.17819685818290046,-0.6862988175342705,0,1,0,1,1,0,0,1,1,0,0,0,1,0,1,0,0,1,0,0,1,0,0,1,0,0,1,0,0,1,0,0,1,0,0,0,1,0,0,1,0
-0.4417729543927777,0.6722515261017,0.4337100482327093,0.6686320059507109,1,0,0,1,0,1,0,1,1,0,0,1,0,0,1,0,0,0,0,1,0,0,1,1,0,0,0,0,1,0,0,1,0,1,0,1,0,0,1,0,0
-0.4417729543927777,1.038603139649046,-1.3200395743818873,-0.34747830020330467,1,0,0,1,0,1,0,1,0,0,1,0,0,1,0,1,0,0,1,0,0,1,0,0,1,0,0,1,0,0,1,0,0,0,1,1,0,0,1,0,0
2.2636062032690805,-0.46750904937893173,-0.16193433636392293,-0.46767023569553207,0,1,1,0,1,0,0,1,1,0,0,1,0,0,1,0,0,1,0,0,0,0,1,1,0,0,0,0,1,1,0,0,1,0,0,0,1,1,0,0,0
-0.4417729543927777,-1.0373893371192477,0.34577369061816454,-0.762497211706603,1,0,1,0,1,0,0,1,0,0,1,0,1,0,1,0,0,1,0,0,1,0,0,1,0,0,1,0,0,1,0,0,1,0,0,0,1,0,0,1,0
-0.4417729543927777,-0.18256890550877383,-0.349421287504367,-0.34453661630267307,0,1,1,0,0,1,0,1,1,0,0,1,0,0,1,0,0,0,0,1,1,0,0,0,0,1,1,0,0,1,0,0,0,1,0,0,1,0,1,0,0
2.2636062032690805,-0.019745966154397845,1.3263470368482753,0.4611115737665969,0,1,0,1,1,0,0,1,0,0,1,0,1,0,1,0,0,1,0,0,0,0,1,0,0,1,0,0,1,0,0,1,1,0,0,0,1,0,0,1,0
-0.4417729543927777,0.550134321585918,1.2002496183821354,1.0419185212219135,1,0,1,0,1,0,0,1,0,0,1,0,1,0,1,0,0,1,0,0,0,0,1,1,0,0,0,0,1,0,0,1,0,1,0,0,1,0,0,1,0
-0.4417729543927777,-0.8338606629262777,1.0326727859468714,-0.5063292308374157,0,1,1,0,1,0,0,1,0,0,1,0,1,0,1,0,0,1,0,0,1,0,0,1,0,0,0,0,1,0,0,1,1,0,0,0,1,0,0,1,0
-0.4417729543927777,-0.9559778674420596,0.8136614801898926,-0.6358511339249301,1,0,0,1,1,0,0,1,1,0,0,0,1,0,1,0,0,1,0,0,1,0,0,1,0,0,0,0,1,0,0,1,1,0,0,1,0,0,0,1,0
-0.4417729543927777,-0.8745663977648717,0.29599839385521476,-0.6037340925322126,0,1,1,0,1,0,0,1,1,0,0,0,1,0,1,0,0,1,0,0,1,0,0,0,0,1,1,0,0,1,0,0,1,0,0,0,1,0,0,1,0
-0.4417729543927777,-1.2409180113122176,-1.4793205240233265,-0.9958342130485,0,1,1,0,1,0,0,1,1,0,0,0,0,1,0,1,0,0,1,0,0,1,0,0,1,0,0,1,0,0,1,0,1,0,0,1,0,0,0,0,1
-0.4417729543927777,-1.2409180113122176,0.6942007679588129,-0.936956629306006,0,1,1,0,1,0,0,1,1,0,0,0,1,0,1,0,0,1,0,0,0,0,1,1,0,0,1,0,0,0,0,1,1,0,0,0,1,0,0,1,0
-0.4417729543927777,0.87578020029467,1.507197281753659,1.5770196038927888,1,0,0,1,1,0,0,1,0,0,1,0,1,0,1,0,0,0,0,1,0,0,1,0,0,1,0,0,1,0,0,1,0,1,0,1,0,0,0,1,0
-0.4417729543927777,-0.3453918448631498,0.9845566657426865,-0.007977244059506257,1,0,1,0,1,0,0,1,1,0,0,0,1,0,0,0,1,1,0,0,1,0,0,1,0,0,0,0,1,0,0,1,1,0,0,0,1,0,0,1,0
-0.4417729543927777,-1.2002122764736236,0.16326426915401543,-0.9226653142365193,1,0,1,0,1,0,0,1,1,0,0,0,1,0,1,0,0,1,0,0,1,0,0,1,0,0,1,0,0,1,0,0,1,0,0,0,1,0,0,1,0
-0.4417729543927777,-1.2816237461508115,-0.6364588321707106,-0.990324043951048,0,1,1,0,1,0,0,1,1,0,0,1,0,0,1,0,0,1,0,0,1,0,0,1,0,0,1,0,0,1,0,0,1,0,0,1,0,0,0,1,0
-0.4417729543927777,0.3466056473929481,0.11846650206736083,0.2364898598019446,0,1,0,1,0,1,0,1,0,0,1,1,0,0,1,0,0,0,0,1,0,0,1,1,0,0,0,0,1,1,0,0,0,1,0,1,0,1,0,0,0
-0.4417729543927777,0.2651941777157601,-0.29964599074141723,-0.05135610516135863,1,0,0,1,1,0,1,0,0,1,0,1,0,0,0,0,1,1,0,0,0,0,1,1,0,0,0,0,1,0,0,1,1,0,0,1,0,0,0,1,0
-0.4417729543927777,-1.0780950719578417,-1.5091857020810964,-0.9605779119707798,0,1,0,1,0,1,0,1,1,0,0,0,0,1,0,1,0,0,1,0,0,1,0,0,1,0,0,1,0,0,1,0,0,1,0,1,0,0,0,0,1
-0.4417729543927777,0.38731138223154205,-1.3930433429675468,-0.565097050255259,1,0,0,1,0,1,0,1,0,0,1,0,0,1,0,1,0,0,1,0,0,1,0,0,1,0,0,1,0,0,1,0,0,0,1,1,0,0,0,1,0
2.2636062032690805,-0.019745966154397845,1.177021146559426,0.40232180148382335,1,0,0,1,0,1,0,1,0,0,1,0,1,0,1,0,0,0,0,1,1,0,0,1,0,0,0,0,1,0,0,1,1,0,0,0,1,0,0,1,0
-0.4417729543927777,-1.2409180113122176,-0.44399435135397164,-0.9637830302505727,1,0,1,0,0,1,0,1,1,0,0,1,0,0,1,0,0,0,0,1,1,0,0,1,0,0,1,0,0,1,0,0,1,0,0,1,0,0,0,0,1
2.2636062032690805,1.07930887448764,-0.029200211662723564,0.6961389457081103,0,1,0,1,1,0,1,0,0,1,0,1,0,0,0,0,1,1,0,0,0,0,1,0,0,1,0,0,1,0,0,1,0,0,1,0,1,0,1,0,0
-0.4417729543927777,-1.2816237461508115,0.5266239355235488,-0.9749350856350568,0,1,1,0,1,0,0,1,1,0,0,0,1,0,1,0,0,1,0,0,1,0,0,1,0,0,1,0,0,0,0,1,1,0,0,0,1,0,0,1,0
-0.4417729543927777,-0.7117434584104957,-1.4975714661697417,-0.8905702257087318,1,0,0,1,0,1,0,1,1,0,0,0,0,1,0,1,0,0,1,0,0,1,0,0,1,0,0,1,0,0,1,0,1,0,0,1,0,0,0,0,1
-0.4417729543927777,-0.9152721326034656,-1.4511145225243216,-0.9126548078283995,1,0,1,0,1,0,0,1,1,0,0,0,0,1,0,1,0,0,1,0,0,1,0,0,1,0,0,1,0,0,1,0,1,0,0,0,1,0,0,1,0
-0.4417729543927777,-1.0373893371192477,0.16326426915401543,-0.7840988307978088,1,0,1,0,1,0,0,1,1,0,0,0,1,0,1,0,0,1,0,0,1,0,0,1,0,0,1,0,0,1,0,0,1,0,0,0,1,1,0,0,0
2.2636062032690805,-0.3860975797017438,0.4785078153193639,-0.2046090552382973,1,0,1,0,1,0,0,1,0,0,1,0,1,0,1,0,0,1,0,0,0,0,1,1,0,0,1,0,0,1,0,0,1,0,0,0,1,0,0,0,1
-0.4417729543927777,1.48636622287358,-1.4925939364934464,-0.39601608456372756,0,1,1,0,1,0,0,1,1,0,0,0,0,1,0,1,0,0,1,0,0,1,0,0,1,0,0,1,0,0,1,0,0,0,1,1,0,0,1,0,0
2.2636062032690805,-0.3860975797017438,0.3474328671769299,-0.28879829224518166,1,0,1,0,1,0,0,1,1,0,0,0,1,0,0,0,1,1,0,0,1,0,0,1,0,0,1,0,0,1,0,0,1,0,0,0,1,1,0,0,0
-0.4417729543927777,0.3058999125543541,0.5249647589647839,0.39837028579640765,1,0,1,0,1,0,0,1,0,0,1,1,0,0,1,0,0,1,0,0,0,0,1,0,0,1,0,0,1,0,0,1,0,1,0,0,1,0,0,0,1
-0.4417729543927777,-1.0780950719578417,0.5083729933771339,-0.7937800442319773,0,1,1,0,1,0,0,1,1,0,0,1,0,0,0,0,1,1,0,0,0,0,1,0,0,1,0,0,1,0,0,1,0,0,1,0,1,0,0,0,1
-0.4417729543927777,0.550134321585918,0.954691487684917,0.8137843488684476,0,1,1,0,1,0,0,1,0,0,1,0,1,0,0,0,1,0,0,1,1,0,0,1,0,0,1,0,0,0,0,1,1,0,0,0,1,0,0,1,0
-0.4417729543927777,1.445660488034986,-1.5125040551986264,-0.44286349832453353,1,0,0,1,0,1,0,1,1,0,0,0,0,1,0,1,0,0,1,0,0,1,0,0,1,0,0,1,0,0,1,0,0,0,1,0,1,1,0,0,0
-0.4417729543927777,0.3466056473929481,1.4657178677845342,0.9452600569347398,1,0,0,1,0,1,0,1,0,0,1,0,1,0,1,0,0,0,0,1,0,0,1,0,0,1,0,0,1,0,0,1,0,1,0,0,1,1,0,0,0
-0.4417729543927777,0.2651941777157601,-0.7891030755770899,-0.2636183561703716,1,0,1,0,1,0,1,0,0,1,0,1,0,0,0,0,1,0,0,1,1,0,0,0,0,1,1,0,0,1,0,0,0,1,0,1,0,1,0,0,0
-0.4417729543927777,-0.46750904937893173,-0.34278458126930694,-0.5163836429753955,0,1,0,1,1,0,0,1,1,0,0,1,0,0,1,0,0,1,0,0,1,0,0,1,0,0,0,0,1,1,0,0,1,0,0,1,0,1,0,0,0
-0.4417729543927777,0.1837827080385721,0.17985603474166537,0.11045846223831414,0,1,1,0,1,0,0,1,1,0,0,0,1,0,1,0,0,1,0,0,1,0,0,1,0,0,1,0,0,1,0,0,1,0,0,0,1,0,0,0,1
-0.4417729543927777,1.120014609326234,1.1521334981779512,1.5980504484958127,1,0,1,0,1,0,0,1,1,0,0,0,1,0,1,0,0,0,0,1,0,0,1,1,0,0,0,0,1,0,0,1,0,0,1,0,1,0,0,1,0
-0.4417729543927777,0.1430769731999781,0.9281446627446772,0.4732734609378651,1,0,0,1,0,1,0,1,0,0,1,1,0,0,0,0,1,0,0,1,0,0,1,0,0,1,0,0,1,0,0,1,0,0,1,0,1,0,1,0,0
-0.4417729543927777,0.10237123836138413,1.392714099198875,0.6388858739704428,1,0,0,1,0,1,0,1,1,0,0,0,1,0,0,0,1,1,0,0,0,0,1,0,0,1,0,0,1,0,0,1,1,0,0,0,1,0,0,1,0
-0.4417729543927777,1.6084834273893618,1.160429380971776,2.173500896908188,1,0,0,1,0,1,0,1,0,0,1,0,1,0,0,0,1,0,0,1,1,0,0,0,0,1,0,0,1,1,0,0,0,0,1,1,0,1,0,0,0
-0.4417729543927777,1.6084834273893618,0.8003880677197724,1.735651005877599,0,1,0,1,1,0,0,1,0,0,1,1,0,0,0,0,1,0,0,1,0,0,1,0,0,1,0,0,1,0,0,1,0,0,1,0,1,1,0,0,0
-0.4417729543927777,-1.0373893371192477,0.14667250356636552,-0.8123521679628312,0,1,0,1,1,0,0,1,1,0,0,0,1,0,1,0,0,1,0,0,1,0,0,1,0,0,1,0,0,1,0,0,1,0,0,0,1,0,0,1,0
2.2636062032690805,-1.2816237461508115,0.18815191753549032,-0.9794134700807947,1,0,1,0,1,0,0,1,1,0,0,0,1,0,1,0,0,1,0,0,1,0,0,1,0,0,1,0,0,1,0,0,1,0,0,0,1,0,0,0,1
-0.4417729543927777,1.364249018357798,-1.5008898192872715,-0.45992087437521134,0,1,1,0,1,0,0,1,1,0,0,0,0,1,0,1,0,0,1,0,0,1,0,0,1,0,0,1,0,0,1,0,0,0,1,1,0,1,0,0,0
-0.4417729543927777,-0.06045170099299184,1.1454967919428911,0.3550133775594855,0,1,1,0,1,0,0,1,1,0,0,0,1,0,1,0,0,1,0,0,0,0,1,0,0,1,0,0,1,0,0,1,0,0,1,1,0,1,0,0,0
-0.4417729543927777,-1.0373893371192477,0.9596690173612117,-0.7313460963708094,0,1,1,0,1,0,0,1,0,0,1,0,1,0,1,0,0,1,0,0,1,0,0,1,0,0,0,0,1,0,0,1,1,0,0,0,1,0,0,1,0
2.2636062032690805,-1.2409180113122176,0.17487850506537067,-0.9595022215892056,1,0,1,0,1,0,0,1,1,0,0,0,1,0,1,0,0,1,0,0,1,0,0,1,0,0,1,0,0,1,0,0,1,0,0,0,1,1,0,0,0
-0.4417729543927777,0.87578020029467,0.9895341954189817,1.2383308037514038,1,0,1,0,1,0,0,1,0,0,1,0,1,0,1,0,0,0,0,1,0,0,1,1,0,0,0,0,1,1,0,0,0,1,0,0,1,1,0,0,0
-0.4417729543927777,-1.2816237461508115,-1.3565414586747173,-0.9998515873307058,0,1,1,0,1,0,0,1,0,0,1,0,0,1,0,1,0,0,1,0,0,1,0,0,1,0,0,1,0,0,1,0,1,0,0,0,1,0,0,0,1
-0.4417729543927777,1.5677776925507678,0.27940662826756485,1.2527099302806108,0,1,0,1,0,1,0,1,1,0,0,1,0,0,1,0,0,0,0,1,1,0,0,0,0,1,0,0,1,0,0,1,0,0,1,0,1,0,1,0,0
-0.4417729543927777,-1.1595065416350296,-1.4677062881119716,-0.9783377796992203,0,1,1,0,1,0,0,1,1,0,0,0,0,1,0,1,0,0,1,0,0,1,0,0,1,0,0,1,0,0,1,0,1,0,0,1,0,0,0,0,1
-0.4417729543927777,-1.2002122764736236,0.4801669918781293,-0.9029955472591611,1,0,1,0,1,0,0,1,1,0,0,0,1,0,1,0,0,1,0,0,1,0,0,1,0,0,0,0,1,1,0,0,1,0,0,0,1,0,0,1,0
-0.4417729543927777,-0.6303319887333078,-0.007630916398778474,-0.5304773822605116,1,0,1,0,0,1,0,1,1,0,0,1,0,0,1,0,0,1,0,0,1,0,0,1,0,0,0,0,1,0,0,1,1,0,0,0,1,0,0,0,1
-0.4417729543927777,0.7943687306174819,0.491781227789484,0.8414449586803575,0,1,1,0,1,0,0,1,0,0,1,1,0,0,0,0,1,1,0,0,1,0,0,0,0,1,0,0,1,0,0,1,0,0,1,0,1,0,1,0,0
-0.4417729543927777,-1.2409180113122176,-1.4809797005820917,-0.996404987536682,1,0,0,1,0,1,0,1,1,0,0,0,0,1,0,1,0,0,1,0,0,1,0,0,1,0,0,1,0,0,1,0,0,1,0,1,0,0,0,0,1
-0.4417729543927777,-0.7524491932490897,1.36118974458234,-0.41816652527818543,1,0,0,1,1,0,0,1,1,0,0,0,1,0,0,0,1,0,0,1,1,0,0,0,0,1,0,0,1,0,0,1,0,1,0,1,0,0,0,0,1
-0.4417729543927777,-0.9152721326034656,0.17819685818290046,-0.7135423229125086,1,0,0,1,0,1,0,1,0,0,1,1,0,0,0,0,1,0,0,1,1,0,0,1,0,0,0,0,1,1,0,0,0,1,0,1,0,0,0,1,0
-0.4417729543927777,-1.2409180113122176,-1.4826388771408565,-0.9942536067735335,0,1,1,0,1,0,0,1,1,0,0,0,0,1,0,1,0,0,1,0,0,1,0,0,1,0,0,1,0,0,1,0,1,0,0,1,0,0,0,0,1
-0.4417729543927777,0.9978974048104519,-0.1768669253928077,0.5304167683508821,0,1,0,1,0,1,0,1,1,0,0,1,0,0,0,0,1,0,0,1,1,0,0,0,0,1,1,0,0,1,0,0,0,1,0,1,0,0,0,0,1
2.2636062032690805,-0.7931549280876837,0.18317438785919563,-0.6376073631193371,0,1,0,1,1,0,0,1,1,0,0,0,1,0,1,0,0,1,0,0,1,0,0,1,0,0,1,0,0,1,0,0,1,0,0,1,0,1,0,0,0
2.2636062032690805,1.2828375486806098,1.2334331495574353,1.9260482034162454,0,1,1,0,1,0,0,1,0,0,1,0,1,0,1,0,0,1,0,0,0,0,1,0,0,1,0,0,1,0,0,1,0,1,0,1,0,0,0,1,0
-0.4417729543927777,0.9978974048104519,-0.7907622521358548,-0.01890977079468972,1,0,1,0,1,0,1,0,0,1,0,1,0,0,0,0,1,1,0,0,0,0,1,0,0,1,1,0,0,1,0,0,0,1,0,0,1,0,1,0,0
-0.4417729543927777,1.5677776925507678,0.3690021624408745,1.3765021356213725,1,0,0,1,0,1,0,1,1,0,0,0,1,0,1,0,0,1,0,0,0,0,1,1,0,0,1,0,0,1,0,0,0,0,1,1,0,0,0,1,0
-0.4417729543927777,-1.2816237461508115,0.18815191753549032,-0.9794134700807947,0,1,1,0,1,0,0,1,1,0,0,0,1,0,1,0,0,1,0,0,1,0,0,1,0,0,1,0,0,1,0,0,1,0,0,0,1,0,0,0,1
-0.4417729543927777,-1.2816237461508115,0.3374778078243396,-0.9774377122370869,1,0,1,0,1,0,0,1,0,0,1,0,1,0,1,0,0,1,0,0,1,0,0,1,0,0,1,0,0,1,0,0,1,0,0,0,1,0,0,1,0
-0.4417729543927777,-1.2816237461508115,-0.6746198930223054,-0.99082895984444,0,1,1,0,1,0,0,1,1,0,0,1,0,0,1,0,0,1,0,0,1,0,0,1,0,0,1,0,0,1,0,0,1,0,0,1,0,0,0,0,1
2.2636062032690805,0.835074465456076,1.0260360797118113,1.1920102587489199,1,0,0,1,1,0,0,1,0,0,1,0,1,0,1,0,0,1,0,0,1,0,0,1,0,0,0,0,1,0,0,1,0,1,0,0,1,0,1,0,0
-0.4417729543927777,-1.2816237461508115,-0.1586159832463929,-0.9840016188511829,1,0,1,0,1,0,0,1,0,0,1,1,0,0,1,0,0,1,0,0,1,0,0,1,0,0,1,0,0,0,0,1,1,0,0,0,1,0,0,1,0
2.2636062032690805,1.120014609326234,1.0957214951799412,1.5655382555343533,0,1,0,1,1,0,0,1,1,0,0,0,1,0,1,0,0,0,0,1,0,0,1,1,0,0,0,0,1,0,0,1,0,1,0,0,1,0,0,1,0
-0.4417729543927777,-1.2816237461508115,-0.6613464805521855,-0.9906533369249992,1,0,0,1,1,0,0,1,1,0,0,1,0,0,1,0,0,1,0,0,1,0,0,1,0,0,1,0,0,1,0,0,1,0,0,0,1,0,0,1,0
-0.4417729543927777,-0.6710377235719017,0.5332606417586089,-0.4343018810017995,1,0,1,0,0,1,0,1,1,0,0,0,1,0,1,0,0,1,0,0,1,0,0,1,0,0,0,0,1,1,0,0,1,0,0,0,1,0,0,1,0
-0.4417729543927777,1.5270719577121739,-1.5008898192872715,-0.42141554928783836,1,0,1,0,1,0,0,1,1,0,0,0,0,1,0,1,0,0,1,0,0,1,0,0,1,0,0,1,0,0,1,0,0,1,0,1,0,1,0,0,0
-0.4417729543927777,1.364249018357798,0.7987288911610076,1.5794124661701687,1,0,0,1,1,0,0,1,0,0,1,0,1,0,0,0,1,0,0,1,1,0,0,0,0,1,1,0,0,1,0,0,0,1,0,1,0,0,0,1,0
-0.4417729543927777,-0.3046861100245558,0.49509958090701384,-0.12555678862505334,1,0,1,0,1,0,0,1,1,0,0,0,1,0,0,0,1,0,0,1,1,0,0,1,0,0,1,0,0,1,0,0,1,0,0,0,1,1,0,0,0
-0.4417729543927777,-1.2816237461508115,-1.5191407614336865,-1.0020029680938543,1,0,1,0,1,0,0,1,1,0,0,0,0,1,0,1,0,0,1,0,0,1,0,0,1,0,0,1,0,0,1,0,1,0,0,1,0,0,0,0,1
-0.4417729543927777,0.1837827080385721,0.08362379433329609,0.06233778231156306,0,1,1,0,1,0,0,1,0,0,1,1,0,0,0,0,1,0,0,1,0,0,1,0,0,1,1,0,0,1,0,0,0,1,0,1,0,0,0,1,0
-0.4417729543927777,-1.2816237461508115,-1.5091857020810964,-1.001871250904274,0,1,1,0,0,1,0,1,1,0,0,0,0,1,0,1,0,0,1,0,0,1,0,0,1,0,0,1,0,0,1,0,1,0,0,0,1,0,0,0,1
-0.4417729543927777,-1.1595065416350296,0.47187110908430435,-0.8711199873806745,1,0,1,0,1,0,0,1,1,0,0,0,1,0,1,0,0,1,0,0,1,0,0,1,0,0,1,0,0,0,0,1,1,0,0,0,1,0,0,1,0
-0.4417729543927777,-1.2002122764736236,-0.6746198930223054,-0.9565385848236438,1,0,1,0,1,0,0,1,1,0,0,1,0,0,1,0,0,1,0,0,1,0,0,1,0,0,1,0,0,1,0,0,1,0,0,1,0,0,0,1,0
-0.4417729543927777,-0.14186317067017984,0.038826027246641026,-0.17086750184075322,1,0,1,0,1,0,0,1,0,0,1,1,0,0,0,0,1,1,0,0,1,0,0,1,0,0,1,0,0,0,0,1,1,0,0,0,1,0,0,1,0
-0.4417729543927777,1.160720344164828,0.34577369061816454,1.0660227669151494,0,1,0,1,1,0,0,1,0,0,1,1,0,0,0,0,1,1,0,0,0,0,1,0,0,1,1,0,0,0,0,1,0,0,1,1,0,0,1,0,0
2.2636062032690805,1.6084834273893618,1.7195718812755783,2.623688298029486,1,0,0,1,1,0,0,1,0,0,1,0,1,0,0,0,1,0,0,1,0,0,1,0,0,1,0,0,1,0,0,1,0,0,1,0,1,0,1,0,0
-0.4417729543927777,1.445660488034986,1.2715942104090303,2.0956560378660987,0,1,0,1,0,1,0,1,1,0,0,0,1,0,0,0,1,0,0,1,0,0,1,1,0,0,0,0,1,0,0,1,0,0,1,0,1,0,1,0,0
-0.4417729543927777,-1.2816237461508115,-1.4859572302583866,-1.0015639107952525,0,1,1,0,1,0,0,1,1,0,0,0,0,1,0,1,0,0,1,0,0,1,0,0,1,0,0,1,0,0,1,0,1,0,0,1,0,0,0,0,1
-0.4417729543927777,0.753662995778888,-1.5058673489635666,-0.5332653961066326,0,1,0,1,0,1,0,1,1,0,0,0,0,1,0,1,0,0,1,0,0,1,0,0,1,0,0,1,0,0,1,0,0,0,1,1,0,0,1,0,0
-0.4417729543927777,-0.9966836022806537,1.2749125635265601,-0.6383976662568203,1,0,1,0,1,0,0,1,0,0,1,0,1,0,0,0,1,1,0,0,1,0,0,0,0,1,0,0,1,0,0,1,1,0,0,0,1,1,0,0,0
-0.4417729543927777,1.48636622287358,1.4972422224010693,2.2521141062228303,0,1,1,0,1,0,0,1,0,0,1,0,1,0,0,0,1,0,0,1,0,0,1,1,0,0,0,0,1,0,0,1,0,0,1,0,1,0,1,0,0
-0.4417729543927777,-0.7524491932490897,-1.5125040551986264,-0.8678051047762314,0,1,1,0,1,0,0,1,1,0,0,0,0,1,0,1,0,0,1,0,0,1,0,0,1,0,0,1,0,0,1,0,0,1,0,1,0,0,0,0,1
-0.4417729543927777,1.201426079003422,1.2085455011759605,1.6962456133280925,1,0,0,1,1,0,0,1,0,0,1,0,1,0,1,0,0,1,0,0,0,0,1,1,0,0,0,0,1,0,0,1,1,0,0,0,1,0,0,1,0
2.2636062032690805,0.712957260940294,0.6129011165793287,0.7957390938959158,1,0,1,0,1,0,0,1,0,0,1,0,1,0,0,0,1,0,0,1,1,0,0,1,0,0,1,0,0,1,0,0,1,0,0,0,1,0,0,1,0
-0.4417729543927777,1.5677776925507678,0.6593580602247482,1.6441734177139258,1,0,0,1,1,0,0,1,1,0,0,1,0,0,0,0,1,0,0,1,0,0,1,0,0,1,0,0,1,0,0,1,0,1,0,0,1,1,0,0,0
-0.4417729543927777,0.2244884428771661,-0.08727139121949828,0.023481211385308728,0,1,1,0,1,0,0,1,1,0,0,1,0,0,1,0,0,1,0,0,0,0,1,0,0,1,1,0,0,0,0,1,0,1,0,0,1,0,0,0,1
2.2636062032690805,1.038603139649046,1.120609143561416,1.5416535384904186,0,1,0,1,1,0,0,1,0,0,1,0,1,0,1,0,0,1,0,0,0,0,1,1,0,0,0,0,1,0,0,1,1,0,0,0,1,0,0,1,0
-0.4417729543927777,0.6315457912631061,-1.3465863993221272,-0.5126516559372808,1,0,1,0,1,0,0,1,0,0,1,0,0,1,0,1,0,0,1,0,0,1,0,0,1,0,0,1,0,0,1,0,0,1,0,1,0,1,0,0,0
-0.4417729543927777,-1.2409180113122176,-0.8139907239585649,-0.9765376447749532,0,1,1,0,1,0,1,0,0,1,0,1,0,0,1,0,0,0,0,1,0,0,1,0,0,1,1,0,0,1,0,0,1,0,0,0,1,0,1,0,0
-0.4417729543927777,-0.14186317067017984,-0.15695680668762776,-0.20511397113168925,0,1,0,1,0,1,0,1,1,0,0,1,0,0,0,0,1,1,0,0,1,0,0,1,0,0,1,0,0,0,0,1,1,0,0,0,1,0,0,0,1
-0.4417729543927777,1.364249018357798,-0.22332386903822746,0.6627486381494477,1,0,0,1,0,1,0,1,1,0,0,1,0,0,0,0,1,0,0,1,1,0,0,0,0,1,1,0,0,1,0,0,0,0,1,0,1,0,1,0,0
-0.4417729543927777,1.364249018357798,1.2981410353492702,2.0146938720039373,0,1,0,1,1,0,0,1,0,0,1,0,1,0,1,0,0,0,0,1,1,0,0,0,0,1,0,0,1,0,0,1,0,1,0,0,1,0,0,1,0
-0.4417729543927777,0.87578020029467,-0.6281629493768857,0.05388592931347949,0,1,0,1,0,1,1,0,0,1,0,1,0,0,1,0,0,1,0,0,0,0,1,0,0,1,1,0,0,0,0,1,0,0,1,1,0,0,1,0,0
-0.4417729543927777,1.364249018357798,-0.1718893957165128,0.7444132956893721,1,0,0,1,0,1,0,1,1,0,0,1,0,0,0,0,1,1,0,0,1,0,0,1,0,0,0,0,1,1,0,0,0,0,1,0,1,0,0,1,0
-0.4417729543927777,-0.5896262538947138,-1.4876164068171516,-0.833975739918967,0,1,1,0,1,0,0,1,1,0,0,0,0,1,0,1,0,0,1,0,0,1,0,0,1,0,0,1,0,0,1,0,0,1,0,1,0,0,0,0,1
-0.4417729543927777,-1.2409180113122176,-1.0031368516577739,-0.9830795985241192,1,0,1,0,1,0,1,0,0,1,0,1,0,0,1,0,0,1,0,0,1,0,0,1,0,0,1,0,0,0,0,1,1,0,0,0,1,0,0,1,0
-0.4417729543927777,-1.2002122764736236,-1.5042081724048015,-0.9834747500928608,0,1,1,0,1,0,0,1,1,0,0,0,0,1,0,1,0,0,1,0,0,1,0,0,1,0,0,1,0,0,1,0,0,1,0,1,0,0,0,0,1
2.2636062032690805,-1.2816237461508115,-1.3216987509406524,-0.999390577167174,0,1,1,0,1,0,1,0,0,1,0,1,0,0,1,0,0,1,0,0,1,0,0,1,0,0,1,0,0,1,0,0,1,0,0,0,1,0,0,1,0
-0.4417729543927777,-1.2816237461508115,-1.5241182911099813,-1.0020688266886446,1,0,0,1,0,1,0,1,1,0,0,0,0,1,0,1,0,0,1,0,0,1,0,0,1,0,0,1,0,0,1,0,1,0,0,0,1,0,0,0,1
-0.4417729543927777,0.6722515261017,0.675949825812398,0.8766354011632871,0,1,0,1,1,0,0,1,1,0,0,0,1,0,1,0,0,0,0,1,1,0,0,1,0,0,0,0,1,1,0,0,1,0,0,0,1,0,1,0,0
-0.4417729543927777,1.6084834273893618,0.6958599445175783,1.6725584720685285,1,0,0,1,0,1,0,1,0,0,1,1,0,0,0,0,1,1,0,0,0,0,1,0,0,1,0,0,1,0,0,1,0,0,1,0,1,0,1,0,0
-0.4417729543927777,-1.2409180113122176,-0.6779382461398354,-0.9708738056229906,0,1,0,1,0,1,0,1,1,0,0,1,0,0,1,0,0,1,0,0,1,0,0,1,0,0,1,0,0,1,0,0,1,0,0,0,1,0,0,1,0
-0.4417729543927777,-0.8745663977648717,-1.4726838177882668,-0.9292072679856853,0,1,0,1,1,0,0,1,1,0,0,0,0,1,0,1,0,0,1,0,0,1,0,0,1,0,0,1,0,0,1,0,0,1,0,0,1,0,0,0,1
-0.4417729543927777,-1.2002122764736236,-1.5141632317573916,-0.9863944811285624,1,0,0,1,0,1,0,1,1,0,0,0,0,1,0,1,0,0,1,0,0,1,0,0,1,0,0,1,0,0,1,0,1,0,0,1,0,0,0,0,1
-0.4417729543927777,0.020959768684196148,0.7854554786908875,0.2578939031087796,1,0,0,1,0,1,0,1,0,0,1,0,1,0,1,0,0,0,0,1,0,0,1,0,0,1,1,0,0,1,0,0,1,0,0,1,0,0,1,0,0
-0.4417729543927777,-0.9966836022806537,-1.3084253384705324,-0.9159257847029826,0,1,1,0,0,1,1,0,0,1,0,1,0,0,1,0,0,1,0,0,1,0,0,1,0,0,1,0,0,1,0,0,1,0,0,1,0,0,0,0,1
-0.4417729543927777,1.2421318138420159,1.0973806717387062,1.7198449431279361,1,0,1,0,1,0,0,1,0,0,1,0,1,0,0,0,1,0,0,1,0,0,1,1,0,0,0,0,1,1,0,0,0,0,1,1,0,0,1,0,0
-0.4417729543927777,-0.8745663977648717,-1.4876164068171516,-0.9132255823165818,1,0,1,0,0,1,0,1,1,0,0,0,0,1,0,1,0,0,1,0,0,1,0,0,1,0,0,1,0,0,1,0,1,0,0,1,0,0,1,0,0
-0.4417729543927777,0.1430769731999781,-0.8056948411647399,-0.3310356043706695,1,0,0,1,0,1,1,0,0,1,0,1,0,0,0,0,1,1,0,0,0,0,1,0,0,1,1,0,0,1,0,0,0,0,1,1,0,0,1,0,0
-0.4417729543927777,-0.9966836022806537,0.9895341954189817,-0.6769249442091232,0,1,0,1,0,1,0,1,1,0,0,0,1,0,1,0,0,1,0,0,0,0,1,1,0,0,0,0,1,0,0,1,1,0,0,0,1,0,0,1,0
2.2636062032690805,-0.9152721326034656,-1.0031368516577739,-0.8656098182832227,1,0,1,0,1,0,1,0,0,1,0,1,0,0,1,0,0,1,0,0,1,0,0,1,0,0,1,0,0,0,0,1,1,0,0,0,1,0,0,1,0
-0.4417729543927777,-1.2002122764736236,0.3374778078243396,-0.8915581046305857,1,0,1,0,1,0,0,1,0,0,1,0,1,0,1,0,0,1,0,0,1,0,0,1,0,0,1,0,0,1,0,0,1,0,0,0,1,0,1,0,0
-0.4417729543927777,-0.14186317067017984,0.1300807379787156,-0.14524850846734152,1,0,1,0,1,0,0,1,1,0,0,1,0,0,0,0,1,0,0,1,0,0,1,1,0,0,1,0,0,0,0,1,1,0,0,0,1,1,0,0,0
-0.4417729543927777,1.2828375486806098,-0.36767222965078183,0.48231804128906103,1,0,0,1,0,1,0,1,0,0,1,1,0,0,1,0,0,0,0,1,1,0,0,1,0,0,1,0,0,1,0,0,0,1,0,0,1,1,0,0,0
-0.4417729543927777,0.712957260940294,1.4375118662855295,1.3742848962634335,0,1,0,1,0,1,0,1,0,0,1,0,1,0,0,0,1,0,0,1,0,0,1,1,0,0,0,0,1,0,0,1,0,1,0,0,1,0,0,1,0
2.2636062032690805,-1.2816237461508115,0.15994591603648564,-0.9797866687846061,0,1,1,0,1,0,0,1,1,0,0,0,1,0,1,0,0,1,0,0,1,0,0,1,0,0,1,0,0,1,0,0,1,0,0,0,1,0,0,1,0
-0.4417729543927777,-1.0373893371192477,0.33913698438310497,-0.7922433436868712,1,0,0,1,1,0,0,1,1,0,0,0,1,0,1,0,0,1,0,0,0,0,1,1,0,0,1,0,0,1,0,0,1,0,0,0,1,1,0,0,0
-0.4417729543927777,-0.7524491932490897,-0.4473127044715014,-0.6908430605747985,1,0,1,0,1,0,0,1,1,0,0,1,0,0,1,0,0,0,0,1,1,0,0,1,0,0,1,0,0,1,0,0,0,1,0,1,0,0,1,0,0
-0.4417729543927777,-1.2816237461508115,0.18815191753549032,-0.9794134700807947,0,1,1,0,1,0,0,1,1,0,0,0,1,0,1,0,0,1,0,0,1,0,0,1,0,0,1,0,0,1,0,0,1,0,0,1,0,0,0,0,1
2.2636062032690805,-1.2002122764736236,0.17819685818290046,-0.907012921541367,1,0,1,0,1,0,0,1,1,0,0,0,1,0,1,0,0,1,0,0,1,0,0,1,0,0,1,0,0,1,0,0,1,0,0,0,1,0,0,1,0
-0.4417729543927777,-1.2002122764736236,-0.010949269516308743,-0.9339271339456541,1,0,1,0,1,0,0,1,0,0,1,1,0,0,1,0,0,1,0,0,1,0,0,0,0,1,0,0,1,1,0,0,1,0,0,1,0,0,0,1,0
-0.4417729543927777,-1.2409180113122176,0.36402463276457986,-0.9474720516075178,1,0,1,0,1,0,0,1,0,0,1,0,1,0,1,0,0,1,0,0,1,0,0,1,0,0,1,0,0,1,0,0,1,0,0,0,1,0,0,1,0
-0.4417729543927777,0.1430769731999781,-0.981567556393829,-0.43175534866990944,0,1,0,1,1,0,1,0,0,1,0,1,0,0,0,0,1,1,0,0,0,0,1,1,0,0,1,0,0,1,0,0,0,1,0,1,0,0,0,0,1
-0.4417729543927777,1.445660488034986,1.2881859759966803,2.0803109852799677,1,0,0,1,0,1,0,1,0,0,1,0,1,0,1,0,0,0,0,1,1,0,0,0,0,1,0,0,1,0,0,1,0,0,1,0,1,0,1,0,0
2.2636062032690805,0.020959768684196148,0.6278337056082132,0.1822004248298391,0,1,1,0,1,0,0,1,0,0,1,0,1,0,1,0,0,0,0,1,0,0,1,1,0,0,1,0,0,1,0,0,1,0,0,0,1,0,1,0,0
-0.4417729543927777,-0.9559778674420596,1.1073357310912961,-0.6049415001033673,1,0,1,0,1,0,0,1,0,0,1,0,1,0,1,0,0,1,0,0,0,0,1,1,0,0,0,0,1,0,0,1,1,0,0,1,0,0,1,0,0
2.2636062032690805,-0.019745966154397845,0.6659947664598083,0.14960042040865965,0,1,0,1,1,0,0,1,0,0,1,0,1,0,1,0,0,1,0,0,1,0,0,1,0,0,1,0,0,0,0,1,1,0,0,0,1,0,0,1,0
-0.4417729543927777,-0.42680331454033776,-0.35605799373942687,-0.5043095672638476,0,1,0,1,1,0,0,1,1,0,0,1,0,0,0,0,1,1,0,0,1,0,0,0,0,1,1,0,0,1,0,0,1,0,0,0,1,0,0,1,0
-0.4417729543927777,-0.5489205190561198,0.8020472442785374,-0.29878684578837134,1,0,0,1,1,0,0,1,0,0,1,0,1,0,1,0,0,0,0,1,1,0,0,1,0,0,1,0,0,0,0,1,1,0,0,0,1,0,0,1,0
-0.4417729543927777,1.404954753196392,-0.15032010045256794,0.7254899261196368,0,1,0,1,0,1,0,1,1,0,0,1,0,0,0,0,1,1,0,0,0,0,1,0,0,1,1,0,0,1,0,0,0,0,1,0,1,1,0,0,0
-0.4417729543927777,0.3466056473929481,-1.5008898192872715,-0.6572990829616253,1,0,0,1,0,1,0,1,1,0,0,0,0,1,0,1,0,0,1,0,0,1,0,0,1,0,0,1,0,0,1,0,0,0,1,1,0,1,0,0,0
-0.4417729543927777,-1.2002122764736236,0.692541591400048,-0.890899518682683,1,0,1,0,1,0,0,1,1,0,0,0,1,0,1,0,0,1,0,0,1,0,0,0,0,1,1,0,0,0,0,1,1,0,0,1,0,0,0,1,0
-0.4417729543927777,0.7943687306174819,-1.5025489958460365,-0.5603552314303603,0,1,1,0,1,0,0,1,1,0,0,0,0,1,0,1,0,0,1,0,0,1,0,0,1,0,0,1,0,0,1,0,0,0,1,1,0,0,0,0,1
-0.4417729543927777,-1.2816237461508115,0.5647849963751438,-0.974430169741665,1,0,1,0,1,0,0,1,1,0,0,0,1,0,1,0,0,1,0,0,1,0,0,1,0,0,1,0,0,0,0,1,1,0,0,0,1,0,0,1,0
-0.4417729543927777,-1.2409180113122176,0.025552614776521366,-0.9514235672949335,1,0,0,1,0,1,0,1,1,0,0,1,0,0,1,0,0,1,0,0,1,0,0,1,0,0,0,0,1,0,0,1,1,0,0,1,0,0,0,0,1
-0.4417729543927777,-1.2409180113122176,0.7373393584867031,-0.9297341367440073,1,0,1,0,1,0,0,1,1,0,0,0,1,0,1,0,0,0,0,1,1,0,0,1,0,0,0,0,1,1,0,0,1,0,0,0,1,1,0,0,0
-0.4417729543927777,-0.9966836022806537,-1.5125040551986264,-0.9434107715954517,0,1,0,1,0,1,0,1,1,0,0,0,0,1,0,1,0,0,1,0,0,1,0,0,1,0,0,1,0,0,1,0,1,0,0,0,1,0,0,0,1
2.2636062032690805,0.38731138223154205,1.0160810203592214,0.7153477025219366,1,0,0,1,1,0,0,1,0,0,1,0,1,0,1,0,0,0,0,1,0,0,1,1,0,0,0,0,1,1,0,0,1,0,0,0,1,0,0,1,0
2.2636062032690805,-0.7931549280876837,0.17321932850660576,-0.6079051368689291,1,0,0,1,1,0,0,1,1,0,0,0,1,0,1,0,0,1,0,0,1,0,0,1,0,0,1,0,0,1,0,0,1,0,0,0,1,0,0,1,0
-0.4417729543927777,-0.9966836022806537,0.2064028596819056,-0.7629362690052048,1,0,1,0,1,0,0,1,0,0,1,1,0,0,0,0,1,1,0,0,1,0,0,0,0,1,1,0,0,0,0,1,1,0,0,1,0,0,0,1,0
-0.4417729543927777,0.835074465456076,-1.5224591145512165,-0.5755466139619806,1,0,0,1,1,0,0,1,1,0,0,0,0,1,0,1,0,0,1,0,0,1,0,0,1,0,0,1,0,0,1,0,0,1,0,1,0,0,1,0,0
-0.4417729543927777,-0.7117434584104957,0.6062644103442686,-0.5142761679421072,1,0,1,0,1,0,0,1,1,0,0,0,1,0,1,0,0,0,0,1,1,0,0,1,0,0,0,0,1,1,0,0,1,0,0,0,1,1,0,0,0
-0.4417729543927777,0.2651941777157601,-0.4705411762942114,-0.12729106495453016,1,0,1,0,1,0,1,0,0,1,0,1,0,0,1,0,0,1,0,0,0,0,1,1,0,0,0,0,1,0,0,1,1,0,0,0,1,0,0,1,0
2.2636062032690805,-0.2232746403473678,-0.9434064955422341,-0.5573037832050781,0,1,0,1,1,0,1,0,0,1,0,1,0,0,1,0,0,1,0,0,1,0,0,1,0,0,1,0,0,0,0,1,1,0,0,1,0,1,0,0,0
-0.4417729543927777,-1.2816237461508115,1.1720436168831307,-0.966395421177253,1,0,1,0,1,0,0,1,0,0,1,0,1,0,1,0,0,0,0,1,1,0,0,1,0,0,0,0,1,0,0,1,1,0,0,0,1,0,1,0,0
-0.4417729543927777,0.550134321585918,-1.4544328756418516,-0.5989703208423837,1,0,1,0,1,0,0,1,1,0,0,0,0,1,0,1,0,0,1,0,0,1,0,0,1,0,0,1,0,0,1,0,0,0,1,0,1,0,0,1,0
-0.4417729543927777,-0.6303319887333078,0.5166688761709589,-0.4234352128614064,0,1,0,1,1,0,0,1,0,0,1,0,1,0,1,0,0,0,0,1,1,0,0,1,0,0,1,0,0,1,0,0,1,0,0,0,1,1,0,0,0
-0.4417729543927777,0.753662995778888,-1.5108448786398616,-0.5723414956821878,0,1,0,1,0,1,0,1,1,0,0,0,0,1,0,1,0,0,1,0,0,1,0,0,1,0,0,1,0,0,1,0,0,1,0,1,0,0,0,0,1
-0.4417729543927777,-0.9559778674420596,0.675949825812398,-0.6673315422346751,1,0,1,0,1,0,0,1,1,0,0,0,1,0,1,0,0,1,0,0,0,0,1,1,0,0,1,0,0,0,0,1,1,0,0,0,1,0,1,0,0
2.2636062032690805,0.509428586747324,1.168725263765601,0.9476968249419795,1,0,1,0,1,0,0,1,0,0,1,0,1,0,1,0,0,1,0,0,0,0,1,1,0,0,0,0,1,0,0,1,0,1,0,0,1,1,0,0,0
-0.4417729543927777,1.48636622287358,1.329665389965805,2.1937194855087983,0,1,0,1,0,1,0,1,0,0,1,0,1,0,1,0,0,0,0,1,0,0,1,1,0,0,0,0,1,0,0,1,0,0,1,0,1,0,0,1,0
-0.4417729543927777,0.9978974048104519,-1.4992306427285065,-0.4519080786757295,1,0,0,1,0,1,0,1,1,0,0,0,0,1,0,1,0,0,1,0,0,1,0,0,1,0,0,1,0,0,1,0,0,0,1,1,0,1,0,0,0
-0.4417729543927777,-0.42680331454033776,-0.5136797668221011,-0.5575672175842391,1,0,1,0,0,1,1,0,0,1,0,1,0,0,1,0,0,1,0,0,0,0,1,1,0,0,0,0,1,0,0,1,0,1,0,0,1,0,1,0,0
-0.4417729543927777,-1.2816237461508115,0.5183280527297238,-0.9750448499597072,0,1,1,0,1,0,0,1,1,0,0,0,1,0,1,0,0,1,0,0,1,0,0,1,0,0,0,0,1,1,0,0,1,0,0,0,1,0,0,1,0
-0.4417729543927777,-0.9152721326034656,-0.4406759982364416,-0.7801253622454631,0,1,1,0,1,0,0,1,1,0,0,1,0,0,0,0,1,1,0,0,1,0,0,1,0,0,1,0,0,1,0,0,1,0,0,0,1,0,0,0,1
-0.4417729543927777,-0.019745966154397845,-1.4892755833759166,-0.7406321582362362,0,1,1,0,1,0,0,1,1,0,0,0,0,1,0,1,0,0,1,0,0,1,0,0,1,0,0,1,0,0,1,0,0,0,1,0,1,1,0,0,0
-0.4417729543927777,-0.6710377235719017,0.4984179340245441,-0.45370821359999663,1,0,0,1,0,1,0,1,0,0,1,0,1,0,1,0,0,0,0,1,1,0,0,1,0,0,1,0,0,1,0,0,1,0,0,0,1,0,1,0,0
-0.4417729543927777,0.9978974048104519,0.9978300782128067,1.420122478237456,1,0,0,1,0,1,0,1,1,0,0,0,1,0,1,0,0,0,0,1,1,0,0,1,0,0,0,0,1,0,0,1,0,1,0,0,1,0,0,1,0
-0.4417729543927777,-0.5896262538947138,-1.5025489958460365,-0.8384321714997747,1,0,1,0,1,0,0,1,1,0,0,0,0,1,0,1,0,0,1,0,0,1,0,0,1,0,0,1,0,0,1,0,1,0,0,1,0,0,0,0,1
-0.4417729543927777,0.3466056473929481,0.05209943971676115,0.18760082960264046,1,0,0,1,0,1,0,1,1,0,0,1,0,0,1,0,0,0,0,1,1,0,0,0,0,1,1,0,0,0,0,1,0,1,0,0,1,1,0,0,0
-0.4417729543927777,-0.7524491932490897,0.3822755749109947,-0.519742431309699,0,1,1,0,1,0,0,1,1,0,0,0,1,0,1,0,0,1,0,0,0,0,1,1,0,0,1,0,0,1,0,0,1,0,0,1,0,0,0,1,0
-0.4417729543927777,-0.9559778674420596,0.9895341954189817,-0.6196938253363858,1,0,1,0,1,0,0,1,0,0,1,0,1,0,1,0,0,1,0,0,1,0,0,1,0,0,0,0,1,0,0,1,1,0,0,0,1,0,0,1,0
2.2636062032690805,-0.7931549280876837,1.1902945590295457,-0.43608006306113667,1,0,1,0,1,0,0,1,0,0,1,0,1,0,0,0,1,1,0,0,1,0,0,1,0,0,0,0,1,0,0,1,1,0,0,0,1,0,0,1,0
-0.4417729543927777,-1.2816237461508115,0.3374778078243396,-0.9774377122370869,0,1,1,0,1,0,0,1,0,0,1,0,1,0,1,0,0,1,0,0,1,0,0,1,0,0,1,0,0,1,0,0,1,0,0,0,1,0,0,1,0
-0.4417729543927777,1.445660488034986,1.1737027934418958,1.955135749448611,0,1,0,1,1,0,0,1,1,0,0,0,1,0,1,0,0,0,0,1,1,0,0,0,0,1,0,0,1,0,0,1,0,1,0,0,1,0,0,1,0
-0.4417729543927777,0.6315457912631061,-1.4842980536996215,-0.5593893053734363,1,0,0,1,0,1,0,1,1,0,0,0,0,1,0,1,0,0,1,0,0,1,0,0,1,0,0,1,0,0,1,0,0,0,1,1,0,1,0,0,0
2.2636062032690805,-0.7931549280876837,1.392714099198875,-0.41140504287971863,0,1,1,0,1,0,0,1,0,0,1,0,1,0,1,0,0,0,0,1,0,0,1,1,0,0,0,0,1,0,0,1,1,0,0,0,1,0,0,1,0
-0.4417729543927777,-1.2409180113122176,-0.32619281568165703,-0.9606437705655702,0,1,1,0,1,0,0,1,1,0,0,1,0,0,0,0,1,1,0,0,0,0,1,1,0,0,1,0,0,1,0,0,1,0,0,0,1,0,0,0,1
-0.4417729543927777,-0.019745966154397845,0.3258635719129848,-0.008065055519226726,1,0,1,0,1,0,0,1,0,0,1,1,0,0,0,0,1,1,0,0,1,0,0,1,0,0,0,0,1,0,0,1,0,1,0,1,0,0,0,0,1
-0.4417729543927777,0.753662995778888,-0.1470017473350379,0.3704901473351969,1,0,0,1,1,0,0,1,1,0,0,1,0,0,0,0,1,0,0,1,1,0,0,0,0,1,1,0,0,1,0,0,0,1,0,0,1,1,0,0,0
-0.4417729543927777,-1.2816237461508115,0.1533092098014256,-0.9798744802443264,1,0,1,0,1,0,0,1,1,0,0,0,1,0,1,0,0,1,0,0,1,0,0,1,0,0,1,0,0,1,0,0,1,0,0,1,0,0,0,0,1
-0.4417729543927777,-0.3046861100245558,-1.4942531130522116,-0.7788081903496579,1,0,1,0,1,0,0,1,1,0,0,0,0,1,0,1,0,0,1,0,0,1,0,0,1,0,0,1,0,0,1,0,0,1,0,1,0,0,1,0,0
-0.4417729543927777,-0.7524491932490897,-1.5307549973450414,-0.8982098227044021,1,0,0,1,0,1,0,1,1,0,0,0,0,1,0,1,0,0,1,0,0,1,0,0,1,0,0,1,0,0,1,0,0,0,1,1,0,0,0,0,1
-0.4417729543927777,-0.10115743583158582,0.17653768162413558,-0.044967821466703174,1,0,0,1,1,0,0,1,1,0,0,1,0,0,1,0,0,0,0,1,0,0,1,0,0,1,1,0,0,0,0,1,0,1,0,1,0,1,0,0,0
-0.4417729543927777,1.6084834273893618,1.744459529657053,2.7962597692449016,1,0,0,1,0,1,0,1,0,0,1,0,1,0,0,0,1,0,0,1,0,0,1,0,0,1,0,0,1,0,0,1,0,0,1,1,0,0,1,0,0
-0.4417729543927777,0.9571916699718579,0.6859048851649879,1.142199208222552,1,0,0,1,1,0,0,1,0,0,1,0,1,0,1,0,0,1,0,0,1,0,0,1,0,0,0,0,1,1,0,0,1,0,0,0,1,1,0,0,0
-0.4417729543927777,1.6084834273893618,1.0957214951799412,2.113152471215378,0,1,0,1,1,0,0,1,0,0,1,0,1,0,0,0,1,0,0,1,0,0,1,1,0,0,0,0,1,1,0,0,0,0,1,0,1,0,1,0,0
-0.4417729543927777,0.835074465456076,-1.5108448786398616,-0.5229036438596315,0,1,0,1,0,1,0,1,1,0,0,0,0,1,0,1,0,0,1,0,0,1,0,0,1,0,0,1,0,0,1,0,0,0,1,0,1,0,0,0,1
-0.4417729543927777,-1.2002122764736236,-0.29964599074141723,-0.9412374379673729,0,1,1,0,0,1,0,1,1,0,0,1,0,0,0,0,1,1,0,0,0,0,1,1,0,0,1,0,0,1,0,0,1,0,0,1,0,0,0,0,1
-0.4417729543927777,0.2651941777157601,0.3424553375006348,0.3145103417634746,0,1,1,0,1,0,0,1,0,0,1,0,1,0,1,0,0,1,0,0,1,0,0,1,0,0,1,0,0,1,0,0,1,0,0,1,0,0,0,1,0
-0.4417729543927777,0.3058999125543541,1.2068863246171955,0.795475659516755,0,1,0,1,1,0,0,1,0,0,1,0,1,0,1,0,0,0,0,1,1,0,0,1,0,0,0,0,1,0,0,1,1,0,0,0,1,0,0,1,0
-0.4417729543927777,1.120014609326234,-1.4925939364934464,-0.4879766357558627,0,1,1,0,0,1,0,1,1,0,0,0,0,1,0,1,0,0,1,0,0,1,0,0,1,0,0,1,0,0,1,0,0,0,1,1,0,0,0,0,1
-0.4417729543927777,1.445660488034986,0.5216464058472541,1.3298522976449372,1,0,1,0,1,0,0,1,0,0,1,1,0,0,1,0,0,0,0,1,0,0,1,1,0,0,0,0,1,0,0,1,0,0,1,0,1,0,0,1,0
-0.4417729543927777,0.7943687306174819,0.4735302856430692,0.7529749130121062,0,1,0,1,0,1,0,1,1,0,0,1,0,0,0,0,1,0,0,1,0,0,1,1,0,0,0,0,1,0,0,1,0,0,1,1,0,0,0,1,0
-0.4417729543927777,-0.3860975797017438,-0.8056948411647399,-0.5944480306667856,0,1,1,0,0,1,1,0,0,1,0,1,0,0,0,0,1,0,0,1,1,0,0,0,0,1,1,0,0,1,0,0,0,1,0,1,0,1,0,0,0
-0.4417729543927777,1.160720344164828,0.5349198183173738,1.0740794683444912,0,1,0,1,1,0,0,1,1,0,0,1,0,0,0,0,1,0,0,1,1,0,0,0,0,1,0,0,1,0,0,1,0,0,1,0,1,0,0,0,1
-0.4417729543927777,1.404954753196392,-1.5158224083161564,-0.4076291501117436,1,0,0,1,0,1,0,1,1,0,0,0,0,1,0,1,0,0,1,0,0,1,0,0,1,0,0,1,0,0,1,0,0,0,1,0,1,1,0,0,0
-0.4417729543927777,1.364249018357798,0.6958599445175783,1.4462463875042597,0,1,0,1,1,0,0,1,1,0,0,1,0,0,0,0,1,0,0,1,0,0,1,0,0,1,0,0,1,0,0,1,0,0,1,0,1,1,0,0,0
-0.4417729543927777,-0.9966836022806537,-1.3449272227633624,-0.9208651793122522,0,1,0,1,0,1,0,1,0,0,1,0,0,1,0,1,0,0,1,0,0,1,0,0,1,0,0,1,0,0,1,0,0,1,0,1,0,0,0,0,1
-0.4417729543927777,0.10237123836138413,-0.18184445506910263,-0.0721893739800113,1,0,0,1,0,1,0,1,0,0,1,1,0,0,0,0,1,0,0,1,1,0,0,1,0,0,1,0,0,1,0,0,1,0,0,0,1,0,1,0,0
-0.4417729543927777,1.201426079003422,-0.8737210800741044,0.019419931373242598,0,1,0,1,1,0,1,0,0,1,0,1,0,0,0,0,1,0,0,1,1,0,0,0,0,1,1,0,0,1,0,0,0,0,1,0,1,0,1,0,0
-0.4417729543927777,-1.2816237461508115,0.6129011165793287,-0.9737935366586923,1,0,1,0,1,0,0,1,1,0,0,0,1,0,0,0,1,0,0,1,1,0,0,0,0,1,1,0,0,1,0,0,1,0,0,0,1,0,0,0,1
-0.4417729543927777,-1.2816237461508115,-1.4760021709057964,-1.0014321936056723,0,1,1,0,1,0,0,1,1,0,0,0,0,1,0,1,0,0,1,0,0,1,0,0,1,0,0,1,0,0,1,0,1,0,0,0,1,0,0,0,1
-0.4417729543927777,0.3466056473929481,-1.5141632317573916,-0.6712830579220908,1,0,0,1,0,1,0,1,1,0,0,0,0,1,0,1,0,0,1,0,0,1,0,0,1,0,0,1,0,0,1,0,0,0,1,1,0,1,0,0,0
2.2636062032690805,1.6084834273893618,1.108994907650061,2.031992729568846,0,1,0,1,1,0,0,1,0,0,1,0,1,0,1,0,0,0,0,1,1,0,0,1,0,0,0,0,1,0,0,1,0,0,1,1,0,1,0,0,0
-0.4417729543927777,-1.1188008067964357,0.9148712502745571,-0.8116496762850683,0,1,1,0,1,0,0,1,0,0,1,0,1,0,1,0,0,1,0,0,0,0,1,1,0,0,0,0,1,1,0,0,1,0,0,0,1,0,0,1,0
-0.4417729543927777,1.5677776925507678,1.6482272892486833,2.546062967636698,1,0,0,1,0,1,0,1,0,0,1,0,1,0,0,0,1,0,0,1,0,0,1,0,0,1,0,0,1,0,0,1,0,0,1,1,0,1,0,0,0
2.2636062032690805,-1.2816237461508115,0.2893616876201552,-0.9780743453200593,0,1,1,0,1,0,0,1,0,0,1,0,1,0,1,0,0,1,0,0,1,0,0,1,0,0,1,0,0,1,0,0,1,0,0,0,1,0,0,1,0
-0.4417729543927777,-1.2816237461508115,-0.6995075414037802,-0.9911582528183913,0,1,1,0,1,0,0,1,1,0,0,1,0,0,1,0,0,1,0,0,1,0,0,1,0,0,1,0,0,1,0,0,1,0,0,0,1,1,0,0,0
-0.4417729543927777,1.201426079003422,-1.2918335728828825,-0.2909277201434001,1,0,1,0,0,1,0,1,0,0,1,0,0,1,0,1,0,0,1,0,0,1,0,0,1,0,0,1,0,0,1,0,0,0,1,1,0,1,0,0,0
-0.4417729543927777,0.5908400564245121,-1.4477961694067918,-0.5530010216787811,1,0,0,1,0,1,0,1,1,0,0,0,0,1,0,1,0,0,1,0,0,1,0,0,1,0,0,1,0,0,1,0,0,0,1,0,1,1,0,0,0
2.2636062032690805,-0.6710377235719017,0.9795791360663918,-0.34690752571512246,1,0,1,0,1,0,0,1,1,0,0,0,1,0,1,0,0,1,0,0,1,0,0,0,0,1,0,0,1,0,0,1,1,0,0,0,1,0,0,1,0
-0.4417729543927777,1.160720344164828,1.2019087949409009,1.7924869731815947,1,0,0,1,1,0,0,1,0,0,1,0,1,0,1,0,0,1,0,0,1,0,0,0,0,1,0,0,1,0,0,1,0,1,0,1,0,1,0,0,0
-0.4417729543927777,-0.3860975797017438,-1.5141632317573916,-0.7969412567819099,0,1,0,1,1,0,0,1,1,0,0,0,0,1,0,1,0,0,1,0,0,1,0,0,1,0,0,1,0,0,1,0,0,1,0,1,0,0,1,0,0
-0.4417729543927777,-0.8338606629262777,0.8120023036311277,-0.529357786149077,1,0,1,0,1,0,0,1,1,0,0,0,1,0,1,0,0,1,0,0,0,0,1,0,0,1,1,0,0,0,0,1,1,0,0,0,1,0,0,1,0
-0.4417729543927777,-0.2232746403473678,0.5282831120823137,-0.04257495918932375,0,1,0,1,1,0,0,1,0,0,1,1,0,0,0,0,1,1,0,0,1,0,0,0,0,1,0,0,1,0,0,1,0,1,0,1,0,0,0,0,1
-0.4417729543927777,0.2244884428771661,-1.4826388771408565,-0.6526889813263069,1,0,0,1,1,0,0,1,1,0,0,0,0,1,0,1,0,0,1,0,0,1,0,0,1,0,0,1,0,0,1,0,0,1,0,0,1,0,1,0,0
-0.4417729543927777,-0.14186317067017984,-1.4909347599346816,-0.7472838763100527,1,0,1,0,1,0,0,1,1,0,0,0,0,1,0,1,0,0,1,0,0,1,0,0,1,0,0,1,0,0,1,0,0,1,0,1,0,0,0,0,1
-0.4417729543927777,1.2828375486806098,-1.3067661619117674,-0.25744960112501714,1,0,0,1,1,0,0,1,0,0,1,0,0,1,0,1,0,0,1,0,0,1,0,0,1,0,0,1,0,0,1,0,0,0,1,1,0,0,0,0,1
-0.4417729543927777,0.753662995778888,-1.4693654646707368,-0.5622431778143477,1,0,1,0,1,0,0,1,1,0,0,0,0,1,0,1,0,0,1,0,0,1,0,0,1,0,0,1,0,0,1,0,0,0,1,1,0,1,0,0,0
-0.4417729543927777,0.753662995778888,-0.16691186604021785,0.3259038786621898,0,1,1,0,1,0,0,1,0,0,1,1,0,0,0,0,1,1,0,0,1,0,0,0,0,1,1,0,0,1,0,0,0,1,0,1,0,0,1,0,0
-0.4417729543927777,-0.2232746403473678,-0.5286123558509861,-0.44343427281271586,0,1,1,0,1,0,0,1,0,0,1,1,0,0,1,0,0,1,0,0,1,0,0,1,0,0,1,0,0,1,0,0,1,0,0,1,0,0,0,0,1
-0.4417729543927777,-1.1188008067964357,-0.032518564780253355,-0.8707467886768631,0,1,1,0,1,0,0,1,1,0,0,1,0,0,1,0,0,1,0,0,0,0,1,0,0,1,0,0,1,1,0,0,1,0,0,0,1,0,1,0,0
-0.4417729543927777,1.6084834273893618,1.0011484313303365,1.9941240375644456,1,0,0,1,0,1,0,1,0,0,1,0,1,0,0,0,1,0,0,1,1,0,0,1,0,0,0,0,1,1,0,0,0,0,1,0,1,0,0,1,0
-0.4417729543927777,0.753662995778888,0.4552793434966544,0.7242386128186219,1,0,0,1,1,0,0,1,0,0,1,1,0,0,1,0,0,0,0,1,1,0,0,0,0,1,0,0,1,0,0,1,0,1,0,0,1,0,1,0,0
-0.4417729543927777,-0.7524491932490897,0.8252757161012474,-0.5146713195108488,1,0,1,0,1,0,0,1,1,0,0,0,1,0,1,0,0,1,0,0,1,0,0,1,0,0,0,0,1,0,0,1,1,0,0,0,1,0,0,0,1
-0.4417729543927777,-0.42680331454033776,-0.32619281568165703,-0.4602062616193024,0,1,1,0,1,0,0,1,1,0,0,1,0,0,0,0,1,1,0,0,1,0,0,0,0,1,1,0,0,1,0,0,1,0,0,1,0,0,0,0,1
-0.4417729543927777,0.3466056473929481,1.2500249151450853,0.8394911537015798,0,1,0,1,0,1,0,1,0,0,1,0,1,0,1,0,0,1,0,0,0,0,1,0,0,1,0,0,1,0,0,1,0,1,0,0,1,0,0,1,0
-0.4417729543927777,0.38731138223154205,-1.4660471115532068,-0.6396489795578352,1,0,1,0,1,0,0,1,1,0,0,0,0,1,0,1,0,0,1,0,0,1,0,0,1,0,0,1,0,0,1,0,0,0,1,0,1,1,0,0,0
-0.4417729543927777,-1.1595065416350296,0.17321932850660576,-0.8925898892822999,1,0,1,0,1,0,0,1,1,0,0,0,1,0,1,0,0,1,0,0,1,0,0,1,0,0,1,0,0,1,0,0,1,0,0,0,1,0,0,1,0
-0.4417729543927777,1.6084834273893618,0.8435266582476622,1.8712977582806076,1,0,0,1,0,1,0,1,0,0,1,0,1,0,0,0,1,0,0,1,1,0,0,0,0,1,1,0,0,1,0,0,0,0,1,0,1,1,0,0,0
-0.4417729543927777,-1.1595065416350296,-1.4892755833759166,-0.9728715163316286,1,0,1,0,0,1,0,1,1,0,0,0,0,1,0,1,0,0,1,0,0,1,0,0,1,0,0,1,0,0,1,0,1,0,0,0,1,1,0,0,0
2.2636062032690805,-0.5082147842175258,-0.1635935129226878,-0.4574841063679717,1,0,0,1,1,0,0,1,1,0,0,1,0,0,1,0,0,0,0,1,1,0,0,1,0,0,1,0,0,0,0,1,1,0,0,0,1,0,0,1,0
-0.4417729543927777,-0.42680331454033776,0.010620025747636343,-0.3773781022380835,1,0,1,0,1,0,0,1,1,0,0,1,0,0,1,0,0,0,0,1,0,0,1,1,0,0,0,0,1,1,0,0,0,1,0,1,0,1,0,0,0
-0.4417729543927777,0.1837827080385721,1.3130736243781551,0.6483475587553105,0,1,1,0,1,0,0,1,0,0,1,0,1,0,1,0,0,0,0,1,1,0,0,0,0,1,0,0,1,0,0,1,0,1,0,0,1,0,1,0,0
-0.4417729543927777,-1.2816237461508115,-0.5103614137045713,-0.9886556262163613,1,0,1,0,1,0,0,1,1,0,0,1,0,0,0,0,1,1,0,0,1,0,0,1,0,0,1,0,0,1,0,0,1,0,0,1,0,1,0,0,0
2.2636062032690805,-0.5082147842175258,1.115631613885121,-0.20131612549878422,0,1,1,0,1,0,0,1,0,0,1,0,1,0,1,0,0,1,0,0,0,0,1,1,0,0,0,0,1,0,0,1,1,0,0,0,1,0,0,1,0
-0.4417729543927777,-0.3046861100245558,0.32088604223668965,-0.22109565680079277,1,0,0,1,1,0,0,1,1,0,0,0,1,0,1,0,0,1,0,0,0,0,1,1,0,0,1,0,0,1,0,0,1,0,0,0,1,0,0,1,0
-0.4417729543927777,-1.1595065416350296,0.44864263726159437,-0.8655000539585722,0,1,1,0,1,0,0,1,0,0,1,0,1,0,1,0,0,0,0,1,1,0,0,1,0,0,1,0,0,1,0,0,1,0,0,1,0,0,0,1,0
-0.4417729543927777,1.6084834273893618,-1.3067661619117674,-0.19038359876360075,0,1,0,1,0,1,0,1,0,0,1,0,0,1,0,1,0,0,1,0,0,1,0,0,1,0,0,1,0,0,1,0,0,0,1,1,0,0,1,0,0
-0.4417729543927777,-0.019745966154397845,-1.5108448786398616,-0.7289093283635697,1,0,0,1,1,0,0,1,1,0,0,0,0,1,0,1,0,0,1,0,0,1,0,0,1,0,0,1,0,0,1,0,1,0,0,1,0,1,0,0,0
-0.4417729543927777,1.07930887448764,-1.5075265255223316,-0.4735975092266556,1,0,0,1,0,1,0,1,1,0,0,0,0,1,0,1,0,0,1,0,0,1,0,0,1,0,0,1,0,0,1,0,0,0,1,1,0,0,1,0,0
-0.4417729543927777,0.10237123836138413,-1.5158224083161564,-0.7392271748807107,1,0,1,0,1,0,0,1,1,0,0,0,0,1,0,1,0,0,1,0,0,1,0,0,1,0,0,1,0,0,1,0,1,0,0,1,0,1,0,0,0
-0.4417729543927777,0.835074465456076,-0.06902044907308323,0.4909455172065853,0,1,1,0,0,1,0,1,1,0,0,1,0,0,0,0,1,0,0,1,1,0,0,0,0,1,1,0,0,1,0,0,0,1,0,1,0,0,1,0,0
-0.4417729543927777,1.5677776925507678,0.46855275596677404,1.427454735124105,0,1,1,0,1,0,0,1,0,0,1,0,1,0,1,0,0,0,0,1,1,0,0,1,0,0,1,0,0,1,0,0,0,1,0,0,1,0,1,0,0
-0.4417729543927777,-0.8745663977648717,1.092403142062411,-0.5250769774877101,1,0,1,0,1,0,0,1,0,0,1,0,1,0,1,0,0,1,0,0,0,0,1,1,0,0,0,0,1,0,0,1,1,0,0,0,1,1,0,0,0
-0.4417729543927777,0.7943687306174819,-1.4959122896109764,-0.5404000772089109,1,0,0,1,0,1,0,1,1,0,0,0,0,1,0,1,0,0,1,0,0,1,0,0,1,0,0,1,0,0,1,0,0,0,1,1,0,0,0,0,1
-0.4417729543927777,0.42801711707013607,-0.9865450860701238,-0.3677627473987053,0,1,1,0,1,0,1,0,0,1,0,1,0,0,0,0,1,1,0,0,0,0,1,1,0,0,1,0,0,1,0,0,0,1,0,0,1,0,1,0,0
-0.4417729543927777,-0.3860975797017438,-1.3051069853530024,-0.7844061709068301,1,0,0,1,0,1,0,1,0,0,1,0,0,1,0,1,0,0,1,0,0,1,0,0,1,0,0,1,0,0,1,0,0,0,1,0,1,0,1,0,0
-0.4417729543927777,-0.8745663977648717,-0.47717788252927146,-0.7621898715975819,1,0,0,1,0,1,1,0,0,1,0,1,0,0,0,0,1,1,0,0,1,0,0,1,0,0,0,0,1,0,0,1,1,0,0,1,0,0,0,1,0
-0.4417729543927777,-0.18256890550877383,1.3528938617885151,0.297760305821818,0,1,1,0,1,0,0,1,0,0,1,0,1,0,1,0,0,0,0,1,0,0,1,1,0,0,0,0,1,0,0,1,1,0,0,0,1,0,0,1,0
-0.4417729543927777,1.2421318138420159,1.1521334981779512,1.7605675075732479,1,0,0,1,0,1,0,1,0,0,1,0,1,0,0,0,1,1,0,0,1,0,0,1,0,0,0,0,1,0,0,1,0,1,0,0,1,0,1,0,0
2.2636062032690805,-0.7931549280876837,-0.16691186604021785,-0.664280094009393,0,1,1,0,1,0,0,1,1,0,0,1,0,0,1,0,0,0,0,1,1,0,0,1,0,0,0,0,1,1,0,0,1,0,0,0,1,0,0,1,0
-0.4417729543927777,-0.6303319887333078,0.9779199595076269,-0.3002357348737571,1,0,1,0,1,0,0,1,0,0,1,0,1,0,0,0,1,0,0,1,1,0,0,1,0,0,0,0,1,1,0,0,1,0,0,0,1,0,0,1,0
-0.4417729543927777,-1.2002122764736236,0.700837474193873,-0.9029077357994408,0,1,1,0,1,0,0,1,1,0,0,0,1,0,0,0,1,1,0,0,1,0,0,1,0,0,1,0,0,0,0,1,1,0,0,0,1,0,0,0,1
-0.4417729543927777,-1.1595065416350296,-0.6397771852882407,-0.9265290184642145,1,0,1,0,1,0,0,1,1,0,0,1,0,0,1,0,0,1,0,0,1,0,0,1,0,0,1,0,0,1,0,0,1,0,0,1,0,0,0,0,1
-0.4417729543927777,0.5908400564245121,0.738998535045468,0.7534798289054979,0,1,0,1,0,1,0,1,0,0,1,0,1,0,1,0,0,0,0,1,1,0,0,1,0,0,0,0,1,1,0,0,1,0,0,1,0,0,0,1,0
-0.4417729543927777,1.48636622287358,-0.19345869098045762,0.8049592971665525,1,0,0,1,0,1,0,1,1,0,0,1,0,0,1,0,0,0,0,1,0,0,1,0,0,1,1,0,0,1,0,0,0,1,0,1,0,1,0,0,0
-0.4417729543927777,-1.2002122764736236,0.47021193252553894,-0.9021832912567479,1,0,1,0,1,0,0,1,1,0,0,0,1,0,0,0,1,0,0,1,1,0,0,1,0,0,1,0,0,1,0,0,1,0,0,0,1,0,0,1,0
-0.4417729543927777,-0.8745663977648717,-1.3250171040581824,-0.8783863856725334,1,0,0,1,0,1,0,1,0,0,1,0,0,1,0,1,0,0,1,0,0,1,0,0,1,0,0,1,0,0,1,0,0,0,1,1,0,0,0,0,1
2.2636062032690805,-0.9966836022806537,0.9795791360663918,-0.6842132953659121,1,0,1,0,1,0,0,1,1,0,0,0,1,0,1,0,0,1,0,0,0,0,1,1,0,0,0,0,1,0,0,1,1,0,0,0,1,0,1,0,0
-0.4417729543927777,-1.1595065416350296,-1.5241182911099813,-0.9757692945024001,0,1,1,0,1,0,0,1,1,0,0,0,0,1,0,1,0,0,1,0,0,1,0,0,1,0,0,1,0,0,1,0,1,0,0,1,0,0,0,0,1
-0.4417729543927777,0.835074465456076,-0.3759681124446068,0.253722858772063,1,0,1,0,1,0,1,0,0,1,0,1,0,0,0,0,1,0,0,1,0,0,1,0,0,1,0,0,1,1,0,0,0,1,0,0,1,0,0,1,0
-0.4417729543927777,-0.5082147842175258,-1.4909347599346816,-0.8270386346010594,1,0,0,1,0,1,0,1,1,0,0,0,0,1,0,1,0,0,1,0,0,1,0,0,1,0,0,1,0,0,1,0,1,0,0,1,0,0,0,1,0
2.2636062032690805,-1.1188008067964357,-0.6480730680820656,-0.9161233604873532,0,1,1,0,1,0,1,0,0,1,0,1,0,0,1,0,0,1,0,0,0,0,1,0,0,1,0,0,1,1,0,0,1,0,0,1,0,0,1,0,0
-0.4417729543927777,-1.1595065416350296,0.1699009753890755,-0.8932265223652723,1,0,1,0,1,0,0,1,1,0,0,0,1,0,1,0,0,1,0,0,1,0,0,1,0,0,1,0,0,1,0,0,1,0,0,0,1,0,1,0,0
-0.4417729543927777,1.201426079003422,0.00564249607134118,0.6785327480341804,1,0,1,0,1,0,0,1,1,0,0,1,0,0,0,0,1,1,0,0,1,0,0,0,0,1,1,0,0,0,0,1,0,0,1,0,1,0,0,0,1
2.2636062032690805,0.46872285190873003,0.8037064208373027,0.7417569990328314,1,0,1,0,1,0,0,1,1,0,0,0,1,0,1,0,0,0,0,1,0,0,1,1,0,0,1,0,0,0,0,1,0,1,0,1,0,0,1,0,0
-0.4417729543927777,-1.2002122764736236,-1.4975714661697417,-0.9848797334483863,0,1,1,0,1,0,0,1,1,0,0,0,0,1,0,1,0,0,1,0,0,1,0,0,1,0,0,1,0,0,1,0,1,0,0,0,1,0,0,0,1
-0.4417729543927777,1.6084834273893618,0.6394479415195684,1.618027555582192,1,0,0,1,0,1,0,1,0,0,1,1,0,0,0,0,1,1,0,0,0,0,1,0,0,1,0,0,1,0,0,1,0,0,1,0,1,1,0,0,0
-0.4417729543927777,-0.8338606629262777,-1.5008898192872715,-0.8969804622683173,0,1,0,1,0,1,0,1,1,0,0,0,0,1,0,1,0,0,1,0,0,1,0,0,1,0,0,1,0,0,1,0,0,0,1,1,0,0,0,0,1
-0.4417729543927777,-1.2409180113122176,1.0675154936809361,-0.9295585138245666,0,1,0,1,0,1,0,1,1,0,0,0,1,0,0,0,1,1,0,0,1,0,0,1,0,0,0,0,1,0,0,1,1,0,0,1,0,0,0,1,0
-0.4417729543927777,0.6315457912631061,-1.5158224083161564,-0.6349730193277267,0,1,0,1,1,0,0,1,1,0,0,0,0,1,0,1,0,0,1,0,0,1,0,0,1,0,0,1,0,0,1,0,0,0,1,1,0,0,0,0,1
-0.4417729543927777,-1.1595065416350296,-0.2830542251537673,-0.9072983087854583,0,1,1,0,1,0,0,1,1,0,0,1,0,0,1,0,0,1,0,0,1,0,0,1,0,0,0,0,1,1,0,0,1,0,0,0,1,0,0,1,0
-0.4417729543927777,0.061665503522790134,0.677609002371163,0.2613624557677334,1,0,1,0,1,0,0,1,0,0,1,0,1,0,1,0,0,1,0,0,1,0,0,1,0,0,0,0,1,1,0,0,1,0,0,1,0,0,0,1,0
-0.4417729543927777,1.201426079003422,0.3109309828840998,1.052302226333845,0,1,1,0,1,0,0,1,1,0,0,1,0,0,0,0,1,0,0,1,1,0,0,1,0,0,0,0,1,0,0,1,0,1,0,0,1,0,1,0,0
-0.4417729543927777,-1.2816237461508115,0.5282831120823137,-0.9749131327701268,0,1,1,0,1,0,0,1,1,0,0,0,1,0,1,0,0,1,0,0,1,0,0,1,0,0,1,0,0,0,0,1,1,0,0,0,1,0,0,0,1
-0.4417729543927777,0.835074465456076,0.4137999295275296,0.8142892647618395,0,1,0,1,1,0,0,1,0,0,1,1,0,0,0,0,1,1,0,0,0,0,1,0,0,1,0,0,1,1,0,0,0,1,0,1,0,1,0,0,0
2.2636062032690805,-0.42680331454033776,0.8236165395424825,-0.1591227191031566,0,1,0,1,1,0,0,1,1,0,0,0,1,0,1,0,0,1,0,0,1,0,0,1,0,0,0,0,1,0,0,1,1,0,0,0,1,1,0,0,0
-0.4417729543927777,1.6084834273893618,0.2677923923562101,1.3013135732358239,1,0,1,0,1,0,0,1,1,0,0,1,0,0,0,0,1,0,0,1,0,0,1,0,0,1,1,0,0,0,0,1,0,0,1,0,1,0,1,0,0
-0.4417729543927777,-1.2002122764736236,1.0111034906829268,-0.8817012682769765,1,0,1,0,1,0,0,1,1,0,0,0,1,0,1,0,0,0,0,1,1,0,0,1,0,0,0,0,1,0,0,1,1,0,0,1,0,0,0,1,0
-0.4417729543927777,-1.2816237461508115,-1.4959122896109764,-1.0016956279848332,0,1,0,1,0,1,0,1,1,0,0,0,0,1,0,1,0,0,1,0,0,1,0,0,1,0,0,1,0,0,1,0,0,1,0,1,0,0,1,0,0
-0.4417729543927777,1.404954753196392,1.2964818587905051,2.080135362360527,1,0,1,0,0,1,0,1,0,0,1,0,1,0,1,0,0,0,0,1,1,0,0,0,0,1,0,0,1,0,0,1,0,0,1,0,1,0,0,1,0
-0.4417729543927777,-1.1595065416350296,-0.017585975751368336,-0.8993294188158366,1,0,1,0,1,0,0,1,0,0,1,1,0,0,1,0,0,1,0,0,1,0,0,0,0,1,0,0,1,1,0,0,1,0,0,0,1,0,0,0,1
-0.4417729543927777,-0.26398037518596185,-1.4892755833759166,-0.7882918279994555,0,1,0,1,0,1,0,1,1,0,0,0,0,1,0,1,0,0,1,0,0,1,0,0,1,0,0,1,0,0,1,0,0,1,0,0,1,1,0,0,0
-0.4417729543927777,-1.2409180113122176,0.6991782976351081,-0.9377688853084193,0,1,1,0,1,0,0,1,0,0,1,0,1,0,1,0,0,1,0,0,1,0,0,1,0,0,1,0,0,0,0,1,1,0,0,0,1,0,0,1,0
-0.4417729543927777,-1.2409180113122176,-1.4925939364934464,-0.9936608794204211,1,0,1,0,1,0,0,1,1,0,0,0,0,1,0,1,0,0,1,0,0,1,0,0,1,0,0,1,0,0,1,0,1,0,0,1,0,0,0,0,1
2.2636062032690805,-0.2232746403473678,1.3180511540544504,0.290954917693491,0,1,1,0,1,0,0,1,0,0,1,0,1,0,1,0,0,0,0,1,1,0,0,0,0,1,0,0,1,0,0,1,0,1,0,0,1,1,0,0,0
-0.4417729543927777,1.2828375486806098,-0.34278458126930694,0.4927017464009923,1,0,0,1,0,1,1,0,0,1,0,1,0,0,1,0,0,0,0,1,1,0,0,0,0,1,0,0,1,0,0,1,0,0,1,0,1,0,0,1,0
-0.4417729543927777,-0.5896262538947138,-0.8587884910452197,-0.7163083838936997,1,0,0,1,1,0,1,0,0,1,0,1,0,0,1,0,0,1,0,0,0,0,1,1,0,0,0,0,1,1,0,0,1,0,0,0,1,0,0,1,0
-0.4417729543927777,1.404954753196392,0.49012205123071917,1.313694989056393,0,1,0,1,0,1,0,1,0,0,1,1,0,0,0,0,1,1,0,0,0,0,1,1,0,0,0,0,1,0,0,1,0,0,1,0,1,0,0,1,0
-0.4417729543927777,0.712957260940294,0.3507512202944597,0.7570581458891023,0,1,0,1,0,1,0,1,1,0,0,1,0,0,0,0,1,1,0,0,1,0,0,0,0,1,0,0,1,0,0,1,0,1,0,1,0,0,0,1,0
-0.4417729543927777,0.2651941777157601,1.3197103306132152,0.8050251557613429,1,0,0,1,1,0,0,1,1,0,0,0,1,0,0,0,1,1,0,0,0,0,1,0,0,1,0,0,1,0,0,1,0,1,0,0,1,0,1,0,0
-0.4417729543927777,-1.1595065416350296,0.7804779490145928,-0.8476743276353413,0,1,1,0,1,0,0,1,1,0,0,0,1,0,1,0,0,1,0,0,1,0,0,1,0,0,0,0,1,0,0,1,1,0,0,0,1,0,0,1,0
2.2636062032690805,-0.8745663977648717,1.2981410353492702,-0.5126736088022108,1,0,0,1,1,0,0,1,0,0,1,0,1,0,1,0,0,1,0,0,0,0,1,0,0,1,0,0,1,0,0,1,1,0,0,0,1,1,0,0,0
2.2636062032690805,-1.2409180113122176,0.5498524073462587,-0.9390421514743642,1,0,1,0,1,0,0,1,1,0,0,0,1,0,1,0,0,1,0,0,1,0,0,1,0,0,0,0,1,1,0,0,1,0,0,1,0,0,0,0,1
-0.4417729543927777,-0.6710377235719017,-1.5141632317573916,-0.8521966178109394,1,0,1,0,0,1,0,1,1,0,0,0,0,1,0,1,0,0,1,0,0,1,0,0,1,0,0,1,0,0,1,0,0,1,0,0,1,1,0,0,0
-0.4417729543927777,0.2244884428771661,0.6411071180783333,0.422891635923315,1,0,1,0,1,0,0,1,1,0,0,0,1,0,1,0,0,0,0,1,0,0,1,0,0,1,1,0,0,1,0,0,1,0,0,0,1,0,1,0,0
-0.4417729543927777,1.6084834273893618,0.9795791360663918,2.0286119883696125,1,0,0,1,1,0,0,1,0,0,1,0,1,0,0,0,1,0,0,1,1,0,0,1,0,0,1,0,0,0,0,1,0,0,1,0,1,0,1,0,0
-0.4417729543927777,-0.5489205190561198,-0.8372191957812746,-0.6986582804899095,1,0,1,0,1,0,1,0,0,1,0,1,0,0,1,0,0,0,0,1,1,0,0,1,0,0,1,0,0,0,0,1,1,0,0,0,1,0,0,1,0
-0.4417729543927777,-1.2816237461508115,-1.4892755833759166,-1.0016078165251128,0,1,1,0,1,0,0,1,1,0,0,0,0,1,0,1,0,0,1,0,0,1,0,0,1,0,0,1,0,0,1,0,1,0,0,1,0,0,0,0,1
-0.4417729543927777,0.38731138223154205,0.2727699220325053,0.34550778704475765,0,1,0,1,0,1,0,1,1,0,0,1,0,0,1,0,0,1,0,0,0,0,1,0,0,1,0,0,1,0,0,1,0,1,0,1,0,0,0,1,0
-0.4417729543927777,-0.9966836022806537,-0.6762790695810705,-0.8596166861573088,0,1,1,0,0,1,1,0,0,1,0,1,0,0,0,0,1,1,0,0,1,0,0,0,0,1,1,0,0,0,0,1,0,0,1,0,1,0,0,0,1
-0.4417729543927777,0.9571916699718579,-1.4975714661697417,-0.5187106466579848,1,0,0,1,0,1,0,1,1,0,0,0,0,1,0,1,0,0,1,0,0,1,0,0,1,0,0,1,0,0,1,0,0,0,1,0,1,0,1,0,0
-0.4417729543927777,1.201426079003422,0.21469874247573056,0.9597709006535274,0,1,0,1,0,1,0,1,1,0,0,1,0,0,0,0,1,1,0,0,0,0,1,0,0,1,1,0,0,0,0,1,0,1,0,1,0,0,1,0,0
-0.4417729543927777,-1.2409180113122176,-0.3809456421209017,-0.9579435681791694,0,1,1,0,1,0,0,1,1,0,0,1,0,0,0,0,1,1,0,0,0,0,1,1,0,0,1,0,0,1,0,0,1,0,0,1,0,0,0,1,0
-0.4417729543927777,0.10237123836138413,0.3407961609418699,0.12068849729573465,0,1,0,1,1,0,0,1,0,0,1,0,1,0,1,0,0,1,0,0,1,0,0,1,0,0,1,0,0,1,0,0,1,0,0,0,1,0,0,1,0
-0.4417729543927777,-0.10115743583158582,-1.4975714661697417,-0.7572285241233822,0,1,0,1,1,0,0,1,1,0,0,0,0,1,0,1,0,0,1,0,0,1,0,0,1,0,0,1,0,0,1,0,0,1,0,1,0,0,1,0,0
-0.4417729543927777,1.07930887448764,0.8418674816888972,1.2700746464403099,1,0,0,1,0,1,0,1,0,0,1,1,0,0,0,0,1,0,0,1,0,0,1,0,0,1,0,0,1,0,0,1,0,0,1,1,0,0,1,0,0
-0.4417729543927777,1.3235432835192038,1.4308751600504694,2.1151940876538764,1,0,0,1,1,0,0,1,0,0,1,0,1,0,1,0,0,0,0,1,0,0,1,0,0,1,0,0,1,0,0,1,0,1,0,0,1,0,1,0,0
-0.4417729543927777,1.201426079003422,1.168725263765601,1.8055489278149965,1,0,1,0,0,1,0,1,0,0,1,0,1,0,1,0,0,1,0,0,0,0,1,1,0,0,0,0,1,0,0,1,0,1,0,0,1,0,0,1,0
-0.4417729543927777,0.3058999125543541,-0.10054480368961818,0.15181765976659833,0,1,1,0,1,0,0,1,1,0,0,1,0,0,0,0,1,0,0,1,1,0,0,0,0,1,1,0,0,1,0,0,1,0,0,0,1,0,0,0,1
-0.4417729543927777,-0.3453918448631498,1.1521334981779512,0.045456029180325895,0,1,1,0,1,0,0,1,0,0,1,0,1,0,1,0,0,0,0,1,1,0,0,1,0,0,0,0,1,0,0,1,1,0,0,0,1,1,0,0,0
-0.4417729543927777,-0.7117434584104957,0.7705228896620029,-0.3998578359264928,1,0,0,1,1,0,0,1,1,0,0,0,1,0,1,0,0,1,0,0,1,0,0,1,0,0,0,0,1,0,0,1,1,0,0,1,0,0,0,1,0
-0.4417729543927777,0.10237123836138413,-0.13040998174738797,-0.07502129355599267,0,1,0,1,1,0,0,1,1,0,0,1,0,0,0,0,1,0,0,1,0,0,1,1,0,0,1,0,0,1,0,0,1,0,0,1,0,0,0,0,1
-0.4417729543927777,0.753662995778888,0.6825865320474581,0.9310785061899034,1,0,0,1,0,1,0,1,1,0,0,1,0,0,0,0,1,0,0,1,0,0,1,0,0,1,0,0,1,0,0,1,0,0,1,1,0,0,1,0,0
-0.4417729543927777,-0.46750904937893173,-0.9599982611298841,-0.6678803638579273,0,1,1,0,1,0,1,0,0,1,0,1,0,0,1,0,0,0,0,1,1,0,0,0,0,1,1,0,0,1,0,0,1,0,0,0,1,0,0,0,1
-0.4417729543927777,1.364249018357798,0.8335715988950724,1.6089829752309959,1,0,1,0,1,0,0,1,0,0,1,1,0,0,0,0,1,0,0,1,0,0,1,0,0,1,0,0,1,0,0,1,0,0,1,0,1,0,1,0,0
-0.4417729543927777,1.5677776925507678,0.5664441729339087,1.6238670176535952,1,0,0,1,0,1,0,1,1,0,0,1,0,0,0,0,1,1,0,0,0,0,1,0,0,1,0,0,1,0,0,1,0,0,1,0,1,0,1,0,0
-0.4417729543927777,0.9978974048104519,1.1836578527944857,1.4534469272013282,1,0,0,1,0,1,0,1,0,0,1,0,1,0,1,0,0,0,0,1,1,0,0,1,0,0,0,0,1,0,0,1,1,0,0,0,1,0,0,1,0
2.2636062032690805,-1.2409180113122176,-0.5203164730571611,-0.9704127954594589,0,1,1,0,1,0,0,1,1,0,0,1,0,0,0,0,1,1,0,0,1,0,0,1,0,0,1,0,0,1,0,0,1,0,0,0,1,0,0,1,0
2.2636062032690805,-1.0780950719578417,0.5266239355235488,-0.8097178241712207,0,1,0,1,1,0,0,1,0,0,1,0,1,0,1,0,0,1,0,0,0,0,1,1,0,0,1,0,0,1,0,0,1,0,0,0,1,0,0,1,0
-0.4417729543927777,0.550134321585918,-1.5108448786398616,-0.5854693089103801,1,0,0,1,0,1,0,1,1,0,0,0,0,1,0,1,0,0,1,0,0,1,0,0,1,0,0,1,0,0,1,0,0,0,1,1,0,0,0,0,1
-0.4417729543927777,-0.3046861100245558,0.3507512202944597,-0.17574103785523265,0,1,0,1,0,1,0,1,1,0,0,0,1,0,1,0,0,0,0,1,1,0,0,1,0,0,1,0,0,1,0,0,1,0,0,0,1,0,0,1,0
-0.4417729543927777,-1.2409180113122176,-1.4892755833759166,-0.9956146843991991,0,1,1,0,1,0,0,1,1,0,0,0,0,1,0,1,0,0,1,0,0,1,0,0,1,0,0,1,0,0,1,0,1,0,0,1,0,0,0,0,1
-0.4417729543927777,-0.3046861100245558,0.8020472442785374,0.029452390646292407,1,0,0,1,0,1,0,1,0,0,1,0,1,0,1,0,0,1,0,0,0,0,1,1,0,0,1,0,0,0,0,1,1,0,0,0,1,0,0,1,0
-0.4417729543927777,0.1837827080385721,-1.2055563918271028,-0.58296668230835,1,0,1,0,1,0,1,0,0,1,0,1,0,0,1,0,0,1,0,0,1,0,0,0,0,1,1,0,0,1,0,0,1,0,0,1,0,0,1,0,0
-0.4417729543927777,0.020959768684196148,1.3097552712606253,0.486598849950428,1,0,0,1,1,0,0,1,0,0,1,0,1,0,1,0,0,0,0,1,0,0,1,1,0,0,0,0,1,0,0,1,1,0,0,0,1,0,0,1,0
-0.4417729543927777,-0.6710377235719017,-1.4992306427285065,-0.8855649725046719,0,1,1,0,1,0,0,1,1,0,0,0,0,1,0,1,0,0,1,0,0,1,0,0,1,0,0,1,0,0,1,0,0,0,1,1,0,0,0,0,1
-0.4417729543927777,-0.9559778674420596,1.0276952562705768,-0.6471129536340648,0,1,1,0,1,0,0,1,1,0,0,0,1,0,1,0,0,1,0,0,1,0,0,0,0,1,0,0,1,0,0,1,1,0,0,0,1,1,0,0,0
-0.4417729543927777,-1.2816237461508115,-0.6513914211995956,-0.9905216197354186,0,1,1,0,1,0,0,1,1,0,0,1,0,0,1,0,0,1,0,0,1,0,0,1,0,0,1,0,0,1,0,0,1,0,0,1,0,0,0,1,0
-0.4417729543927777,-1.1595065416350296,-1.4776613474645617,-0.9689200006442129,1,0,1,0,0,1,0,1,1,0,0,0,0,1,0,1,0,0,1,0,0,1,0,0,1,0,0,1,0,0,1,0,1,0,0,1,0,0,1,0,0
-0.4417729543927777,0.10237123836138413,0.8816877190992572,0.4105321729676759,0,1,0,1,1,0,0,1,0,0,1,0,1,0,1,0,0,1,0,0,1,0,0,0,0,1,0,0,1,1,0,0,1,0,0,0,1,0,1,0,0
-0.4417729543927777,0.1837827080385721,-1.4975714661697417,-0.7052441399689358,1,0,1,0,1,0,0,1,1,0,0,0,0,1,0,1,0,0,1,0,0,1,0,0,1,0,0,1,0,0,1,0,0,1,0,0,1,0,0,1,0
2.2636062032690805,0.9571916699718579,1.5121748114299542,1.6851813694033286,1,0,1,0,1,0,0,1,0,0,1,0,1,0,0,0,1,0,0,1,0,0,1,1,0,0,0,0,1,0,0,1,0,1,0,1,0,0,0,1,0
-0.4417729543927777,-0.2232746403473678,-1.5108448786398616,-0.8083347936806251,0,1,1,0,1,0,0,1,1,0,0,0,0,1,0,1,0,0,1,0,0,1,0,0,1,0,0,1,0,0,1,0,1,0,0,0,1,0,1,0,0
-0.4417729543927777,0.2244884428771661,-1.4776613474645617,-0.6839718138516812,0,1,0,1,1,0,0,1,1,0,0,0,0,1,0,1,0,0,1,0,0,1,0,0,1,0,0,1,0,0,1,0,0,0,1,1,0,1,0,0,0
-0.4417729543927777,-0.6710377235719017,-0.976590026717534,-0.767743946424894,1,0,0,1,0,1,1,0,0,1,0,1,0,0,1,0,0,1,0,0,1,0,0,1,0,0,1,0,0,0,0,1,1,0,0,0,1,0,1,0,0
-0.4417729543927777,1.3235432835192038,1.346257155553455,2.056689702615194,1,0,0,1,0,1,0,1,0,0,1,0,1,0,1,0,0,0,0,1,0,0,1,1,0,0,0,0,1,0,0,1,1,0,0,0,1,0,0,1,0
-0.4417729543927777,-0.7524491932490897,-0.19345869098045762,-0.67108548213772,1,0,1,0,1,0,0,1,1,0,0,1,0,0,1,0,0,1,0,0,1,0,0,0,0,1,1,0,0,0,0,1,0,1,0,1,0,0,1,0,0
2.2636062032690805,-1.1188008067964357,0.8153206567486575,-0.8006732438200247,0,1,1,0,1,0,0,1,1,0,0,0,1,0,1,0,0,1,0,0,1,0,0,1,0,0,0,0,1,0,0,1,1,0,0,0,1,0,0,1,0
-0.4417729543927777,1.6084834273893618,1.3728039804936947,2.311211218614625,0,1,0,1,1,0,0,1,0,0,1,0,1,0,1,0,0,0,0,1,0,0,1,1,0,0,0,0,1,0,0,1,0,0,1,0,1,1,0,0,0
-0.4417729543927777,-1.1595065416350296,-0.4722003528529763,-0.9162111719470736,1,0,1,0,1,0,0,1,0,0,1,1,0,0,1,0,0,1,0,0,1,0,0,1,0,0,1,0,0,1,0,0,1,0,0,1,0,0,0,1,0
2.2636062032690805,-0.5082147842175258,-0.3626946999744869,-0.5468103137684964,0,1,1,0,1,0,0,1,1,0,0,1,0,0,0,0,1,1,0,0,1,0,0,0,0,1,1,0,0,1,0,0,0,1,0,1,0,0,0,0,1
-0.4417729543927777,0.9978974048104519,-1.4876164068171516,-0.532848291672961,1,0,0,1,0,1,0,1,1,0,0,0,0,1,0,1,0,0,1,0,0,1,0,0,1,0,0,1,0,0,1,0,0,0,1,0,1,1,0,0,0
-0.4417729543927777,1.3235432835192038,0.9828974891839216,1.6585086385132726,0,1,0,1,0,1,0,1,0,0,1,0,1,0,0,0,1,0,0,1,0,0,1,0,0,1,1,0,0,1,0,0,0,0,1,1,0,0,1,0,0
-0.4417729543927777,-1.1595065416350296,0.6875640617237533,-0.8691881352668268,1,0,1,0,1,0,0,1,0,0,1,0,1,0,1,0,0,1,0,0,1,0,0,1,0,0,0,0,1,1,0,0,1,0,0,0,1,0,0,1,0
-0.4417729543927777,-0.019745966154397845,-1.4992306427285065,-0.7363733024397993,1,0,1,0,1,0,0,1,1,0,0,0,0,1,0,1,0,0,1,0,0,1,0,0,1,0,0,1,0,0,1,0,0,1,0,1,0,1,0,0,0
-0.4417729543927777,0.509428586747324,-1.5174815848749212,-0.6136348346156818,0,1,0,1,0,1,0,1,1,0,0,0,0,1,0,1,0,0,1,0,0,1,0,0,1,0,0,1,0,0,1,0,0,0,1,1,0,0,0,1,0
-0.4417729543927777,-0.42680331454033776,0.6012868806679734,-0.22041511798796007,0,1,1,0,1,0,0,1,0,0,1,0,1,0,1,0,0,1,0,0,1,0,0,1,0,0,1,0,0,0,0,1,1,0,0,1,0,0,0,1,0
-0.4417729543927777,0.061665503522790134,0.7937513614847125,0.3068707447678042,0,1,0,1,1,0,0,1,0,0,1,0,1,0,1,0,0,0,0,1,1,0,0,1,0,0,1,0,0,0,0,1,1,0,0,1,0,0,0,0,1
-0.4417729543927777,0.5908400564245121,0.730702652251643,0.8068033378206797,0,1,1,0,1,0,0,1,1,0,0,1,0,0,0,0,1,0,0,1,0,0,1,0,0,1,0,0,1,0,0,1,0,1,0,0,1,1,0,0,0
-0.4417729543927777,-0.5896262538947138,-1.4892755833759166,-0.8397932491254402,0,1,1,0,1,0,0,1,1,0,0,0,0,1,0,1,0,0,1,0,0,1,0,0,1,0,0,1,0,0,1,0,0,0,1,1,0,0,1,0,0
-0.4417729543927777,-1.2816237461508115,0.4868036981131889,-0.975461954393379,1,0,1,0,0,1,0,1,1,0,0,0,1,0,1,0,0,1,0,0,1,0,0,1,0,0,1,0,0,0,0,1,1,0,0,0,1,0,0,1,0
2.2636062032690805,-1.0780950719578417,-0.6713015399047754,-0.8890115722986955,0,1,1,0,1,0,0,1,1,0,0,1,0,0,1,0,0,1,0,0,1,0,0,1,0,0,1,0,0,1,0,0,1,0,0,1,0,0,1,0,0
-0.4417729543927777,0.1430769731999781,-0.9981593219814788,-0.4540375065739479,1,0,1,0,1,0,1,0,0,1,0,1,0,0,1,0,0,0,0,1,1,0,0,0,0,1,1,0,0,1,0,0,1,0,0,0,1,1,0,0,0
-0.4417729543927777,0.10237123836138413,0.2827249813850951,0.15796446194702274,0,1,0,1,0,1,0,1,0,0,1,1,0,0,1,0,0,1,0,0,1,0,0,0,0,1,0,0,1,0,0,1,0,1,0,0,1,1,0,0,0
2.2636062032690805,-0.3046861100245558,0.7970697146022427,-0.004442832805762339,0,1,1,0,1,0,0,1,0,0,1,0,1,0,1,0,0,0,0,1,1,0,0,1,0,0,0,0,1,1,0,0,1,0,0,0,1,0,0,1,0
-0.4417729543927777,-1.1188008067964357,-0.45063105758903144,-0.8952461859388403,0,1,1,0,1,0,0,1,1,0,0,1,0,0,1,0,0,0,0,1,1,0,0,1,0,0,1,0,0,1,0,0,1,0,0,0,1,0,0,1,0
-0.4417729543927777,-1.1595065416350296,-0.553500004232461,-0.921611576719875,1,0,1,0,1,0,1,0,0,1,0,1,0,0,0,0,1,1,0,0,0,0,1,0,0,1,1,0,0,0,0,1,1,0,0,1,0,0,0,0,1
-0.4417729543927777,0.5908400564245121,-0.2000953972155177,0.22467921846955785,1,0,1,0,1,0,0,1,1,0,0,1,0,0,0,0,1,0,0,1,1,0,0,0,0,1,1,0,0,1,0,0,0,1,0,0,1,0,0,0,1
-0.4417729543927777,0.7943687306174819,-0.8305824895462147,-0.12312002061781359,0,1,0,1,1,0,1,0,0,1,0,1,0,0,0,0,1,1,0,0,1,0,0,1,0,0,1,0,0,0,0,1,1,0,0,0,1,0,0,1,0
-0.4417729543927777,-1.1595065416350296,-1.4627287584356767,-0.982794211280028,1,0,0,1,0,1,0,1,1,0,0,0,0,1,0,1,0,0,1,0,0,1,0,0,1,0,0,1,0,0,1,0,1,0,0,1,0,0,0,0,1
2.2636062032690805,1.445660488034986,-0.39587823114978676,0.5948923326505482,1,0,0,1,0,1,1,0,0,1,0,1,0,0,1,0,0,0,0,1,0,0,1,1,0,0,0,0,1,0,0,1,0,0,1,0,1,0,0,1,0
2.2636062032690805,-0.46750904937893173,-1.4743429943470316,-0.8218138527476987,0,1,1,0,1,0,0,1,1,0,0,0,0,1,0,1,0,0,1,0,0,1,0,0,1,0,0,1,0,0,1,0,0,1,0,1,0,1,0,0,0
-0.4417729543927777,1.2828375486806098,1.3097552712606253,1.9407566229194038,1,0,0,1,0,1,0,1,0,0,1,0,1,0,0,0,1,1,0,0,1,0,0,0,0,1,0,0,1,0,0,1,0,1,0,0,1,1,0,0,0
-0.4417729543927777,-1.2816237461508115,0.5083729933771339,-0.9751765671492878,1,0,1,0,1,0,0,1,1,0,0,0,1,0,1,0,0,1,0,0,1,0,0,1,0,0,0,0,1,1,0,0,1,0,0,0,1,0,0,1,0
2.2636062032690805,-1.2409180113122176,0.04878108659923135,-0.9688980477792828,0,1,1,0,1,0,0,1,1,0,0,1,0,0,0,0,1,1,0,0,0,0,1,1,0,0,0,0,1,1,0,0,1,0,0,1,0,1,0,0,0
-0.4417729543927777,0.9164859351332639,0.669313119577338,1.0096697626396156,1,0,0,1,0,1,0,1,0,0,1,0,1,0,0,0,1,0,0,1,1,0,0,1,0,0,1,0,0,1,0,0,1,0,0,0,1,0,0,1,0
-0.4417729543927777,1.6084834273893618,1.33796127275963,2.3307053626725422,0,1,0,1,0,1,0,1,0,0,1,0,1,0,0,0,1,1,0,0,0,0,1,1,0,0,0,0,1,0,0,1,0,0,1,1,0,1,0,0,0
-0.4417729543927777,-1.2816237461508115,-1.3449272227633624,-0.9996979172761952,1,0,1,0,1,0,1,0,0,1,0,1,0,0,1,0,0,1,0,0,1,0,0,1,0,0,1,0,0,1,0,0,1,0,0,1,0,0,0,0,1
-0.4417729543927777,-0.8338606629262777,1.168725263765601,-0.49921650260006745,1,0,1,0,1,0,0,1,0,0,1,0,1,0,1,0,0,1,0,0,0,0,1,1,0,0,0,0,1,0,0,1,1,0,0,0,1,1,0,0,0
-0.4417729543927777,1.07930887448764,1.2002496183821354,1.6414512624625948,1,0,0,1,1,0,0,1,0,0,1,0,1,0,1,0,0,0,0,1,1,0,0,1,0,0,0,0,1,0,0,1,1,0,0,1,0,0,0,1,0
-0.4417729543927777,1.2421318138420159,1.2765717400853256,1.8886844273052368,0,1,0,1,1,0,0,1,0,0,1,0,1,0,1,0,0,0,0,1,0,0,1,1,0,0,0,0,1,0,0,1,1,0,0,0,1,0,0,1,0
-0.4417729543927777,-0.9152721326034656,-1.3449272227633624,-0.8989342672470949,0,1,0,1,0,1,0,1,0,0,1,0,0,1,0,1,0,0,1,0,0,1,0,0,1,0,0,1,0,0,1,0,1,0,0,0,1,0,0,0,1
-0.4417729543927777,-0.3453918448631498,-1.3349721634107723,-0.7593799048865307,1,0,0,1,0,1,0,1,0,0,1,0,0,1,0,1,0,0,1,0,0,1,0,0,1,0,0,1,0,0,1,0,0,0,1,1,0,0,0,0,1
-0.4417729543927777,1.3235432835192038,1.299800211908035,1.9312949381345361,0,1,0,1,0,1,0,1,0,0,1,0,1,0,1,0,0,1,0,0,0,0,1,0,0,1,0,0,1,0,0,1,0,0,1,0,1,1,0,0,0
-0.4417729543927777,-0.5082147842175258,0.13173991453748096,-0.40874874622317814,1,0,1,0,1,0,0,1,0,0,1,1,0,0,1,0,0,0,0,1,1,0,0,0,0,1,1,0,0,0,0,1,1,0,0,0,1,0,1,0,0
-0.4417729543927777,0.6315457912631061,-0.14368339421750786,0.30028488528877806,1,0,0,1,1,0,0,1,0,0,1,1,0,0,0,0,1,1,0,0,1,0,0,0,0,1,1,0,0,1,0,0,0,1,0,0,1,1,0,0,0
-0.4417729543927777,1.201426079003422,0.5133505230534291,1.1765993475679983,0,1,1,0,1,0,0,1,1,0,0,1,0,0,1,0,0,0,0,1,0,0,1,0,0,1,0,0,1,0,0,1,1,0,0,0,1,1,0,0,0
2.2636062032690805,-1.0780950719578417,-1.5075265255223316,-0.9635195958714114,1,0,1,0,1,0,0,1,1,0,0,0,0,1,0,1,0,0,1,0,0,1,0,0,1,0,0,1,0,0,1,0,1,0,0,1,0,1,0,0,0
2.2636062032690805,-0.3453918448631498,-0.33614787503424715,-0.443456225677646,0,1,1,0,1,0,0,1,0,0,1,1,0,0,1,0,0,0,0,1,1,0,0,1,0,0,1,0,0,1,0,0,1,0,0,1,0,0,1,0,0
-0.4417729543927777,0.061665503522790134,-0.1353875114236829,-0.13071571188362383,1,0,0,1,1,0,0,1,0,0,1,1,0,0,0,0,1,1,0,0,1,0,0,0,0,1,1,0,0,1,0,0,1,0,0,0,1,1,0,0,0
-0.4417729543927777,0.550134321585918,-1.0363203828330736,-0.33520664870738603,0,1,1,0,1,0,1,0,0,1,0,1,0,0,1,0,0,1,0,0,0,0,1,0,0,1,1,0,0,1,0,0,0,1,0,1,0,0,1,0,0
-0.4417729543927777,-0.26398037518596185,-0.6464138915233004,-0.4689874075913373,0,1,1,0,1,0,0,1,1,0,0,1,0,0,1,0,0,1,0,0,1,0,0,1,0,0,1,0,0,1,0,0,1,0,0,1,0,0,0,1,0
-0.4417729543927777,-0.5489205190561198,-1.3299946337344772,-0.8195088019300395,1,0,0,1,0,1,1,0,0,1,0,1,0,0,1,0,0,1,0,0,1,0,0,1,0,0,1,0,0,1,0,0,1,0,0,0,1,0,0,0,1
-0.4417729543927777,-0.3453918448631498,-0.34278458126930694,-0.46499198617406146,0,1,1,0,1,0,0,1,0,0,1,1,0,0,1,0,0,1,0,0,1,0,0,0,0,1,1,0,0,1,0,0,0,1,0,1,0,1,0,0,0
2.2636062032690805,0.9978974048104519,1.2068863246171955,1.527164647636561,1,0,1,0,1,0,0,1,0,0,1,0,1,0,0,0,1,1,0,0,0,0,1,0,0,1,1,0,0,0,0,1,0,0,1,1,0,0,1,0,0
-0.4417729543927777,1.445660488034986,-1.5042081724048015,-0.3774439608328737,1,0,1,0,1,0,0,1,1,0,0,0,0,1,0,1,0,0,1,0,0,1,0,0,1,0,0,1,0,0,1,0,0,0,1,1,0,0,1,0,0
-0.4417729543927777,-0.8338606629262777,0.3059534532078051,-0.6848938341787448,0,1,0,1,1,0,0,1,1,0,0,1,0,0,1,0,0,1,0,0,0,0,1,0,0,1,0,0,1,0,0,1,1,0,0,0,1,0,0,1,0
-0.4417729543927777,-0.8338606629262777,0.38725310458728934,-0.6183327477107206,1,0,1,0,0,1,0,1,0,0,1,0,1,0,1,0,0,1,0,0,1,0,0,1,0,0,1,0,0,1,0,0,1,0,0,0,1,0,0,1,0
-0.4417729543927777,0.3058999125543541,-0.46722282317668135,-0.11624877389469636,1,0,0,1,0,1,1,0,0,1,0,1,0,0,1,0,0,0,0,1,1,0,0,1,0,0,0,0,1,0,0,1,1,0,0,0,1,0,0,1,0
2.2636062032690805,-0.3860975797017438,0.7257251225753478,-0.14289955191982223,0,1,0,1,1,0,0,1,0,0,1,0,1,0,1,0,0,1,0,0,1,0,0,1,0,0,1,0,0,0,0,1,1,0,0,1,0,0,0,1,0
-0.4417729543927777,-1.1595065416350296,0.18151521130043075,-0.8870358144549877,1,0,1,0,1,0,0,1,1,0,0,0,1,0,1,0,0,1,0,0,1,0,0,1,0,0,1,0,0,1,0,0,1,0,0,1,0,0,0,1,0
-0.4417729543927777,1.404954753196392,-0.47717788252927146,0.4963239691144567,1,0,0,1,0,1,0,1,1,0,0,1,0,0,1,0,0,0,0,1,1,0,0,1,0,0,1,0,0,1,0,0,0,1,0,1,0,0,1,0,0
-0.4417729543927777,0.10237123836138413,-0.09224892089579322,-0.03770142317484443,1,0,0,1,1,0,0,1,1,0,0,1,0,0,0,0,1,1,0,0,1,0,0,1,0,0,0,0,1,1,0,0,0,1,0,0,1,1,0,0,0
2.2636062032690805,-0.9152721326034656,0.7207475928990531,-0.6342924805148938,0,1,0,1,1,0,0,1,0,0,1,0,1,0,1,0,0,1,0,0,1,0,0,1,0,0,1,0,0,0,0,1,1,0,0,0,1,0,0,1,0
-0.4417729543927777,-1.0780950719578417,-1.4776613474645617,-0.9631683500325302,0,1,0,1,0,1,0,1,1,0,0,0,0,1,0,1,0,0,1,0,0,1,0,0,1,0,0,1,0,0,1,0,0,0,1,0,1,0,1,0,0
-0.4417729543927777,-0.9152721326034656,0.6742906492536331,-0.6348852078680063,0,1,0,1,1,0,0,1,0,0,1,0,1,0,1,0,0,1,0,0,1,0,0,1,0,0,1,0,0,0,0,1,1,0,0,0,1,0,0,1,0
-0.4417729543927777,-0.6303319887333078,1.0193993734767517,-0.29035694565521786,0,1,1,0,1,0,0,1,0,0,1,0,1,0,1,0,0,1,0,0,0,0,1,0,0,1,1,0,0,0,0,1,1,0,0,0,1,1,0,0,0
-0.4417729543927777,1.3235432835192038,0.9497139580086218,1.6543375941765561,0,1,1,0,1,0,0,1,0,0,1,0,1,0,0,0,1,1,0,0,1,0,0,0,0,1,1,0,0,0,0,1,0,1,0,1,0,0,0,1,0
2.2636062032690805,-1.2409180113122176,0.8153206567486575,-0.9395031616378962,1,0,1,0,1,0,0,1,0,0,1,0,1,0,1,0,0,0,0,1,1,0,0,1,0,0,1,0,0,0,0,1,1,0,0,1,0,0,0,1,0
2.2636062032690805,0.6722515261017,1.0376503156231665,1.0611711837656002,0,1,1,0,1,0,0,1,0,0,1,0,1,0,1,0,0,1,0,0,1,0,0,1,0,0,0,0,1,0,0,1,1,0,0,0,1,0,0,1,0
-0.4417729543927777,0.753662995778888,1.4109650413452899,1.4838296922645686,1,0,1,0,1,0,0,1,0,0,1,0,1,0,0,0,1,0,0,1,0,0,1,1,0,0,0,0,1,0,0,1,0,1,0,1,0,1,0,0,0
-0.4417729543927777,1.6084834273893618,1.570245990986729,2.5203342099386354,0,1,0,1,0,1,0,1,0,0,1,0,1,0,1,0,0,0,0,1,0,0,1,0,0,1,0,0,1,0,0,1,0,0,1,0,1,1,0,0,0
-0.4417729543927777,0.46872285190873003,0.1300807379787156,0.2887376783355521,0,1,1,0,1,0,0,1,1,0,0,0,1,0,1,0,0,1,0,0,1,0,0,1,0,0,1,0,0,1,0,0,1,0,0,1,0,0,1,0,0
-0.4417729543927777,0.38731138223154205,0.05209943971676115,0.20259463634989006,1,0,1,0,1,0,0,1,1,0,0,1,0,0,1,0,0,1,0,0,0,0,1,0,0,1,1,0,0,0,0,1,0,0,1,1,0,0,1,0,0
-0.4417729543927777,-1.2409180113122176,-1.3416088696458324,-0.9900386567069568,1,0,1,0,1,0,1,0,0,1,0,1,0,0,1,0,0,1,0,0,1,0,0,1,0,0,1,0,0,1,0,0,1,0,0,1,0,0,0,1,0
-0.4417729543927777,-0.18256890550877383,0.9098937205982619,0.13241132716840134,1,0,0,1,1,0,0,1,1,0,0,0,1,0,0,0,1,1,0,0,1,0,0,1,0,0,0,0,1,0,0,1,1,0,0,0,1,0,0,0,1
-0.4417729543927777,0.061665503522790134,-0.12211409895356302,-0.13528190778908192,1,0,0,1,0,1,1,0,0,1,0,1,0,0,0,0,1,1,0,0,0,0,1,0,0,1,0,0,1,0,0,1,0,1,0,1,0,0,0,0,1
-0.4417729543927777,-0.06045170099299184,0.476848638760599,0.08020741436465395,0,1,0,1,1,0,0,1,0,0,1,1,0,0,1,0,0,1,0,0,0,0,1,0,0,1,0,0,1,0,0,1,0,1,0,0,1,0,0,0,1
-0.4417729543927777,-1.2816237461508115,-1.5075265255223316,-1.0018492980393439,1,0,1,0,1,0,0,1,1,0,0,0,0,1,0,1,0,0,1,0,0,1,0,0,1,0,0,1,0,0,1,0,1,0,0,1,0,0,0,0,1
-0.4417729543927777,-0.42680331454033776,0.14335415044883573,-0.32811587333496783,1,0,0,1,1,0,0,1,1,0,0,0,1,0,1,0,0,1,0,0,1,0,0,1,0,0,1,0,0,1,0,0,1,0,0,0,1,0,0,1,0
-0.4417729543927777,-1.2409180113122176,0.3839347514697596,-0.9390860572042246,0,1,1,0,1,0,0,1,0,0,1,0,1,0,1,0,0,1,0,0,1,0,0,1,0,0,1,0,0,1,0,0,1,0,0,0,1,0,0,1,0
-0.4417729543927777,1.6084834273893618,1.515493164547484,2.485451107564727,0,1,0,1,1,0,0,1,0,0,1,0,1,0,1,0,0,0,0,1,0,0,1,0,0,1,0,0,1,0,0,1,0,0,1,0,1,0,1,0,0
-0.4417729543927777,-0.9966836022806537,-0.46058611694162155,-0.828180183577424,0,1,0,1,0,1,0,1,1,0,0,1,0,0,1,0,0,1,0,0,0,0,1,1,0,0,1,0,0,1,0,0,1,0,0,0,1,0,0,1,0
-0.4417729543927777,1.6084834273893618,-0.015926799192603435,0.9776405327066183,1,0,0,1,0,1,1,0,0,1,0,1,0,0,0,0,1,0,0,1,0,0,1,0,0,1,0,0,1,0,0,1,0,0,1,1,0,1,0,0,0
-0.4417729543927777,-0.6303319887333078,-0.48547376532309644,-0.6386171949061211,0,1,1,0,0,1,0,1,1,0,0,1,0,0,0,0,1,1,0,0,1,0,0,1,0,0,1,0,0,1,0,0,1,0,0,0,1,0,0,0,1
-0.4417729543927777,1.6084834273893618,1.0641971405634063,2.1087399453644307,1,0,0,1,1,0,0,1,0,0,1,0,1,0,0,0,1,0,0,1,0,0,1,0,0,1,1,0,0,1,0,0,0,0,1,0,1,1,0,0,0
-0.4417729543927777,1.364249018357798,-0.5817060057314659,0.38458388662031284,1,0,1,0,1,0,1,0,0,1,0,1,0,0,0,0,1,0,0,1,0,0,1,0,0,1,1,0,0,1,0,0,0,0,1,0,1,0,0,0,1
-0.4417729543927777,0.10237123836138413,0.34577369061816454,0.1469660766170492,0,1,1,0,1,0,0,1,0,0,1,0,1,0,1,0,0,1,0,0,1,0,0,1,0,0,1,0,0,1,0,0,1,0,0,1,0,0,1,0,0
-0.4417729543927777,-1.1595065416350296,-0.27143998924241236,-0.9027760186098602,0,1,1,0,1,0,0,1,1,0,0,1,0,0,0,0,1,1,0,0,0,0,1,1,0,0,1,0,0,1,0,0,1,0,0,1,0,0,0,1,0
-0.4417729543927777,1.6084834273893618,-1.5008898192872715,-0.40459965475139165,1,0,0,1,0,1,0,1,1,0,0,0,0,1,0,1,0,0,1,0,0,1,0,0,1,0,0,1,0,0,1,0,0,0,1,1,0,0,1,0,0
-0.4417729543927777,1.3235432835192038,0.6610172367835131,1.386490689164562,1,0,1,0,1,0,0,1,1,0,0,1,0,0,0,0,1,0,0,1,0,0,1,0,0,1,0,0,1,0,0,1,0,0,1,0,1,1,0,0,0
-0.4417729543927777,1.48636622287358,-1.4842980536996215,-0.39017662249232427,1,0,0,1,0,1,0,1,1,0,0,0,0,1,0,1,0,0,1,0,0,1,0,0,1,0,0,1,0,0,1,0,0,0,1,1,0,1,0,0,0
-0.4417729543927777,1.3235432835192038,0.20142533000561044,0.915382207764891,1,0,0,1,1,0,0,1,1,0,0,1,0,0,0,0,1,0,0,1,0,0,1,1,0,0,1,0,0,0,0,1,0,0,1,1,0,1,0,0,0
-0.4417729543927777,0.2244884428771661,0.5100321699358988,0.3325116910061461,1,0,0,1,0,1,0,1,1,0,0,1,0,0,0,0,1,0,0,1,1,0,0,0,0,1,0,0,1,0,0,1,0,1,0,1,0,0,1,0,0
-0.4417729543927777,-0.3453918448631498,0.9314630158622069,-0.023388155240427425,0,1,0,1,1,0,0,1,0,0,1,0,1,0,1,0,0,1,0,0,1,0,0,1,0,0,0,0,1,0,0,1,1,0,0,0,1,0,0,1,0
-0.4417729543927777,-1.1188008067964357,1.339620449318395,-0.7686659667519576,0,1,1,0,1,0,0,1,0,0,1,0,1,0,1,0,0,0,0,1,0,0,1,1,0,0,0,0,1,0,0,1,1,0,0,1,0,0,0,1,0
-0.4417729543927777,-0.3453918448631498,-0.337807051593012,-0.4228863912381542,0,1,0,1,0,1,0,1,0,0,1,1,0,0,0,0,1,1,0,0,1,0,0,1,0,0,1,0,0,1,0,0,1,0,0,1,0,0,0,1,0
-0.4417729543927777,-1.2816237461508115,-1.3167212212643573,-0.9993247185723837,1,0,1,0,1,0,1,0,0,1,0,1,0,0,1,0,0,1,0,0,1,0,0,1,0,0,1,0,0,1,0,0,1,0,0,1,0,0,0,1,0
-0.4417729543927777,1.160720344164828,1.4209201006978796,1.8530768803886353,0,1,1,0,1,0,0,1,0,0,1,0,1,0,0,0,1,0,0,1,0,0,1,1,0,0,0,0,1,0,0,1,0,1,0,0,1,0,0,1,0
-0.4417729543927777,1.5270719577121739,0.6975191210763432,1.5939672156188163,0,1,0,1,0,1,0,1,0,0,1,1,0,0,1,0,0,0,0,1,0,0,1,0,0,1,0,0,1,0,0,1,0,0,1,0,1,0,1,0,0
-0.4417729543927777,-1.2816237461508115,-1.3216987509406524,-0.999390577167174,1,0,1,0,1,0,1,0,0,1,0,1,0,0,1,0,0,1,0,0,1,0,0,1,0,0,1,0,0,1,0,0,1,0,0,0,1,0,0,0,1
2.2636062032690805,-1.0373893371192477,-0.6364588321707106,-0.8592873931833575,0,1,1,0,0,1,0,1,1,0,0,1,0,0,1,0,0,1,0,0,1,0,0,1,0,0,1,0,0,1,0,0,1,0,0,0,1,0,0,0,1
-0.4417729543927777,-1.2816237461508115,-1.4925939364934464,-1.001651722254973,0,1,0,1,0,1,0,1,1,0,0,0,0,1,0,1,0,0,1,0,0,1,0,0,1,0,0,1,0,0,1,0,1,0,0,1,0,1,0,0,0
-0.4417729543927777,0.509428586747324,0.5432157011111987,0.5443348847165573,1,0,0,1,0,1,0,1,0,0,1,1,0,0,0,0,1,0,0,1,0,0,1,0,0,1,0,0,1,1,0,0,1,0,0,1,0,0,0,0,1
-0.4417729543927777,-0.9152721326034656,-0.13206915830615287,-0.7340023930273499,1,0,1,0,1,0,0,1,1,0,0,1,0,0,1,0,0,1,0,0,1,0,0,0,0,1,1,0,0,0,0,1,1,0,0,0,1,0,0,0,1
-0.4417729543927777,-0.14186317067017984,0.1931294472117855,-0.14336056208335404,0,1,0,1,0,1,0,1,1,0,0,0,1,0,1,0,0,1,0,0,1,0,0,1,0,0,1,0,0,1,0,0,1,0,0,0,1,0,0,1,0
-0.4417729543927777,1.038603139649046,-0.000994210163718412,0.6560091086159109,1,0,1,0,1,0,0,1,1,0,0,1,0,0,0,0,1,0,0,1,0,0,1,0,0,1,1,0,0,1,0,0,0,0,1,0,1,0,1,0,0
2.2636062032690805,1.404954753196392,-1.4892755833759166,-0.4558595943631452,1,0,0,1,1,0,0,1,1,0,0,0,0,1,0,1,0,0,1,0,0,1,0,0,1,0,0,1,0,0,1,0,0,0,1,0,1,1,0,0,0
-0.4417729543927777,-0.7524491932490897,0.6991782976351081,-0.4993262669247179,1,0,1,0,0,1,0,1,0,0,1,0,1,0,0,0,1,1,0,0,1,0,0,0,0,1,1,0,0,1,0,0,1,0,0,0,1,0,0,0,1
-0.4417729543927777,0.509428586747324,-1.3084253384705324,-0.5182057307645929,1,0,0,1,1,0,0,1,0,0,1,0,0,1,0,1,0,0,1,0,0,1,0,0,1,0,0,1,0,0,1,0,0,0,1,1,0,0,0,0,1
2.2636062032690805,1.404954753196392,-0.13206915830615287,0.7982417204979456,0,1,0,1,1,0,0,1,1,0,0,1,0,0,0,0,1,0,0,1,1,0,0,0,0,1,1,0,0,1,0,0,0,1,0,0,1,1,0,0,0
2.2636062032690805,-0.06045170099299184,1.1272458497964761,0.26781659805717917,1,0,0,1,0,1,0,1,1,0,0,0,1,0,1,0,0,1,0,0,0,0,1,0,0,1,0,0,1,0,0,1,1,0,0,0,1,0,0,1,0
2.2636062032690805,-1.2409180113122176,0.9646465470375069,-0.930634204206141,0,1,1,0,1,0,0,1,0,0,1,0,1,0,1,0,0,1,0,0,1,0,0,1,0,0,0,0,1,0,0,1,1,0,0,0,1,0,0,1,0
-0.4417729543927777,0.1837827080385721,-1.4959122896109764,-0.6953873036153265,1,0,0,1,1,0,0,1,1,0,0,0,0,1,0,1,0,0,1,0,0,1,0,0,1,0,0,1,0,0,1,0,0,1,0,0,1,1,0,0,0
-0.4417729543927777,1.3235432835192038,0.30761262976657,1.0995447916633925,0,1,1,0,1,0,0,1,0,0,1,1,0,0,1,0,0,0,0,1,0,0,1,0,0,1,1,0,0,0,0,1,0,0,1,0,1,0,1,0,0
-0.4417729543927777,-1.2409180113122176,1.0028076078891017,-0.9239605332673944,1,0,1,0,1,0,0,1,0,0,1,0,1,0,1,0,0,1,0,0,1,0,0,1,0,0,0,0,1,0,0,1,1,0,0,0,1,0,0,1,0
-0.4417729543927777,-1.2002122764736236,-1.170713684093038,-0.9708738056229906,1,0,1,0,0,1,1,0,0,1,0,1,0,0,1,0,0,0,0,1,1,0,0,1,0,0,1,0,0,1,0,0,1,0,0,1,0,0,0,0,1
-0.4417729543927777,1.6084834273893618,0.5282831120823137,1.50426780951448,0,1,0,1,0,1,0,1,0,0,1,1,0,0,0,0,1,0,0,1,0,0,1,0,0,1,0,0,1,1,0,0,0,0,1,0,1,1,0,0,0
-0.4417729543927777,0.1430769731999781,-1.4627287584356767,-0.6942677075038921,0,1,0,1,1,0,0,1,1,0,0,0,0,1,0,1,0,0,1,0,0,1,0,0,1,0,0,1,0,0,1,0,0,1,0,1,0,1,0,0,0
-0.4417729543927777,1.6084834273893618,0.7124517101052282,1.649815304000958,1,0,0,1,1,0,0,1,0,0,1,1,0,0,0,0,1,0,0,1,1,0,0,0,0,1,0,0,1,0,0,1,0,0,1,0,1,1,0,0,0
-0.4417729543927777,-0.5489205190561198,-0.8388783723400397,-0.6884282454324889,0,1,1,0,1,0,1,0,0,1,0,1,0,0,1,0,0,1,0,0,0,0,1,1,0,0,0,0,1,1,0,0,1,0,0,0,1,0,0,1,0
2.2636062032690805,-0.3046861100245558,1.36118974458234,0.15539597675020259,0,1,1,0,1,0,0,1,0,0,1,0,1,0,1,0,0,0,0,1,0,0,1,1,0,0,0,0,1,0,0,1,1,0,0,1,0,0,0,0,1
-0.4417729543927777,-1.0780950719578417,-1.4677062881119716,-0.9609072049447311,1,0,1,0,1,0,0,1,1,0,0,0,0,1,0,1,0,0,1,0,0,1,0,0,1,0,0,1,0,0,1,0,1,0,0,1,0,0,0,0,1
-0.4417729543927777,-1.2816237461508115,-1.5025489958460365,-1.0017834394445535,0,1,1,0,1,0,0,1,1,0,0,0,0,1,0,1,0,0,1,0,0,1,0,0,1,0,0,1,0,0,1,0,1,0,0,1,0,0,0,0,1
-0.4417729543927777,1.07930887448764,0.23792721429844008,0.8313685936774475,1,0,0,1,0,1,0,1,0,0,1,1,0,0,1,0,0,1,0,0,0,0,1,0,0,1,0,0,1,1,0,0,0,0,1,0,1,1,0,0,0
2.2636062032690805,-1.2002122764736236,0.4801669918781293,-0.9203822162837901,1,0,1,0,1,0,0,1,0,0,1,0,1,0,1,0,0,0,0,1,1,0,0,1,0,0,1,0,0,1,0,0,1,0,0,0,1,0,0,1,0
-0.4417729543927777,-0.9152721326034656,0.3590471030882847,-0.6691316771589423,1,0,1,0,1,0,0,1,0,0,1,0,1,0,1,0,0,1,0,0,1,0,0,1,0,0,1,0,0,1,0,0,1,0,0,0,1,0,0,0,1
2.2636062032690805,-0.7931549280876837,0.8485041879239573,-0.4830372411465931,0,1,1,0,1,0,0,1,1,0,0,0,1,0,1,0,0,1,0,0,1,0,0,1,0,0,0,0,1,0,0,1,1,0,0,0,1,0,0,1,0
-0.4417729543927777,-0.42680331454033776,-0.19677704409798766,-0.45952572280646975,0,1,1,0,1,0,0,1,0,0,1,1,0,0,0,0,1,0,0,1,1,0,0,1,0,0,1,0,0,1,0,0,1,0,0,1,0,0,0,1,0
-0.4417729543927777,1.6084834273893618,1.4607403381082396,2.447165311126655,0,1,0,1,1,0,0,1,0,0,1,0,1,0,0,0,1,0,0,1,1,0,0,0,0,1,0,0,1,0,0,1,0,0,1,0,1,0,1,0,0
-0.4417729543927777,1.364249018357798,-0.08063468498443822,0.8057056945741753,1,0,1,0,1,0,1,0,0,1,0,1,0,0,0,0,1,0,0,1,0,0,1,0,0,1,0,0,1,0,0,1,0,0,1,0,1,1,0,0,0
-0.4417729543927777,-1.1188008067964357,0.9795791360663918,-0.7917164749285492,0,1,0,1,1,0,0,1,1,0,0,0,1,0,1,0,0,1,0,0,0,0,1,1,0,0,0,0,1,0,0,1,1,0,0,0,1,0,0,1,0
-0.4417729543927777,1.6084834273893618,1.6299763471022686,2.6290228442074977,0,1,0,1,0,1,0,1,0,0,1,0,1,0,0,0,1,0,0,1,0,0,1,0,0,1,0,0,1,0,0,1,0,0,1,0,1,0,1,0,0
-0.4417729543927777,-1.0373893371192477,-0.538567415203576,-0.8610216695128344,0,1,0,1,0,1,0,1,1,0,0,1,0,0,1,0,0,1,0,0,0,0,1,1,0,0,1,0,0,1,0,0,1,0,0,1,0,0,0,1,0
2.2636062032690805,1.404954753196392,1.2599799744976756,2.0584678846745312,0,1,0,1,1,0,0,1,0,0,1,0,1,0,1,0,0,0,0,1,1,0,0,0,0,1,0,0,1,0,0,1,0,0,1,1,0,1,0,0,0
-0.4417729543927777,-1.2816237461508115,0.15828673947772076,-0.9798086216495363,1,0,1,0,1,0,0,1,1,0,0,0,1,0,1,0,0,1,0,0,1,0,0,1,0,0,1,0,0,1,0,0,1,0,0,1,0,1,0,0,0
-0.4417729543927777,0.46872285190873003,-0.5269531792922212,-0.015946134029127947,1,0,1,0,1,0,1,0,0,1,0,1,0,0,1,0,0,1,0,0,0,0,1,1,0,0,0,0,1,0,0,1,0,1,0,0,1,0,0,1,0
-0.4417729543927777,1.6084834273893618,-1.5008898192872715,-0.38611534248025814,0,1,0,1,1,0,0,1,1,0,0,0,0,1,0,1,0,0,1,0,0,1,0,0,1,0,0,1,0,0,1,0,0,0,1,1,0,0,1,0,0
2.2636062032690805,0.9978974048104519,1.0077851375653966,1.4340186417382008,1,0,0,1,0,1,0,1,1,0,0,0,1,0,1,0,0,0,0,1,0,0,1,0,0,1,0,0,1,1,0,0,1,0,0,0,1,0,1,0,0
-0.4417729543927777,-1.1188008067964357,-0.6679831867872456,-0.9136207338853234,1,0,0,1,0,1,0,1,1,0,0,1,0,0,1,0,0,1,0,0,1,0,0,1,0,0,1,0,0,1,0,0,1,0,0,1,0,0,0,0,1
-0.4417729543927777,-1.1595065416350296,-1.4859572302583866,-0.9702810782698783,1,0,0,1,1,0,0,1,1,0,0,0,0,1,0,1,0,0,1,0,0,1,0,0,1,0,0,1,0,0,1,0,1,0,0,1,0,0,0,1,0
-0.4417729543927777,1.3235432835192038,1.3313245665245699,1.9507012707327331,1,0,1,0,1,0,0,1,0,0,1,0,1,0,1,0,0,0,0,1,1,0,0,0,0,1,0,0,1,0,0,1,0,1,0,0,1,1,0,0,0
2.2636062032690805,-0.5489205190561198,1.0276952562705768,-0.22981094417803732,0,1,1,0,1,0,0,1,1,0,0,0,1,0,1,0,0,1,0,0,0,0,1,1,0,0,0,0,1,0,0,1,1,0,0,0,1,0,1,0,0
-0.4417729543927777,-1.0373893371192477,-0.6696423633460105,-0.8639194476836058,0,1,0,1,0,1,0,1,1,0,0,1,0,0,1,0,0,1,0,0,1,0,0,1,0,0,1,0,0,1,0,0,1,0,0,1,0,0,0,1,0
-0.4417729543927777,0.6315457912631061,-1.4959122896109764,-0.6082344298428803,0,1,1,0,1,0,0,1,1,0,0,0,0,1,0,1,0,0,1,0,0,1,0,0,1,0,0,1,0,0,1,0,0,0,1,1,0,0,1,0,0
-0.4417729543927777,-0.5489205190561198,0.2744290985912702,-0.3776854423471047,1,0,0,1,1,0,0,1,1,0,0,0,1,0,0,0,1,1,0,0,1,0,0,1,0,0,1,0,0,1,0,0,1,0,0,0,1,0,0,1,0
2.2636062032690805,-1.2816237461508115,-0.49045129499939133,-0.9883921918372003,0,1,1,0,0,1,0,1,1,0,0,1,0,0,1,0,0,1,0,0,0,0,1,1,0,0,1,0,0,1,0,0,1,0,0,0,1,0,0,0,1
-0.4417729543927777,-0.5489205190561198,-0.49211047155815624,-0.61067119785012,0,1,0,1,0,1,0,1,0,0,1,1,0,0,1,0,0,1,0,0,1,0,0,1,0,0,1,0,0,1,0,0,1,0,0,1,0,0,1,0,0
-0.4417729543927777,0.753662995778888,1.130564202914006,1.201625613588298,0,1,1,0,1,0,0,1,1,0,0,0,1,0,1,0,0,0,0,1,0,0,1,1,0,0,0,0,1,0,0,1,1,0,0,0,1,0,0,1,0
-0.4417729543927777,-0.8338606629262777,0.8236165395424825,-0.5483470143136024,1,0,1,0,1,0,0,1,0,0,1,0,1,0,1,0,0,0,0,1,1,0,0,1,0,0,0,0,1,1,0,0,1,0,0,0,1,1,0,0,0
-0.4417729543927777,0.3466056473929481,-1.4859572302583866,-0.6581332918289686,0,1,1,0,1,0,0,1,1,0,0,0,0,1,0,1,0,0,1,0,0,1,0,0,1,0,0,1,0,0,1,0,0,0,1,1,0,0,0,0,1
-0.4417729543927777,0.835074465456076,0.946395604891092,1.1287640548853386,1,0,0,1,1,0,0,1,1,0,0,0,1,0,1,0,0,1,0,0,1,0,0,0,0,1,0,0,1,0,0,1,0,1,0,0,1,0,0,1,0
-0.4417729543927777,-1.2816237461508115,-0.6646648336697155,-0.9906972426548594,1,0,1,0,1,0,0,1,1,0,0,1,0,0,1,0,0,1,0,0,1,0,0,1,0,0,1,0,0,1,0,0,1,0,0,0,1,1,0,0,0
2.2636062032690805,-0.7524491932490897,0.3374778078243396,-0.5654922018240006,0,1,0,1,1,0,0,1,0,0,1,0,1,0,1,0,0,1,0,0,1,0,0,1,0,0,1,0,0,1,0,0,1,0,0,0,1,0,0,1,0
2.2636062032690805,1.5270719577121739,0.7837963021321226,1.7585039382698198,0,1,0,1,1,0,0,1,0,0,1,1,0,0,0,0,1,0,0,1,0,0,1,0,0,1,0,0,1,0,0,1,0,0,1,0,1,0,1,0,0
-0.4417729543927777,-0.06045170099299184,0.4818261684368942,0.12573765622965472,0,1,1,0,0,1,0,1,0,0,1,1,0,0,1,0,0,0,0,1,1,0,0,0,0,1,0,0,1,0,0,1,0,1,0,0,1,0,0,0,1
-0.4417729543927777,1.445660488034986,1.7345044703044632,2.5178315833366054,0,1,1,0,1,0,0,1,0,0,1,0,1,0,0,0,1,0,0,1,0,0,1,0,0,1,0,0,1,0,0,1,0,1,0,0,1,0,1,0,0
-0.4417729543927777,0.6722515261017,0.6494030008721583,0.8577120315935522,0,1,0,1,0,1,0,1,0,0,1,0,1,0,1,0,0,1,0,0,1,0,0,1,0,0,0,0,1,1,0,0,1,0,0,1,0,0,0,1,0
-0.4417729543927777,0.550134321585918,-1.4925939364934464,-0.6033608938284011,1,0,0,1,0,1,0,1,1,0,0,0,0,1,0,1,0,0,1,0,0,1,0,0,1,0,0,1,0,0,1,0,0,0,1,0,1,0,0,0,1
-0.4417729543927777,-0.46750904937893173,0.4735302856430692,-0.2453755254134692,1,0,0,1,1,0,0,1,1,0,0,0,1,0,1,0,0,1,0,0,0,0,1,0,0,1,1,0,0,1,0,0,0,1,0,1,0,0,0,1,0
2.2636062032690805,1.6084834273893618,0.44864263726159437,1.4844224196176812,1,0,0,1,1,0,0,1,0,0,1,1,0,0,0,0,1,0,0,1,0,0,1,0,0,1,1,0,0,0,0,1,0,0,1,1,0,1,0,0,0
2.2636062032690805,0.509428586747324,0.961328193919977,0.8337395030898969,0,1,1,0,1,0,0,1,0,0,1,0,1,0,1,0,0,1,0,0,1,0,0,1,0,0,0,0,1,0,0,1,1,0,0,0,1,1,0,0,0
2.2636062032690805,1.445660488034986,1.339620449318395,2.1945536943761415,0,1,0,1,1,0,0,1,0,0,1,0,1,0,1,0,0,0,0,1,0,0,1,1,0,0,0,0,1,0,0,1,1,0,0,0,1,0,0,1,0
-0.4417729543927777,1.5270719577121739,0.01227920230640124,1.0793920616575725,1,0,0,1,1,0,0,1,0,0,1,1,0,0,0,0,1,1,0,0,0,0,1,0,0,1,1,0,0,1,0,0,0,0,1,1,0,0,1,0,0
-0.4417729543927777,-0.3860975797017438,1.162088557530541,-0.0037622939929295557,0,1,1,0,1,0,0,1,1,0,0,0,1,0,0,0,1,1,0,0,0,0,1,1,0,0,0,0,1,0,0,1,0,1,0,0,1,0,1,0,0
-0.4417729543927777,-1.1595065416350296,0.7356801819279377,-0.8604948007545123,1,0,1,0,0,1,0,1,0,0,1,0,1,0,1,0,0,1,0,0,0,0,1,0,0,1,1,0,0,1,0,0,1,0,0,0,1,0,0,0,1
2.2636062032690805,-1.2816237461508115,0.17487850506537067,-0.9795890930002354,1,0,1,0,1,0,0,1,1,0,0,0,1,0,1,0,0,1,0,0,1,0,0,1,0,0,1,0,0,1,0,0,1,0,0,0,1,0,0,1,0
-0.4417729543927777,0.1837827080385721,1.0061259610066315,0.44469083079889166,1,0,0,1,0,1,0,1,0,0,1,0,1,0,1,0,0,1,0,0,1,0,0,1,0,0,0,0,1,0,0,1,1,0,0,0,1,0,0,1,0
-0.4417729543927777,0.1837827080385721,1.2267964433223757,0.5462008782356147,1,0,1,0,1,0,0,1,0,0,1,0,1,0,1,0,0,0,0,1,0,0,1,1,0,0,0,0,1,0,0,1,1,0,0,0,1,1,0,0,0
-0.4417729543927777,1.6084834273893618,0.7837963021321226,1.7830252883967272,0,1,1,0,1,0,0,1,0,0,1,1,0,0,0,0,1,0,0,1,0,0,1,0,0,1,0,0,1,0,0,1,0,0,1,1,0,0,1,0,0
-0.4417729543927777,0.46872285190873003,-0.3626946999744869,0.060998657550827666,0,1,1,0,1,0,1,0,0,1,0,1,0,0,0,0,1,1,0,0,0,0,1,1,0,0,0,0,1,0,0,1,0,1,0,0,1,0,0,1,0
-0.4417729543927777,-0.10115743583158582,-0.014267622633838538,-0.1630522819256422,0,1,1,0,0,1,0,1,1,0,0,1,0,0,1,0,0,0,0,1,0,0,1,1,0,0,0,0,1,1,0,0,0,1,0,1,0,0,1,0,0
-0.4417729543927777,0.87578020029467,1.3363020962008652,1.464928275559764,0,1,0,1,0,1,0,1,0,0,1,0,1,0,1,0,0,0,0,1,1,0,0,0,0,1,0,0,1,0,0,1,0,1,0,0,1,0,0,1,0
-0.4417729543927777,-1.1595065416350296,0.17487850506537067,-0.9059372311597929,0,1,1,0,1,0,0,1,1,0,0,0,1,0,1,0,0,1,0,0,1,0,0,1,0,0,1,0,0,1,0,0,1,0,0,0,1,0,0,1,0
-0.4417729543927777,-1.1188008067964357,0.5050546402596042,-0.8413738554004063,0,1,0,1,0,1,0,1,0,0,1,0,1,0,1,0,0,0,0,1,1,0,0,1,0,0,1,0,0,1,0,0,1,0,0,0,1,0,0,1,0
-0.4417729543927777,0.10237123836138413,-1.4842980536996215,-0.7099201001990443,0,1,1,0,1,0,0,1,1,0,0,0,0,1,0,1,0,0,1,0,0,1,0,0,1,0,0,1,0,0,1,0,0,0,1,0,1,0,0,0,1
-0.4417729543927777,0.7943687306174819,-0.118795745836033,0.3812031454210795,0,1,0,1,1,0,0,1,0,0,1,1,0,0,1,0,0,0,0,1,1,0,0,0,0,1,1,0,0,1,0,0,1,0,0,1,0,1,0,0,0
-0.4417729543927777,1.6084834273893618,1.4922646927247745,2.3370497406373376,1,0,1,0,1,0,0,1,1,0,0,0,1,0,0,0,1,0,0,1,0,0,1,0,0,1,0,0,1,0,0,1,0,0,1,0,1,0,0,1,0
-0.4417729543927777,0.712957260940294,1.4839688099309496,1.3630450294192291,1,0,0,1,1,0,0,1,0,0,1,0,1,0,0,0,1,0,0,1,1,0,0,0,0,1,0,0,1,0,0,1,1,0,0,0,1,1,0,0,0
-0.4417729543927777,-0.6710377235719017,-1.5125040551986264,-0.8806475307603324,1,0,1,0,1,0,0,1,1,0,0,0,0,1,0,1,0,0,1,0,0,1,0,0,1,0,0,1,0,0,1,0,0,1,0,1,0,0,1,0,0
2.2636062032690805,0.10237123836138413,1.0127626672416916,0.5148960928453106,0,1,1,0,1,0,0,1,0,0,1,0,1,0,1,0,0,1,0,0,1,0,0,1,0,0,0,0,1,0,0,1,1,0,0,0,1,0,0,1,0
-0.4417729543927777,1.5677776925507678,0.7124517101052282,1.6994507316078853,0,1,1,0,1,0,0,1,0,0,1,0,1,0,1,0,0,1,0,0,0,0,1,0,0,1,1,0,0,1,0,0,0,0,1,0,1,0,1,0,0
-0.4417729543927777,1.07930887448764,1.5005605755185996,1.8206524988868966,0,1,0,1,1,0,0,1,0,0,1,0,1,0,0,0,1,0,0,1,0,0,1,1,0,0,0,0,1,0,0,1,0,1,0,0,1,0,0,1,0
2.2636062032690805,1.5270719577121739,1.3114144478193903,2.2163748421166485,1,0,0,1,1,0,0,1,0,0,1,0,1,0,1,0,0,0,0,1,1,0,0,0,0,1,0,0,1,0,0,1,0,0,1,0,1,1,0,0,0
-0.4417729543927777,-1.2816237461508115,0.3109309828840998,-0.9777889580759681,0,1,1,0,1,0,0,1,1,0,0,0,1,0,1,0,0,1,0,0,1,0,0,0,0,1,1,0,0,1,0,0,1,0,0,0,1,0,0,0,1
2.2636062032690805,0.9164859351332639,-0.4406759982364416,0.2358751795839023,1,0,0,1,1,0,0,1,0,0,1,1,0,0,1,0,0,1,0,0,1,0,0,1,0,0,1,0,0,1,0,0,1,0,0,1,0,1,0,0,0
-0.4417729543927777,1.5270719577121739,1.6349538767785636,2.3808237533079315,1,0,0,1,0,1,0,1,0,0,1,0,1,0,0,0,1,0,0,1,0,0,1,0,0,1,0,0,1,0,0,1,0,0,1,0,1,1,0,0,0
-0.4417729543927777,-1.0373893371192477,0.14003579733130592,-0.7958655664003356,0,1,1,0,1,0,0,1,1,0,0,0,1,0,1,0,0,1,0,0,1,0,0,1,0,0,1,0,0,1,0,0,1,0,0,1,0,1,0,0,0
2.2636062032690805,0.712957260940294,1.185317029353251,1.2681867000563223,1,0,0,1,1,0,0,1,0,0,1,0,1,0,1,0,0,1,0,0,1,0,0,0,0,1,0,0,1,0,0,1,0,1,0,0,1,0,0,1,0
-0.4417729543927777,1.2828375486806098,-1.4842980536996215,-0.4494054520736996,1,0,0,1,0,1,0,1,1,0,0,0,0,1,0,1,0,0,1,0,0,1,0,0,1,0,0,1,0,0,1,0,0,0,1,1,0,0,0,0,1
2.2636062032690805,-0.9966836022806537,0.16658262227154572,-0.7633533734388764,0,1,1,0,1,0,0,1,1,0,0,0,1,0,1,0,0,1,0,0,1,0,0,1,0,0,1,0,0,1,0,0,1,0,0,0,1,0,1,0,0
2.2636062032690805,1.160720344164828,0.5714217026102039,1.1430992756846856,0,1,0,1,1,0,0,1,0,0,1,0,1,0,1,0,0,0,0,1,1,0,0,1,0,0,1,0,0,1,0,0,1,0,0,0,1,0,0,1,0
-0.4417729543927777,-1.2816237461508115,0.15662756291895585,-0.9798305745144662,1,0,1,0,0,1,0,1,1,0,0,0,1,0,1,0,0,1,0,0,1,0,0,1,0,0,1,0,0,1,0,0,1,0,0,0,1,0,0,1,0
-0.4417729543927777,-0.3860975797017438,-0.5136797668221011,-0.5189521281722158,1,0,1,0,0,1,0,1,1,0,0,1,0,0,1,0,0,1,0,0,1,0,0,0,0,1,1,0,0,1,0,0,0,1,0,0,1,0,0,1,0
-0.4417729543927777,-0.8745663977648717,0.04712191004046599,-0.6851572685579059,1,0,0,1,0,1,0,1,0,0,1,1,0,0,1,0,0,1,0,0,1,0,0,0,0,1,1,0,0,0,0,1,1,0,0,0,1,0,0,1,0
2.2636062032690805,-0.3453918448631498,0.49509958090701384,-0.19475221888468813,0,1,0,1,0,1,0,1,0,0,1,0,1,0,0,0,1,1,0,0,1,0,0,1,0,0,1,0,0,1,0,0,1,0,0,0,1,0,0,1,0
-0.4417729543927777,0.020959768684196148,-1.4710246412295016,-0.7073516150022241,0,1,0,1,0,1,0,1,1,0,0,0,0,1,0,1,0,0,1,0,0,1,0,0,1,0,0,1,0,0,1,0,0,1,0,1,0,0,0,0,1
2.2636062032690805,0.835074465456076,-1.3216987509406524,-0.4503494252656933,1,0,0,1,1,0,0,1,0,0,1,0,0,1,0,1,0,0,1,0,0,1,0,0,1,0,0,1,0,0,1,0,0,0,1,1,0,0,1,0,0
-0.4417729543927777,-0.3860975797017438,-1.4610695818769117,-0.811078901796886,0,1,0,1,0,1,0,1,1,0,0,0,0,1,0,1,0,0,1,0,0,1,0,0,1,0,0,1,0,0,1,0,0,0,1,1,0,0,0,0,1
-0.4417729543927777,-0.7524491932490897,0.709133356987698,-0.49190619857834833,1,0,1,0,1,0,0,1,1,0,0,0,1,0,1,0,0,0,0,1,1,0,0,1,0,0,1,0,0,0,0,1,1,0,0,0,1,0,0,1,0
-0.4417729543927777,1.5270719577121739,0.6527213539896881,1.494937841919193,0,1,0,1,1,0,0,1,1,0,0,0,1,0,0,0,1,0,0,1,1,0,0,0,0,1,1,0,0,1,0,0,0,0,1,1,0,1,0,0,0
-0.4417729543927777,-0.42680331454033776,0.4735302856430692,-0.24524380822388867,1,0,0,1,1,0,0,1,0,0,1,1,0,0,0,0,1,1,0,0,1,0,0,0,0,1,0,0,1,0,0,1,1,0,0,0,1,0,0,1,0
-0.4417729543927777,-0.7117434584104957,-1.4992306427285065,-0.8736006611177745,0,1,1,0,1,0,0,1,1,0,0,0,0,1,0,1,0,0,1,0,0,1,0,0,1,0,0,1,0,0,1,0,1,0,0,1,0,0,0,0,1
-0.4417729543927777,1.3235432835192038,1.41760174758035,2.0993660720392837,1,0,0,1,1,0,0,1,0,0,1,0,1,0,1,0,0,0,0,1,0,0,1,0,0,1,0,0,1,0,0,1,0,0,1,0,1,1,0,0,0
-0.4417729543927777,1.6084834273893618,0.6809273554886932,1.723818411680282,0,1,0,1,1,0,0,1,0,0,1,1,0,0,1,0,0,0,0,1,0,0,1,0,0,1,0,0,1,0,0,1,0,0,1,0,1,0,1,0,0
-0.4417729543927777,1.2421318138420159,1.4126242179040547,2.007559190901659,1,0,0,1,1,0,0,1,0,0,1,0,1,0,1,0,0,0,0,1,0,0,1,1,0,0,0,0,1,0,0,1,0,1,0,0,1,0,0,1,0
2.2636062032690805,-1.1188008067964357,0.13671744421377566,-0.8705711657574223,1,0,1,0,1,0,0,1,1,0,0,0,1,0,1,0,0,1,0,0,1,0,0,1,0,0,1,0,0,1,0,0,1,0,0,0,1,0,0,0,1
-0.4417729543927777,0.10237123836138413,1.601770345603264,0.7080813042300779,1,0,1,0,1,0,0,1,0,0,1,0,1,0,0,0,1,0,0,1,0,0,1,0,0,1,0,0,1,0,0,1,0,0,1,0,1,0,0,0,1
-0.4417729543927777,-0.8745663977648717,0.3325002781480449,-0.6478813039066178,0,1,0,1,1,0,0,1,0,0,1,0,1,0,1,0,0,1,0,0,1,0,0,1,0,0,1,0,0,1,0,0,1,0,0,0,1,0,0,1,0
2.2636062032690805,-1.1188008067964357,-0.6381180087294755,-0.9234775702389325,1,0,1,0,1,0,1,0,0,1,0,1,0,0,1,0,0,1,0,0,1,0,0,1,0,0,0,0,1,0,0,1,1,0,0,1,0,0,0,1,0
-0.4417729543927777,-0.06045170099299184,0.4735302856430692,0.08600297070619689,1,0,1,0,1,0,0,1,1,0,0,1,0,0,1,0,0,0,0,1,0,0,1,0,0,1,0,0,1,0,0,1,0,0,1,1,0,0,0,0,1
-0.4417729543927777,-1.2816237461508115,-0.4539494107065615,-0.9879092288087384,0,1,1,0,1,0,0,1,1,0,0,1,0,0,1,0,0,1,0,0,1,0,0,0,0,1,1,0,0,1,0,0,1,0,0,1,0,0,0,0,1
-0.4417729543927777,-0.019745966154397845,0.28770251106138983,0.006818986903372431,1,0,0,1,0,1,0,1,1,0,0,1,0,0,0,0,1,0,0,1,0,0,1,0,0,1,1,0,0,0,0,1,0,0,1,1,0,0,0,0,1
-0.4417729543927777,-0.8745663977648717,-0.12211409895356302,-0.6899210402477348,0,1,1,0,1,0,0,1,1,0,0,1,0,0,1,0,0,0,0,1,1,0,0,1,0,0,0,0,1,1,0,0,0,1,0,0,1,0,0,1,0
2.2636062032690805,0.6722515261017,0.8601184238353121,0.9723059865286073,1,0,1,0,1,0,0,1,0,0,1,0,1,0,1,0,0,1,0,0,0,0,1,1,0,0,1,0,0,0,0,1,1,0,0,0,1,0,1,0,0
-0.4417729543927777,1.404954753196392,0.7788187724558279,1.5353750191204136,0,1,0,1,1,0,0,1,0,0,1,0,1,0,1,0,0,0,0,1,1,0,0,1,0,0,0,0,1,1,0,0,0,1,0,0,1,1,0,0,0
-0.4417729543927777,1.5270719577121739,0.961328193919977,1.8781690050037252,1,0,0,1,0,1,0,1,0,0,1,0,1,0,0,0,1,0,0,1,0,0,1,0,0,1,1,0,0,1,0,0,0,0,1,1,0,1,0,0,0
-0.4417729543927777,-1.2816237461508115,-1.5042081724048015,-1.0018053923094836,1,0,1,0,1,0,0,1,1,0,0,0,0,1,0,1,0,0,1,0,0,1,0,0,1,0,0,1,0,0,1,0,1,0,0,0,1,0,0,0,1
2.2636062032690805,-0.9559778674420596,-1.4494553459655568,-0.920601744933091,0,1,0,1,1,0,0,1,1,0,0,0,0,1,0,1,0,0,1,0,0,1,0,0,1,0,0,1,0,0,1,0,1,0,0,0,1,0,0,0,1
-0.4417729543927777,-0.46750904937893173,-1.4743429943470316,-0.8335366826203653,0,1,1,0,1,0,0,1,1,0,0,0,0,1,0,1,0,0,1,0,0,1,0,0,1,0,0,1,0,0,1,0,1,0,0,1,0,0,1,0,0
-0.4417729543927777,-0.18256890550877383,-1.4826388771408565,-0.7753615905556343,1,0,1,0,0,1,0,1,1,0,0,0,0,1,0,1,0,0,1,0,0,1,0,0,1,0,0,1,0,0,1,0,1,0,0,1,0,0,0,0,1
-0.4417729543927777,1.404954753196392,1.3429388024359252,2.058358120349881,0,1,0,1,0,1,0,1,0,0,1,0,1,0,1,0,0,0,0,1,0,0,1,1,0,0,0,0,1,0,0,1,0,1,0,0,1,0,0,1,0
-0.4417729543927777,-0.7117434584104957,0.7572494771918827,-0.4650139390389915,0,1,1,0,1,0,0,1,0,0,1,0,1,0,0,0,1,1,0,0,1,0,0,1,0,0,0,0,1,1,0,0,1,0,0,0,1,1,0,0,0
-0.4417729543927777,-1.1188008067964357,0.6195378228143883,-0.8329439552672528,1,0,0,1,0,1,0,1,1,0,0,0,1,0,1,0,0,0,0,1,1,0,0,1,0,0,1,0,0,0,0,1,1,0,0,0,1,0,0,1,0
-0.4417729543927777,-0.3046861100245558,0.44532428414406405,-0.20346750626193272,1,0,1,0,1,0,0,1,0,0,1,1,0,0,0,0,1,0,0,1,0,0,1,0,0,1,0,0,1,1,0,0,1,0,0,0,1,1,0,0,0
-0.4417729543927777,-1.1595065416350296,-1.4760021709057964,-0.9740350181729234,1,0,1,0,1,0,0,1,1,0,0,0,0,1,0,1,0,0,1,0,0,1,0,0,1,0,0,1,0,0,1,0,1,0,0,1,0,0,1,0,0
-0.4417729543927777,-1.0373893371192477,0.1931294472117855,-0.8124838851524117,1,0,1,0,1,0,0,1,1,0,0,1,0,0,1,0,0,1,0,0,1,0,0,0,0,1,0,0,1,0,0,1,1,0,0,0,1,0,1,0,0
-0.4417729543927777,-1.2816237461508115,-0.6347996556119457,-0.9903020910861178,1,0,1,0,1,0,0,1,1,0,0,1,0,0,1,0,0,1,0,0,1,0,0,1,0,0,1,0,0,1,0,0,1,0,0,1,0,0,0,1,0
-0.4417729543927777,1.038603139649046,-1.4959122896109764,-0.5016093648774469,1,0,0,1,0,1,0,1,1,0,0,0,0,1,0,1,0,0,1,0,0,1,0,0,1,0,0,1,0,0,1,0,0,0,1,0,1,0,0,0,1
-0.4417729543927777,-0.5896262538947138,0.16160509259525055,-0.47403656652525733,1,0,1,0,1,0,0,1,1,0,0,0,1,0,1,0,0,1,0,0,1,0,0,1,0,0,1,0,0,1,0,0,1,0,0,0,1,0,0,1,0
2.2636062032690805,1.120014609326234,0.8136614801898926,1.3142218578147153,1,0,0,1,1,0,0,1,0,0,1,0,1,0,1,0,0,0,0,1,1,0,0,1,0,0,1,0,0,0,0,1,1,0,0,1,0,0,0,1,0
-0.4417729543927777,-0.7524491932490897,-1.4776613474645617,-0.8820305612509278,1,0,0,1,1,0,0,1,1,0,0,0,0,1,0,1,0,0,1,0,0,1,0,0,1,0,0,1,0,0,1,0,0,0,1,1,0,0,0,0,1
-0.4417729543927777,0.38731138223154205,-0.5103614137045713,-0.09807180173258422,1,0,1,0,1,0,0,1,1,0,0,1,0,0,1,0,0,0,0,1,1,0,0,1,0,0,1,0,0,1,0,0,1,0,0,0,1,0,0,1,0
-0.4417729543927777,-1.2816237461508115,-0.9633166142474141,-0.9946487583422751,0,1,1,0,1,0,1,0,0,1,0,1,0,0,1,0,0,1,0,0,1,0,0,1,0,0,1,0,0,0,0,1,1,0,0,1,0,0,0,1,0
-0.4417729543927777,1.2828375486806098,-0.5004063543519812,0.39911668320403054,1,0,0,1,0,1,1,0,0,1,0,1,0,0,1,0,0,0,0,1,0,0,1,0,0,1,1,0,0,0,0,1,0,0,1,1,0,0,0,1,0
-0.4417729543927777,0.835074465456076,1.3479163321122198,1.4844224196176812,1,0,1,0,1,0,0,1,0,0,1,0,1,0,1,0,0,0,0,1,0,0,1,1,0,0,0,0,1,0,0,1,0,0,1,1,0,0,0,1,0
2.2636062032690805,-1.2816237461508115,0.15496838636019047,-0.9798525273793964,1,0,1,0,1,0,0,1,1,0,0,0,1,0,1,0,0,1,0,0,1,0,0,1,0,0,1,0,0,1,0,0,1,0,0,0,1,0,0,1,0
-0.4417729543927777,0.509428586747324,1.3346429196421001,1.0667252585929121,1,0,0,1,0,1,0,1,0,0,1,0,1,0,0,0,1,0,0,1,1,0,0,1,0,0,0,0,1,0,0,1,1,0,0,0,1,0,0,1,0
2.2636062032690805,-0.10115743583158582,1.3528938617885151,0.38658159732895087,0,1,0,1,1,0,0,1,0,0,1,0,1,0,0,0,1,0,0,1,0,0,1,0,0,1,0,0,1,1,0,0,1,0,0,0,1,1,0,0,0
-0.4417729543927777,-0.6303319887333078,0.18483356441796053,-0.4986457281118852,1,0,1,0,1,0,0,1,1,0,0,0,1,0,1,0,0,1,0,0,1,0,0,1,0,0,1,0,0,1,0,0,1,0,0,1,0,1,0,0,0
2.2636062032690805,-0.06045170099299184,0.29765757041398017,-0.036955025767221344,1,0,1,0,1,0,0,1,0,0,1,0,1,0,1,0,0,1,0,0,1,0,0,1,0,0,1,0,0,1,0,0,1,0,0,0,1,0,0,1,0
-0.4417729543927777,0.2651941777157601,0.2727699220325053,0.1885887085244944,0,1,1,0,1,0,0,1,0,0,1,0,1,0,1,0,0,1,0,0,1,0,0,1,0,0,1,0,0,1,0,0,1,0,0,0,1,0,1,0,0
-0.4417729543927777,1.07930887448764,1.0525829046520516,1.4398800566745344,1,0,0,1,0,1,0,1,0,0,1,0,1,0,1,0,0,0,0,1,1,0,0,0,0,1,1,0,0,0,0,1,1,0,0,0,1,1,0,0,0
-0.4417729543927777,-0.9152721326034656,0.9928525485365115,-0.5917917340102451,1,0,1,0,1,0,0,1,0,0,1,0,1,0,1,0,0,0,0,1,0,0,1,1,0,0,1,0,0,0,0,1,1,0,0,0,1,0,0,1,0
-0.4417729543927777,-1.2002122764736236,0.5116913464946637,-0.8989781729769551,0,1,1,0,1,0,0,1,1,0,0,0,1,0,1,0,0,1,0,0,1,0,0,1,0,0,1,0,0,0,0,1,1,0,0,0,1,0,0,1,0
2.2636062032690805,0.42801711707013607,0.8402083051301324,0.6750202896453664,1,0,1,0,1,0,0,1,0,0,1,0,1,0,1,0,0,0,0,1,1,0,0,1,0,0,0,0,1,1,0,0,1,0,0,0,1,0,0,1,0
-0.4417729543927777,-1.2002122764736236,0.6427662946370982,-0.9072104973257378,0,1,1,0,1,0,0,1,1,0,0,0,1,0,1,0,0,0,0,1,1,0,0,1,0,0,1,0,0,0,0,1,1,0,0,1,0,0,0,1,0
-0.4417729543927777,-0.46750904937893173,1.3097552712606253,-0.06294721784444471,0,1,0,1,0,1,0,1,0,0,1,0,1,0,1,0,0,0,0,1,0,0,1,1,0,0,0,0,1,0,0,1,1,0,0,1,0,0,0,1,0
2.2636062032690805,0.020959768684196148,-0.4954288246756863,-0.2416874441052146,0,1,0,1,1,0,1,0,0,1,0,1,0,0,1,0,0,0,0,1,0,0,1,0,0,1,0,0,1,1,0,0,1,0,0,0,1,0,0,1,0
-0.4417729543927777,-0.9559778674420596,-1.354882282115952,-0.8963438291853447,0,1,0,1,1,0,1,0,0,1,0,1,0,0,1,0,0,1,0,0,1,0,0,1,0,0,1,0,0,1,0,0,0,1,0,1,0,1,0,0,0
-0.4417729543927777,-1.2409180113122176,-0.1353875114236829,-0.9614999322978435,1,0,1,0,1,0,0,1,1,0,0,1,0,0,1,0,0,1,0,0,0,0,1,1,0,0,1,0,0,0,0,1,1,0,0,1,0,0,0,1,0
-0.4417729543927777,-1.0373893371192477,-0.976590026717534,-0.9008441664960125,0,1,1,0,1,0,1,0,0,1,0,1,0,0,1,0,0,1,0,0,0,0,1,0,0,1,1,0,0,1,0,0,0,1,0,0,1,0,1,0,0
-0.4417729543927777,-1.1188008067964357,-1.3233579274994174,-0.9553092243875589,1,0,0,1,0,1,1,0,0,1,0,1,0,0,1,0,0,1,0,0,1,0,0,1,0,0,1,0,0,1,0,0,1,0,0,1,0,0,0,0,1
-0.4417729543927777,-1.2409180113122176,0.16658262227154572,-0.9472305700932868,0,1,0,1,0,1,0,1,1,0,0,0,1,0,1,0,0,1,0,0,1,0,0,1,0,0,1,0,0,1,0,0,1,0,0,1,0,0,0,0,1
-0.4417729543927777,-0.6303319887333078,0.1947886237705504,-0.48046875594977295,0,1,1,0,1,0,0,1,1,0,0,0,1,0,1,0,0,1,0,0,1,0,0,1,0,0,1,0,0,1,0,0,1,0,0,0,1,0,0,1,0
2.2636062032690805,1.120014609326234,1.2102046777347257,1.7014703951814534,1,0,1,0,1,0,0,1,0,0,1,0,1,0,0,0,1,1,0,0,1,0,0,1,0,0,0,0,1,0,0,1,0,1,0,0,1,1,0,0,0
-0.4417729543927777,0.46872285190873003,-1.4942531130522116,-0.629265274445904,1,0,1,0,0,1,0,1,1,0,0,0,0,1,0,1,0,0,1,0,0,1,0,0,1,0,0,1,0,0,1,0,0,0,1,1,0,0,0,0,1
-0.4417729543927777,1.6084834273893618,0.700837474193873,1.759886968760415,0,1,1,0,1,0,0,1,0,0,1,1,0,0,0,0,1,0,0,1,1,0,0,0,0,1,0,0,1,0,0,1,0,0,1,1,0,0,1,0,0
-0.4417729543927777,1.48636622287358,0.9132120737157922,1.8261407151194184,0,1,0,1,1,0,0,1,0,0,1,0,1,0,1,0,0,0,0,1,1,0,0,0,0,1,0,0,1,1,0,0,0,0,1,0,1,0,0,0,1
-0.4417729543927777,-1.2409180113122176,-0.6729607164635405,-0.9775255236968071,0,1,1,0,1,0,0,1,1,0,0,1,0,0,1,0,0,1,0,0,1,0,0,1,0,0,1,0,0,1,0,0,1,0,0,1,0,0,0,0,1
-0.4417729543927777,-1.2816237461508115,0.6527213539896881,-0.9732666679003703,1,0,1,0,1,0,0,1,0,0,1,0,1,0,1,0,0,1,0,0,1,0,0,1,0,0,0,0,1,1,0,0,1,0,0,0,1,0,0,1,0
-0.4417729543927777,0.9978974048104519,1.4275568069329396,1.610695298695543,0,1,0,1,1,0,0,1,0,0,1,0,1,0,1,0,0,1,0,0,0,0,1,0,0,1,0,0,1,0,0,1,0,0,1,1,0,0,0,1,0
-0.4417729543927777,-0.5489205190561198,-0.22332386903822746,-0.5514862739986051,1,0,1,0,1,0,0,1,1,0,0,1,0,0,1,0,0,0,0,1,1,0,0,1,0,0,0,0,1,1,0,0,0,1,0,1,0,0,0,1,0
-0.4417729543927777,0.3466056473929481,0.9746016063900966,0.6991025824736721,1,0,0,1,0,1,0,1,0,0,1,0,1,0,0,0,1,0,0,1,1,0,0,1,0,0,0,0,1,1,0,0,1,0,0,0,1,1,0,0,0
-0.4417729543927777,1.404954753196392,1.5354032832526643,2.2960417889479348,0,1,0,1,0,1,0,1,0,0,1,0,1,0,1,0,0,0,0,1,0,0,1,0,0,1,0,0,1,0,0,1,0,0,1,0,1,1,0,0,0
-0.4417729543927777,-1.1188008067964357,0.7954105380434778,-0.8110130432020958,1,0,0,1,1,0,0,1,1,0,0,0,1,0,0,0,1,1,0,0,0,0,1,1,0,0,1,0,0,0,0,1,1,0,0,0,1,0,0,0,1
2.2636062032690805,-0.7117434584104957,0.6012868806679734,-0.4579451165315035,1,0,0,1,1,0,0,1,0,0,1,0,1,0,1,0,0,1,0,0,0,0,1,0,0,1,1,0,0,1,0,0,1,0,0,0,1,0,0,1,0
-0.4417729543927777,1.5677776925507678,1.782620590508648,2.711741239264066,1,0,1,0,1,0,0,1,0,0,1,0,1,0,0,0,1,0,0,1,0,0,1,0,0,1,0,0,1,0,0,1,0,0,1,0,1,0,0,1,0
-0.4417729543927777,-1.2002122764736236,-1.4726838177882668,-0.9879531345385986,0,1,0,1,1,0,0,1,1,0,0,0,0,1,0,1,0,0,1,0,0,1,0,0,1,0,0,1,0,0,1,0,1,0,0,0,1,0,1,0,0
-0.4417729543927777,1.5677776925507678,-1.3349721634107723,-0.21547572337869045,1,0,0,1,0,1,0,1,0,0,1,0,0,1,0,1,0,0,1,0,0,1,0,0,1,0,0,1,0,0,1,0,0,0,1,1,0,1,0,0,0
2.2636062032690805,1.5270719577121739,0.9049161909219672,1.8322436115699825,1,0,0,1,1,0,0,1,0,0,1,1,0,0,0,0,1,0,0,1,0,0,1,0,0,1,0,0,1,0,0,1,0,0,1,0,1,1,0,0,0
-0.4417729543927777,-1.1595065416350296,-0.7476236616079651,-0.9461329268467824,0,1,1,0,1,0,1,0,0,1,0,1,0,0,0,0,1,0,0,1,1,0,0,0,0,1,1,0,0,1,0,0,1,0,0,1,0,0,0,0,1
2.2636062032690805,-1.1188008067964357,0.684245708606223,-0.8310560088832654,0,1,1,0,1,0,0,1,1,0,0,0,1,0,1,0,0,0,0,1,1,0,0,1,0,0,1,0,0,0,0,1,1,0,0,0,1,0,0,1,0
-0.4417729543927777,1.160720344164828,-1.4826388771408565,-0.44894444191016775,1,0,0,1,1,0,0,1,1,0,0,0,0,1,0,1,0,0,1,0,0,1,0,0,1,0,0,1,0,0,1,0,0,0,1,1,0,0,1,0,0
-0.4417729543927777,-1.2002122764736236,-1.2785601604127625,-0.9571752179066163,0,1,1,0,0,1,0,1,0,0,1,0,0,1,0,1,0,0,1,0,0,1,0,0,1,0,0,1,0,0,1,0,0,0,1,0,1,0,0,0,1
-0.4417729543927777,-1.2002122764736236,-0.6845749523748955,-0.9513577087001432,1,0,0,1,0,1,0,1,1,0,0,1,0,0,1,0,0,1,0,0,1,0,0,1,0,0,1,0,0,1,0,0,1,0,0,1,0,0,0,0,1
-0.4417729543927777,0.061665503522790134,0.747294417839293,0.25150561941412436,1,0,0,1,0,1,0,1,0,0,1,0,1,0,1,0,0,1,0,0,0,0,1,1,0,0,0,0,1,1,0,0,1,0,0,1,0,0,0,1,0
-0.4417729543927777,1.5677776925507678,1.3528938617885151,2.2702910783849424,0,1,0,1,1,0,0,1,0,0,1,0,1,0,1,0,0,0,0,1,0,0,1,1,0,0,0,0,1,0,0,1,0,1,0,0,1,1,0,0,0
-0.4417729543927777,-0.3860975797017438,0.8684143066291371,-0.045231255845864175,1,0,0,1,0,1,0,1,0,0,1,1,0,0,0,0,1,0,0,1,0,0,1,0,0,1,0,0,1,0,0,1,0,0,1,0,1,0,1,0,0
-0.4417729543927777,0.1430769731999781,-1.5058673489635666,-0.7378660972550453,1,0,1,0,1,0,0,1,1,0,0,0,0,1,0,1,0,0,1,0,0,1,0,0,1,0,0,1,0,0,1,0,0,1,0,1,0,0,0,0,1
-0.4417729543927777,-0.7117434584104957,0.12178485518489063,-0.5236719941321846,0,1,0,1,1,0,0,1,1,0,0,0,1,0,1,0,0,1,0,0,1,0,0,1,0,0,1,0,0,1,0,0,1,0,0,0,1,1,0,0,0
-0.4417729543927777,-0.8745663977648717,-0.32785199224042216,-0.7433982192174272,0,1,0,1,1,0,0,1,1,0,0,1,0,0,1,0,0,1,0,0,1,0,0,1,0,0,0,0,1,1,0,0,1,0,0,0,1,1,0,0,0
2.2636062032690805,-0.7117434584104957,0.34411451405939963,-0.5066146180815068,1,0,1,0,1,0,0,1,1,0,0,0,1,0,1,0,0,0,0,1,1,0,0,1,0,0,1,0,0,1,0,0,1,0,0,0,1,0,1,0,0
-0.4417729543927777,1.201426079003422,-0.7078034241976052,0.19642588130453548,1,0,1,0,1,0,1,0,0,1,0,1,0,0,1,0,0,0,0,1,0,0,1,1,0,0,1,0,0,0,0,1,0,0,1,0,1,0,1,0,0
-0.4417729543927777,-1.0373893371192477,0.9978300782128067,-0.7226088561286347,0,1,1,0,1,0,0,1,0,0,1,0,1,0,1,0,0,1,0,0,1,0,0,1,0,0,0,0,1,0,0,1,1,0,0,1,0,0,0,0,1
-0.4417729543927777,-1.0780950719578417,0.5166688761709589,-0.7896309527601909,1,0,0,1,0,1,0,1,0,0,1,0,1,0,1,0,0,1,0,0,1,0,0,0,0,1,1,0,0,1,0,0,1,0,0,0,1,0,0,1,0
-0.4417729543927777,-0.14186317067017984,-1.3200395743818873,-0.7021926917436536,1,0,1,0,1,0,0,1,0,0,1,0,0,1,0,1,0,0,1,0,0,1,0,0,1,0,0,1,0,0,1,0,1,0,0,1,0,0,0,1,0
-0.4417729543927777,1.6084834273893618,0.8219573629837176,1.8825156722598824,0,1,0,1,0,1,0,1,0,0,1,0,1,0,1,0,0,0,0,1,1,0,0,1,0,0,0,0,1,1,0,0,0,1,0,0,1,0,0,1,0
-0.4417729543927777,1.48636622287358,0.677609002371163,1.5788855974118463,1,0,1,0,1,0,0,1,0,0,1,1,0,0,0,0,1,1,0,0,0,0,1,0,0,1,0,0,1,0,0,1,0,0,1,0,1,0,1,0,0
-0.4417729543927777,-0.7117434584104957,1.2085455011759605,-0.3281378261998979,0,1,1,0,1,0,0,1,1,0,0,0,1,0,1,0,0,1,0,0,0,0,1,0,0,1,0,0,1,0,0,1,1,0,0,0,1,0,0,1,0
-0.4417729543927777,-0.6710377235719017,-1.5008898192872715,-0.8780131869687219,1,0,0,1,0,1,0,1,1,0,0,0,0,1,0,1,0,0,1,0,0,1,0,0,1,0,0,1,0,0,1,0,0,0,1,1,0,0,0,0,1
2.2636062032690805,0.5908400564245121,0.1864927409767254,0.4425394500357431,1,0,0,1,0,1,0,1,1,0,0,0,1,0,1,0,0,1,0,0,1,0,0,1,0,0,1,0,0,1,0,0,1,0,0,1,0,1,0,0,0
-0.4417729543927777,0.6315457912631061,0.15828673947772076,0.31714468555508507,1,0,0,1,0,1,0,1,1,0,0,1,0,0,0,0,1,1,0,0,0,0,1,0,0,1,0,0,1,1,0,0,0,1,0,1,0,1,0,0,0
-0.4417729543927777,1.6084834273893618,0.1267623848611858,1.1357889716629663,1,0,0,1,0,1,0,1,1,0,0,1,0,0,0,0,1,0,0,1,0,0,1,1,0,0,1,0,0,0,0,1,0,0,1,1,0,0,1,0,0
-0.4417729543927777,-0.46750904937893173,0.2910208641789201,-0.3260523040315396,0,1,1,0,1,0,0,1,0,0,1,0,1,0,1,0,0,1,0,0,1,0,0,1,0,0,1,0,0,1,0,0,1,0,0,0,1,0,0,1,0
-0.4417729543927777,1.6084834273893618,1.5005605755185996,2.501520604693551,1,0,0,1,1,0,0,1,0,0,1,0,1,0,1,0,0,0,0,1,0,0,1,0,0,1,0,0,1,0,0,1,0,0,1,0,1,0,0,1,0
-0.4417729543927777,-1.0373893371192477,0.15828673947772076,-0.7837914906887876,0,1,0,1,0,1,0,1,1,0,0,1,0,0,0,0,1,1,0,0,1,0,0,1,0,0,0,0,1,0,0,1,1,0,0,1,0,0,1,0,0
2.2636062032690805,-0.2232746403473678,0.6742906492536331,-0.006177109135239147,1,0,1,0,1,0,0,1,0,0,1,0,1,0,1,0,0,1,0,0,1,0,0,1,0,0,1,0,0,0,0,1,1,0,0,0,1,0,0,1,0
-0.4417729543927777,-1.1595065416350296,0.32254521879545506,-0.8780790455635121,0,1,0,1,1,0,0,1,0,0,1,0,1,0,1,0,0,1,0,0,1,0,0,1,0,0,1,0,0,1,0,0,1,0,0,0,1,0,0,1,0
-0.4417729543927777,-1.1595065416350296,-0.6281629493768857,-0.9254094223527802,1,0,1,0,1,0,0,1,1,0,0,1,0,0,1,0,0,1,0,0,1,0,0,1,0,0,1,0,0,1,0,0,1,0,0,0,1,0,0,0,1
-0.4417729543927777,-0.26398037518596185,0.8584592472765472,0.026554612475520937,1,0,0,1,0,1,0,1,1,0,0,0,1,0,1,0,0,1,0,0,1,0,0,1,0,0,0,0,1,0,0,1,1,0,0,0,1,0,0,1,0
-0.4417729543927777,0.38731138223154205,0.4967587574657792,0.4443615378249403,0,1,1,0,1,0,0,1,0,0,1,0,1,0,1,0,0,1,0,0,0,0,1,1,0,0,1,0,0,1,0,0,1,0,0,1,0,0,0,1,0
-0.4417729543927777,1.48636622287358,0.5647849963751438,1.44892463702573,0,1,0,1,0,1,0,1,0,0,1,1,0,0,1,0,0,0,0,1,0,0,1,0,0,1,0,0,1,0,0,1,0,0,1,0,1,1,0,0,0
-0.4417729543927777,0.6722515261017,-1.4760021709057964,-0.5605308543498009,1,0,1,0,0,1,0,1,1,0,0,0,0,1,0,1,0,0,1,0,0,1,0,0,1,0,0,1,0,0,1,0,0,0,1,1,0,0,1,0,0
-0.4417729543927777,-1.2816237461508115,0.3607062796470496,-0.9771303721280655,1,0,1,0,1,0,0,1,1,0,0,0,1,0,1,0,0,0,0,1,1,0,0,1,0,0,1,0,0,1,0,0,1,0,0,1,0,0,0,1,0
-0.4417729543927777,0.2244884428771661,0.10685226615600607,0.1558569869137345,1,0,1,0,1,0,0,1,0,0,1,1,0,0,1,0,0,0,0,1,1,0,0,0,0,1,1,0,0,0,0,1,1,0,0,1,0,0,1,0,0
-0.4417729543927777,0.1837827080385721,1.1654069106480707,0.6626388738247974,1,0,1,0,1,0,0,1,0,0,1,0,1,0,1,0,0,1,0,0,0,0,1,1,0,0,0,0,1,0,0,1,1,0,0,0,1,0,0,1,0
-0.4417729543927777,-0.7524491932490897,0.5647849963751438,-0.491554952739467,0,1,0,1,1,0,0,1,1,0,0,1,0,0,1,0,0,0,0,1,0,0,1,0,0,1,0,0,1,0,0,1,0,0,1,1,0,0,0,0,1
2.2636062032690805,-1.2816237461508115,0.47021193252553894,-0.9756814830426799,0,1,1,0,1,0,0,1,1,0,0,0,1,0,1,0,0,1,0,0,1,0,0,1,0,0,0,0,1,1,0,0,1,0,0,0,1,0,0,1,0
-0.4417729543927777,-0.9559778674420596,-1.5075265255223316,-0.9318855175071559,1,0,1,0,1,0,0,1,1,0,0,0,0,1,0,1,0,0,1,0,0,1,0,0,1,0,0,1,0,0,1,0,1,0,0,0,1,0,0,1,0
-0.4417729543927777,-0.3453918448631498,-0.4572677638240915,-0.4503055195358331,0,1,1,0,1,0,0,1,1,0,0,1,0,0,0,0,1,1,0,0,1,0,0,1,0,0,1,0,0,1,0,0,1,0,0,0,1,0,0,1,0
-0.4417729543927777,-0.9966836022806537,-0.3046235204177122,-0.8142401143468186,1,0,0,1,0,1,0,1,0,0,1,1,0,0,1,0,0,0,0,1,1,0,0,1,0,0,1,0,0,1,0,0,1,0,0,1,0,0,0,1,0
-0.4417729543927777,-1.2816237461508115,0.692541591400048,-0.972739799142048,1,0,1,0,1,0,0,1,0,0,1,0,1,0,1,0,0,1,0,0,1,0,0,1,0,0,1,0,0,0,0,1,1,0,0,1,0,0,0,0,1
-0.4417729543927777,1.6084834273893618,0.4735302856430692,1.3613327059546823,1,0,0,1,1,0,0,1,0,0,1,1,0,0,0,0,1,0,0,1,0,0,1,0,0,1,0,0,1,1,0,0,0,0,1,1,0,0,1,0,0
-0.4417729543927777,1.6084834273893618,1.346257155553455,2.301837345289478,1,0,0,1,1,0,0,1,0,0,1,0,1,0,0,0,1,1,0,0,0,0,1,1,0,0,0,0,1,0,0,1,0,0,1,0,1,0,0,1,0
-0.4417729543927777,-0.6303319887333078,-0.31789693288783205,-0.6062586719991725,1,0,0,1,0,1,0,1,1,0,0,1,0,0,0,0,1,1,0,0,1,0,0,0,0,1,1,0,0,1,0,0,1,0,0,0,1,0,1,0,0
-0.4417729543927777,1.445660488034986,-0.019245152310133705,0.9827335973703988,1,0,1,0,1,0,1,0,0,1,0,1,0,0,0,0,1,0,0,1,0,0,1,0,0,1,0,0,1,0,0,1,0,0,1,1,0,0,1,0,0
-0.4417729543927777,0.6315457912631061,0.02389343821775647,0.34831775375580887,1,0,0,1,1,0,0,1,1,0,0,1,0,0,1,0,0,0,0,1,0,0,1,1,0,0,1,0,0,0,0,1,0,1,0,0,1,0,0,1,0
-0.4417729543927777,-1.0373893371192477,0.3573879265295198,-0.7671512190717816,1,0,0,1,0,1,0,1,1,0,0,1,0,0,0,0,1,0,0,1,0,0,1,0,0,1,0,0,1,1,0,0,1,0,0,0,1,0,0,1,0
-0.4417729543927777,0.550134321585918,-1.1342117998002081,-0.35652288055450065,0,1,1,0,1,0,1,0,0,1,0,1,0,0,0,0,1,1,0,0,1,0,0,1,0,0,1,0,0,1,0,0,0,1,0,0,1,1,0,0,0
-0.4417729543927777,0.712957260940294,1.2865267994379155,1.2160705987122955,0,1,0,1,0,1,0,1,0,0,1,0,1,0,1,0,0,0,0,1,1,0,0,0,0,1,0,0,1,0,0,1,1,0,0,1,0,0,0,1,0
-0.4417729543927777,-0.3860975797017438,-0.35439881718066196,-0.47408047225511757,1,0,0,1,1,0,0,1,1,0,0,1,0,0,1,0,0,1,0,0,0,0,1,0,0,1,1,0,0,1,0,0,1,0,0,1,0,0,0,1,0
-0.4417729543927777,-0.7931549280876837,-1.4760021709057964,-0.8986708328679339,1,0,0,1,0,1,0,1,1,0,0,0,0,1,0,1,0,0,1,0,0,1,0,0,1,0,0,1,0,0,1,0,1,0,0,0,1,0,0,0,1
-0.4417729543927777,-0.5896262538947138,-1.3150620447055925,-0.8107935145527949,1,0,1,0,0,1,0,1,0,0,1,0,0,1,0,1,0,0,1,0,0,1,0,0,1,0,0,1,0,0,1,0,0,0,1,1,0,0,1,0,0
-0.4417729543927777,1.2828375486806098,-1.3449272227633624,-0.3073923688409655,1,0,1,0,1,0,0,1,0,0,1,0,0,1,0,1,0,0,1,0,0,1,0,0,1,0,0,1,0,0,1,0,0,1,0,0,1,1,0,0,0
-0.4417729543927777,1.364249018357798,0.8120023036311277,1.6137906526506849,0,1,1,0,1,0,0,1,0,0,1,0,1,0,1,0,0,0,0,1,1,0,0,1,0,0,1,0,0,0,0,1,1,0,0,1,0,0,1,0,0
-0.4417729543927777,-0.9559778674420596,-0.541885768321106,-0.8249970181625613,1,0,0,1,0,1,0,1,1,0,0,1,0,0,0,0,1,1,0,0,1,0,0,1,0,0,1,0,0,1,0,0,0,1,0,1,0,0,0,0,1
2.2636062032690805,-0.46750904937893173,0.9729424298313317,-0.14382157224688585,1,0,1,0,1,0,0,1,0,0,1,0,1,0,1,0,0,1,0,0,1,0,0,1,0,0,0,0,1,0,0,1,1,0,0,0,1,0,0,1,0
-0.4417729543927777,0.3058999125543541,-1.4776613474645617,-0.6350608307874469,0,1,1,0,0,1,0,1,1,0,0,0,0,1,0,1,0,0,1,0,0,1,0,0,1,0,0,1,0,0,1,0,0,1,0,0,1,1,0,0,0
-0.4417729543927777,-1.0373893371192477,-0.5070430605870413,-0.8762569577743149,0,1,0,1,0,1,1,0,0,1,0,1,0,0,0,0,1,1,0,0,0,0,1,0,0,1,1,0,0,0,0,1,0,0,1,1,0,0,1,0,0
-0.4417729543927777,0.9571916699718579,1.3827590398462846,1.5773708497316703,1,0,1,0,1,0,0,1,0,0,1,0,1,0,0,0,1,0,0,1,1,0,0,1,0,0,0,0,1,0,0,1,1,0,0,0,1,0,1,0,0
-0.4417729543927777,-0.42680331454033776,-1.4660471115532068,-0.811803346339579,1,0,0,1,0,1,0,1,1,0,0,0,0,1,0,1,0,0,1,0,0,1,0,0,1,0,0,1,0,0,1,0,0,1,0,1,0,1,0,0,0
-0.4417729543927777,-1.1595065416350296,0.19810697688808065,-0.8905482728438017,1,0,1,0,1,0,0,1,1,0,0,0,1,0,1,0,0,1,0,0,1,0,0,1,0,0,1,0,0,1,0,0,1,0,0,0,1,1,0,0,0
2.2636062032690805,-1.2816237461508115,0.315908512560395,-0.977723099481178,1,0,0,1,1,0,0,1,0,0,1,0,1,0,1,0,0,1,0,0,1,0,0,1,0,0,1,0,0,1,0,0,1,0,0,0,1,0,0,1,0
-0.4417729543927777,-0.019745966154397845,0.8667551300703722,0.2503421175728297,0,1,1,0,1,0,0,1,1,0,0,0,1,0,1,0,0,1,0,0,1,0,0,1,0,0,0,0,1,0,0,1,1,0,0,1,0,0,0,1,0
-0.4417729543927777,-0.26398037518596185,-0.8289233129874496,-0.5609260059185425,0,1,1,0,0,1,1,0,0,1,0,1,0,0,1,0,0,0,0,1,1,0,0,1,0,0,0,0,1,1,0,0,0,1,0,0,1,1,0,0,0
-0.4417729543927777,-0.5896262538947138,-0.6148895369067657,-0.653720765978021,0,1,0,1,0,1,1,0,0,1,0,1,0,0,1,0,0,0,0,1,0,0,1,1,0,0,0,0,1,1,0,0,0,1,0,1,0,0,1,0,0
-0.4417729543927777,0.10237123836138413,1.4939238692835395,0.6502794108691582,0,1,0,1,0,1,0,1,0,0,1,0,1,0,1,0,0,0,0,1,0,0,1,0,0,1,0,0,1,0,0,1,1,0,0,0,1,0,0,1,0
-0.4417729543927777,1.6084834273893618,0.506713816818369,1.4984503003080067,1,0,0,1,0,1,0,1,0,0,1,1,0,0,0,0,1,0,0,1,0,0,1,0,0,1,0,0,1,1,0,0,0,0,1,1,0,1,0,0,0
-0.4417729543927777,0.7943687306174819,1.1023582014150013,1.1819777994758698,1,0,0,1,0,1,0,1,0,0,1,0,1,0,0,0,1,0,0,1,0,0,1,1,0,0,1,0,0,0,0,1,1,0,0,1,0,1,0,0,0
2.2636062032690805,-1.0373893371192477,0.6510621774309232,-0.7264067017615398,1,0,0,1,1,0,0,1,0,0,1,0,1,0,1,0,0,1,0,0,1,0,0,1,0,0,1,0,0,0,0,1,1,0,0,0,1,0,0,1,0
-0.4417729543927777,0.1430769731999781,1.323028683730745,0.6959633227886696,1,0,1,0,1,0,0,1,0,0,1,0,1,0,1,0,0,0,0,1,0,0,1,1,0,0,0,0,1,0,0,1,0,1,0,0,1,1,0,0,0
-0.4417729543927777,-1.2409180113122176,-1.5141632317573916,-0.9909167713041603,1,0,1,0,1,0,0,1,1,0,0,0,0,1,0,1,0,0,1,0,0,1,0,0,1,0,0,1,0,0,1,0,1,0,0,1,0,0,0,0,1
-0.4417729543927777,-1.0373893371192477,-0.9832267329525941,-0.894148542692336,0,1,1,0,1,0,1,0,0,1,0,1,0,0,0,0,1,1,0,0,0,0,1,1,0,0,1,0,0,1,0,0,0,1,0,1,0,0,0,0,1
-0.4417729543927777,-0.7117434584104957,-1.5091857020810964,-0.8607582351336734,0,1,0,1,1,0,0,1,1,0,0,0,0,1,0,1,0,0,1,0,0,1,0,0,1,0,0,1,0,0,1,0,1,0,0,0,1,0,1,0,0
-0.4417729543927777,-1.2409180113122176,0.4818261684368942,-0.9466817484700346,0,1,1,0,1,0,0,1,0,0,1,0,1,0,1,0,0,0,0,1,1,0,0,1,0,0,1,0,0,1,0,0,1,0,0,0,1,0,0,1,0
-0.4417729543927777,1.5677776925507678,-0.5750692994964058,0.4726368278548927,1,0,0,1,1,0,1,0,0,1,0,1,0,0,0,0,1,0,0,1,0,0,1,0,0,1,1,0,0,1,0,0,0,0,1,0,1,1,0,0,0
-0.4417729543927777,-0.2232746403473678,0.3590471030882847,-0.16346938635931388,0,1,0,1,0,1,0,1,0,0,1,0,1,0,1,0,0,1,0,0,1,0,0,1,0,0,1,0,0,1,0,0,1,0,0,0,1,1,0,0,0
-0.4417729543927777,0.46872285190873003,-0.3328295219167171,0.10879004450362743,0,1,0,1,0,1,0,1,1,0,0,1,0,0,1,0,0,0,0,1,1,0,0,0,0,1,1,0,0,1,0,0,1,0,0,0,1,1,0,0,0
-0.4417729543927777,0.550134321585918,0.18815191753549032,0.40820516928508677,1,0,0,1,1,0,0,1,1,0,0,1,0,0,0,0,1,0,0,1,1,0,0,0,0,1,1,0,0,0,0,1,0,1,0,1,0,0,0,0,1
-0.4417729543927777,-0.06045170099299184,-1.4876164068171516,-0.7516964021610002,1,0,1,0,0,1,0,1,1,0,0,0,0,1,0,1,0,0,1,0,0,1,0,0,1,0,0,1,0,0,1,0,0,1,0,1,0,0,1,0,0
-0.4417729543927777,1.48636622287358,0.45362016693788904,1.341377551733233,0,1,1,0,1,0,0,1,0,0,1,1,0,0,0,0,1,0,0,1,0,0,1,0,0,1,1,0,0,0,0,1,0,1,0,0,1,0,1,0,0
-0.4417729543927777,-0.3046861100245558,-0.15197927701133282,-0.39368908088113824,0,1,0,1,0,1,0,1,0,0,1,1,0,0,1,0,0,1,0,0,1,0,0,1,0,0,0,0,1,1,0,0,1,0,0,1,0,0,0,1,0
-0.4417729543927777,-0.3046861100245558,-1.5191407614336865,-0.8007171495498849,0,1,0,1,0,1,0,1,1,0,0,0,0,1,0,1,0,0,1,0,0,1,0,0,1,0,0,1,0,0,1,0,1,0,0,0,1,0,0,0,1
-0.4417729543927777,1.5270719577121739,1.5967928159269686,2.4445529201999747,1,0,0,1,0,1,0,1,0,0,1,0,1,0,0,0,1,0,0,1,0,0,1,0,0,1,0,0,1,0,0,1,0,0,1,0,1,0,1,0,0
-0.4417729543927777,1.6084834273893618,-1.4677062881119716,-0.3552935201184158,0,1,0,1,1,0,0,1,1,0,0,0,0,1,0,1,0,0,1,0,0,1,0,0,1,0,0,1,0,0,1,0,0,0,1,1,0,1,0,0,0
-0.4417729543927777,-1.2409180113122176,-0.6829157758161304,-0.9747375098506861,0,1,1,0,1,0,0,1,1,0,0,1,0,0,1,0,0,1,0,0,1,0,0,1,0,0,1,0,0,1,0,0,1,0,0,1,0,0,0,1,0
-0.4417729543927777,-1.1595065416350296,-1.0379795593918388,-0.9498868667498274,1,0,1,0,1,0,1,0,0,1,0,1,0,0,0,0,1,0,0,1,1,0,0,1,0,0,1,0,0,1,0,0,1,0,0,0,1,0,0,1,0
-0.4417729543927777,1.364249018357798,0.8634367769528424,1.5932208182111933,1,0,1,0,0,1,0,1,0,0,1,0,1,0,0,0,1,1,0,0,0,0,1,0,0,1,1,0,0,1,0,0,0,0,1,0,1,0,1,0,0
-0.4417729543927777,-1.1188008067964357,0.0222342616589911,-0.8611753395673449,0,1,1,0,1,0,0,1,1,0,0,1,0,0,1,0,0,0,0,1,1,0,0,0,0,1,1,0,0,0,0,1,1,0,0,0,1,1,0,0,0
-0.4417729543927777,-1.2816237461508115,-0.4688819997354465,-0.9881068045931091,0,1,1,0,1,0,0,1,1,0,0,1,0,0,1,0,0,0,0,1,1,0,0,1,0,0,1,0,0,1,0,0,1,0,0,1,0,0,0,1,0
-0.4417729543927777,-1.2816237461508115,0.9978300782128067,-0.968700471994912,0,1,0,1,1,0,0,1,1,0,0,0,1,0,0,0,1,1,0,0,1,0,0,1,0,0,0,0,1,0,0,1,1,0,0,0,1,0,0,1,0
-0.4417729543927777,-1.2816237461508115,-1.4842980536996215,-1.0015419579303226,1,0,1,0,1,0,0,1,1,0,0,0,0,1,0,1,0,0,1,0,0,1,0,0,1,0,0,1,0,0,1,0,1,0,0,0,1,0,0,0,1
2.2636062032690805,1.5270719577121739,1.323028683730745,2.198636927253138,0,1,0,1,1,0,0,1,0,0,1,0,1,0,1,0,0,0,0,1,0,0,1,1,0,0,0,0,1,0,0,1,0,1,0,0,1,0,0,1,0
-0.4417729543927777,1.07930887448764,1.1654069106480707,1.6392340231046563,1,0,0,1,1,0,0,1,1,0,0,0,1,0,1,0,0,0,0,1,1,0,0,0,0,1,0,0,1,0,0,1,0,0,1,0,1,0,0,0,1
-0.4417729543927777,-0.8338606629262777,-1.5125040551986264,-0.9141036969137852,1,0,1,0,1,0,0,1,1,0,0,0,0,1,0,1,0,0,1,0,0,1,0,0,1,0,0,1,0,0,1,0,0,1,0,0,1,1,0,0,0
-0.4417729543927777,-1.2409180113122176,-1.5108448786398616,-0.9881946160528295,0,1,1,0,1,0,0,1,1,0,0,0,0,1,0,1,0,0,1,0,0,1,0,0,1,0,0,1,0,0,1,0,1,0,0,1,0,0,0,0,1
-0.4417729543927777,0.3466056473929481,-1.4909347599346816,-0.6241283040522635,0,1,0,1,0,1,0,1,1,0,0,0,0,1,0,1,0,0,1,0,0,1,0,0,1,0,0,1,0,0,1,0,0,0,1,0,1,0,0,0,1
-0.4417729543927777,0.2244884428771661,1.2848676228791505,0.7407691201109775,1,0,1,0,1,0,0,1,0,0,1,0,1,0,1,0,0,1,0,0,0,0,1,0,0,1,0,0,1,0,0,1,1,0,0,0,1,0,0,1,0
-0.4417729543927777,1.2828375486806098,1.6615007017188035,2.23692272369121,1,0,0,1,1,0,0,1,0,0,1,0,1,0,0,0,1,0,0,1,0,0,1,0,0,1,0,0,1,0,0,1,0,1,0,0,1,0,0,1,0
-0.4417729543927777,-1.2816237461508115,0.32088604223668965,-0.9776572408863877,0,1,0,1,1,0,0,1,0,0,1,0,1,0,1,0,0,1,0,0,1,0,0,1,0,0,1,0,0,1,0,0,1,0,0,0,1,1,0,0,0
-0.4417729543927777,-1.1188008067964357,1.0476053749757563,-0.7941532429357888,0,1,1,0,1,0,0,1,1,0,0,0,1,0,1,0,0,1,0,0,0,0,1,1,0,0,0,0,1,0,0,1,1,0,0,1,0,1,0,0,0
-0.4417729543927777,-1.2816237461508115,-1.3167212212643573,-0.9993247185723837,1,0,1,0,1,0,1,0,0,1,0,1,0,0,1,0,0,1,0,0,1,0,0,1,0,0,1,0,0,1,0,0,1,0,0,1,0,1,0,0,0
-0.4417729543927777,0.46872285190873003,-1.5058673489635666,-0.6504058833735779,0,1,1,0,0,1,0,1,1,0,0,0,0,1,0,1,0,0,1,0,0,1,0,0,1,0,0,1,0,0,1,0,0,0,1,1,0,1,0,0,0
-0.4417729543927777,-1.2816237461508115,0.8037064208373027,-0.9712689571917322,0,1,0,1,0,1,0,1,1,0,0,0,1,0,1,0,0,1,0,0,1,0,0,1,0,0,0,0,1,0,0,1,1,0,0,1,0,0,0,0,1
-0.4417729543927777,-0.10115743583158582,0.9779199595076269,0.2359410381786924,0,1,0,1,0,1,0,1,0,0,1,0,1,0,0,0,1,0,0,1,1,0,0,1,0,0,0,0,1,1,0,0,1,0,0,0,1,0,0,1,0
-0.4417729543927777,0.3466056473929481,1.1521334981779512,0.842564554791792,0,1,1,0,1,0,0,1,1,0,0,0,1,0,1,0,0,0,0,1,1,0,0,0,0,1,0,0,1,0,0,1,0,0,1,0,1,0,1,0,0
-0.4417729543927777,0.835074465456076,-1.4942531130522116,-0.523035361049212,0,1,0,1,1,0,0,1,1,0,0,0,0,1,0,1,0,0,1,0,0,1,0,0,1,0,0,1,0,0,1,0,0,0,1,1,0,0,1,0,0
2.2636062032690805,1.6084834273893618,1.6449089361311535,2.6477925437227223,0,1,0,1,1,0,0,1,0,0,1,0,1,0,0,0,1,0,0,1,0,0,1,0,0,1,0,0,1,0,0,1,0,0,1,0,1,0,0,0,1
2.2636062032690805,-1.0373893371192477,0.6593580602247482,-0.7702685258918539,0,1,1,0,1,0,0,1,0,0,1,0,1,0,1,0,0,1,0,0,1,0,0,1,0,0,0,0,1,1,0,0,1,0,0,0,1,0,0,1,0
-0.4417729543927777,0.712957260940294,0.1516500332426607,0.490374742718403,0,1,1,0,1,0,0,1,0,0,1,1,0,0,1,0,0,1,0,0,0,0,1,0,0,1,1,0,0,0,0,1,0,0,1,1,0,1,0,0,0
-0.4417729543927777,-1.2816237461508115,-0.6414363618470056,-0.9903899025458383,0,1,1,0,1,0,0,1,1,0,0,1,0,0,1,0,0,1,0,0,1,0,0,1,0,0,1,0,0,1,0,0,1,0,0,1,0,0,0,0,1
-0.4417729543927777,-0.06045170099299184,-1.4610695818769117,-0.7077467665709657,1,0,1,0,1,0,0,1,1,0,0,0,0,1,0,1,0,0,1,0,0,1,0,0,1,0,0,1,0,0,1,0,0,0,1,1,0,0,1,0,0
-0.4417729543927777,0.3058999125543541,1.323028683730745,0.8037518895953977,0,1,1,0,1,0,0,1,0,0,1,0,1,0,1,0,0,1,0,0,0,0,1,0,0,1,0,0,1,0,0,1,1,0,0,1,0,1,0,0,0
-0.4417729543927777,-1.2816237461508115,-1.4826388771408565,-1.0015200050653925,1,0,1,0,1,0,0,1,1,0,0,0,0,1,0,1,0,0,1,0,0,1,0,0,1,0,0,1,0,0,1,0,1,0,0,0,1,0,0,0,1
2.2636062032690805,1.120014609326234,-0.5136797668221011,0.2661701331874226,1,0,0,1,1,0,1,0,0,1,0,1,0,0,1,0,0,0,0,1,1,0,0,1,0,0,0,0,1,0,0,1,0,0,1,0,1,0,1,0,0
-0.4417729543927777,-0.6303319887333078,-0.09888562713085304,-0.5403122657491906,1,0,0,1,0,1,0,1,0,0,1,1,0,0,1,0,0,1,0,0,0,0,1,0,0,1,1,0,0,1,0,0,0,1,0,0,1,0,0,0,1
2.2636062032690805,1.6084834273893618,0.6477438243133934,1.5799612877934208,0,1,0,1,1,0,0,1,0,0,1,1,0,0,0,0,1,0,0,1,0,0,1,1,0,0,0,0,1,0,0,1,0,0,1,1,0,0,1,0,0
2.2636062032690805,-0.26398037518596185,0.8037064208373027,-0.010392059201815847,1,0,1,0,1,0,0,1,0,0,1,0,1,0,1,0,0,0,0,1,1,0,0,1,0,0,0,0,1,1,0,0,1,0,0,0,1,0,0,1,0
-0.4417729543927777,-1.2816237461508115,0.8501633644827222,-0.9706542769736898,0,1,1,0,1,0,0,1,1,0,0,0,1,0,1,0,0,1,0,0,1,0,0,1,0,0,0,0,1,0,0,1,1,0,0,0,1,0,0,1,0
-0.4417729543927777,-1.0373893371192477,0.32254521879545506,-0.781618157060709,1,0,1,0,1,0,0,1,0,0,1,1,0,0,1,0,0,1,0,0,1,0,0,0,0,1,0,0,1,0,0,1,1,0,0,0,1,0,0,1,0
-0.4417729543927777,-1.2816237461508115,0.3490920437356948,-0.9772840421825763,0,1,1,0,1,0,0,1,0,0,1,0,1,0,1,0,0,1,0,0,1,0,0,1,0,0,1,0,0,1,0,0,1,0,0,0,1,0,0,1,0
-0.4417729543927777,1.2828375486806098,0.8402083051301324,1.4611084770619285,0,1,0,1,0,1,0,1,0,0,1,0,1,0,1,0,0,1,0,0,0,0,1,1,0,0,1,0,0,0,0,1,0,1,0,1,0,0,1,0,0
-0.4417729543927777,0.020959768684196148,0.5697625260514385,0.1324991386281216,0,1,0,1,0,1,0,1,1,0,0,1,0,0,1,0,0,0,0,1,0,0,1,0,0,1,0,0,1,0,0,1,0,0,1,1,0,0,1,0,0
-0.4417729543927777,1.445660488034986,-1.4892755833759166,-0.4014823479313192,1,0,1,0,1,0,0,1,1,0,0,0,0,1,0,1,0,0,1,0,0,1,0,0,1,0,0,1,0,0,1,0,0,0,1,1,0,1,0,0,0
-0.4417729543927777,0.061665503522790134,-1.4693654646707368,-0.6958702666437884,1,0,0,1,0,1,0,1,1,0,0,0,0,1,0,1,0,0,1,0,0,1,0,0,1,0,0,1,0,0,1,0,1,0,0,1,0,0,0,0,1
-0.4417729543927777,-1.2002122764736236,-1.5025489958460365,-0.9804013490026486,0,1,1,0,1,0,0,1,1,0,0,0,0,1,0,1,0,0,1,0,0,1,0,0,1,0,0,1,0,0,1,0,1,0,0,0,1,0,0,0,1
-0.4417729543927777,-1.0373893371192477,-1.4826388771408565,-0.9537066652476625,1,0,1,0,1,0,0,1,1,0,0,0,0,1,0,1,0,0,1,0,0,1,0,0,1,0,0,1,0,0,1,0,0,1,0,1,0,0,0,0,1
-0.4417729543927777,-1.0780950719578417,0.8070247739548325,-0.7965680580780984,1,0,1,0,1,0,0,1,1,0,0,0,1,0,1,0,0,1,0,0,0,0,1,0,0,1,1,0,0,0,0,1,1,0,0,0,1,0,0,1,0
-0.4417729543927777,-0.8338606629262777,0.16326426915401543,-0.6427004277831173,0,1,1,0,0,1,0,1,1,0,0,1,0,0,0,0,1,1,0,0,1,0,0,1,0,0,0,0,1,0,0,1,1,0,0,0,1,0,0,0,1
-0.4417729543927777,1.07930887448764,0.36568380932334477,0.9839410049415536,1,0,0,1,0,1,0,1,1,0,0,1,0,0,1,0,0,0,0,1,1,0,0,0,0,1,0,0,1,0,0,1,0,0,1,0,1,0,1,0,0
-0.4417729543927777,-0.8338606629262777,0.5282831120823137,-0.6299897189885968,0,1,0,1,1,0,0,1,1,0,0,0,1,0,0,0,1,1,0,0,1,0,0,0,0,1,1,0,0,1,0,0,1,0,0,1,0,1,0,0,0
2.2636062032690805,0.7943687306174819,-0.5352490620860462,0.11140243543030794,0,1,1,0,1,0,1,0,0,1,0,1,0,0,0,0,1,1,0,0,1,0,0,1,0,0,0,0,1,0,0,1,1,0,0,0,1,0,1,0,0
-0.4417729543927777,-0.019745966154397845,0.8667551300703722,0.2867838733567744,1,0,0,1,0,1,0,1,0,0,1,0,1,0,1,0,0,1,0,0,0,0,1,1,0,0,1,0,0,0,0,1,1,0,0,0,1,1,0,0,0
2.2636062032690805,1.404954753196392,1.3976916288751697,2.1255558399008776,1,0,0,1,1,0,0,1,0,0,1,0,1,0,0,0,1,1,0,0,0,0,1,1,0,0,0,0,1,0,0,1,0,1,0,0,1,0,1,0,0
-0.4417729543927777,0.753662995778888,-1.5207999379924513,-0.5679289698312403,0,1,1,0,1,0,0,1,1,0,0,0,0,1,0,1,0,0,1,0,0,1,0,0,1,0,0,1,0,0,1,0,0,1,0,1,0,0,0,1,0
-0.4417729543927777,-0.9966836022806537,-0.5153389433808663,-0.8311657732079158,1,0,1,0,1,0,0,1,1,0,0,1,0,0,1,0,0,1,0,0,1,0,0,0,0,1,1,0,0,1,0,0,1,0,0,1,0,0,0,1,0
2.2636062032690805,-1.2002122764736236,0.7755004193382976,-0.8902189798698503,1,0,0,1,0,1,0,1,1,0,0,0,1,0,0,0,1,1,0,0,1,0,0,0,0,1,0,0,1,1,0,0,1,0,0,0,1,0,0,0,1
-0.4417729543927777,1.6084834273893618,1.185317029353251,2.2096572654480418,1,0,0,1,1,0,0,1,0,0,1,0,1,0,0,0,1,0,0,1,0,0,1,1,0,0,0,0,1,1,0,0,0,0,1,1,0,1,0,0,0
2.2636062032690805,0.1837827080385721,0.6892232382825182,0.3819056370988423,0,1,0,1,1,0,0,1,0,0,1,0,1,0,1,0,0,1,0,0,1,0,0,1,0,0,0,0,1,1,0,0,1,0,0,0,1,0,0,1,0
-0.4417729543927777,1.2828375486806098,-1.3316538102932425,-0.34530496657522614,0,1,0,1,0,1,0,1,0,0,1,0,0,1,0,1,0,0,1,0,0,1,0,0,1,0,0,1,0,0,1,0,0,0,1,0,1,0,0,0,1
2.2636062032690805,-0.26398037518596185,0.6643355899010434,-0.057766341720944046,1,0,0,1,1,0,0,1,1,0,0,0,1,0,1,0,0,0,0,1,1,0,0,1,0,0,1,0,0,0,0,1,1,0,0,1,0,0,0,1,0
-0.4417729543927777,-0.6710377235719017,0.9729424298313317,-0.3591791772110412,0,1,1,0,1,0,0,1,1,0,0,0,1,0,0,0,1,1,0,0,1,0,0,1,0,0,0,0,1,0,0,1,1,0,0,0,1,0,0,1,0
-0.4417729543927777,-1.2409180113122176,1.3097552712606253,-0.9038078032615743,1,0,0,1,1,0,0,1,0,0,1,0,1,0,1,0,0,1,0,0,0,0,1,0,0,1,0,0,1,0,0,1,1,0,0,0,1,0,0,1,0
-0.4417729543927777,0.1837827080385721,0.46357522629047937,0.2966407097103835,1,0,1,0,1,0,0,1,0,0,1,1,0,0,0,0,1,0,0,1,0,0,1,0,0,1,0,0,1,1,0,0,1,0,0,0,1,0,1,0,0
-0.4417729543927777,1.364249018357798,1.6382722298960934,2.231456460323618,0,1,1,0,1,0,0,1,0,0,1,0,1,0,0,0,1,0,0,1,0,0,1,0,0,1,0,0,1,0,0,1,0,1,0,0,1,1,0,0,0
-0.4417729543927777,1.6084834273893618,0.8767101894229621,1.930043624833521,1,0,1,0,1,0,0,1,0,0,1,1,0,0,0,0,1,0,0,1,0,0,1,0,0,1,0,0,1,0,0,1,0,0,1,0,1,1,0,0,0
2.2636062032690805,-1.2816237461508115,-0.6580281274346554,-0.9906094311951391,1,0,1,0,1,0,0,1,1,0,0,1,0,0,1,0,0,1,0,0,1,0,0,1,0,0,1,0,0,1,0,0,1,0,0,1,0,0,0,0,1
2.2636062032690805,0.550134321585918,1.186976205912016,0.9834360890481613,0,1,0,1,0,1,0,1,0,0,1,0,1,0,0,0,1,0,0,1,0,0,1,1,0,0,0,0,1,1,0,0,1,0,0,0,1,0,0,1,0
-0.4417729543927777,1.48636622287358,-1.4975714661697417,-0.3795075301363019,1,0,0,1,0,1,0,1,1,0,0,0,0,1,0,1,0,0,1,0,0,1,0,0,1,0,0,1,0,0,1,0,0,0,1,1,0,0,1,0,0
-0.4417729543927777,0.550134321585918,1.0193993734767517,1.0374401367761759,1,0,1,0,1,0,0,1,1,0,0,0,1,0,0,0,1,0,0,1,0,0,1,1,0,0,0,0,1,1,0,0,0,1,0,0,1,0,1,0,0
-0.4417729543927777,-0.9966836022806537,0.6875640617237533,-0.7208745797991578,0,1,0,1,1,0,0,1,0,0,1,0,1,0,1,0,0,1,0,0,1,0,0,1,0,0,1,0,0,0,0,1,1,0,0,0,1,1,0,0,0
-0.4417729543927777,-0.9966836022806537,-0.1635935129226878,-0.7962607179690772,1,0,1,0,1,0,0,1,1,0,0,1,0,0,0,0,1,1,0,0,1,0,0,1,0,0,0,0,1,1,0,0,1,0,0,0,1,0,0,1,0
-0.4417729543927777,-1.2816237461508115,-1.4892755833759166,-1.0016078165251128,0,1,1,0,1,0,0,1,1,0,0,0,0,1,0,1,0,0,1,0,0,1,0,0,1,0,0,1,0,0,1,0,1,0,0,1,0,1,0,0,0
2.2636062032690805,1.404954753196392,0.9132120737157922,1.6857740967564412,1,0,1,0,1,0,0,1,1,0,0,0,1,0,0,0,1,0,0,1,1,0,0,0,0,1,0,0,1,1,0,0,0,0,1,0,1,1,0,0,0
-0.4417729543927777,1.48636622287358,-1.3382905165283023,-0.2736508154434215,1,0,1,0,1,0,0,1,0,0,1,0,0,1,0,1,0,0,1,0,0,1,0,0,1,0,0,1,0,0,1,0,0,0,1,1,0,0,1,0,0
-0.4417729543927777,-0.7524491932490897,-0.4804962356468013,-0.6743345061473729,1,0,1,0,1,0,0,1,1,0,0,1,0,0,1,0,0,0,0,1,1,0,0,1,0,0,1,0,0,1,0,0,1,0,0,1,0,0,0,1,0
-0.4417729543927777,1.445660488034986,-0.3477621109456019,0.6087226375565031,1,0,1,0,1,0,0,1,0,0,1,1,0,0,0,0,1,1,0,0,1,0,0,1,0,0,1,0,0,1,0,0,1,0,0,1,0,0,0,0,1
-0.4417729543927777,0.42801711707013607,-0.6895524820511904,-0.1624595545725299,0,1,1,0,1,0,1,0,0,1,0,1,0,0,1,0,0,1,0,0,0,0,1,0,0,1,1,0,0,0,0,1,0,1,0,1,0,0,0,1,0
-0.4417729543927777,-1.2409180113122176,-1.4942531130522116,-0.9852090264223377,1,0,1,0,1,0,0,1,1,0,0,0,0,1,0,1,0,0,1,0,0,1,0,0,1,0,0,1,0,0,1,0,1,0,0,1,0,0,0,1,0
-0.4417729543927777,-1.0780950719578417,-0.6613464805521855,-0.8792645002697369,1,0,1,0,1,0,1,0,0,1,0,1,0,0,1,0,0,1,0,0,1,0,0,1,0,0,0,0,1,0,0,1,1,0,0,1,0,0,1,0,0
-0.4417729543927777,-0.7931549280876837,-1.4627287584356767,-0.8908336600878929,1,0,0,1,0,1,0,1,1,0,0,0,0,1,0,1,0,0,1,0,0,1,0,0,1,0,0,1,0,0,1,0,0,0,1,1,0,0,0,0,1
-0.4417729543927777,0.87578020029467,-1.5025489958460365,-0.5675338182624987,0,1,1,0,1,0,0,1,1,0,0,0,0,1,0,1,0,0,1,0,0,1,0,0,1,0,0,1,0,0,1,0,0,0,1,1,0,0,1,0,0
-0.4417729543927777,-1.2002122764736236,-0.6696423633460105,-0.9454084823040895,1,0,1,0,1,0,0,1,1,0,0,1,0,0,1,0,0,1,0,0,1,0,0,1,0,0,1,0,0,1,0,0,1,0,0,1,0,0,0,0,1
2.2636062032690805,-0.26398037518596185,0.4602568731729491,-0.12961806863711947,1,0,1,0,1,0,0,1,1,0,0,0,1,0,1,0,0,1,0,0,1,0,0,1,0,0,1,0,0,0,0,1,1,0,0,0,1,0,0,1,0
-0.4417729543927777,0.2244884428771661,0.6361295884020381,0.38915008252577105,1,0,1,0,1,0,0,1,0,0,1,1,0,0,0,0,1,0,0,1,0,0,1,1,0,0,0,0,1,0,0,1,0,1,0,1,0,1,0,0,0
-0.4417729543927777,-0.3860975797017438,-1.4776613474645617,-0.8002122336564929,1,0,0,1,0,1,0,1,1,0,0,0,0,1,0,1,0,0,1,0,0,1,0,0,1,0,0,1,0,0,1,0,0,0,1,1,0,1,0,0,0
-0.4417729543927777,-0.7524491932490897,-1.5008898192872715,-0.894653458585728,1,0,0,1,0,1,0,1,1,0,0,0,0,1,0,1,0,0,1,0,0,1,0,0,1,0,0,1,0,0,1,0,0,0,1,0,1,0,0,0,1
-0.4417729543927777,0.1837827080385721,-0.11547739271850296,0.0004526560736471452,0,1,1,0,0,1,0,1,1,0,0,1,0,0,0,0,1,0,0,1,1,0,0,0,0,1,1,0,0,1,0,0,0,0,1,1,0,0,1,0,0
2.2636062032690805,-0.10115743583158582,-0.8173090770760948,-0.4954186569671623,1,0,1,0,1,0,1,0,0,1,0,1,0,0,1,0,0,1,0,0,0,0,1,1,0,0,0,0,1,1,0,0,1,0,0,0,1,0,0,1,0
-0.4417729543927777,-1.0373893371192477,0.49012205123071917,-0.7531013855165258,1,0,1,0,1,0,0,1,1,0,0,0,1,0,1,0,0,1,0,0,1,0,0,1,0,0,0,0,1,1,0,0,1,0,0,0,1,0,0,1,0
-0.4417729543927777,-1.2409180113122176,0.8783693659817274,-0.9254094223527802,1,0,1,0,1,0,0,1,0,0,1,0,1,0,1,0,0,1,0,0,0,0,1,1,0,0,0,0,1,1,0,0,1,0,0,0,1,0,0,1,0
2.2636062032690805,0.020959768684196148,-1.3283354571757124,-0.6381781376075193,0,1,1,0,1,0,0,1,0,0,1,0,0,1,0,1,0,0,1,0,0,1,0,0,1,0,0,1,0,0,1,0,0,1,0,0,1,1,0,0,0
2.2636062032690805,0.712957260940294,0.33913698438310497,0.6678636556781579,0,1,0,1,0,1,0,1,0,0,1,1,0,0,0,0,1,0,0,1,0,0,1,1,0,0,1,0,0,0,0,1,0,0,1,0,1,1,0,0,0
-0.4417729543927777,-0.3860975797017438,-1.3216987509406524,-0.7419493301320415,1,0,0,1,0,1,0,1,0,0,1,0,0,1,0,1,0,0,1,0,0,1,0,0,1,0,0,1,0,0,1,0,0,0,1,1,0,0,0,0,1
-0.4417729543927777,1.6084834273893618,1.2848676228791505,2.3417037480025162,0,1,1,0,1,0,0,1,0,0,1,0,1,0,1,0,0,0,0,1,0,0,1,1,0,0,0,0,1,0,0,1,0,0,1,0,1,0,0,1,0
-0.4417729543927777,1.364249018357798,1.3645080976998698,2.054801756231207,0,1,0,1,1,0,0,1,0,0,1,0,1,0,0,0,1,1,0,0,0,0,1,1,0,0,0,0,1,0,0,1,0,0,1,0,1,0,1,0,0
-0.4417729543927777,-1.2816237461508115,-1.169054507534273,-0.9973709135936061,0,1,1,0,1,0,1,0,0,1,0,1,0,0,0,0,1,1,0,0,1,0,0,1,0,0,1,0,0,1,0,0,1,0,0,1,0,0,0,0,1
-0.4417729543927777,-0.8338606629262777,-1.5174815848749212,-0.905476220996261,0,1,0,1,0,1,0,1,1,0,0,0,0,1,0,1,0,0,1,0,0,1,0,0,1,0,0,1,0,0,1,0,1,0,0,0,1,0,0,1,0
-0.4417729543927777,1.160720344164828,-0.7044850710800752,0.17352904318245468,1,0,1,0,1,0,1,0,0,1,0,1,0,0,0,0,1,0,0,1,0,0,1,0,0,1,1,0,0,1,0,0,0,1,0,1,0,0,1,0,0
-0.4417729543927777,0.550134321585918,-1.5108448786398616,-0.5897281647068169,1,0,0,1,0,1,0,1,1,0,0,0,0,1,0,1,0,0,1,0,0,1,0,0,1,0,0,1,0,0,1,0,0,0,1,1,0,0,1,0,0
-0.4417729543927777,-0.46750904937893173,-0.2017545737742826,-0.4767587217765882,1,0,0,1,0,1,0,1,1,0,0,1,0,0,1,0,0,0,0,1,1,0,0,1,0,0,0,0,1,1,0,0,0,1,0,0,1,0,1,0,0
-0.4417729543927777,-0.019745966154397845,-0.9517023783360591,-0.5050340118065405,0,1,0,1,0,1,1,0,0,1,0,1,0,0,1,0,0,1,0,0,0,0,1,0,0,1,1,0,0,1,0,0,0,1,0,0,1,0,0,0,1
-0.4417729543927777,-0.5082147842175258,-1.4892755833759166,-0.8321316992648397,1,0,0,1,0,1,0,1,1,0,0,0,0,1,0,1,0,0,1,0,0,1,0,0,1,0,0,1,0,0,1,0,1,0,0,1,0,0,0,0,1
-0.4417729543927777,-0.46750904937893173,-0.9898634391876538,-0.6721611725192943,1,0,1,0,1,0,1,0,0,1,0,1,0,0,0,0,1,1,0,0,1,0,0,0,0,1,1,0,0,1,0,0,0,0,1,1,0,0,0,0,1
-0.4417729543927777,-0.7117434584104957,-1.5108448786398616,-0.8833916388765933,1,0,1,0,1,0,0,1,1,0,0,0,0,1,0,1,0,0,1,0,0,1,0,0,1,0,0,1,0,0,1,0,1,0,0,1,0,1,0,0,0
-0.4417729543927777,-1.2002122764736236,-1.4992306427285065,-0.9845723933393652,1,0,1,0,1,0,0,1,1,0,0,0,0,1,0,1,0,0,1,0,0,1,0,0,1,0,0,1,0,0,1,0,1,0,0,1,0,0,0,1,0
2.2636062032690805,-0.9152721326034656,0.26281486267991494,-0.7080541066799868,0,1,1,0,1,0,0,1,1,0,0,0,1,0,1,0,0,0,0,1,1,0,0,1,0,0,1,0,0,1,0,0,1,0,0,0,1,0,0,1,0
-0.4417729543927777,1.364249018357798,0.7954105380434778,1.6239767819782456,1,0,1,0,1,0,0,1,0,0,1,0,1,0,1,0,0,0,0,1,1,0,0,1,0,0,0,0,1,1,0,0,0,1,0,0,1,1,0,0,0
-0.4417729543927777,-0.7117434584104957,-1.4992306427285065,-0.8798791804877794,1,0,1,0,1,0,0,1,1,0,0,0,0,1,0,1,0,0,1,0,0,1,0,0,1,0,0,1,0,0,1,0,1,0,0,1,0,1,0,0,0
-0.4417729543927777,-0.6303319887333078,-1.4660471115532068,-0.8267752002218984,1,0,0,1,0,1,0,1,1,0,0,0,0,1,0,1,0,0,1,0,0,1,0,0,1,0,0,1,0,0,1,0,0,1,0,1,0,0,0,0,1
2.2636062032690805,0.753662995778888,0.6394479415195684,0.8099425975056824,0,1,0,1,0,1,0,1,0,0,1,0,1,0,1,0,0,0,0,1,0,0,1,1,0,0,1,0,0,1,0,0,1,0,0,0,1,0,0,1,0
-0.4417729543927777,-1.2409180113122176,0.5083729933771339,-0.9469451828491956,0,1,1,0,1,0,0,1,1,0,0,0,1,0,1,0,0,1,0,0,1,0,0,1,0,0,0,0,1,1,0,0,1,0,0,0,1,0,0,1,0
-0.4417729543927777,-1.2816237461508115,-1.164076977857978,-0.9973050549988157,1,0,0,1,1,0,1,0,0,1,0,1,0,0,1,0,0,0,0,1,1,0,0,1,0,0,1,0,0,1,0,0,1,0,0,0,1,0,0,1,0
-0.4417729543927777,-1.2816237461508115,-1.4942531130522116,-1.001673675119903,1,0,1,0,1,0,0,1,1,0,0,0,0,1,0,1,0,0,1,0,0,1,0,0,1,0,0,1,0,0,1,0,1,0,0,1,0,0,0,0,1
-0.4417729543927777,0.6315457912631061,-0.6613464805521855,-0.04610937044306767,1,0,0,1,0,1,1,0,0,1,0,1,0,0,0,0,1,1,0,0,0,0,1,1,0,0,1,0,0,0,0,1,0,1,0,1,0,0,1,0,0
-0.4417729543927777,-0.2232746403473678,0.4834853449956591,-0.05302452289604513,0,1,1,0,0,1,0,1,0,0,1,0,1,0,1,0,0,1,0,0,1,0,0,0,0,1,1,0,0,1,0,0,1,0,0,0,1,0,0,1,0
-0.4417729543927777,-0.5082147842175258,-0.1901403378629276,-0.4874058612676805,0,1,1,0,1,0,0,1,0,0,1,1,0,0,0,0,1,1,0,0,1,0,0,0,0,1,1,0,0,1,0,0,1,0,0,1,0,1,0,0,0
-0.4417729543927777,-1.2816237461508115,-1.1143016810950284,-0.9966464690509131,0,1,1,0,0,1,1,0,0,1,0,1,0,0,1,0,0,0,0,1,1,0,0,1,0,0,1,0,0,1,0,0,1,0,0,0,1,0,0,0,1
-0.4417729543927777,-1.1188008067964357,-1.4842980536996215,-0.9736398666041817,0,1,1,0,0,1,0,1,1,0,0,0,0,1,0,1,0,0,1,0,0,1,0,0,1,0,0,1,0,0,1,0,1,0,0,1,0,0,0,0,1
-0.4417729543927777,-0.8745663977648717,-0.4589269403828564,-0.7772056312097615,1,0,1,0,1,0,0,1,1,0,0,1,0,0,1,0,0,0,0,1,1,0,0,1,0,0,1,0,0,1,0,0,1,0,0,1,0,0,0,1,0
-0.4417729543927777,-1.2409180113122176,-1.4726838177882668,-0.9956585901290592,1,0,1,0,1,0,0,1,1,0,0,0,0,1,0,1,0,0,1,0,0,1,0,0,1,0,0,1,0,0,1,0,1,0,0,0,1,0,0,0,1
-0.4417729543927777,-0.6303319887333078,-1.3200395743818873,-0.8292558739589982,0,1,0,1,0,1,0,1,0,0,1,0,0,1,0,1,0,0,1,0,0,1,0,0,1,0,0,1,0,0,1,0,0,0,1,0,1,0,0,0,1
-0.4417729543927777,-1.0373893371192477,-1.1657361544167433,-0.9217432939094556,1,0,1,0,0,1,1,0,0,1,0,1,0,0,0,0,1,1,0,0,1,0,0,1,0,0,1,0,0,1,0,0,1,0,0,1,0,0,0,0,1
-0.4417729543927777,-0.06045170099299184,-0.521975649615926,-0.3524616005424345,1,0,0,1,1,0,0,1,1,0,0,1,0,0,1,0,0,1,0,0,1,0,0,0,0,1,1,0,0,1,0,0,1,0,0,0,1,0,0,0,1
2.2636062032690805,1.364249018357798,0.515009699612194,1.2833780825879428,1,0,1,0,1,0,0,1,0,0,1,0,1,0,1,0,0,0,0,1,1,0,0,1,0,0,1,0,0,1,0,0,1,0,0,0,1,0,1,0,0
-0.4417729543927777,-1.2816237461508115,0.9845566657426865,-0.9688760949143528,1,0,1,0,1,0,0,1,0,0,1,0,1,0,1,0,0,1,0,0,1,0,0,1,0,0,0,0,1,0,0,1,1,0,0,0,1,0,0,1,0
-0.4417729543927777,-1.1188008067964357,0.675949825812398,-0.824184762160148,0,1,1,0,1,0,0,1,0,0,1,0,1,0,1,0,0,0,0,1,0,0,1,1,0,0,1,0,0,1,0,0,1,0,0,0,1,0,0,1,0
-0.4417729543927777,0.38731138223154205,1.0675154936809361,0.7531724887964768,0,1,0,1,0,1,0,1,0,0,1,0,1,0,0,0,1,1,0,0,1,0,0,1,0,0,0,0,1,0,0,1,0,1,0,1,0,0,0,1,0
-0.4417729543927777,1.445660488034986,0.4868036981131889,1.411341332265421,1,0,0,1,1,0,0,1,1,0,0,1,0,0,0,0,1,0,0,1,1,0,0,0,0,1,0,0,1,0,0,1,0,0,1,0,1,1,0,0,0
-0.4417729543927777,-0.8338606629262777,-1.4876164068171516,-0.9083739991670324,1,0,0,1,0,1,0,1,1,0,0,0,0,1,0,1,0,0,1,0,0,1,0,0,1,0,0,1,0,0,1,0,1,0,0,0,1,0,1,0,0
2.2636062032690805,-1.2816237461508115,0.3142493360016301,-0.977745052346108,0,1,0,1,1,0,0,1,0,0,1,0,1,0,1,0,0,1,0,0,1,0,0,1,0,0,1,0,0,1,0,0,1,0,0,0,1,0,0,1,0
-0.4417729543927777,1.120014609326234,-0.11713656927726811,0.5869893012757168,0,1,1,0,1,0,0,1,1,0,0,1,0,0,0,0,1,0,0,1,0,0,1,1,0,0,1,0,0,1,0,0,0,0,1,1,0,0,0,1,0
2.2636062032690805,0.2244884428771661,1.2019087949409009,0.6324756374108574,0,1,0,1,0,1,0,1,0,0,1,0,1,0,1,0,0,0,0,1,1,0,0,1,0,0,0,0,1,0,0,1,1,0,0,1,0,0,0,1,0
-0.4417729543927777,-0.8338606629262777,1.0310136093881066,-0.5440881585171656,1,0,1,0,1,0,0,1,1,0,0,0,1,0,1,0,0,1,0,0,0,0,1,1,0,0,0,0,1,0,0,1,1,0,0,0,1,0,0,1,0
-0.4417729543927777,-0.7117434584104957,0.3839347514697596,-0.5030363010979026,1,0,0,1,0,1,0,1,1,0,0,1,0,0,1,0,0,0,0,1,0,0,1,0,0,1,0,0,1,0,0,1,1,0,0,1,0,1,0,0,0
2.2636062032690805,1.5677776925507678,1.137200909149066,2.156838672426252,1,0,0,1,1,0,0,1,1,0,0,0,1,0,1,0,0,0,0,1,0,0,1,1,0,0,0,0,1,0,0,1,0,0,1,0,1,0,0,1,0
2.2636062032690805,1.6084834273893618,-0.06072456627925827,1.0468140101013232,0,1,0,1,1,0,1,0,0,1,0,1,0,0,0,0,1,0,0,1,0,0,1,0,0,1,0,0,1,0,0,1,0,0,1,0,1,1,0,0,0
-0.4417729543927777,-0.8745663977648717,0.2644740392386803,-0.6510644693214804,0,1,1,0,1,0,0,1,1,0,0,0,1,0,1,0,0,1,0,0,0,0,1,1,0,0,1,0,0,1,0,0,1,0,0,1,0,0,0,1,0
-0.4417729543927777,1.5270719577121739,0.008960849188871446,0.9842922507804346,1,0,0,1,0,1,0,1,0,0,1,1,0,0,0,0,1,1,0,0,1,0,0,1,0,0,1,0,0,0,0,1,0,1,0,1,0,1,0,0,0
-0.4417729543927777,-1.2816237461508115,-0.32951116879918707,-0.9862627639389818,1,0,1,0,1,0,0,1,1,0,0,1,0,0,1,0,0,1,0,0,1,0,0,1,0,0,0,0,1,1,0,0,1,0,0,0,1,0,1,0,0
-0.4417729543927777,-0.3046861100245558,-1.3084253384705324,-0.7335413828638181,0,1,0,1,0,1,0,1,0,0,1,0,0,1,0,1,0,0,1,0,0,1,0,0,1,0,0,1,0,0,1,0,0,0,1,1,0,0,1,0,0
2.2636062032690805,1.6084834273893618,1.498901398959834,2.3908342597160512,1,0,1,0,1,0,0,1,0,0,1,0,1,0,0,0,1,0,0,1,1,0,0,0,0,1,0,0,1,0,0,1,0,0,1,0,1,1,0,0,0
-0.4417729543927777,-0.9966836022806537,-0.1884811613041627,-0.8187184987925564,0,1,1,0,1,0,0,1,0,0,1,1,0,0,1,0,0,1,0,0,1,0,0,1,0,0,0,0,1,1,0,0,1,0,0,0,1,0,0,1,0
-0.4417729543927777,-0.14186317067017984,-0.31789693288783205,-0.29169607041595313,0,1,0,1,0,1,1,0,0,1,0,1,0,0,0,0,1,0,0,1,0,0,1,0,0,1,1,0,0,0,0,1,0,1,0,0,1,0,1,0,0
-0.4417729543927777,-1.1188008067964357,-0.3046235204177122,-0.8932045695003422,0,1,1,0,1,0,0,1,1,0,0,1,0,0,0,0,1,1,0,0,1,0,0,0,0,1,1,0,0,1,0,0,1,0,0,0,1,0,0,0,1
-0.4417729543927777,-0.019745966154397845,-0.47551870597050633,-0.2844516249890244,0,1,0,1,0,1,1,0,0,1,0,1,0,0,1,0,0,1,0,0,0,0,1,1,0,0,0,0,1,0,0,1,1,0,0,1,0,0,1,0,0
-0.4417729543927777,-1.2816237461508115,0.3507512202944597,-0.9772620893176461,0,1,1,0,1,0,0,1,1,0,0,1,0,0,1,0,0,1,0,0,0,0,1,0,0,1,0,0,1,0,0,1,1,0,0,0,1,0,0,1,0
-0.4417729543927777,1.5270719577121739,0.7655453599857077,1.6179836498523317,0,1,0,1,1,0,0,1,0,0,1,0,1,0,0,0,1,0,0,1,1,0,0,0,0,1,1,0,0,1,0,0,0,0,1,0,1,0,1,0,0
-0.4417729543927777,-1.2816237461508115,-1.4876164068171516,-1.0015858636601827,0,1,1,0,1,0,0,1,1,0,0,0,0,1,0,1,0,0,1,0,0,1,0,0,1,0,0,1,0,0,1,0,1,0,0,0,1,0,0,0,1
2.2636062032690805,-0.2232746403473678,0.3407961609418699,-0.16331571630480332,1,0,0,1,1,0,0,1,1,0,0,0,1,0,0,0,1,1,0,0,1,0,0,1,0,0,1,0,0,1,0,0,1,0,0,0,1,1,0,0,0
-0.4417729543927777,-0.7524491932490897,-1.3316538102932425,-0.8691661824018967,0,1,1,0,1,0,0,1,0,0,1,0,0,1,0,1,0,0,1,0,0,1,0,0,1,0,0,1,0,0,1,0,0,1,0,0,1,0,1,0,0
-0.4417729543927777,-0.10115743583158582,0.9663057235962718,0.2481248782148908,0,1,0,1,1,0,0,1,0,0,1,0,1,0,1,0,0,1,0,0,1,0,0,1,0,0,0,0,1,0,0,1,1,0,0,0,1,0,1,0,0
-0.4417729543927777,1.2828375486806098,-0.16193433636392293,0.6779619735459981,0,1,0,1,0,1,1,0,0,1,0,1,0,0,0,0,1,1,0,0,0,0,1,0,0,1,0,0,1,0,0,1,0,0,1,0,1,1,0,0,0
-0.4417729543927777,0.38731138223154205,-1.3216987509406524,-0.5286992002011744,0,1,0,1,1,0,1,0,0,1,0,1,0,0,1,0,0,1,0,0,1,0,0,1,0,0,1,0,0,1,0,0,1,0,0,0,1,0,1,0,0
2.2636062032690805,-1.2816237461508115,0.16326426915401543,-0.979742763054746,1,0,1,0,1,0,0,1,1,0,0,0,1,0,1,0,0,1,0,0,1,0,0,1,0,0,1,0,0,1,0,0,1,0,0,0,1,0,0,1,0
-0.4417729543927777,0.3058999125543541,-1.4776613474645617,-0.6831815107141981,0,1,0,1,0,1,0,1,1,0,0,0,0,1,0,1,0,0,1,0,0,1,0,0,1,0,0,1,0,0,1,0,1,0,0,0,1,1,0,0,0
2.2636062032690805,1.364249018357798,1.1902945590295457,1.92721170525754,1,0,0,1,1,0,0,1,0,0,1,0,1,0,1,0,0,0,0,1,1,0,0,1,0,0,0,0,1,0,0,1,1,0,0,0,1,0,0,1,0
-0.4417729543927777,-1.2816237461508115,-0.4688819997354465,-0.9881068045931091,1,0,1,0,1,0,0,1,1,0,0,1,0,0,1,0,0,1,0,0,1,0,0,0,0,1,1,0,0,1,0,0,1,0,0,0,1,0,0,1,0
-0.4417729543927777,-0.2232746403473678,0.5564891135813188,-0.03897468934078933,0,1,1,0,1,0,0,1,1,0,0,1,0,0,0,0,1,1,0,0,0,0,1,0,0,1,0,0,1,0,0,1,0,1,0,1,0,0,0,1,0
2.2636062032690805,-0.14186317067017984,-0.6613464805521855,-0.47096316543504513,1,0,0,1,1,0,1,0,0,1,0,1,0,0,0,0,1,1,0,0,0,0,1,1,0,0,1,0,0,0,0,1,1,0,0,0,1,0,0,1,0
-0.4417729543927777,1.3235432835192038,1.132223379472771,1.8068880525757318,1,0,0,1,0,1,0,1,0,0,1,0,1,0,0,0,1,0,0,1,1,0,0,0,0,1,0,0,1,1,0,0,0,0,1,0,1,0,1,0,0
2.2636062032690805,-0.3453918448631498,0.9497139580086218,-0.016363238462799523,1,0,0,1,1,0,0,1,0,0,1,0,1,0,1,0,0,1,0,0,1,0,0,1,0,0,0,0,1,0,0,1,1,0,0,0,1,0,0,1,0
-0.4417729543927777,1.6084834273893618,1.1355417325903012,2.248316260589925,0,1,0,1,1,0,0,1,0,0,1,0,1,0,0,0,1,0,0,1,0,0,1,1,0,0,1,0,0,0,0,1,0,0,1,0,1,0,0,1,0
-0.4417729543927777,1.5270719577121739,-0.8554701379276897,0.17186062544776798,0,1,0,1,1,0,1,0,0,1,0,1,0,0,0,0,1,1,0,0,0,0,1,0,0,1,1,0,0,1,0,0,0,0,1,0,1,0,1,0,0
-0.4417729543927777,-0.5489205190561198,1.0575604343283462,-0.24511209103430817,1,0,0,1,1,0,0,1,1,0,0,0,1,0,1,0,0,1,0,0,0,0,1,1,0,0,0,0,1,0,0,1,1,0,0,0,1,0,0,1,0
-0.4417729543927777,-1.0373893371192477,0.8468450113651924,-0.7498523615068728,0,1,1,0,1,0,0,1,0,0,1,0,1,0,1,0,0,1,0,0,0,0,1,1,0,0,0,0,1,1,0,0,1,0,0,0,1,0,0,1,0
-0.4417729543927777,-0.9152721326034656,0.8684143066291371,-0.5870060094554861,1,0,1,0,0,1,0,1,1,0,0,0,1,0,1,0,0,1,0,0,0,0,1,0,0,1,0,0,1,1,0,0,1,0,0,0,1,0,0,1,0
-0.4417729543927777,1.6084834273893618,-1.3532231055571873,-0.2304475772610099,1,0,0,1,1,0,0,1,0,0,1,0,0,1,0,1,0,0,1,0,0,1,0,0,1,0,0,1,0,0,1,0,0,0,1,0,1,0,1,0,0
2.2636062032690805,-1.2409180113122176,0.30761262976657,-0.9488989878279734,0,1,0,1,1,0,0,1,1,0,0,0,1,0,1,0,0,1,0,0,0,0,1,1,0,0,1,0,0,1,0,0,1,0,0,0,1,0,0,1,0
-0.4417729543927777,1.6084834273893618,0.8634367769528424,1.8296751263731625,1,0,0,1,1,0,0,1,0,0,1,1,0,0,0,0,1,0,0,1,0,0,1,0,0,1,0,0,1,0,0,1,0,0,1,0,1,1,0,0,0
2.2636062032690805,0.2651941777157601,1.2052271480584307,0.723492215410999,1,0,0,1,1,0,0,1,0,0,1,0,1,0,1,0,0,1,0,0,1,0,0,0,0,1,0,0,1,0,0,1,1,0,0,0,1,0,0,1,0
2.2636062032690805,0.2244884428771661,-1.4842980536996215,-0.6873086493210544,1,0,1,0,1,0,0,1,1,0,0,0,0,1,0,1,0,0,1,0,0,1,0,0,1,0,0,1,0,0,1,0,0,0,1,1,0,0,0,0,1
2.2636062032690805,-0.5082147842175258,0.5481932307874938,-0.2764827350194028,1,0,1,0,1,0,0,1,1,0,0,0,1,0,1,0,0,1,0,0,1,0,0,1,0,0,1,0,0,0,0,1,1,0,0,0,1,0,0,1,0
-0.4417729543927777,1.48636622287358,1.0044667844478667,1.9188476637191765,0,1,0,1,0,1,0,1,1,0,0,0,1,0,1,0,0,1,0,0,1,0,0,0,0,1,0,0,1,0,0,1,0,0,1,0,1,0,1,0,0
-0.4417729543927777,-0.10115743583158582,0.7141108866639931,0.10393846135407829,1,0,0,1,0,1,0,1,1,0,0,0,1,0,1,0,0,1,0,0,0,0,1,1,0,0,1,0,0,0,0,1,0,1,0,1,0,0,0,1,0
-0.4417729543927777,0.9978974048104519,-0.24655234086093744,0.4235282690062875,0,1,0,1,1,0,1,0,0,1,0,1,0,0,1,0,0,0,0,1,0,0,1,0,0,1,0,0,1,0,0,1,0,0,1,0,1,1,0,0,0
-0.4417729543927777,-0.6303319887333078,-1.3034478087942376,-0.8171378925175901,0,1,1,0,1,0,1,0,0,1,0,1,0,0,1,0,0,1,0,0,1,0,0,1,0,0,1,0,0,1,0,0,1,0,0,0,1,0,0,0,1
-0.4417729543927777,0.835074465456076,-1.4610695818769117,-0.5072292982995492,1,0,0,1,0,1,0,1,1,0,0,0,0,1,0,1,0,0,1,0,0,1,0,0,1,0,0,1,0,0,1,0,0,0,1,1,0,0,0,0,1
2.2636062032690805,-1.1188008067964357,0.6560397071072184,-0.8380809256608933,1,0,1,0,1,0,0,1,1,0,0,0,1,0,1,0,0,0,0,1,1,0,0,1,0,0,0,0,1,1,0,0,1,0,0,0,1,0,0,1,0
-0.4417729543927777,0.42801711707013607,-1.3432680462045972,-0.5743611592557558,1,0,0,1,0,1,0,1,0,0,1,0,0,1,0,1,0,0,1,0,0,1,0,0,1,0,0,1,0,0,1,0,0,1,0,0,1,1,0,0,0
-0.4417729543927777,1.3235432835192038,0.6394479415195684,1.3273496710429074,0,1,0,1,0,1,0,1,0,0,1,1,0,0,1,0,0,0,0,1,0,0,1,0,0,1,0,0,1,0,0,1,0,0,1,0,1,1,0,0,0
-0.4417729543927777,0.1837827080385721,-1.5125040551986264,-0.7102054874431354,1,0,0,1,0,1,0,1,1,0,0,0,0,1,0,1,0,0,1,0,0,1,0,0,1,0,0,1,0,0,1,0,1,0,0,1,0,0,0,1,0
-0.4417729543927777,-0.8745663977648717,-1.4760021709057964,-0.9062226184038839,0,1,1,0,1,0,0,1,1,0,0,0,0,1,0,1,0,0,1,0,0,1,0,0,1,0,0,1,0,0,1,0,1,0,0,0,1,0,1,0,0
-0.4417729543927777,0.509428586747324,0.4585976966141842,0.5704807468482912,0,1,0,1,0,1,0,1,0,0,1,1,0,0,1,0,0,0,0,1,0,0,1,1,0,0,0,0,1,0,0,1,0,1,0,1,0,0,1,0,0
-0.4417729543927777,0.1837827080385721,1.0343319625056362,0.5907432411787618,0,1,1,0,1,0,0,1,1,0,0,0,1,0,1,0,0,0,0,1,1,0,0,1,0,0,0,0,1,0,0,1,1,0,0,0,1,0,1,0,0
-0.4417729543927777,-0.5896262538947138,-0.28803175483006227,-0.5845911943131765,0,1,1,0,1,0,0,1,0,0,1,1,0,0,0,0,1,1,0,0,1,0,0,1,0,0,1,0,0,1,0,0,1,0,0,1,0,0,0,0,1
-0.4417729543927777,0.509428586747324,-0.7509420147254952,-0.20221619296091778,0,1,1,0,1,0,1,0,0,1,0,1,0,0,0,0,1,1,0,0,0,0,1,0,0,1,1,0,0,1,0,0,0,1,0,1,0,1,0,0,0
-0.4417729543927777,-1.2002122764736236,-0.9782492032762989,-0.9634976430064814,0,1,1,0,1,0,1,0,0,1,0,1,0,0,0,0,1,0,0,1,1,0,0,1,0,0,1,0,0,1,0,0,1,0,0,0,1,0,0,0,1
-0.4417729543927777,-1.0373893371192477,-1.4826388771408565,-0.9337076052963532,0,1,0,1,0,1,0,1,1,0,0,0,0,1,0,1,0,0,1,0,0,1,0,0,1,0,0,1,0,0,1,0,1,0,0,0,1,1,0,0,0
2.2636062032690805,-0.10115743583158582,0.48846287467195426,0.02802545442583674,0,1,0,1,1,0,0,1,1,0,0,0,1,0,1,0,0,0,0,1,0,0,1,1,0,0,1,0,0,1,0,0,1,0,0,0,1,0,0,0,1
-0.4417729543927777,-1.1188008067964357,-0.35605799373942687,-0.8750715030680902,1,0,1,0,1,0,0,1,1,0,0,1,0,0,0,0,1,1,0,0,1,0,0,0,0,1,1,0,0,1,0,0,1,0,0,1,0,0,0,1,0
2.2636062032690805,-0.18256890550877383,1.2068863246171955,0.2243060197657462,1,0,0,1,1,0,0,1,0,0,1,0,1,0,1,0,0,1,0,0,1,0,0,0,0,1,0,0,1,0,0,1,1,0,0,0,1,0,1,0,0
2.2636062032690805,-1.1595065416350296,0.315908512560395,-0.8811304937887943,1,0,1,0,1,0,0,1,0,0,1,0,1,0,1,0,0,1,0,0,1,0,0,1,0,0,1,0,0,1,0,0,1,0,0,0,1,0,0,1,0
-0.4417729543927777,-0.2232746403473678,-0.36933140620954696,-0.4001871289004441,0,1,0,1,1,0,0,1,1,0,0,1,0,0,1,0,0,0,0,1,1,0,0,0,0,1,1,0,0,1,0,0,1,0,0,0,1,0,0,1,0
2.2636062032690805,0.712957260940294,1.3893957460813446,1.3376455646951182,1,0,1,0,1,0,0,1,0,0,1,0,1,0,1,0,0,0,0,1,1,0,0,0,0,1,0,0,1,0,0,1,0,1,0,0,1,0,0,1,0
-0.4417729543927777,0.753662995778888,0.5000771105833091,0.8522238153610304,0,1,1,0,1,0,0,1,0,0,1,0,1,0,1,0,0,1,0,0,0,0,1,1,0,0,1,0,0,1,0,0,1,0,0,1,0,0,1,0,0
-0.4417729543927777,-0.10115743583158582,-1.5141632317573916,-0.7457032700350864,1,0,0,1,0,1,0,1,1,0,0,0,0,1,0,1,0,0,1,0,0,1,0,0,1,0,0,1,0,0,1,0,0,0,1,1,0,0,0,0,1
-0.4417729543927777,-0.7524491932490897,0.515009699612194,-0.5111808139869649,1,0,0,1,0,1,0,1,0,0,1,1,0,0,1,0,0,0,0,1,1,0,0,0,0,1,0,0,1,0,0,1,1,0,0,1,0,0,1,0,0
2.2636062032690805,1.5270719577121739,1.2616391510564404,2.107554490658206,0,1,0,1,1,0,0,1,0,0,1,0,1,0,1,0,0,0,0,1,0,0,1,1,0,0,0,0,1,0,0,1,1,0,0,0,1,0,0,1,0
-0.4417729543927777,1.5677776925507678,1.600111169044499,2.4815215447422414,0,1,0,1,1,0,0,1,0,0,1,0,1,0,1,0,0,0,0,1,0,0,1,0,0,1,0,0,1,0,0,1,0,1,0,0,1,1,0,0,0
-0.4417729543927777,-0.14186317067017984,-1.1391893294765032,-0.6344241977044744,1,0,1,0,1,0,1,0,0,1,0,1,0,0,1,0,0,0,0,1,1,0,0,1,0,0,1,0,0,1,0,0,1,0,0,0,1,0,0,1,0
-0.4417729543927777,1.038603139649046,1.1753619700006606,1.4839175037242893,0,1,0,1,1,0,0,1,0,0,1,0,1,0,1,0,0,1,0,0,0,0,1,1,0,0,0,0,1,0,0,1,0,1,0,1,0,0,1,0,0
-0.4417729543927777,-1.2816237461508115,-1.5290958207862764,-1.002134685283435,0,1,1,0,1,0,0,1,1,0,0,0,0,1,0,1,0,0,1,0,0,1,0,0,1,0,0,1,0,0,1,0,1,0,0,0,1,0,0,0,1
-0.4417729543927777,0.1430769731999781,-1.1242567404476185,-0.5158787270820037,1,0,1,0,1,0,1,0,0,1,0,1,0,0,0,0,1,1,0,0,1,0,0,1,0,0,1,0,0,1,0,0,0,0,1,1,0,1,0,0,0
-0.4417729543927777,1.6084834273893618,-1.3034478087942376,-0.18190979290058712,1,0,0,1,1,0,0,1,0,0,1,0,0,1,0,1,0,0,1,0,0,1,0,0,1,0,0,1,0,0,1,0,0,0,1,1,0,1,0,0,0
2.2636062032690805,-0.6303319887333078,0.5498524073462587,-0.4268159540606398,0,1,0,1,1,0,0,1,1,0,0,0,1,0,1,0,0,1,0,0,1,0,0,1,0,0,1,0,0,0,0,1,1,0,0,1,0,1,0,0,0
2.2636062032690805,-0.8338606629262777,1.100699024856236,-0.5449223673845089,1,0,0,1,1,0,0,1,0,0,1,0,1,0,1,0,0,0,0,1,0,0,1,1,0,0,0,0,1,1,0,0,1,0,0,0,1,0,0,1,0
-0.4417729543927777,1.364249018357798,-1.177350390328098,-0.13969443364002943,0,1,1,0,1,0,1,0,0,1,0,1,0,0,1,0,0,1,0,0,1,0,0,0,0,1,1,0,0,1,0,0,0,1,0,1,0,0,1,0,0
-0.4417729543927777,-1.1188008067964357,-0.30296434385894727,-0.8899555454906893,0,1,1,0,1,0,0,1,1,0,0,1,0,0,0,0,1,1,0,0,0,0,1,1,0,0,1,0,0,1,0,0,1,0,0,0,1,0,0,0,1
-0.4417729543927777,-1.2816237461508115,-0.6696423633460105,-0.9907631012496497,0,1,1,0,1,0,0,1,1,0,0,1,0,0,1,0,0,1,0,0,1,0,0,1,0,0,1,0,0,1,0,0,1,0,0,0,1,0,0,1,0
-0.4417729543927777,-0.7524491932490897,-0.6746198930223054,-0.7288654226337096,0,1,0,1,1,0,0,1,1,0,0,1,0,0,1,0,0,1,0,0,1,0,0,1,0,0,1,0,0,1,0,0,0,1,0,1,0,0,0,1,0
-0.4417729543927777,-1.2409180113122176,0.2860433345026249,-0.9465719841453841,1,0,0,1,0,1,0,1,1,0,0,0,1,0,1,0,0,0,0,1,1,0,0,1,0,0,1,0,0,1,0,0,1,0,0,0,1,1,0,0,0
-0.4417729543927777,-1.2816237461508115,0.34411451405939963,-0.9773499007773664,0,1,1,0,1,0,0,1,0,0,1,0,1,0,1,0,0,1,0,0,1,0,0,1,0,0,1,0,0,1,0,0,1,0,0,0,1,0,0,1,0
-0.4417729543927777,-1.2816237461508115,-1.1408485060352682,-0.9969977148897944,1,0,1,0,1,0,1,0,0,1,0,1,0,0,1,0,0,1,0,0,1,0,0,0,0,1,1,0,0,1,0,0,1,0,0,1,0,0,0,0,1
-0.4417729543927777,-1.0373893371192477,-1.4793205240233265,-0.9442888861926552,1,0,1,0,1,0,0,1,1,0,0,0,0,1,0,1,0,0,1,0,0,1,0,0,1,0,0,1,0,0,1,0,1,0,0,1,0,0,0,0,1
-0.4417729543927777,-0.26398037518596185,-1.4809797005820917,-0.7859428714519362,0,1,1,0,1,0,0,1,1,0,0,0,0,1,0,1,0,0,1,0,0,1,0,0,1,0,0,1,0,0,1,0,1,0,0,0,1,0,0,1,0
-0.4417729543927777,-1.2409180113122176,0.7074741804289331,-0.930656157071071,1,0,1,0,1,0,0,1,1,0,0,0,1,0,0,0,1,0,0,1,1,0,0,0,0,1,1,0,0,1,0,0,1,0,0,0,1,0,0,1,0
-0.4417729543927777,-0.6303319887333078,-1.0130919110103638,-0.7501597016158941,0,1,0,1,1,0,1,0,0,1,0,1,0,0,0,0,1,1,0,0,0,0,1,1,0,0,1,0,0,1,0,0,1,0,0,1,0,0,0,0,1
-0.4417729543927777,-0.3453918448631498,-0.5053838840282762,-0.4976798020549613,0,1,1,0,1,0,0,1,1,0,0,1,0,0,1,0,0,1,0,0,0,0,1,1,0,0,1,0,0,1,0,0,1,0,0,0,1,0,0,0,1
-0.4417729543927777,-0.8338606629262777,-0.7011667179625454,-0.7729028696834644,1,0,1,0,1,0,0,1,1,0,0,1,0,0,1,0,0,1,0,0,1,0,0,1,0,0,1,0,0,1,0,0,1,0,0,1,0,1,0,0,0
-0.4417729543927777,-0.2232746403473678,-1.4959122896109764,-0.8040539850192582,0,1,1,0,1,0,0,1,1,0,0,0,0,1,0,1,0,0,1,0,0,1,0,0,1,0,0,1,0,0,1,0,0,0,1,1,0,0,1,0,0
-0.4417729543927777,1.5270719577121739,-1.5174815848749212,-0.3951160171015939,1,0,0,1,0,1,0,1,1,0,0,0,0,1,0,1,0,0,1,0,0,1,0,0,1,0,0,1,0,0,1,0,0,0,1,0,1,0,0,0,1
2.2636062032690805,0.42801711707013607,1.4806504568134193,1.1103456012089954,1,0,0,1,1,0,0,1,0,0,1,0,1,0,0,0,1,1,0,0,0,0,1,0,0,1,0,0,1,0,0,1,0,1,0,0,1,0,0,0,1
-0.4417729543927777,0.2244884428771661,0.8020472442785374,0.45691857656495016,1,0,1,0,1,0,0,1,1,0,0,0,1,0,1,0,0,1,0,0,1,0,0,1,0,0,0,0,1,0,0,1,0,1,0,0,1,0,0,0,1
-0.4417729543927777,-1.2409180113122176,0.5249647589647839,-0.9404032291000298,1,0,1,0,1,0,0,1,1,0,0,0,1,0,1,0,0,1,0,0,1,0,0,1,0,0,1,0,0,0,0,1,1,0,0,1,0,0,0,1,0
-0.4417729543927777,1.2421318138420159,1.2433882089100257,1.8188962696924897,0,1,0,1,1,0,0,1,0,0,1,0,1,0,1,0,0,0,0,1,0,0,1,1,0,0,0,0,1,0,0,1,1,0,0,0,1,0,0,1,0
2.2636062032690805,1.6084834273893618,1.0509237280932862,1.9872527908413284,1,0,0,1,1,0,0,1,0,0,1,0,1,0,0,0,1,0,0,1,0,0,1,0,0,1,1,0,0,1,0,0,0,0,1,0,1,1,0,0,0
-0.4417729543927777,-0.8338606629262777,-0.5004063543519812,-0.7680073808040551,1,0,1,0,1,0,1,0,0,1,0,1,0,0,0,0,1,1,0,0,0,0,1,0,0,1,1,0,0,0,0,1,0,0,1,1,0,0,0,0,1
-0.4417729543927777,0.10237123836138413,-0.2681216361248823,-0.19328137693437233,1,0,0,1,1,0,0,1,1,0,0,1,0,0,1,0,0,0,0,1,1,0,0,0,0,1,1,0,0,1,0,0,1,0,0,1,0,0,0,1,0
-0.4417729543927777,-0.6710377235719017,0.8551408941590174,-0.4067510355145401,1,0,0,1,1,0,0,1,0,0,1,0,1,0,0,0,1,0,0,1,0,0,1,1,0,0,1,0,0,1,0,0,1,0,0,1,0,0,0,1,0
-0.4417729543927777,-0.019745966154397845,1.1255866732377109,0.34610051439787,1,0,0,1,0,1,0,1,0,0,1,0,1,0,1,0,0,0,0,1,1,0,0,1,0,0,0,0,1,0,0,1,1,0,0,0,1,0,0,1,0
-0.4417729543927777,1.6084834273893618,0.8584592472765472,1.8486424016727578,0,1,0,1,0,1,0,1,0,0,1,0,1,0,1,0,0,1,0,0,0,0,1,1,0,0,1,0,0,0,0,1,0,0,1,0,1,0,1,0,0
-0.4417729543927777,0.020959768684196148,-0.8571293144864545,-0.4356849114923951,0,1,1,0,1,0,1,0,0,1,0,1,0,0,1,0,0,0,0,1,1,0,0,1,0,0,0,0,1,1,0,0,0,1,0,0,1,0,0,1,0
-0.4417729543927777,0.712957260940294,1.2765717400853256,1.2886687230360936,0,1,0,1,0,1,0,1,1,0,0,0,1,0,1,0,0,0,0,1,0,0,1,0,0,1,0,0,1,0,0,1,0,1,0,0,1,1,0,0,0
-0.4417729543927777,-0.10115743583158582,-0.014267622633838538,-0.18127315981761458,0,1,1,0,1,0,0,1,0,0,1,1,0,0,0,0,1,1,0,0,1,0,0,1,0,0,1,0,0,0,0,1,1,0,0,0,1,0,0,0,1
-0.4417729543927777,-1.2002122764736236,-1.4627287584356767,-0.9787987898627521,1,0,0,1,1,0,0,1,1,0,0,0,0,1,0,1,0,0,1,0,0,1,0,0,1,0,0,1,0,0,1,0,1,0,0,1,0,0,0,0,1
-0.4417729543927777,1.6084834273893618,-1.4643879349944418,-0.342516952729105,0,1,1,0,1,0,0,1,1,0,0,0,0,1,0,1,0,0,1,0,0,1,0,0,1,0,0,1,0,0,1,0,0,0,1,0,1,0,0,0,1
-0.4417729543927777,-1.2816237461508115,0.1715601519478404,-0.9796329987300956,1,0,1,0,1,0,0,1,1,0,0,0,1,0,1,0,0,1,0,0,1,0,0,1,0,0,1,0,0,1,0,0,1,0,0,0,1,0,0,1,0
2.2636062032690805,1.5677776925507678,-1.3366313399695373,-0.23470643305744682,0,1,1,0,1,0,0,1,0,0,1,0,0,1,0,1,0,0,1,0,0,1,0,0,1,0,0,1,0,0,1,0,0,0,1,0,1,0,0,0,1
-0.4417729543927777,-1.2816237461508115,-0.6713015399047754,-0.9907850541145798,0,1,0,1,1,0,0,1,1,0,0,1,0,0,1,0,0,1,0,0,1,0,0,1,0,0,1,0,0,1,0,0,1,0,0,1,0,0,1,0,0
-0.4417729543927777,-1.2816237461508115,-0.6679831867872456,-0.9907411483847196,0,1,1,0,1,0,0,1,1,0,0,1,0,0,1,0,0,1,0,0,1,0,0,1,0,0,1,0,0,1,0,0,1,0,0,0,1,0,0,1,0
2.2636062032690805,-0.7524491932490897,1.170384440324366,-0.40899022773740906,1,0,0,1,1,0,0,1,0,0,1,0,1,0,1,0,0,0,0,1,1,0,0,1,0,0,0,0,1,0,0,1,1,0,0,0,1,0,0,1,0
-0.4417729543927777,-0.7117434584104957,0.6958599445175783,-0.4530057219222339,1,0,1,0,0,1,0,1,1,0,0,0,1,0,1,0,0,0,0,1,1,0,0,1,0,0,1,0,0,0,0,1,1,0,0,0,1,1,0,0,0
2.2636062032690805,-1.1595065416350296,-0.4639044700591513,-0.9193723844970062,0,1,1,0,1,0,1,0,0,1,0,1,0,0,1,0,0,0,0,1,1,0,0,1,0,0,0,0,1,0,0,1,1,0,0,0,1,0,1,0,0
-0.4417729543927777,-1.2409180113122176,0.48846287467195426,-0.9433668658655916,1,0,1,0,1,0,0,1,1,0,0,0,1,0,1,0,0,1,0,0,1,0,0,1,0,0,0,0,1,1,0,0,1,0,0,0,1,0,0,0,1
2.2636062032690805,-1.1188008067964357,0.6046052337855037,-0.81456940732077,1,0,1,0,1,0,0,1,0,0,1,0,1,0,1,0,0,1,0,0,1,0,0,1,0,0,0,0,1,1,0,0,1,0,0,0,1,0,1,0,0
-0.4417729543927777,0.9571916699718579,0.3590471030882847,0.8707959390918838,0,1,1,0,1,0,0,1,1,0,0,1,0,0,1,0,0,0,0,1,1,0,0,0,0,1,0,0,1,0,0,1,0,1,0,0,1,1,0,0,0
-0.4417729543927777,1.5270719577121739,-1.3134028681468273,-0.25736178966529677,0,1,0,1,0,1,0,1,0,0,1,0,0,1,0,1,0,0,1,0,0,1,0,0,1,0,0,1,0,0,1,0,0,0,1,1,0,0,0,0,1
-0.4417729543927777,-1.0373893371192477,0.28770251106138983,-0.782101120089171,0,1,1,0,1,0,0,1,0,0,1,0,1,0,1,0,0,1,0,0,1,0,0,1,0,0,1,0,0,1,0,0,1,0,0,1,0,0,0,1,0
-0.4417729543927777,0.9164859351332639,1.0575604343283462,1.3095458975846066,0,1,1,0,1,0,0,1,0,0,1,0,1,0,1,0,0,1,0,0,1,0,0,1,0,0,0,0,1,0,0,1,1,0,0,0,1,0,0,1,0
-0.4417729543927777,0.10237123836138413,-1.3100845150292972,-0.6551037964686166,0,1,0,1,0,1,0,1,0,0,1,0,0,1,0,1,0,0,1,0,0,1,0,0,1,0,0,1,0,0,1,0,0,0,1,1,0,1,0,0,0
-0.4417729543927777,-0.6710377235719017,-1.4909347599346816,-0.889362818137577,0,1,1,0,1,0,0,1,1,0,0,0,0,1,0,1,0,0,1,0,0,1,0,0,1,0,0,1,0,0,1,0,1,0,0,1,0,0,0,0,1
-0.4417729543927777,-1.2409180113122176,-1.5158224083161564,-0.9891824949746835,0,1,1,0,0,1,0,1,1,0,0,0,0,1,0,1,0,0,1,0,0,1,0,0,1,0,0,1,0,0,1,0,1,0,0,1,0,0,0,0,1
-0.4417729543927777,-0.9559778674420596,-1.4859572302583866,-0.9385372355809724,0,1,1,0,1,0,0,1,1,0,0,0,0,1,0,1,0,0,1,0,0,1,0,0,1,0,0,1,0,0,1,0,0,1,0,0,1,0,0,0,1
-0.4417729543927777,-0.3453918448631498,0.9679649001550366,0.009453330694982894,0,1,1,0,1,0,0,1,0,0,1,0,1,0,1,0,0,1,0,0,1,0,0,1,0,0,0,0,1,0,0,1,1,0,0,0,1,0,0,1,0
-0.4417729543927777,-1.2816237461508115,0.13837662077254057,-0.9800720560286973,1,0,0,1,0,1,0,1,1,0,0,0,1,0,1,0,0,1,0,0,1,0,0,1,0,0,1,0,0,1,0,0,1,0,0,0,1,0,0,0,1
-0.4417729543927777,1.201426079003422,-1.4959122896109764,-0.45998673297000153,0,1,1,0,1,0,0,1,1,0,0,0,0,1,0,1,0,0,1,0,0,1,0,0,1,0,0,1,0,0,1,0,0,0,1,1,0,1,0,0,0
-0.4417729543927777,-1.1188008067964357,0.1699009753890755,-0.8583214671264336,0,1,1,0,1,0,0,1,1,0,0,1,0,0,1,0,0,1,0,0,0,0,1,1,0,0,0,0,1,0,0,1,1,0,0,0,1,0,0,1,0
2.2636062032690805,-0.9152721326034656,0.4751894622018341,-0.661996996056664,0,1,1,0,1,0,0,1,1,0,0,0,1,0,1,0,0,1,0,0,1,0,0,1,0,0,1,0,0,0,0,1,1,0,0,0,1,0,0,1,0
-0.4417729543927777,1.5677776925507678,0.28438415794386,1.3419483262214154,0,1,0,1,1,0,0,1,0,0,1,1,0,0,0,0,1,0,0,1,1,0,0,0,0,1,0,0,1,1,0,0,0,0,1,1,0,0,1,0,0
-0.4417729543927777,0.1430769731999781,-1.5390508801388665,-0.7079004366254762,0,1,1,0,1,0,0,1,1,0,0,0,0,1,0,1,0,0,1,0,0,1,0,0,1,0,0,1,0,0,1,0,0,0,1,0,1,0,1,0,0
-0.4417729543927777,0.061665503522790134,1.0857664358273513,0.3978873227679458,1,0,0,1,1,0,0,1,0,0,1,0,1,0,1,0,0,1,0,0,1,0,0,1,0,0,0,0,1,0,0,1,1,0,0,0,1,0,0,1,0
-0.4417729543927777,-0.8338606629262777,-1.2785601604127625,-0.8721298191674585,0,1,0,1,0,1,0,1,0,0,1,0,0,1,0,1,0,0,1,0,0,1,0,0,1,0,0,1,0,0,1,0,0,1,0,1,0,0,0,0,1
-0.4417729543927777,0.835074465456076,-1.4842980536996215,-0.541431861860625,0,1,0,1,0,1,0,1,1,0,0,0,0,1,0,1,0,0,1,0,0,1,0,0,1,0,0,1,0,0,1,0,0,1,0,1,0,0,1,0,0
-0.4417729543927777,-1.0373893371192477,-1.4942531130522116,-0.9343881441091858,1,0,1,0,1,0,0,1,1,0,0,0,0,1,0,1,0,0,1,0,0,1,0,0,1,0,0,1,0,0,1,0,0,1,0,1,0,0,0,0,1
2.2636062032690805,1.6084834273893618,-1.3017886322354724,-0.1597813050510592,1,0,0,1,1,0,0,1,0,0,1,0,0,1,0,1,0,0,1,0,0,1,0,0,1,0,0,1,0,0,1,0,0,0,1,0,1,0,1,0,0
-0.4417729543927777,-0.5896262538947138,1.143837615384126,-0.2451559967641683,0,1,0,1,1,0,0,1,0,0,1,0,1,0,0,0,1,1,0,0,1,0,0,1,0,0,0,0,1,0,0,1,1,0,0,0,1,0,0,1,0
-0.4417729543927777,-0.06045170099299184,0.3507512202944597,0.05406155223292003,0,1,0,1,1,0,0,1,1,0,0,1,0,0,0,0,1,0,0,1,0,0,1,0,0,1,1,0,0,0,0,1,0,1,0,0,1,0,1,0,0
-0.4417729543927777,0.712957260940294,0.15662756291895585,0.5008901650199149,0,1,0,1,0,1,0,1,0,0,1,1,0,0,1,0,0,1,0,0,0,0,1,0,0,1,0,0,1,1,0,0,0,1,0,0,1,0,0,1,0
-0.4417729543927777,-0.42680331454033776,-1.4925939364934464,-0.8200795764182218,0,1,0,1,0,1,0,1,1,0,0,0,0,1,0,1,0,0,1,0,0,1,0,0,1,0,0,1,0,0,1,0,0,1,0,1,0,0,0,0,1
2.2636062032690805,1.6084834273893618,1.4856279864897144,2.4574612047788658,0,1,0,1,1,0,0,1,0,0,1,0,1,0,1,0,0,0,0,1,0,0,1,0,0,1,0,0,1,0,0,1,0,0,1,1,0,0,1,0,0
-0.4417729543927777,-1.2816237461508115,0.16658262227154572,-0.9796988573248858,0,1,0,1,0,1,0,1,1,0,0,0,1,0,1,0,0,1,0,0,1,0,0,1,0,0,1,0,0,1,0,0,1,0,0,0,1,0,1,0,0
-0.4417729543927777,-1.2816237461508115,-1.4859572302583866,-1.0015639107952525,1,0,1,0,1,0,0,1,1,0,0,0,0,1,0,1,0,0,1,0,0,1,0,0,1,0,0,1,0,0,1,0,1,0,0,0,1,0,0,0,1
-0.4417729543927777,-0.9559778674420596,-0.8056948411647399,-0.8659830169870341,0,1,0,1,1,0,1,0,0,1,0,1,0,0,1,0,0,1,0,0,1,0,0,0,0,1,0,0,1,1,0,0,1,0,0,1,0,0,0,0,1
-0.4417729543927777,1.6084834273893618,1.3479163321122198,2.3010689950169247,0,1,0,1,0,1,0,1,0,0,1,0,1,0,0,0,1,1,0,0,0,0,1,1,0,0,0,0,1,0,0,1,0,0,1,0,1,1,0,0,0
-0.4417729543927777,1.038603139649046,1.3180511540544504,1.7203498590213284,0,1,1,0,1,0,0,1,0,0,1,0,1,0,1,0,0,1,0,0,0,0,1,0,0,1,0,0,1,0,0,1,0,1,0,0,1,0,0,1,0
2.2636062032690805,0.10237123836138413,1.4408302194030593,0.6255824378228101,1,0,1,0,1,0,0,1,0,0,1,0,1,0,0,0,1,0,0,1,0,0,1,1,0,0,0,0,1,0,0,1,0,1,0,0,1,0,0,1,0
-0.4417729543927777,1.5677776925507678,-1.4942531130522116,-0.3969161520258611,1,0,0,1,0,1,0,1,1,0,0,0,0,1,0,1,0,0,1,0,0,1,0,0,1,0,0,1,0,0,1,0,0,0,1,1,0,0,1,0,0
-0.4417729543927777,1.6084834273893618,0.485144521554424,1.5409071410827955,0,1,0,1,1,0,0,1,0,0,1,1,0,0,0,0,1,0,0,1,0,0,1,0,0,1,1,0,0,0,0,1,0,0,1,1,0,0,1,0,0
-0.4417729543927777,-0.6303319887333078,0.46357522629047937,-0.41814457241325537,1,0,0,1,1,0,0,1,0,0,1,0,1,0,0,0,1,1,0,0,1,0,0,1,0,0,1,0,0,1,0,0,1,0,0,1,0,0,0,1,0
-0.4417729543927777,1.6084834273893618,0.7672045365444726,1.8525939173601735,1,0,0,1,1,0,0,1,0,0,1,1,0,0,0,0,1,0,0,1,0,0,1,0,0,1,0,0,1,0,0,1,0,0,1,1,0,1,0,0,0
-0.4417729543927777,0.712957260940294,1.143837615384126,1.2111092512380957,0,1,0,1,1,0,0,1,0,0,1,0,1,0,1,0,0,1,0,0,1,0,0,0,0,1,0,0,1,0,0,1,0,1,0,1,0,0,0,1,0
-0.4417729543927777,-0.26398037518596185,-1.5191407614336865,-0.7839671136082283,0,1,0,1,0,1,0,1,1,0,0,0,0,1,0,1,0,0,1,0,0,1,0,0,1,0,0,1,0,0,1,0,0,0,1,0,1,0,1,0,0
-0.4417729543927777,-1.2816237461508115,-0.4838145887643313,-0.98830438037748,0,1,0,1,1,0,1,0,0,1,0,1,0,0,1,0,0,1,0,0,0,0,1,1,0,0,0,0,1,0,0,1,1,0,0,0,1,0,0,1,0
-0.4417729543927777,0.46872285190873003,0.7705228896620029,0.7340515434423708,1,0,1,0,1,0,0,1,1,0,0,0,1,0,1,0,0,0,0,1,0,0,1,1,0,0,0,0,1,1,0,0,1,0,0,0,1,0,1,0,0
-0.4417729543927777,0.7943687306174819,0.6261745290494484,0.8913218678015153,0,1,1,0,1,0,0,1,1,0,0,0,1,0,1,0,0,1,0,0,0,0,1,1,0,0,1,0,0,0,0,1,1,0,0,0,1,0,1,0,0
2.2636062032690805,0.10237123836138413,1.1902945590295457,0.4988485485814167,0,1,0,1,1,0,0,1,0,0,1,0,1,0,1,0,0,1,0,0,0,0,1,1,0,0,0,0,1,0,0,1,1,0,0,0,1,0,0,1,0
2.2636062032690805,-1.2816237461508115,0.3242043953542199,-0.9776133351565276,0,1,1,0,1,0,0,1,1,0,0,0,1,0,1,0,0,1,0,0,1,0,0,0,0,1,1,0,0,1,0,0,1,0,0,1,0,0,0,1,0
-0.4417729543927777,-1.2409180113122176,-0.36767222965078183,-0.9629268685182991,0,1,1,0,1,0,0,1,1,0,0,1,0,0,0,0,1,0,0,1,1,0,0,1,0,0,1,0,0,1,0,0,1,0,0,0,1,0,0,0,1
2.2636062032690805,0.10237123836138413,-0.8322416661049796,-0.38053931478801606,1,0,1,0,1,0,1,0,0,1,0,1,0,0,1,0,0,1,0,0,0,0,1,1,0,0,0,0,1,1,0,0,1,0,0,0,1,0,0,1,0
-0.4417729543927777,0.1430769731999781,0.6942007679588129,0.30831963385319006,1,0,1,0,1,0,0,1,1,0,0,1,0,0,0,0,1,0,0,1,0,0,1,0,0,1,0,0,1,0,0,1,0,1,0,1,0,1,0,0,0
2.2636062032690805,1.6084834273893618,0.8368899520126026,1.9384954778316046,1,0,0,1,0,1,0,1,0,0,1,1,0,0,0,0,1,0,0,1,0,0,1,0,0,1,0,0,1,0,0,1,0,0,1,0,1,1,0,0,0
-0.4417729543927777,-0.3453918448631498,-0.47551870597050633,-0.4445758217890804,0,1,1,0,1,0,1,0,0,1,0,1,0,0,0,0,1,1,0,0,1,0,0,1,0,0,0,0,1,0,0,1,0,1,0,0,1,0,0,0,1
-0.4417729543927777,-0.46750904937893173,1.3661672742586348,-0.022553946373084274,0,1,0,1,1,0,0,1,0,0,1,0,1,0,1,0,0,1,0,0,0,0,1,0,0,1,0,0,1,0,0,1,1,0,0,0,1,0,0,1,0
-0.4417729543927777,0.550134321585918,0.6411071180783333,0.6789059467379918,1,0,1,0,1,0,0,1,0,0,1,0,1,0,0,0,1,0,0,1,1,0,0,1,0,0,1,0,0,1,0,0,1,0,0,1,0,0,0,0,1
-0.4417729543927777,-0.6303319887333078,-1.3316538102932425,-0.801748934201599,1,0,1,0,1,0,0,1,0,0,1,0,0,1,0,1,0,0,1,0,0,1,0,0,1,0,0,1,0,0,1,0,1,0,0,1,0,0,0,0,1
2.2636062032690805,-0.7117434584104957,0.9862158423014519,-0.44620033379390683,1,0,0,1,1,0,0,1,1,0,0,0,1,0,1,0,0,0,0,1,1,0,0,1,0,0,0,0,1,0,0,1,1,0,0,0,1,0,0,1,0
-0.4417729543927777,-0.6303319887333078,-0.9716124970412391,-0.7267579476004211,1,0,0,1,1,0,1,0,0,1,0,1,0,0,1,0,0,0,0,1,0,0,1,1,0,0,1,0,0,1,0,0,1,0,0,0,1,0,1,0,0
-0.4417729543927777,1.3235432835192038,-0.2000953972155177,0.6830769910747084,1,0,0,1,1,0,0,1,1,0,0,1,0,0,0,0,1,1,0,0,0,0,1,0,0,1,1,0,0,1,0,0,0,0,1,1,0,0,1,0,0
-0.4417729543927777,0.061665503522790134,0.4652344028492443,0.15186156549645846,0,1,0,1,0,1,0,1,1,0,0,0,1,0,1,0,0,1,0,0,1,0,0,1,0,0,1,0,0,0,0,1,0,1,0,0,1,1,0,0,0
-0.4417729543927777,0.712957260940294,0.9480547814498569,1.074013609749701,0,1,1,0,1,0,0,1,1,0,0,0,1,0,0,0,1,0,0,1,1,0,0,0,0,1,1,0,0,0,0,1,1,0,0,0,1,0,1,0,0
-0.4417729543927777,-1.2816237461508115,0.1649234457127808,-0.9797208101898158,0,1,0,1,0,1,0,1,1,0,0,0,1,0,1,0,0,1,0,0,1,0,0,1,0,0,1,0,0,1,0,0,1,0,0,0,1,0,0,0,1
-0.4417729543927777,1.364249018357798,0.6328112352845083,1.498472253172937,0,1,0,1,0,1,0,1,0,0,1,1,0,0,0,0,1,1,0,0,0,0,1,0,0,1,0,0,1,0,0,1,0,0,1,0,1,0,0,0,1
-0.4417729543927777,-1.2816237461508115,0.2130395659169652,-0.9790841771068434,1,0,1,0,1,0,0,1,1,0,0,0,1,0,1,0,0,1,0,0,1,0,0,1,0,0,1,0,0,1,0,0,1,0,0,1,0,0,0,1,0
-0.4417729543927777,1.6084834273893618,-1.4942531130522116,-0.33880691855592027,0,1,1,0,0,1,0,1,1,0,0,0,0,1,0,1,0,0,1,0,0,1,0,0,1,0,0,1,0,0,1,0,0,0,1,1,0,0,1,0,0
-0.4417729543927777,1.07930887448764,-1.3100845150292972,-0.33687506644207266,1,0,0,1,0,1,0,1,0,0,1,0,0,1,0,1,0,0,1,0,0,1,0,0,1,0,0,1,0,0,1,0,0,0,1,1,0,0,0,0,1
-0.4417729543927777,-0.46750904937893173,0.4171182826450594,-0.29694280513424404,0,1,0,1,0,1,0,1,0,0,1,1,0,0,0,0,1,0,0,1,1,0,0,0,0,1,0,0,1,1,0,0,0,1,0,1,0,0,0,0,1
-0.4417729543927777,-0.9559778674420596,0.8435266582476622,-0.6732588157657986,0,1,0,1,0,1,0,1,0,0,1,0,1,0,1,0,0,1,0,0,0,0,1,1,0,0,0,0,1,1,0,0,0,1,0,0,1,0,0,1,0
-0.4417729543927777,0.10237123836138413,-1.3532231055571873,-0.6536768602481609,1,0,1,0,1,0,1,0,0,1,0,1,0,0,1,0,0,1,0,0,1,0,0,1,0,0,1,0,0,1,0,0,1,0,0,1,0,0,0,1,0
-0.4417729543927777,-0.9152721326034656,-0.4556085872653264,-0.7916506163337589,1,0,1,0,1,0,0,1,1,0,0,1,0,0,1,0,0,0,0,1,1,0,0,1,0,0,1,0,0,1,0,0,1,0,0,1,0,0,0,1,0
-0.4417729543927777,0.9571916699718579,-1.3532231055571873,-0.39474281839778247,0,1,0,1,0,1,0,1,0,0,1,0,0,1,0,1,0,0,1,0,0,1,0,0,1,0,0,1,0,0,1,0,0,0,1,1,0,1,0,0,0
2.2636062032690805,1.364249018357798,-0.035836917897783385,0.8223679190561118,1,0,1,0,1,0,0,1,0,0,1,1,0,0,0,0,1,0,0,1,1,0,0,0,0,1,1,0,0,1,0,0,0,1,0,0,1,0,1,0,0
-0.4417729543927777,-1.1188008067964357,0.6792681789299283,-0.8343050328929184,0,1,0,1,1,0,0,1,0,0,1,0,1,0,1,0,0,0,0,1,1,0,0,0,0,1,1,0,0,1,0,0,1,0,0,0,1,0,0,1,0
-0.4417729543927777,-0.9559778674420596,-1.4826388771408565,-0.9320391875616665,0,1,1,0,1,0,0,1,1,0,0,0,0,1,0,1,0,0,1,0,0,1,0,0,1,0,0,1,0,0,1,0,1,0,0,1,0,0,0,0,1
-0.4417729543927777,0.5908400564245121,0.28770251106138983,0.5362342775573552,0,1,0,1,1,0,0,1,1,0,0,1,0,0,1,0,0,0,0,1,0,0,1,1,0,0,0,0,1,0,0,1,0,0,1,1,0,0,0,1,0
-0.4417729543927777,-0.8338606629262777,-0.35273964062189705,-0.7230479134272364,1,0,1,0,1,0,0,1,1,0,0,1,0,0,1,0,0,0,0,1,1,0,0,0,0,1,1,0,0,1,0,0,1,0,0,0,1,0,0,1,0
2.2636062032690805,1.201426079003422,0.4984179340245441,1.1057354995736772,1,0,0,1,1,0,0,1,1,0,0,1,0,0,0,0,1,1,0,0,0,0,1,0,0,1,0,0,1,0,0,1,0,0,1,0,1,0,1,0,0
2.2636062032690805,0.061665503522790134,0.3524103968532246,0.05447865666659181,0,1,0,1,1,0,0,1,0,0,1,0,1,0,1,0,0,1,0,0,1,0,0,1,0,0,1,0,0,1,0,0,1,0,0,0,1,0,0,1,0
-0.4417729543927777,-0.6710377235719017,-1.4826388771408565,-0.8666416029349368,0,1,1,0,1,0,0,1,1,0,0,0,0,1,0,1,0,0,1,0,0,1,0,0,1,0,0,1,0,0,1,0,1,0,0,1,0,1,0,0,0
-0.4417729543927777,-1.2816237461508115,-1.4826388771408565,-1.0015200050653925,0,1,1,0,0,1,0,1,1,0,0,0,0,1,0,1,0,0,1,0,0,1,0,0,1,0,0,1,0,0,1,0,1,0,0,0,1,0,0,0,1
-0.4417729543927777,0.550134321585918,-0.6547097743171254,-0.10369173515468642,0,1,1,0,1,0,0,1,1,0,0,1,0,0,1,0,0,1,0,0,1,0,0,1,0,0,1,0,0,1,0,0,1,0,0,0,1,0,1,0,0
-0.4417729543927777,-0.3860975797017438,-1.5025489958460365,-0.8004976209005841,1,0,1,0,1,0,0,1,1,0,0,0,0,1,0,1,0,0,1,0,0,1,0,0,1,0,0,1,0,0,1,0,0,1,0,0,1,0,1,0,0
-0.4417729543927777,-0.6303319887333078,0.49509958090701384,-0.40128477214694847,1,0,1,0,1,0,0,1,1,0,0,1,0,0,0,0,1,0,0,1,1,0,0,0,0,1,0,0,1,0,0,1,0,1,0,1,0,0,1,0,0
-0.4417729543927777,-0.2232746403473678,0.4403467544677694,-0.09763274443398247,1,0,1,0,1,0,0,1,1,0,0,1,0,0,1,0,0,0,0,1,0,0,1,0,0,1,0,0,1,0,0,1,0,1,0,1,0,0,0,0,1
-0.4417729543927777,-0.5896262538947138,-0.6397771852882407,-0.6823473018468548,0,1,1,0,0,1,0,1,1,0,0,1,0,0,1,0,0,1,0,0,1,0,0,1,0,0,1,0,0,1,0,0,1,0,0,0,1,0,1,0,0
2.2636062032690805,-0.5489205190561198,-1.0164102641278938,-0.7570089954740813,0,1,0,1,1,0,1,0,0,1,0,1,0,0,1,0,0,0,0,1,0,0,1,1,0,0,1,0,0,1,0,0,1,0,0,0,1,0,1,0,0
-0.4417729543927777,0.020959768684196148,0.47187110908430435,0.10101873031837665,1,0,0,1,0,1,0,1,0,0,1,1,0,0,1,0,0,1,0,0,0,0,1,0,0,1,0,0,1,0,0,1,0,1,0,0,1,0,0,1,0
-0.4417729543927777,1.6084834273893618,0.06039532251058611,1.0796335431718036,1,0,0,1,0,1,0,1,0,0,1,1,0,0,0,0,1,0,0,1,1,0,0,0,0,1,1,0,0,1,0,0,0,0,1,1,0,0,1,0,0
-0.4417729543927777,-1.2002122764736236,0.19147027065302058,-0.9113376359325942,0,1,1,0,0,1,0,1,1,0,0,1,0,0,1,0,0,1,0,0,1,0,0,0,0,1,0,0,1,0,0,1,1,0,0,1,0,0,0,0,1
2.2636062032690805,1.5677776925507678,1.4126242179040547,2.3762795102674037,0,1,0,1,1,0,0,1,0,0,1,0,1,0,0,0,1,0,0,1,0,0,1,1,0,0,0,0,1,0,0,1,1,0,0,0,1,0,0,1,0
-0.4417729543927777,-1.0373893371192477,-0.46224529350038646,-0.8549626787921304,0,1,1,0,1,0,0,1,1,0,0,1,0,0,0,0,1,1,0,0,1,0,0,1,0,0,1,0,0,1,0,0,1,0,0,0,1,0,0,0,1
2.2636062032690805,0.9164859351332639,1.7112759984817534,1.7918942458284826,0,1,1,0,1,0,0,1,0,0,1,0,1,0,0,0,1,0,0,1,0,0,1,0,0,1,0,0,1,0,0,1,1,0,0,0,1,0,0,1,0
-0.4417729543927777,-0.10115743583158582,0.5266239355235488,0.029847542215034016,1,0,0,1,0,1,0,1,1,0,0,1,0,0,1,0,0,0,0,1,0,0,1,0,0,1,0,0,1,0,0,1,0,0,1,1,0,1,0,0,0
-0.4417729543927777,1.6084834273893618,1.2699350338502655,2.2223240685127017,1,0,0,1,0,1,0,1,0,0,1,0,1,0,1,0,0,0,0,1,0,0,1,1,0,0,0,0,1,0,0,1,0,1,0,0,1,0,1,0,0
-0.4417729543927777,1.2421318138420159,0.3573879265295198,1.0429283530086977,0,1,0,1,0,1,0,1,0,0,1,1,0,0,0,0,1,1,0,0,0,0,1,0,0,1,1,0,0,0,0,1,0,0,1,1,0,0,0,0,1
-0.4417729543927777,-1.1595065416350296,0.5100321699358988,-0.8680685391553924,1,0,1,0,1,0,0,1,0,0,1,0,1,0,1,0,0,0,0,1,1,0,0,1,0,0,1,0,0,1,0,0,1,0,0,0,1,0,0,0,1
2.2636062032690805,-0.8745663977648717,0.47187110908430435,-0.6470031893094144,0,1,1,0,1,0,0,1,1,0,0,0,1,0,1,0,0,1,0,0,1,0,0,1,0,0,1,0,0,0,0,1,1,0,0,0,1,0,1,0,0
-0.4417729543927777,-0.5082147842175258,-0.4954288246756863,-0.5700144919995986,0,1,1,0,1,0,0,1,1,0,0,1,0,0,1,0,0,1,0,0,1,0,0,0,0,1,1,0,0,1,0,0,1,0,0,1,0,0,0,0,1
-0.4417729543927777,-0.7931549280876837,-1.1308934466826783,-0.8373784339831305,1,0,1,0,1,0,1,0,0,1,0,1,0,0,0,0,1,1,0,0,1,0,0,1,0,0,1,0,0,1,0,0,1,0,0,0,1,1,0,0,0
-0.4417729543927777,-0.9152721326034656,-0.31126022665277225,-0.7683586266429364,1,0,0,1,0,1,0,1,1,0,0,1,0,0,1,0,0,0,0,1,0,0,1,1,0,0,1,0,0,1,0,0,1,0,0,0,1,0,0,0,1
2.2636062032690805,0.42801711707013607,1.5204706942237791,1.047845794753037,0,1,0,1,0,1,0,1,0,0,1,0,1,0,1,0,0,0,0,1,0,0,1,0,0,1,0,0,1,0,0,1,1,0,0,0,1,1,0,0,0
-0.4417729543927777,-0.5896262538947138,0.7937513614847125,-0.31022428841694677,1,0,0,1,1,0,0,1,0,0,1,0,1,0,1,0,0,1,0,0,1,0,0,0,0,1,0,0,1,1,0,0,1,0,0,0,1,0,0,1,0
2.2636062032690805,-1.2816237461508115,-0.6331404790531806,-0.9902801382211879,0,1,1,0,1,0,0,1,1,0,0,1,0,0,1,0,0,1,0,0,1,0,0,1,0,0,1,0,0,1,0,0,1,0,0,0,1,0,0,0,1
-0.4417729543927777,-0.6710377235719017,0.7074741804289331,-0.42203022950588087,1,0,1,0,1,0,0,1,1,0,0,0,1,0,1,0,0,0,0,1,1,0,0,1,0,0,1,0,0,0,0,1,1,0,0,0,1,0,0,1,0
-0.4417729543927777,-1.2816237461508115,-1.3349721634107723,-0.9995662000866148,1,0,1,0,0,1,1,0,0,1,0,1,0,0,1,0,0,1,0,0,1,0,0,1,0,0,1,0,0,1,0,0,1,0,0,1,0,0,0,0,1
-0.4417729543927777,-1.2816237461508115,0.7190884163402878,-0.9723885533031668,0,1,1,0,1,0,0,1,0,0,1,0,1,0,1,0,0,1,0,0,1,0,0,1,0,0,1,0,0,0,0,1,1,0,0,0,1,0,0,1,0
2.2636062032690805,0.42801711707013607,0.8169798333074224,0.6829233210201978,0,1,1,0,1,0,0,1,1,0,0,0,1,0,1,0,0,1,0,0,1,0,0,1,0,0,0,0,1,0,0,1,1,0,0,0,1,0,0,0,1
-0.4417729543927777,-1.2409180113122176,-1.4925939364934464,-0.9894678822187747,0,1,1,0,1,0,0,1,1,0,0,0,0,1,0,1,0,0,1,0,0,1,0,0,1,0,0,1,0,0,1,0,0,1,0,1,0,0,0,0,1
-0.4417729543927777,1.038603139649046,-1.3432680462045972,-0.34585378819847834,0,1,1,0,1,0,0,1,0,0,1,0,0,1,0,1,0,0,1,0,0,1,0,0,1,0,0,1,0,0,1,0,0,0,1,0,1,0,1,0,0
2.2636062032690805,0.87578020029467,-0.314578579770302,0.29225013672436606,0,1,1,0,1,0,1,0,0,1,0,1,0,0,1,0,0,0,0,1,0,0,1,1,0,0,0,0,1,0,0,1,0,1,0,0,1,0,0,1,0
-0.4417729543927777,-0.6303319887333078,-0.6746198930223054,-0.7112372720948494,0,1,1,0,0,1,0,1,1,0,0,1,0,0,1,0,0,1,0,0,1,0,0,1,0,0,1,0,0,1,0,0,0,1,0,1,0,0,0,0,1
2.2636062032690805,1.364249018357798,1.1654069106480707,2.0067469348992457,0,1,0,1,1,0,0,1,0,0,1,0,1,0,1,0,0,1,0,0,1,0,0,0,0,1,0,0,1,0,0,1,1,0,0,0,1,0,1,0,0
-0.4417729543927777,-1.1188008067964357,0.6726314726948683,-0.8019465099859698,1,0,1,0,1,0,0,1,0,0,1,0,1,0,1,0,0,1,0,0,1,0,0,1,0,0,0,0,1,1,0,0,1,0,0,0,1,0,0,1,0
2.2636062032690805,0.9571916699718579,0.2760882751500351,0.769615184629112,1,0,1,0,1,0,0,1,0,0,1,1,0,0,0,0,1,1,0,0,0,0,1,0,0,1,1,0,0,0,0,1,0,0,1,1,0,1,0,0,0
-0.4417729543927777,-0.9152721326034656,-1.4892755833759166,-0.9144768956175967,0,1,0,1,0,1,0,1,1,0,0,0,0,1,0,1,0,0,1,0,0,1,0,0,1,0,0,1,0,0,1,0,1,0,0,0,1,0,1,0,0
-0.4417729543927777,-0.9152721326034656,0.6560397071072184,-0.6450932900604968,1,0,1,0,1,0,0,1,1,0,0,0,1,0,0,0,1,1,0,0,1,0,0,1,0,0,0,0,1,1,0,0,1,0,0,0,1,0,0,0,1
-0.4417729543927777,1.6084834273893618,1.5652684613104337,2.4870975724344837,1,0,0,1,1,0,0,1,0,0,1,0,1,0,0,0,1,0,0,1,0,0,1,0,0,1,0,0,1,0,0,1,0,0,1,1,0,0,1,0,0
-0.4417729543927777,-1.0373893371192477,-1.4693654646707368,-0.9406227577493307,1,0,0,1,0,1,0,1,1,0,0,0,0,1,0,1,0,0,1,0,0,1,0,0,1,0,0,1,0,0,1,0,1,0,0,1,0,0,0,0,1
-0.4417729543927777,-1.1595065416350296,-1.3499047524396572,-0.9682394618313802,1,0,1,0,1,0,1,0,0,1,0,1,0,0,1,0,0,1,0,0,1,0,0,1,0,0,1,0,0,1,0,0,1,0,0,0,1,0,0,0,1
-0.4417729543927777,0.6722515261017,0.22797215494585024,0.514017978248107,1,0,0,1,1,0,0,1,0,0,1,1,0,0,0,0,1,0,0,1,0,0,1,1,0,0,1,0,0,0,0,1,0,1,0,1,0,0,0,1,0
-0.4417729543927777,1.364249018357798,1.4706953974608294,2.099212401984773,1,0,0,1,0,1,0,1,0,0,1,0,1,0,0,0,1,0,0,1,0,0,1,1,0,0,0,0,1,0,0,1,0,0,1,1,0,1,0,0,0
-0.4417729543927777,0.7943687306174819,1.3728039804936947,1.3986964820656906,0,1,0,1,1,0,0,1,1,0,0,0,1,0,0,0,1,0,0,1,0,0,1,0,0,1,0,0,1,0,0,1,0,0,1,0,1,0,0,1,0
2.2636062032690805,0.7943687306174819,1.5204706942237791,1.5501712500832923,0,1,1,0,1,0,0,1,0,0,1,0,1,0,1,0,0,0,0,1,0,0,1,0,0,1,0,0,1,0,0,1,1,0,0,0,1,0,0,1,0
-0.4417729543927777,-1.2816237461508115,0.1483316801251309,-0.9799403388391167,0,1,1,0,1,0,0,1,1,0,0,0,1,0,1,0,0,1,0,0,1,0,0,1,0,0,1,0,0,1,0,0,1,0,0,1,0,0,0,0,1
-0.4417729543927777,-0.6303319887333078,-1.354882282115952,-0.8304413286652229,1,0,0,1,0,1,0,1,0,0,1,0,0,1,0,1,0,0,1,0,0,1,0,0,1,0,0,1,0,0,1,0,1,0,0,1,0,0,0,0,1
-0.4417729543927777,1.404954753196392,0.14169497389007082,1.0407111136507587,0,1,0,1,1,0,0,1,1,0,0,1,0,0,0,0,1,0,0,1,1,0,0,0,0,1,1,0,0,0,0,1,0,0,1,0,1,0,1,0,0
-0.4417729543927777,-0.3453918448631498,-0.5186572964983963,-0.46894350186147715,1,0,1,0,1,0,0,1,1,0,0,1,0,0,1,0,0,1,0,0,0,0,1,1,0,0,1,0,0,1,0,0,1,0,0,0,1,0,1,0,0
-0.4417729543927777,1.120014609326234,-0.13704668798244804,0.571710107284376,1,0,0,1,1,0,1,0,0,1,0,1,0,0,1,0,0,0,0,1,0,0,1,0,0,1,0,0,1,0,0,1,0,0,1,1,0,0,1,0,0
-0.4417729543927777,-0.9966836022806537,0.1715601519478404,-0.7683366737780063,0,1,1,0,1,0,0,1,1,0,0,0,1,0,1,0,0,1,0,0,1,0,0,1,0,0,1,0,0,1,0,0,1,0,0,0,1,0,0,0,1
-0.4417729543927777,-0.019745966154397845,-0.35605799373942687,-0.2466268387144842,1,0,1,0,1,0,0,1,0,0,1,1,0,0,1,0,0,0,0,1,1,0,0,1,0,0,1,0,0,1,0,0,1,0,0,0,1,0,0,1,0
-0.4417729543927777,-0.7524491932490897,0.5880134681978538,-0.4901280165190113,0,1,0,1,1,0,0,1,0,0,1,0,1,0,1,0,0,0,0,1,0,0,1,1,0,0,1,0,0,1,0,0,1,0,0,0,1,0,0,1,0
2.2636062032690805,-1.2816237461508115,0.8518225410414871,-0.9706323241087598,1,0,0,1,1,0,0,1,0,0,1,0,1,0,1,0,0,0,0,1,1,0,0,1,0,0,0,0,1,1,0,0,1,0,0,0,1,0,0,1,0
2.2636062032690805,-1.2409180113122176,-0.6895524820511904,-0.9697322566466261,0,1,1,0,1,0,0,1,1,0,0,1,0,0,1,0,0,1,0,0,1,0,0,1,0,0,1,0,0,1,0,0,1,0,0,0,1,0,0,1,0
2.2636062032690805,0.42801711707013607,1.1969312652646058,0.9163481338218148,0,1,0,1,1,0,0,1,0,0,1,0,1,0,1,0,0,0,0,1,1,0,0,1,0,0,0,0,1,0,0,1,1,0,0,0,1,0,0,1,0
2.2636062032690805,-0.3046861100245558,0.1516500332426607,-0.24089714096773138,1,0,0,1,1,0,0,1,0,0,1,1,0,0,0,0,1,1,0,0,1,0,0,0,0,1,0,0,1,1,0,0,1,0,0,0,1,0,1,0,0
-0.4417729543927777,0.42801711707013607,-1.5174815848749212,-0.6695926873224741,0,1,0,1,0,1,0,1,1,0,0,0,0,1,0,1,0,0,1,0,0,1,0,0,1,0,0,1,0,0,1,0,0,1,0,0,1,0,0,0,1
-0.4417729543927777,0.5908400564245121,-1.4826388771408565,-0.6269382707633147,1,0,0,1,0,1,0,1,1,0,0,0,0,1,0,1,0,0,1,0,0,1,0,0,1,0,0,1,0,0,1,0,0,0,1,1,0,0,1,0,0
2.2636062032690805,1.2421318138420159,0.8186390098661873,1.4214396501332611,1,0,1,0,1,0,0,1,0,0,1,0,1,0,1,0,0,1,0,0,0,0,1,1,0,0,1,0,0,0,0,1,1,0,0,0,1,1,0,0,0
-0.4417729543927777,1.038603139649046,-1.5191407614336865,-0.555767082659972,0,1,1,0,1,0,0,1,1,0,0,0,0,1,0,1,0,0,1,0,0,1,0,0,1,0,0,1,0,0,1,0,0,0,1,0,1,1,0,0,0
-0.4417729543927777,-0.9152721326034656,-1.3416088696458324,-0.8917995861448166,1,0,1,0,1,0,0,1,0,0,1,0,0,1,0,1,0,0,1,0,0,1,0,0,1,0,0,1,0,0,1,0,1,0,0,0,1,0,0,0,1
-0.4417729543927777,-0.3046861100245558,-0.12875080518862309,-0.33417486405567187,1,0,1,0,1,0,1,0,0,1,0,1,0,0,0,0,1,0,0,1,0,0,1,1,0,0,0,0,1,0,0,1,0,1,0,1,0,0,0,1,0
2.2636062032690805,0.38731138223154205,0.9994892547715716,0.7214505989725009,1,0,0,1,1,0,0,1,0,0,1,0,1,0,1,0,0,1,0,0,1,0,0,1,0,0,0,0,1,0,0,1,1,0,0,0,1,0,0,1,0
-0.4417729543927777,0.6722515261017,1.0177401969179865,1.0898196724993638,1,0,0,1,0,1,0,1,0,0,1,0,1,0,1,0,0,1,0,0,1,0,0,1,0,0,0,0,1,0,0,1,1,0,0,0,1,0,0,1,0
-0.4417729543927777,1.5270719577121739,1.4789912802546543,2.2977321595475515,0,1,0,1,1,0,0,1,1,0,0,0,1,0,0,0,1,0,0,1,0,0,1,0,0,1,0,0,1,0,0,1,0,1,0,0,1,1,0,0,0
-0.4417729543927777,-1.2409180113122176,-1.4793205240233265,-0.9950000041811566,1,0,1,0,1,0,0,1,1,0,0,0,0,1,0,1,0,0,1,0,0,1,0,0,1,0,0,1,0,0,1,0,1,0,0,1,0,0,1,0,0
-0.4417729543927777,1.6084834273893618,0.5266239355235488,1.504750772542942,0,1,0,1,0,1,0,1,1,0,0,1,0,0,0,0,1,1,0,0,0,0,1,0,0,1,0,0,1,0,0,1,0,0,1,0,1,0,0,1,0
-0.4417729543927777,1.6084834273893618,-0.3195561094465972,0.7386177393478289,0,1,0,1,0,1,0,1,0,0,1,1,0,0,0,0,1,1,0,0,1,0,0,1,0,0,1,0,0,1,0,0,0,0,1,1,0,1,0,0,0
-0.4417729543927777,-1.2816237461508115,-0.1635935129226878,-0.9840674774459731,1,0,1,0,0,1,0,1,1,0,0,1,0,0,0,0,1,0,0,1,1,0,0,0,0,1,1,0,0,1,0,0,1,0,0,0,1,0,0,1,0
2.2636062032690805,1.48636622287358,1.0094443141241614,1.7916527643142515,0,1,0,1,1,0,0,1,0,0,1,0,1,0,1,0,0,0,0,1,0,0,1,1,0,0,1,0,0,0,0,1,1,0,0,0,1,1,0,0,0
-0.4417729543927777,-0.9559778674420596,0.8584592472765472,-0.6548842678193156,1,0,1,0,1,0,0,1,1,0,0,0,1,0,1,0,0,1,0,0,1,0,0,1,0,0,0,0,1,0,0,1,1,0,0,0,1,1,0,0,0
-0.4417729543927777,-0.9152721326034656,-1.4909347599346816,-0.9232141358597715,0,1,1,0,1,0,0,1,1,0,0,0,0,1,0,1,0,0,1,0,0,1,0,0,1,0,0,1,0,0,1,0,1,0,0,0,1,0,1,0,0
-0.4417729543927777,1.5270719577121739,1.082448082709821,1.9176841618778822,0,1,0,1,0,1,0,1,0,0,1,0,1,0,0,0,1,0,0,1,1,0,0,1,0,0,0,0,1,1,0,0,1,0,0,0,1,0,1,0,0
-0.4417729543927777,-1.0780950719578417,0.9812383126251567,-0.7577553928817042,0,1,1,0,0,1,0,1,1,0,0,0,1,0,1,0,0,1,0,0,0,0,1,1,0,0,0,0,1,0,0,1,1,0,0,1,0,0,0,0,1
-0.4417729543927777,1.3235432835192038,-0.118795745836033,0.690540965150938,1,0,0,1,0,1,0,1,1,0,0,1,0,0,0,0,1,0,0,1,0,0,1,1,0,0,1,0,0,1,0,0,0,1,0,1,0,1,0,0,0
-0.4417729543927777,0.87578020029467,1.3578713914648097,1.5478222935357728,0,1,1,0,0,1,0,1,1,0,0,0,1,0,0,0,1,0,0,1,1,0,0,0,0,1,0,0,1,0,0,1,0,1,0,0,1,0,0,1,0
-0.4417729543927777,0.550134321585918,-0.3079418735352422,0.17014830198322115,1,0,1,0,1,0,0,1,1,0,0,1,0,0,1,0,0,1,0,0,1,0,0,1,0,0,1,0,0,0,0,1,0,1,0,1,0,0,1,0,0
-0.4417729543927777,0.9164859351332639,0.8451858348064276,1.228408108803004,0,1,0,1,0,1,0,1,0,0,1,0,1,0,1,0,0,1,0,0,0,0,1,1,0,0,0,0,1,1,0,0,1,0,0,0,1,0,1,0,0
-0.4417729543927777,1.2828375486806098,-1.3565414586747173,-0.3258547282471688,1,0,0,1,0,1,0,1,0,0,1,0,0,1,0,1,0,0,1,0,0,1,0,0,1,0,0,1,0,0,1,0,0,0,1,0,1,0,0,0,1
-0.4417729543927777,1.2421318138420159,0.2312905080633805,0.9562145365348532,0,1,1,0,1,0,0,1,0,0,1,1,0,0,0,0,1,1,0,0,0,0,1,0,0,1,1,0,0,0,0,1,0,0,1,0,1,1,0,0,0
-0.4417729543927777,1.120014609326234,-1.3532231055571873,-0.34923452939771166,0,1,0,1,1,0,0,1,0,0,1,0,0,1,0,1,0,0,1,0,0,1,0,0,1,0,0,1,0,0,1,0,0,1,0,1,0,1,0,0,0
-0.4417729543927777,0.87578020029467,1.0011484313303365,1.2133484434609647,1,0,1,0,1,0,0,1,0,0,1,0,1,0,1,0,0,1,0,0,0,0,1,0,0,1,1,0,0,0,0,1,0,0,1,0,1,1,0,0,0
-0.4417729543927777,-1.0780950719578417,-0.6696423633460105,-0.8914483403059352,0,1,1,0,1,0,0,1,1,0,0,1,0,0,1,0,0,1,0,0,1,0,0,1,0,0,1,0,0,1,0,0,1,0,0,1,0,0,0,1,0
-0.4417729543927777,1.5677776925507678,1.130564202914006,2.0900580573089265,1,0,0,1,0,1,0,1,0,0,1,0,1,0,0,0,1,0,0,1,0,0,1,1,0,0,0,0,1,1,0,0,0,0,1,0,1,0,1,0,0
-0.4417729543927777,0.3466056473929481,0.9945117250952769,0.6790815696574326,1,0,0,1,0,1,0,1,1,0,0,0,1,0,1,0,0,1,0,0,0,0,1,1,0,0,0,0,1,0,0,1,1,0,0,0,1,1,0,0,0
-0.4417729543927777,0.5908400564245121,0.6112419400205633,0.7743570034540109,0,1,0,1,1,0,0,1,0,0,1,0,1,0,1,0,0,0,0,1,0,0,1,1,0,0,1,0,0,1,0,0,1,0,0,0,1,1,0,0,0
-0.4417729543927777,-0.9152721326034656,-1.5075265255223316,-0.911249824472874,0,1,1,0,1,0,0,1,1,0,0,0,0,1,0,1,0,0,1,0,0,1,0,0,1,0,0,1,0,0,1,0,0,1,0,1,0,0,0,0,1
2.2636062032690805,0.712957260940294,0.7672045365444726,0.9071059776862483,1,0,0,1,1,0,0,1,0,0,1,0,1,0,1,0,0,0,0,1,1,0,0,1,0,0,0,0,1,1,0,0,1,0,0,0,1,0,0,1,0
-0.4417729543927777,-0.9559778674420596,-0.31789693288783205,-0.8129448953159435,0,1,1,0,0,1,0,1,1,0,0,1,0,0,1,0,0,1,0,0,1,0,0,1,0,0,0,0,1,1,0,0,1,0,0,1,0,0,0,1,0
-0.4417729543927777,0.7943687306174819,1.0393094921819315,1.1805947689852745,0,1,0,1,0,1,0,1,0,0,1,0,1,0,1,0,0,1,0,0,0,0,1,0,0,1,1,0,0,0,0,1,0,0,1,0,1,1,0,0,0
-0.4417729543927777,0.2244884428771661,-1.4876164068171516,-0.6898551816529446,0,1,1,0,1,0,0,1,1,0,0,0,0,1,0,1,0,0,1,0,0,1,0,0,1,0,0,1,0,0,1,0,0,1,0,1,0,0,0,0,1
-0.4417729543927777,-0.5082147842175258,0.4602568731729491,-0.2897861711670356,0,1,1,0,1,0,0,1,1,0,0,0,1,0,1,0,0,1,0,0,1,0,0,1,0,0,0,0,1,1,0,0,1,0,0,1,0,0,0,1,0
-0.4417729543927777,-1.2002122764736236,0.8982794846869071,-0.8932704280951325,0,1,1,0,1,0,0,1,1,0,0,0,1,0,1,0,0,1,0,0,1,0,0,1,0,0,0,0,1,0,0,1,1,0,0,0,1,0,0,1,0
-0.4417729543927777,0.5908400564245121,1.299800211908035,1.244214171552667,0,1,0,1,1,0,0,1,0,0,1,0,1,0,1,0,0,0,0,1,0,0,1,1,0,0,0,0,1,0,0,1,1,0,0,0,1,0,0,1,0
-0.4417729543927777,-0.46750904937893173,-1.4627287584356767,-0.8193112261456688,1,0,1,0,1,0,0,1,1,0,0,0,0,1,0,1,0,0,1,0,0,1,0,0,1,0,0,1,0,0,1,0,0,0,1,0,1,0,1,0,0
-0.4417729543927777,-0.9559778674420596,-1.5075265255223316,-0.9443986505173056,1,0,1,0,1,0,0,1,1,0,0,0,0,1,0,1,0,0,1,0,0,1,0,0,1,0,0,1,0,0,1,0,1,0,0,1,0,1,0,0,0
-0.4417729543927777,1.6084834273893618,1.323028683730745,2.269391010922809,0,1,0,1,1,0,0,1,0,0,1,0,1,0,1,0,0,0,0,1,0,0,1,1,0,0,0,0,1,0,0,1,0,0,1,0,1,1,0,0,0
-0.4417729543927777,-1.2002122764736236,0.1533092098014256,-0.9225116441820087,1,0,0,1,0,1,0,1,1,0,0,0,1,0,1,0,0,1,0,0,1,0,0,1,0,0,1,0,0,1,0,0,1,0,0,0,1,0,0,1,0
-0.4417729543927777,-0.5896262538947138,-0.2415748111846425,-0.5745587350401267,1,0,1,0,0,1,0,1,0,0,1,1,0,0,0,0,1,1,0,0,1,0,0,1,0,0,1,0,0,1,0,0,1,0,0,1,0,0,0,0,1
-0.4417729543927777,1.445660488034986,-1.3266762806169472,-0.3013772838501216,1,0,0,1,1,0,0,1,0,0,1,0,0,1,0,1,0,0,1,0,0,1,0,0,1,0,0,1,0,0,1,0,0,0,1,0,1,0,1,0,0
-0.4417729543927777,1.160720344164828,0.5299422886410791,1.1552392099910238,0,1,0,1,1,0,0,1,0,0,1,1,0,0,1,0,0,0,0,1,0,0,1,1,0,0,0,0,1,0,0,1,0,0,1,1,0,1,0,0,0
-0.4417729543927777,-0.3860975797017438,-0.16525268948145272,-0.3930963535280259,0,1,0,1,1,0,0,1,1,0,0,1,0,0,0,0,1,1,0,0,1,0,0,1,0,0,1,0,0,0,0,1,1,0,0,0,1,1,0,0,0
-0.4417729543927777,0.5908400564245121,0.9911933719777466,0.9810871325006422,0,1,1,0,1,0,0,1,0,0,1,0,1,0,0,0,1,0,0,1,1,0,0,1,0,0,0,0,1,1,0,0,0,1,0,1,0,1,0,0,0
2.2636062032690805,-0.7117434584104957,0.30761262976657,-0.5125638444775604,0,1,1,0,1,0,0,1,0,0,1,0,1,0,1,0,0,1,0,0,1,0,0,1,0,0,1,0,0,1,0,0,1,0,0,0,1,0,1,0,0
-0.4417729543927777,0.10237123836138413,-1.5025489958460365,-0.6992071021131617,1,0,0,1,0,1,0,1,1,0,0,0,0,1,0,1,0,0,1,0,0,1,0,0,1,0,0,1,0,0,1,0,0,1,0,1,0,0,0,0,1
-0.4417729543927777,-0.019745966154397845,-1.5141632317573916,-0.7499621258315233,1,0,0,1,1,0,0,1,1,0,0,0,0,1,0,1,0,0,1,0,0,1,0,0,1,0,0,1,0,0,1,0,0,1,0,1,0,0,0,0,1
-0.4417729543927777,1.5677776925507678,1.0857664358273513,1.925938439091595,0,1,1,0,1,0,0,1,0,0,1,0,1,0,0,0,1,1,0,0,1,0,0,0,0,1,1,0,0,0,0,1,0,1,0,1,0,0,1,0,0
-0.4417729543927777,0.7943687306174819,1.3313245665245699,1.4592205306779413,1,0,0,1,1,0,0,1,0,0,1,0,1,0,1,0,0,0,0,1,0,0,1,1,0,0,0,0,1,0,0,1,1,0,0,0,1,0,0,1,0
-0.4417729543927777,1.6084834273893618,-0.040814447574078316,0.9498921114349882,0,1,1,0,1,0,1,0,0,1,0,1,0,0,0,0,1,0,0,1,0,0,1,0,0,1,0,0,1,0,0,1,0,0,1,0,1,1,0,0,0
-0.4417729543927777,-0.8338606629262777,-1.3250171040581824,-0.8715809975442064,0,1,1,0,1,0,0,1,0,0,1,0,0,1,0,1,0,0,1,0,0,1,0,0,1,0,0,1,0,0,1,0,1,0,0,1,0,0,0,1,0
2.2636062032690805,0.46872285190873003,-1.5125040551986264,-0.6384196191217503,0,1,0,1,1,0,0,1,1,0,0,0,0,1,0,1,0,0,1,0,0,1,0,0,1,0,0,1,0,0,1,0,0,0,1,0,1,0,1,0,0
-0.4417729543927777,1.6084834273893618,1.4839688099309496,2.4494703619443143,0,1,0,1,1,0,0,1,0,0,1,0,1,0,0,0,1,0,0,1,0,0,1,1,0,0,0,0,1,0,0,1,0,0,1,0,1,0,0,1,0
2.2636062032690805,-0.5896262538947138,0.6809273554886932,-0.34925648226264183,1,0,1,0,1,0,0,1,0,0,1,0,1,0,1,0,0,0,0,1,1,0,0,0,0,1,1,0,0,1,0,0,1,0,0,0,1,0,0,1,0
-0.4417729543927777,-1.0373893371192477,0.29599839385521476,-0.7859428714519362,1,0,1,0,1,0,0,1,0,0,1,0,1,0,1,0,0,1,0,0,1,0,0,1,0,0,1,0,0,1,0,0,1,0,0,0,1,0,0,1,0
-0.4417729543927777,-0.9152721326034656,0.3059534532078051,-0.6539842003571821,0,1,1,0,1,0,0,1,0,0,1,0,1,0,1,0,0,1,0,0,1,0,0,1,0,0,1,0,0,1,0,0,1,0,0,0,1,0,0,0,1
-0.4417729543927777,0.38731138223154205,-1.4826388771408565,-0.6350608307874469,0,1,0,1,0,1,0,1,1,0,0,0,0,1,0,1,0,0,1,0,0,1,0,0,1,0,0,1,0,0,1,0,0,1,0,1,0,0,0,0,1
-0.4417729543927777,1.6084834273893618,1.2881859759966803,2.214991811626053,0,1,0,1,1,0,0,1,0,0,1,0,1,0,1,0,0,0,0,1,0,0,1,1,0,0,0,0,1,0,0,1,0,0,1,0,1,1,0,0,0
-0.4417729543927777,-0.14186317067017984,0.8053655973960676,0.1743193463199377,0,1,0,1,0,1,0,1,0,0,1,0,1,0,1,0,0,1,0,0,0,0,1,1,0,0,1,0,0,0,0,1,1,0,0,0,1,0,0,1,0
-0.4417729543927777,1.2421318138420159,0.6543805305484535,1.3507514250583803,0,1,0,1,1,0,0,1,0,0,1,0,1,0,0,0,1,1,0,0,1,0,0,0,0,1,1,0,0,1,0,0,0,0,1,0,1,0,1,0,0
-0.4417729543927777,-1.2816237461508115,-1.4942531130522116,-1.001673675119903,1,0,1,0,1,0,0,1,1,0,0,0,0,1,0,1,0,0,1,0,0,1,0,0,1,0,0,1,0,0,1,0,1,0,0,0,1,0,0,0,1
-0.4417729543927777,-0.26398037518596185,0.8352307754538373,0.004931040519385052,1,0,0,1,1,0,0,1,0,0,1,1,0,0,0,0,1,0,0,1,0,0,1,0,0,1,0,0,1,0,0,1,0,1,0,0,1,0,1,0,0
-0.4417729543927777,1.3235432835192038,0.8269348926600123,1.5557253249106042,1,0,1,0,1,0,0,1,0,0,1,0,1,0,0,0,1,0,0,1,1,0,0,0,0,1,1,0,0,1,0,0,0,1,0,0,1,0,0,1,0
-0.4417729543927777,1.5677776925507678,0.04214438036417129,1.0498874111915355,0,1,0,1,0,1,0,1,0,0,1,1,0,0,0,0,1,1,0,0,1,0,0,1,0,0,0,0,1,1,0,0,0,1,0,0,1,0,0,1,0
-0.4417729543927777,1.160720344164828,1.1985904418233706,1.6113099789135852,1,0,0,1,1,0,0,1,0,0,1,0,1,0,1,0,0,0,0,1,1,0,0,1,0,0,0,0,1,0,0,1,0,0,1,0,1,1,0,0,0
-0.4417729543927777,0.7943687306174819,0.506713816818369,0.8764817311087767,1,0,1,0,1,0,0,1,0,0,1,0,1,0,1,0,0,0,0,1,1,0,0,1,0,0,1,0,0,1,0,0,0,1,0,0,1,0,0,0,1
-0.4417729543927777,-1.2409180113122176,-0.6746198930223054,-0.9677784516678485,1,0,0,1,1,0,1,0,0,1,0,1,0,0,1,0,0,1,0,0,1,0,0,1,0,0,0,0,1,0,0,1,1,0,0,1,0,0,0,1,0
2.2636062032690805,-0.14186317067017984,1.0276952562705768,0.19488918075942938,0,1,0,1,1,0,0,1,0,0,1,0,1,0,1,0,0,0,0,1,0,0,1,1,0,0,1,0,0,0,0,1,1,0,0,0,1,0,0,1,0
-0.4417729543927777,-0.6303319887333078,-1.4876164068171516,-0.8876944004028904,0,1,1,0,1,0,0,1,1,0,0,0,0,1,0,1,0,0,1,0,0,1,0,0,1,0,0,1,0,0,1,0,0,1,0,0,1,0,0,0,1
-0.4417729543927777,1.038603139649046,-1.5058673489635666,-0.536382702926705,1,0,0,1,0,1,0,1,1,0,0,0,0,1,0,1,0,0,1,0,0,1,0,0,1,0,0,1,0,0,1,0,0,0,1,1,0,0,1,0,0
-0.4417729543927777,-1.1595065416350296,0.5946501744329133,-0.8700882027289605,1,0,1,0,1,0,0,1,1,0,0,0,1,0,1,0,0,1,0,0,0,0,1,1,0,0,1,0,0,0,0,1,1,0,0,0,1,0,1,0,0
-0.4417729543927777,-0.3860975797017438,1.138860085707831,-0.05045603769922497,0,1,0,1,1,0,0,1,0,0,1,0,1,0,0,0,1,0,0,1,0,0,1,1,0,0,0,0,1,1,0,0,1,0,0,0,1,0,0,1,0
-0.4417729543927777,-0.06045170099299184,0.49509958090701384,0.04514868907130475,1,0,1,0,1,0,0,1,0,0,1,0,1,0,1,0,0,1,0,0,1,0,0,0,0,1,1,0,0,1,0,0,1,0,0,0,1,0,1,0,0
-0.4417729543927777,1.160720344164828,1.2948226822317404,1.8096541135569228,1,0,1,0,1,0,0,1,0,0,1,0,1,0,1,0,0,0,0,1,0,0,1,1,0,0,0,0,1,0,0,1,0,1,0,0,1,0,0,1,0
2.2636062032690805,-1.0780950719578417,0.49012205123071917,-0.7919360035778501,0,1,1,0,1,0,0,1,1,0,0,0,1,0,1,0,0,1,0,0,1,0,0,1,0,0,0,0,1,1,0,0,1,0,0,0,1,0,0,1,0
-0.4417729543927777,1.160720344164828,0.7141108866639931,1.2618423220915271,1,0,1,0,1,0,0,1,0,0,1,1,0,0,0,0,1,1,0,0,0,0,1,0,0,1,0,0,1,0,0,1,0,0,1,1,0,0,1,0,0
-0.4417729543927777,1.038603139649046,1.3313245665245699,1.626062304146604,0,1,0,1,0,1,0,1,0,0,1,0,1,0,1,0,0,1,0,0,0,0,1,0,0,1,0,0,1,0,0,1,0,1,0,0,1,1,0,0,0
-0.4417729543927777,-0.9152721326034656,-1.4975714661697417,-0.923367805914282,1,0,1,0,1,0,0,1,1,0,0,0,0,1,0,1,0,0,1,0,0,1,0,0,1,0,0,1,0,0,1,0,0,1,0,0,1,0,0,0,1
2.2636062032690805,0.9164859351332639,0.8468450113651924,1.2045453446239998,1,0,0,1,1,0,0,1,0,0,1,0,1,0,1,0,0,0,0,1,0,0,1,0,0,1,1,0,0,1,0,0,1,0,0,1,0,0,0,1,0
-0.4417729543927777,1.6084834273893618,1.714594351599283,2.650207358865032,0,1,0,1,0,1,0,1,0,0,1,0,1,0,0,0,1,0,0,1,0,0,1,0,0,1,0,0,1,0,0,1,0,0,1,0,1,1,0,0,0
-0.4417729543927777,1.6084834273893618,1.3495755086709849,2.3183019939870433,0,1,0,1,1,0,0,1,0,0,1,0,1,0,0,0,1,0,0,1,0,0,1,0,0,1,1,0,0,0,0,1,0,0,1,1,0,1,0,0,0
-0.4417729543927777,0.3058999125543541,1.0675154936809361,0.6171525376896565,0,1,0,1,1,0,0,1,0,0,1,0,1,0,1,0,0,1,0,0,1,0,0,1,0,0,0,0,1,0,0,1,1,0,0,0,1,1,0,0,0
-0.4417729543927777,-1.0780950719578417,-0.6397771852882407,-0.8683978321293437,1,0,0,1,1,0,0,1,1,0,0,1,0,0,1,0,0,1,0,0,1,0,0,1,0,0,1,0,0,1,0,0,1,0,0,1,0,0,0,0,1
-0.4417729543927777,1.5270719577121739,1.3794406867287548,2.2372959223950213,1,0,0,1,0,1,0,1,0,0,1,0,1,0,1,0,0,0,0,1,0,0,1,1,0,0,0,0,1,0,0,1,0,1,0,0,1,0,0,1,0
-0.4417729543927777,-0.10115743583158582,0.8402083051301324,0.1993456123402371,0,1,1,0,1,0,0,1,1,0,0,0,1,0,1,0,0,1,0,0,1,0,0,1,0,0,0,0,1,0,0,1,1,0,0,0,1,0,0,1,0
-0.4417729543927777,-1.2816237461508115,0.8501633644827222,-0.9706542769736898,1,0,1,0,1,0,0,1,1,0,0,0,1,0,1,0,0,1,0,0,1,0,0,1,0,0,0,0,1,0,0,1,1,0,0,1,0,0,0,1,0
-0.4417729543927777,1.404954753196392,1.7013209391291635,2.393292980588221,0,1,1,0,1,0,0,1,0,0,1,0,1,0,0,0,1,0,0,1,0,0,1,0,0,1,0,0,1,0,0,1,0,0,1,1,0,0,1,0,0
-0.4417729543927777,0.061665503522790134,-1.5042081724048015,-0.7123788210712141,0,1,0,1,0,1,0,1,1,0,0,0,0,1,0,1,0,0,1,0,0,1,0,0,1,0,0,1,0,0,1,0,0,1,0,1,0,0,1,0,0
2.2636062032690805,-1.2409180113122176,0.9596690173612117,-0.9353979758959698,1,0,1,0,1,0,0,1,0,0,1,0,1,0,1,0,0,1,0,0,1,0,0,1,0,0,0,0,1,0,0,1,1,0,0,0,1,0,0,1,0
2.2636062032690805,-1.0373893371192477,0.1715601519478404,-0.8051296754008325,0,1,0,1,1,0,0,1,1,0,0,0,1,0,1,0,0,1,0,0,1,0,0,1,0,0,1,0,0,1,0,0,1,0,0,0,1,0,0,0,1
2.2636062032690805,-0.9966836022806537,0.15828673947772076,-0.7641656294412897,0,1,1,0,1,0,0,1,1,0,0,0,1,0,1,0,0,1,0,0,1,0,0,1,0,0,1,0,0,1,0,0,1,0,0,0,1,0,0,1,0
-0.4417729543927777,0.10237123836138413,0.8269348926600123,0.3775370169777548,0,1,0,1,1,0,0,1,0,0,1,0,1,0,1,0,0,1,0,0,1,0,0,0,0,1,1,0,0,0,0,1,1,0,0,0,1,1,0,0,0
-0.4417729543927777,-0.9559778674420596,0.7672045365444726,-0.6585943019925005,0,1,0,1,1,0,0,1,0,0,1,0,1,0,0,0,1,1,0,0,1,0,0,1,0,0,1,0,0,0,0,1,1,0,0,0,1,0,0,1,0
-0.4417729543927777,-1.0780950719578417,-1.4842980536996215,-0.9672296300445963,0,1,1,0,0,1,0,1,1,0,0,0,0,1,0,1,0,0,1,0,0,1,0,0,1,0,0,1,0,0,1,0,1,0,0,0,1,0,0,0,1
-0.4417729543927777,-1.1188008067964357,-0.521975649615926,-0.9151793872953595,0,1,1,0,1,0,0,1,1,0,0,1,0,0,1,0,0,1,0,0,1,0,0,0,0,1,1,0,0,1,0,0,1,0,0,0,1,0,0,1,0
-0.4417729543927777,-1.2002122764736236,0.3258635719129848,-0.9096472653329776,1,0,0,1,1,0,0,1,0,0,1,0,1,0,1,0,0,1,0,0,1,0,0,1,0,0,1,0,0,1,0,0,1,0,0,0,1,0,1,0,0
-0.4417729543927777,0.10237123836138413,-1.5191407614336865,-0.7302923588541652,0,1,1,0,1,0,0,1,1,0,0,0,0,1,0,1,0,0,1,0,0,1,0,0,1,0,0,1,0,0,1,0,0,1,0,0,1,0,0,0,1
-0.4417729543927777,-0.7117434584104957,-0.4589269403828564,-0.6981753174614476,1,0,0,1,1,0,0,1,0,0,1,1,0,0,1,0,0,1,0,0,1,0,0,1,0,0,1,0,0,1,0,0,1,0,0,0,1,0,0,1,0
2.2636062032690805,-0.6303319887333078,0.3822755749109947,-0.46887764326668685,0,1,0,1,1,0,0,1,1,0,0,0,1,0,1,0,0,0,0,1,1,0,0,1,0,0,1,0,0,1,0,0,1,0,0,0,1,0,0,1,0
-0.4417729543927777,0.020959768684196148,-1.3532231055571873,-0.6590333592911022,1,0,0,1,0,1,0,1,0,0,1,0,0,1,0,1,0,0,1,0,0,1,0,0,1,0,0,1,0,0,1,0,0,1,0,1,0,0,1,0,0
-0.4417729543927777,-1.2002122764736236,-0.47551870597050633,-0.9422033640242969,1,0,1,0,1,0,1,0,0,1,0,1,0,0,1,0,0,0,0,1,1,0,0,1,0,0,0,0,1,0,0,1,1,0,0,0,1,0,0,1,0
-0.4417729543927777,1.445660488034986,0.19976615344684556,1.0713573130931604,0,1,0,1,1,0,0,1,1,0,0,1,0,0,0,0,1,0,0,1,0,0,1,1,0,0,1,0,0,0,0,1,0,0,1,1,0,1,0,0,0
-0.4417729543927777,1.120014609326234,1.6697965845126286,1.956935884372878,1,0,0,1,0,1,0,1,0,0,1,0,1,0,0,0,1,0,0,1,0,0,1,0,0,1,0,0,1,0,0,1,0,0,1,1,0,0,1,0,0
-0.4417729543927777,-0.3860975797017438,0.5614666432576135,-0.21534400618910995,1,0,0,1,0,1,0,1,0,0,1,0,1,0,0,0,1,1,0,0,1,0,0,1,0,0,1,0,0,1,0,0,0,1,0,1,0,0,1,0,0
-0.4417729543927777,0.10237123836138413,-1.3482455758808922,-0.649681438830885,1,0,0,1,0,1,0,1,0,0,1,0,0,1,0,1,0,0,1,0,0,1,0,0,1,0,0,1,0,0,1,0,0,0,1,1,0,1,0,0,0
-0.4417729543927777,1.2421318138420159,-1.4909347599346816,-0.47948087702791903,1,0,0,1,0,1,0,1,1,0,0,0,0,1,0,1,0,0,1,0,0,1,0,0,1,0,0,1,0,0,1,0,0,0,1,1,0,0,1,0,0
-0.4417729543927777,-1.2409180113122176,-0.6795974226986004,-0.9741008767677136,1,0,1,0,1,0,0,1,1,0,0,1,0,0,1,0,0,1,0,0,1,0,0,1,0,0,1,0,0,1,0,0,1,0,0,1,0,0,0,1,0
-0.4417729543927777,-1.2002122764736236,0.8269348926600123,-0.9013490823894046,0,1,0,1,0,1,0,1,1,0,0,0,1,0,0,0,1,0,0,1,1,0,0,1,0,0,0,0,1,1,0,0,1,0,0,1,0,0,0,1,0
2.2636062032690805,1.120014609326234,1.3595305680235752,1.800104617312335,1,0,0,1,1,0,0,1,0,0,1,0,1,0,1,0,0,0,0,1,0,0,1,1,0,0,0,0,1,0,0,1,1,0,0,0,1,0,0,1,0
2.2636062032690805,-1.2816237461508115,-0.8388783723400397,-0.9930022934725186,0,1,1,0,1,0,1,0,0,1,0,1,0,0,1,0,0,1,0,0,0,0,1,1,0,0,1,0,0,0,0,1,1,0,0,0,1,0,0,1,0
2.2636062032690805,0.9164859351332639,1.6150437580733836,1.7524449475491157,0,1,0,1,1,0,0,1,0,0,1,0,1,0,1,0,0,0,0,1,0,0,1,0,0,1,0,0,1,0,0,1,0,0,1,0,1,0,0,1,0
2.2636062032690805,-1.2002122764736236,1.329665389965805,-0.8811304937887943,0,1,1,0,1,0,0,1,0,0,1,0,1,0,1,0,0,0,0,1,0,0,1,1,0,0,0,0,1,0,0,1,1,0,0,0,1,0,0,1,0
-0.4417729543927777,-1.2816237461508115,0.36402463276457986,-0.9770864663982054,0,1,1,0,1,0,0,1,1,0,0,0,1,0,1,0,0,1,0,0,1,0,0,0,0,1,1,0,0,1,0,0,1,0,0,0,1,0,0,1,0
-0.4417729543927777,-0.7524491932490897,-0.6165487134655306,-0.7172523570856933,0,1,0,1,1,0,1,0,0,1,0,1,0,0,1,0,0,1,0,0,1,0,0,1,0,0,0,0,1,0,0,1,1,0,0,1,0,0,0,1,0
-0.4417729543927777,-0.019745966154397845,1.148815145060421,0.39661405660200066,0,1,0,1,0,1,0,1,0,0,1,0,1,0,0,0,1,1,0,0,1,0,0,1,0,0,0,0,1,0,0,1,1,0,0,0,1,0,1,0,0
-0.4417729543927777,0.10237123836138413,-1.4660471115532068,-0.6855524201266474,0,1,1,0,1,0,0,1,1,0,0,0,0,1,0,1,0,0,1,0,0,1,0,0,1,0,0,1,0,0,1,0,1,0,0,1,0,1,0,0,0
-0.4417729543927777,1.038603139649046,-0.31291940321153716,0.38003964357978487,1,0,0,1,0,1,1,0,0,1,0,1,0,0,1,0,0,1,0,0,0,0,1,0,0,1,0,0,1,0,0,1,0,0,1,0,1,0,1,0,0
-0.4417729543927777,0.10237123836138413,-0.6165487134655306,-0.2806757322210494,1,0,0,1,0,1,1,0,0,1,0,1,0,0,0,0,1,1,0,0,1,0,0,0,0,1,0,0,1,1,0,0,0,0,1,0,1,0,1,0,0
-0.4417729543927777,1.07930887448764,0.5415565245524339,1.0265734686357826,1,0,0,1,1,0,0,1,1,0,0,0,1,0,0,0,1,1,0,0,0,0,1,1,0,0,1,0,0,1,0,0,0,1,0,0,1,0,1,0,0
-0.4417729543927777,-1.2409180113122176,0.18151521130043075,-0.9424448455385277,1,0,0,1,1,0,0,1,1,0,0,0,1,0,1,0,0,1,0,0,1,0,0,1,0,0,1,0,0,1,0,0,1,0,0,0,1,0,1,0,0
2.2636062032690805,-0.3453918448631498,1.2616391510564404,0.08578344205689602,0,1,1,0,1,0,0,1,0,0,1,0,1,0,1,0,0,0,0,1,0,0,1,1,0,0,0,0,1,0,0,1,1,0,0,0,1,0,1,0,0
-0.4417729543927777,0.835074465456076,-1.4959122896109764,-0.5540328063304951,1,0,0,1,0,1,0,1,1,0,0,0,0,1,0,1,0,0,1,0,0,1,0,0,1,0,0,1,0,0,1,0,0,1,0,0,1,1,0,0,0
-0.4417729543927777,-0.5896262538947138,-1.4859572302583866,-0.8388053702035863,1,0,1,0,0,1,0,1,1,0,0,0,0,1,0,1,0,0,1,0,0,1,0,0,1,0,0,1,0,0,1,0,0,1,0,1,0,1,0,0,0
-0.4417729543927777,-1.2816237461508115,-0.5269531792922212,-0.9888751548656621,0,1,1,0,1,0,0,1,1,0,0,1,0,0,1,0,0,1,0,0,1,0,0,0,0,1,1,0,0,1,0,0,1,0,0,1,0,0,0,0,1
-0.4417729543927777,1.5270719577121739,0.44532428414406405,1.3806731799580891,0,1,0,1,0,1,0,1,0,0,1,1,0,0,0,0,1,0,0,1,0,0,1,0,0,1,1,0,0,0,0,1,0,1,0,1,0,1,0,0,0
2.2636062032690805,0.712957260940294,1.3280062134070403,1.2824999679907394,1,0,1,0,1,0,0,1,0,0,1,0,1,0,1,0,0,1,0,0,0,0,1,0,0,1,0,0,1,0,0,1,1,0,0,0,1,0,0,1,0
-0.4417729543927777,1.2828375486806098,0.37066133899963943,1.1053183951400056,0,1,0,1,1,0,0,1,0,0,1,1,0,0,1,0,0,0,0,1,0,0,1,0,0,1,0,0,1,1,0,0,0,0,1,0,1,1,0,0,0
-0.4417729543927777,1.6084834273893618,-0.757578720960555,0.2900768030962875,0,1,0,1,1,0,1,0,0,1,0,1,0,0,0,0,1,0,0,1,0,0,1,1,0,0,1,0,0,1,0,0,0,0,1,1,0,1,0,0,0
2.2636062032690805,1.6084834273893618,0.6593580602247482,1.6861253425953222,0,1,0,1,1,0,0,1,1,0,0,0,1,0,0,0,1,0,0,1,1,0,0,0,0,1,1,0,0,1,0,0,0,0,1,0,1,0,1,0,0
2.2636062032690805,-0.7117434584104957,0.6859048851649879,-0.41963736722850137,0,1,0,1,1,0,0,1,0,0,1,0,1,0,1,0,0,1,0,0,1,0,0,1,0,0,1,0,0,0,0,1,1,0,0,0,1,1,0,0,0
2.2636062032690805,1.3235432835192038,1.33796127275963,1.9692075358687966,1,0,0,1,1,0,0,1,0,0,1,0,1,0,0,0,1,1,0,0,0,0,1,1,0,0,0,0,1,0,0,1,1,0,0,1,0,1,0,0,0
-0.4417729543927777,-0.18256890550877383,0.38559392802852444,-0.10358197083003598,0,1,0,1,1,0,0,1,1,0,0,0,1,0,1,0,0,1,0,0,1,0,0,0,0,1,1,0,0,1,0,0,1,0,0,1,0,1,0,0,0
-0.4417729543927777,-1.2002122764736236,0.6892232382825182,-0.89768295394608,0,1,1,0,1,0,0,1,1,0,0,0,1,0,1,0,0,1,0,0,0,0,1,1,0,0,1,0,0,0,0,1,1,0,0,1,0,0,1,0,0
2.2636062032690805,0.42801711707013607,1.4341935131679997,1.009559998314965,1,0,1,0,1,0,0,1,1,0,0,0,1,0,0,0,1,0,0,1,1,0,0,0,0,1,0,0,1,0,0,1,1,0,0,0,1,0,1,0,0
-0.4417729543927777,-0.2232746403473678,0.22133544871079017,-0.15113187626860491,0,1,0,1,0,1,0,1,0,0,1,1,0,0,1,0,0,1,0,0,1,0,0,0,0,1,0,0,1,0,0,1,1,0,0,1,0,1,0,0,0
2.2636062032690805,1.6084834273893618,1.3014593884668004,2.365917758020402,0,1,0,1,1,0,0,1,0,0,1,0,1,0,1,0,0,0,0,1,0,0,1,1,0,0,0,0,1,0,0,1,0,0,1,0,1,1,0,0,0
-0.4417729543927777,-1.2816237461508115,-1.1624178012992132,-0.9972831021338856,1,0,1,0,1,0,1,0,0,1,0,1,0,0,0,0,1,1,0,0,1,0,0,1,0,0,1,0,0,1,0,0,1,0,0,1,0,0,0,0,1
-0.4417729543927777,0.7943687306174819,-0.18184445506910263,0.3259477843920499,1,0,1,0,1,0,0,1,1,0,0,1,0,0,1,0,0,1,0,0,0,0,1,1,0,0,1,0,0,0,0,1,1,0,0,0,1,0,0,1,0
-0.4417729543927777,-1.2409180113122176,0.6875640617237533,-0.9307220156658612,0,1,1,0,1,0,0,1,0,0,1,0,1,0,1,0,0,1,0,0,1,0,0,1,0,0,0,0,1,1,0,0,1,0,0,0,1,0,0,1,0
-0.4417729543927777,-1.2002122764736236,-1.3216987509406524,-0.9753741429336585,0,1,1,0,1,0,1,0,0,1,0,1,0,0,1,0,0,1,0,0,1,0,0,1,0,0,1,0,0,1,0,0,1,0,0,1,0,0,0,1,0
2.2636062032690805,-0.14186317067017984,0.6427662946370982,0.024776430416183794,0,1,0,1,1,0,0,1,0,0,1,0,1,0,1,0,0,1,0,0,1,0,0,1,0,0,1,0,0,0,0,1,1,0,0,0,1,0,0,1,0
-0.4417729543927777,1.3235432835192038,-1.2918335728828825,-0.283836944770982,1,0,0,1,0,1,0,1,0,0,1,0,0,1,0,1,0,0,1,0,0,1,0,0,1,0,0,1,0,0,1,0,0,0,1,1,0,0,1,0,0
-0.4417729543927777,0.9164859351332639,0.037166850687876125,0.5096493581270196,1,0,0,1,1,0,0,1,0,0,1,1,0,0,0,0,1,0,0,1,1,0,0,0,0,1,1,0,0,1,0,0,0,1,0,0,1,0,1,0,0
-0.4417729543927777,1.6084834273893618,-0.015926799192603435,1.0619395340381532,0,1,0,1,0,1,0,1,0,0,1,1,0,0,0,0,1,0,0,1,0,0,1,1,0,0,1,0,0,1,0,0,0,0,1,1,0,0,1,0,0
-0.4417729543927777,1.2421318138420159,-1.4710246412295016,-0.440207201667993,1,0,1,0,1,0,0,1,1,0,0,0,0,1,0,1,0,0,1,0,0,1,0,0,1,0,0,1,0,0,1,0,0,0,1,0,1,0,0,0,1
-0.4417729543927777,-1.1188008067964357,-0.3062826969764771,-0.8965194521047853,0,1,0,1,0,1,0,1,0,0,1,1,0,0,1,0,0,1,0,0,1,0,0,0,0,1,1,0,0,1,0,0,1,0,0,0,1,0,0,0,1
-0.4417729543927777,1.07930887448764,-1.5125040551986264,-0.5276235098196003,0,1,1,0,1,0,0,1,1,0,0,0,0,1,0,1,0,0,1,0,0,1,0,0,1,0,0,1,0,0,1,0,0,0,1,1,0,0,0,0,1
-0.4417729543927777,1.48636622287358,-0.6961891882862502,0.28924259422894416,1,0,0,1,0,1,1,0,0,1,0,1,0,0,0,0,1,1,0,0,0,0,1,1,0,0,1,0,0,0,0,1,0,0,1,0,1,0,1,0,0
-0.4417729543927777,-0.2232746403473678,0.14667250356636552,-0.16421578376693688,0,1,1,0,1,0,0,1,1,0,0,1,0,0,0,0,1,1,0,0,0,0,1,0,0,1,0,0,1,1,0,0,0,1,0,1,0,0,1,0,0
-0.4417729543927777,-0.7117434584104957,-0.4705411762942114,-0.7082516824643577,0,1,1,0,1,0,1,0,0,1,0,1,0,0,1,0,0,1,0,0,0,0,1,1,0,0,0,0,1,0,0,1,0,1,0,1,0,0,0,1,0
-0.4417729543927777,-1.2816237461508115,-1.5141632317573916,-1.0019371094990641,0,1,1,0,0,1,0,1,1,0,0,0,0,1,0,1,0,0,1,0,0,1,0,0,1,0,0,1,0,0,1,0,1,0,0,0,1,0,0,0,1
-0.4417729543927777,0.3058999125543541,-0.4871329418818613,-0.12195651877651902,1,0,1,0,1,0,0,1,1,0,0,1,0,0,1,0,0,1,0,0,0,0,1,1,0,0,1,0,0,1,0,0,0,1,0,0,1,0,0,0,1
-0.4417729543927777,-1.2002122764736236,0.34411451405939963,-0.9032370287733921,1,0,1,0,1,0,0,1,1,0,0,1,0,0,1,0,0,0,0,1,1,0,0,0,0,1,0,0,1,0,0,1,1,0,0,0,1,0,0,1,0
-0.4417729543927777,-1.0373893371192477,-0.6978483648450153,-0.8881773634313522,0,1,1,0,1,0,0,1,1,0,0,1,0,0,1,0,0,1,0,0,1,0,0,1,0,0,1,0,0,1,0,0,1,0,0,1,0,0,0,0,1
-0.4417729543927777,-0.18256890550877383,1.0509237280932862,0.1681725441395133,0,1,0,1,1,0,0,1,0,0,1,0,1,0,1,0,0,0,0,1,0,0,1,1,0,0,0,0,1,1,0,0,1,0,0,1,0,0,1,0,0
-0.4417729543927777,0.509428586747324,-0.07897550842567333,0.21739086731276874,1,0,1,0,1,0,0,1,1,0,0,1,0,0,0,0,1,0,0,1,1,0,0,0,0,1,1,0,0,1,0,0,0,1,0,0,1,0,1,0,0
-0.4417729543927777,-1.1188008067964357,-0.8438559020163346,-0.9178795896817602,1,0,1,0,1,0,1,0,0,1,0,1,0,0,1,0,0,1,0,0,0,0,1,1,0,0,1,0,0,0,0,1,1,0,0,1,0,0,0,1,0
-0.4417729543927777,-0.8338606629262777,-0.27475834235994234,-0.7228942433727258,0,1,1,0,1,0,0,1,1,0,0,1,0,0,0,0,1,1,0,0,1,0,0,0,0,1,1,0,0,1,0,0,1,0,0,1,0,0,0,0,1
-0.4417729543927777,-0.46750904937893173,0.9746016063900966,-0.15497362763137018,1,0,0,1,1,0,0,1,0,0,1,0,1,0,1,0,0,1,0,0,1,0,0,1,0,0,0,0,1,0,0,1,1,0,0,0,1,0,0,1,0
-0.4417729543927777,1.5270719577121739,-1.3117436915880625,-0.22798885638884017,0,1,0,1,0,1,0,1,0,0,1,0,0,1,0,1,0,0,1,0,0,1,0,0,1,0,0,1,0,0,1,0,0,0,1,1,0,0,0,0,1
-0.4417729543927777,1.5270719577121739,1.0857664358273513,2.0553066721245985,1,0,0,1,1,0,0,1,0,0,1,0,1,0,1,0,0,1,0,0,0,0,1,1,0,0,0,0,1,0,0,1,0,1,0,0,1,0,0,1,0
-0.4417729543927777,1.2828375486806098,1.138860085707831,1.8651729089651135,0,1,1,0,1,0,0,1,0,0,1,0,1,0,0,0,1,1,0,0,0,0,1,0,0,1,1,0,0,0,0,1,0,0,1,1,0,0,1,0,0
-0.4417729543927777,1.5270719577121739,0.7141108866639931,1.6020678227780183,1,0,0,1,1,0,0,1,1,0,0,1,0,0,0,0,1,0,0,1,0,0,1,0,0,1,0,0,1,0,0,1,0,0,1,1,0,0,1,0,0
-0.4417729543927777,1.6084834273893618,1.6797516438652182,2.6887785425471944,0,1,0,1,1,0,0,1,0,0,1,0,1,0,0,0,1,0,0,1,0,0,1,0,0,1,0,0,1,0,0,1,0,0,1,0,1,0,0,1,0
-0.4417729543927777,-0.6303319887333078,-1.5008898192872715,-0.8609777637829743,1,0,1,0,1,0,0,1,1,0,0,0,0,1,0,1,0,0,1,0,0,1,0,0,1,0,0,1,0,0,1,0,1,0,0,1,0,0,1,0,0
-0.4417729543927777,-1.2816237461508115,-1.4660471115532068,-1.0013004764160915,0,1,1,0,0,1,0,1,1,0,0,0,0,1,0,1,0,0,1,0,0,1,0,0,1,0,0,1,0,0,1,0,1,0,0,1,0,0,0,0,1
-0.4417729543927777,0.1837827080385721,-1.4975714661697417,-0.7131471713437672,0,1,0,1,0,1,0,1,1,0,0,0,0,1,0,1,0,0,1,0,0,1,0,0,1,0,0,1,0,0,1,0,0,1,0,1,0,0,1,0,0
-0.4417729543927777,-0.9966836022806537,-1.4760021709057964,-0.9391519157990147,0,1,1,0,1,0,0,1,1,0,0,0,0,1,0,1,0,0,1,0,0,1,0,0,1,0,0,1,0,0,1,0,1,0,0,0,1,0,1,0,0
-0.4417729543927777,0.2244884428771661,0.8883244253343172,0.5170913793383193,0,1,0,1,1,0,0,1,0,0,1,0,1,0,0,0,1,1,0,0,1,0,0,1,0,0,0,0,1,1,0,0,1,0,0,1,0,1,0,0,0
-0.4417729543927777,-0.3453918448631498,0.8070247739548325,-0.04000647399250359,0,1,0,1,1,0,0,1,1,0,0,0,1,0,0,0,1,1,0,0,1,0,0,0,0,1,1,0,0,0,0,1,1,0,0,0,1,0,0,1,0
-0.4417729543927777,-1.1188008067964357,1.1803394996769558,-0.7847354638807814,1,0,1,0,1,0,0,1,0,0,1,0,1,0,1,0,0,1,0,0,0,0,1,1,0,0,0,0,1,0,0,1,1,0,0,0,1,0,0,1,0
-0.4417729543927777,0.835074465456076,-1.4992306427285065,-0.5483689671785327,0,1,1,0,0,1,0,1,1,0,0,0,0,1,0,1,0,0,1,0,0,1,0,0,1,0,0,1,0,0,1,0,0,0,1,1,0,1,0,0,0
-0.4417729543927777,-0.8338606629262777,-1.1856462731219228,-0.8746983043642788,1,0,0,1,0,1,1,0,0,1,0,1,0,0,1,0,0,0,0,1,1,0,0,1,0,0,1,0,0,1,0,0,1,0,0,1,0,0,0,0,1
-0.4417729543927777,0.061665503522790134,-1.4892755833759166,-0.7122910096114937,0,1,0,1,1,0,0,1,1,0,0,0,0,1,0,1,0,0,1,0,0,1,0,0,1,0,0,1,0,0,1,0,0,0,1,1,0,0,1,0,0
-0.4417729543927777,1.5270719577121739,1.6482272892486833,2.450458240866168,0,1,1,0,0,1,0,1,0,0,1,0,1,0,0,0,1,0,0,1,0,0,1,0,0,1,0,0,1,0,0,1,0,0,1,0,1,0,0,1,0
-0.4417729543927777,-1.2002122764736236,-1.4677062881119716,-0.9851651206924775,0,1,1,0,1,0,0,1,1,0,0,0,0,1,0,1,0,0,1,0,0,1,0,0,1,0,0,1,0,0,1,0,1,0,0,1,0,0,0,0,1
-0.4417729543927777,0.9164859351332639,0.669313119577338,1.034696028659915,1,0,0,1,0,1,0,1,0,0,1,1,0,0,0,0,1,1,0,0,0,0,1,0,0,1,0,0,1,0,0,1,0,0,1,0,1,1,0,0,0
2.2636062032690805,0.6315457912631061,1.7428003530982883,1.3775778260029468,1,0,0,1,1,0,0,1,0,0,1,0,1,0,0,0,1,0,0,1,0,0,1,0,0,1,0,0,1,0,0,1,1,0,0,1,0,0,0,1,0
-0.4417729543927777,1.445660488034986,0.5996277041092085,1.4859810730277174,1,0,0,1,0,1,0,1,0,0,1,0,1,0,1,0,0,1,0,0,1,0,0,1,0,0,0,0,1,1,0,0,0,1,0,0,1,0,0,1,0
-0.4417729543927777,0.9571916699718579,-1.3482455758808922,-0.45645232171625755,1,0,0,1,1,0,0,1,0,0,1,0,0,1,0,1,0,0,1,0,0,1,0,0,1,0,0,1,0,0,1,0,0,1,0,1,0,0,0,1,0
-0.4417729543927777,-1.0373893371192477,0.7157700632227579,-0.754660038926562,1,0,0,1,1,0,0,1,0,0,1,0,1,0,1,0,0,1,0,0,1,0,0,1,0,0,0,0,1,1,0,0,1,0,0,0,1,0,0,1,0
-0.4417729543927777,0.10237123836138413,1.2417290323512602,0.5816547550977056,0,1,1,0,1,0,0,1,1,0,0,0,1,0,1,0,0,0,0,1,0,0,1,1,0,0,0,0,1,0,0,1,0,1,0,0,1,1,0,0,0
2.2636062032690805,-1.2409180113122176,0.7837963021321226,-0.9317098945877151,1,0,1,0,1,0,0,1,0,0,1,0,1,0,1,0,0,1,0,0,0,0,1,1,0,0,1,0,0,0,0,1,1,0,0,0,1,0,0,1,0
-0.4417729543927777,-0.46750904937893173,0.8335715988950724,-0.19249107379688912,1,0,1,0,1,0,0,1,1,0,0,0,1,0,1,0,0,0,0,1,0,0,1,1,0,0,1,0,0,0,0,1,1,0,0,0,1,0,0,1,0
-0.4417729543927777,0.6722515261017,-0.8538109613689245,-0.20335774193728226,0,1,0,1,0,1,1,0,0,1,0,1,0,0,0,0,1,1,0,0,1,0,0,1,0,0,1,0,0,0,0,1,1,0,0,0,1,0,0,1,0
-0.4417729543927777,1.120014609326234,-1.5025489958460365,-0.5003360987115019,0,1,0,1,0,1,0,1,1,0,0,0,0,1,0,1,0,0,1,0,0,1,0,0,1,0,0,1,0,0,1,0,0,0,1,1,0,0,1,0,0
2.2636062032690805,-0.019745966154397845,0.5365789948761387,0.1395899140005398,0,1,1,0,1,0,0,1,0,0,1,0,1,0,1,0,0,1,0,0,0,0,1,1,0,0,1,0,0,1,0,0,1,0,0,0,1,0,1,0,0
-0.4417729543927777,0.87578020029467,1.306436918143095,1.3069993652527163,0,1,0,1,1,0,0,1,0,0,1,0,1,0,1,0,0,0,0,1,0,0,1,1,0,0,0,0,1,0,0,1,1,0,0,0,1,0,0,1,0
-0.4417729543927777,0.5908400564245121,-0.1635935129226878,0.20518507441164038,1,0,0,1,0,1,1,0,0,1,0,1,0,0,0,0,1,0,0,1,0,0,1,1,0,0,0,0,1,0,0,1,0,0,1,0,1,0,1,0,0
-0.4417729543927777,-0.3046861100245558,-0.337807051593012,-0.45441070527775945,1,0,1,0,0,1,0,1,1,0,0,1,0,0,1,0,0,0,0,1,1,0,0,0,0,1,1,0,0,1,0,0,0,1,0,0,1,0,1,0,0
-0.4417729543927777,-1.1595065416350296,-0.6679831867872456,-0.9330490193484505,0,1,1,0,1,0,0,1,1,0,0,1,0,0,1,0,0,1,0,0,1,0,0,1,0,0,1,0,0,1,0,0,1,0,0,0,1,0,1,0,0
-0.4417729543927777,1.6084834273893618,-1.4959122896109764,-0.380758843437317,0,1,1,0,1,0,0,1,1,0,0,0,0,1,0,1,0,0,1,0,0,1,0,0,1,0,0,1,0,0,1,0,0,0,1,1,0,1,0,0,0
-0.4417729543927777,-1.2816237461508115,0.1947886237705504,-0.9793256586210742,1,0,1,0,1,0,0,1,1,0,0,0,1,0,1,0,0,1,0,0,1,0,0,1,0,0,1,0,0,1,0,0,1,0,0,0,1,0,0,0,1
-0.4417729543927777,-0.5896262538947138,0.6427662946370982,-0.33518469584245586,0,1,1,0,1,0,0,1,0,0,1,0,1,0,1,0,0,1,0,0,1,0,0,1,0,0,0,0,1,1,0,0,1,0,0,1,0,1,0,0,0
-0.4417729543927777,-1.2816237461508115,-1.3200395743818873,-0.9993686243022438,1,0,1,0,1,0,1,0,0,1,0,1,0,0,1,0,0,1,0,0,1,0,0,1,0,0,1,0,0,1,0,0,1,0,0,0,1,0,0,0,1
-0.4417729543927777,-1.0373893371192477,-0.2017545737742826,-0.8059419314032457,0,1,0,1,0,1,1,0,0,1,0,1,0,0,0,0,1,0,0,1,0,0,1,1,0,0,0,0,1,0,0,1,1,0,0,1,0,0,0,0,1
-0.4417729543927777,1.120014609326234,-1.4594104053181467,-0.45256666462363215,0,1,0,1,0,1,0,1,1,0,0,0,0,1,0,1,0,0,1,0,0,1,0,0,1,0,0,1,0,0,1,0,0,0,1,0,1,1,0,0,0
-0.4417729543927777,-0.9559778674420596,0.677609002371163,-0.6773420486427949,0,1,1,0,1,0,0,1,0,0,1,0,1,0,1,0,0,1,0,0,1,0,0,1,0,0,0,0,1,1,0,0,1,0,0,0,1,0,0,1,0
2.2636062032690805,-0.14186317067017984,-0.44233517479520645,-0.3772902907783631,0,1,0,1,1,0,0,1,0,0,1,1,0,0,1,0,0,1,0,0,1,0,0,1,0,0,1,0,0,1,0,0,1,0,0,0,1,0,0,1,0
-0.4417729543927777,0.753662995778888,0.8368899520126026,0.9894292211740754,1,0,0,1,0,1,0,1,0,0,1,0,1,0,1,0,0,1,0,0,0,0,1,1,0,0,1,0,0,0,0,1,0,1,0,0,1,0,0,1,0
2.2636062032690805,-1.1595065416350296,-1.3183803978231223,-0.965407542255399,0,1,1,0,1,0,1,0,0,1,0,1,0,0,1,0,0,1,0,0,1,0,0,1,0,0,1,0,0,1,0,0,1,0,0,0,1,1,0,0,0
-0.4417729543927777,0.1837827080385721,-1.4959122896109764,-0.6660802289336601,1,0,1,0,1,0,0,1,1,0,0,0,0,1,0,1,0,0,1,0,0,1,0,0,1,0,0,1,0,0,1,0,0,0,1,1,0,0,0,0,1
-0.4417729543927777,0.712957260940294,-1.4992306427285065,-0.576161294180023,1,0,1,0,1,0,0,1,1,0,0,0,0,1,0,1,0,0,1,0,0,1,0,0,1,0,0,1,0,0,1,0,0,1,0,1,0,1,0,0,0
-0.4417729543927777,0.9571916699718579,-0.956679908012354,-0.14480945116873978,0,1,0,1,0,1,1,0,0,1,0,1,0,0,1,0,0,0,0,1,0,0,1,1,0,0,1,0,0,1,0,0,0,1,0,0,1,0,1,0,0
-0.4417729543927777,-0.8745663977648717,-1.4594104053181467,-0.8930289465809016,0,1,0,1,0,1,0,1,1,0,0,0,0,1,0,1,0,0,1,0,0,1,0,0,1,0,0,1,0,0,1,0,1,0,0,1,0,1,0,0,0
-0.4417729543927777,0.10237123836138413,0.8202981864249527,0.37771263989719556,0,1,0,1,0,1,0,1,0,0,1,0,1,0,1,0,0,0,0,1,1,0,0,1,0,0,0,0,1,1,0,0,1,0,0,0,1,1,0,0,0
-0.4417729543927777,0.712957260940294,1.29150432911421,1.1927347032916125,0,1,0,1,0,1,0,1,0,0,1,0,1,0,1,0,0,0,0,1,0,0,1,1,0,0,0,0,1,0,0,1,1,0,0,0,1,1,0,0,0
-0.4417729543927777,-1.2816237461508115,0.3125901594428647,-0.9777670052110381,0,1,1,0,0,1,0,1,0,0,1,0,1,0,1,0,0,1,0,0,1,0,0,1,0,0,1,0,0,1,0,0,1,0,0,0,1,0,0,1,0
-0.4417729543927777,0.753662995778888,-0.1868219847453978,0.3131931698676694,0,1,0,1,0,1,1,0,0,1,0,1,0,0,0,0,1,0,0,1,0,0,1,1,0,0,0,0,1,0,0,1,0,1,0,1,0,0,0,1,0
-0.4417729543927777,0.5908400564245121,0.30263510009027483,0.5246651177391993,1,0,1,0,1,0,0,1,0,0,1,1,0,0,0,0,1,0,0,1,1,0,0,0,0,1,1,0,0,0,0,1,0,0,1,1,0,0,0,0,1
2.2636062032690805,-0.019745966154397845,-0.34112540471054204,-0.20689215319102638,1,0,1,0,1,0,0,1,1,0,0,1,0,0,1,0,0,0,0,1,1,0,0,0,0,1,1,0,0,1,0,0,1,0,0,1,0,1,0,0,0
-0.4417729543927777,1.404954753196392,-0.17852610195157284,0.7914363323696186,1,0,0,1,0,1,1,0,0,1,0,1,0,0,1,0,0,0,0,1,0,0,1,0,0,1,0,0,1,0,0,1,0,0,1,0,1,0,0,1,0
-0.4417729543927777,0.712957260940294,0.5017362871420739,0.7643464970458911,1,0,0,1,0,1,0,1,0,0,1,1,0,0,0,0,1,0,0,1,0,0,1,0,0,1,1,0,0,0,0,1,0,1,0,0,1,1,0,0,0
-0.4417729543927777,-1.2002122764736236,1.2151822074110206,-0.8794181703242475,0,1,1,0,1,0,0,1,0,0,1,0,1,0,1,0,0,1,0,0,0,0,1,1,0,0,0,0,1,0,0,1,1,0,0,0,1,1,0,0,0
-0.4417729543927777,-1.1595065416350296,0.6344704118432732,-0.8639633534134661,1,0,1,0,0,1,0,1,0,0,1,0,1,0,1,0,0,0,0,1,0,0,1,1,0,0,1,0,0,1,0,0,1,0,0,1,0,1,0,0,0
2.2636062032690805,-0.7524491932490897,1.0243769031530465,-0.41930807425455,1,0,0,1,0,1,0,1,0,0,1,0,1,0,1,0,0,1,0,0,1,0,0,1,0,0,0,0,1,0,0,1,1,0,0,0,1,0,0,1,0
2.2636062032690805,0.2651941777157601,0.8551408941590174,0.4882014090903244,0,1,1,0,1,0,0,1,0,0,1,0,1,0,1,0,0,0,0,1,1,0,0,1,0,0,1,0,0,0,0,1,1,0,0,1,0,0,0,1,0
-0.4417729543927777,-1.2816237461508115,-0.37762728900337195,-0.9868993970219543,1,0,0,1,1,0,0,1,1,0,0,1,0,0,0,0,1,0,0,1,1,0,0,1,0,0,1,0,0,1,0,0,1,0,0,0,1,0,0,0,1
-0.4417729543927777,-0.3453918448631498,1.1985904418233706,0.03972633143357326,0,1,0,1,1,0,0,1,0,0,1,0,1,0,1,0,0,1,0,0,0,0,1,1,0,0,0,0,1,0,0,1,1,0,0,0,1,0,0,1,0
-0.4417729543927777,-0.3046861100245558,0.6958599445175783,-0.04490196287191287,0,1,0,1,0,1,0,1,1,0,0,0,1,0,1,0,0,1,0,0,1,0,0,0,0,1,0,0,1,1,0,0,1,0,0,1,0,0,0,1,0
-0.4417729543927777,1.2421318138420159,0.5000771105833091,1.2025256810504314,0,1,0,1,1,0,0,1,0,0,1,1,0,0,0,0,1,0,0,1,0,0,1,0,0,1,1,0,0,0,0,1,0,1,0,1,0,0,1,0,0
-0.4417729543927777,-1.1188008067964357,0.5432157011111987,-0.8276313619541719,0,1,0,1,1,0,0,1,0,0,1,0,1,0,1,0,0,0,0,1,1,0,0,1,0,0,1,0,0,1,0,0,1,0,0,0,1,0,0,1,0
-0.4417729543927777,-0.7117434584104957,-0.5252940027334561,-0.7120495280972627,1,0,1,0,1,0,0,1,0,0,1,1,0,0,1,0,0,1,0,0,1,0,0,1,0,0,1,0,0,1,0,0,1,0,0,0,1,0,0,1,0
-0.4417729543927777,-1.0373893371192477,-0.5037247074695113,-0.86495123233532,0,1,0,1,0,1,0,1,1,0,0,1,0,0,0,0,1,1,0,0,1,0,0,1,0,0,1,0,0,1,0,0,0,1,0,0,1,0,0,1,0
-0.4417729543927777,1.404954753196392,1.3860773929638148,2.0671612191868456,1,0,0,1,0,1,0,1,0,0,1,0,1,0,0,0,1,1,0,0,1,0,0,0,0,1,0,0,1,0,0,1,0,0,1,1,0,0,1,0,0
-0.4417729543927777,-1.2816237461508115,0.14169497389007082,-0.9800281502988372,1,0,1,0,1,0,0,1,1,0,0,0,1,0,1,0,0,1,0,0,1,0,0,1,0,0,1,0,0,1,0,0,1,0,0,0,1,0,0,1,0
-0.4417729543927777,-1.2816237461508115,-1.4743429943470316,-1.001410240740742,1,0,0,1,0,1,0,1,1,0,0,0,0,1,0,1,0,0,1,0,0,1,0,0,1,0,0,1,0,0,1,0,1,0,0,0,1,0,0,0,1
-0.4417729543927777,-0.9152721326034656,-0.27143998924241236,-0.7894553298407502,0,1,1,0,1,0,0,1,1,0,0,1,0,0,1,0,0,1,0,0,1,0,0,1,0,0,1,0,0,0,0,1,1,0,0,0,1,1,0,0,0
-0.4417729543927777,0.3466056473929481,-1.4992306427285065,-0.6155008281347393,0,1,0,1,1,0,0,1,1,0,0,0,0,1,0,1,0,0,1,0,0,1,0,0,1,0,0,1,0,0,1,0,0,0,1,0,1,0,0,1,0
-0.4417729543927777,1.120014609326234,0.3988673404986446,0.984643496619316,0,1,0,1,0,1,0,1,1,0,0,1,0,0,1,0,0,0,0,1,1,0,0,0,0,1,0,0,1,0,0,1,0,0,1,1,0,1,0,0,0
-0.4417729543927777,-0.42680331454033776,0.669313119577338,-0.1877492549719903,0,1,0,1,1,0,0,1,0,0,1,0,1,0,1,0,0,1,0,0,1,0,0,1,0,0,1,0,0,0,0,1,1,0,0,0,1,0,0,1,0
2.2636062032690805,-0.9966836022806537,0.30263510009027483,-0.7469106776062412,1,0,1,0,1,0,0,1,1,0,0,0,1,0,1,0,0,1,0,0,0,0,1,1,0,0,1,0,0,1,0,0,1,0,0,0,1,1,0,0,0
-0.4417729543927777,-0.9152721326034656,0.5017362871420739,-0.6456860174136091,1,0,1,0,1,0,0,1,0,0,1,0,1,0,1,0,0,0,0,1,1,0,0,1,0,0,1,0,0,1,0,0,1,0,0,0,1,1,0,0,0
2.2636062032690805,1.2828375486806098,1.0641971405634063,1.8131226662158766,1,0,0,1,1,0,0,1,1,0,0,0,1,0,0,0,1,0,0,1,0,0,1,1,0,0,1,0,0,0,0,1,0,1,0,1,0,1,0,0,0
2.2636062032690805,-0.8338606629262777,1.2085455011759605,-0.47539764415092284,0,1,0,1,1,0,0,1,0,0,1,0,1,0,1,0,0,0,0,1,1,0,0,1,0,0,0,0,1,0,0,1,1,0,0,0,1,0,0,1,0
-0.4417729543927777,0.5908400564245121,0.675949825812398,0.7929071743199346,1,0,0,1,0,1,0,1,0,0,1,1,0,0,0,0,1,0,0,1,1,0,0,0,0,1,0,0,1,0,0,1,0,0,1,0,1,0,1,0,0
-0.4417729543927777,-0.3453918448631498,0.14999085668389578,-0.3017504825539331,1,0,0,1,1,0,0,1,1,0,0,1,0,0,1,0,0,0,0,1,1,0,0,1,0,0,0,0,1,0,0,1,1,0,0,0,1,1,0,0,0
-0.4417729543927777,-1.2409180113122176,0.22299462526955555,-0.950808887076891,1,0,0,1,0,1,0,1,1,0,0,0,1,0,1,0,0,1,0,0,1,0,0,1,0,0,1,0,0,1,0,0,1,0,0,0,1,0,0,1,0
-0.4417729543927777,-0.2232746403473678,1.0177401969179865,0.12905253883409795,1,0,1,0,1,0,0,1,0,0,1,0,1,0,1,0,0,1,0,0,1,0,0,1,0,0,0,0,1,0,0,1,1,0,0,0,1,1,0,0,0
-0.4417729543927777,-0.42680331454033776,-0.7028258945213103,-0.613678740345542,0,1,1,0,1,0,1,0,0,1,0,1,0,0,1,0,0,0,0,1,0,0,1,1,0,0,1,0,0,0,0,1,0,1,0,0,1,1,0,0,0
-0.4417729543927777,1.6084834273893618,1.5171523411062493,2.530871585105077,1,0,0,1,1,0,0,1,0,0,1,0,1,0,0,0,1,0,0,1,0,0,1,1,0,0,0,0,1,0,0,1,0,0,1,0,1,0,1,0,0
-0.4417729543927777,-1.2409180113122176,-0.024222681986428397,-0.9473403344179372,0,1,0,1,1,0,0,1,1,0,0,1,0,0,1,0,0,0,0,1,1,0,0,0,0,1,1,0,0,0,0,1,1,0,0,0,1,0,0,0,1
-0.4417729543927777,-0.26398037518596185,0.6311520587257435,-0.020687952854026862,0,1,1,0,1,0,0,1,0,0,1,0,1,0,1,0,0,1,0,0,1,0,0,1,0,0,1,0,0,0,0,1,1,0,0,0,1,0,0,1,0
-0.4417729543927777,-1.2409180113122176,0.8568000707177823,-0.933685652431423,0,1,1,0,1,0,0,1,0,0,1,0,1,0,0,0,1,1,0,0,1,0,0,1,0,0,1,0,0,0,0,1,1,0,0,1,0,0,0,0,1
2.2636062032690805,-1.2816237461508115,-1.5091857020810964,-1.001871250904274,1,0,1,0,1,0,0,1,1,0,0,0,0,1,0,1,0,0,1,0,0,1,0,0,1,0,0,1,0,0,1,0,1,0,0,0,1,0,0,1,0
-0.4417729543927777,-0.2232746403473678,-0.18184445506910263,-0.3028042200705772,0,1,1,0,1,0,0,1,0,0,1,1,0,0,1,0,0,1,0,0,0,0,1,0,0,1,1,0,0,1,0,0,1,0,0,1,0,0,0,1,0
2.2636062032690805,-1.2816237461508115,0.9646465470375069,-0.9691395292935139,0,1,1,0,1,0,0,1,0,0,1,0,1,0,1,0,0,1,0,0,1,0,0,1,0,0,0,0,1,0,0,1,1,0,0,0,1,0,0,1,0
-0.4417729543927777,0.7943687306174819,-1.4577512287593817,-0.5242866743502269,0,1,1,0,1,0,0,1,1,0,0,0,0,1,0,1,0,0,1,0,0,1,0,0,1,0,0,1,0,0,1,0,0,0,1,1,0,1,0,0,0
-0.4417729543927777,-0.6710377235719017,0.9862158423014519,-0.3688823435101397,1,0,0,1,1,0,0,1,1,0,0,0,1,0,1,0,0,0,0,1,1,0,0,1,0,0,0,0,1,0,0,1,1,0,0,0,1,1,0,0,0
-0.4417729543927777,-1.0780950719578417,-1.5025489958460365,-0.959107070020464,1,0,1,0,1,0,0,1,1,0,0,0,0,1,0,1,0,0,1,0,0,1,0,0,1,0,0,1,0,0,1,0,0,0,1,1,0,0,1,0,0
2.2636062032690805,-0.2232746403473678,0.5481932307874938,-0.07870937486424716,0,1,1,0,1,0,0,1,0,0,1,0,1,0,1,0,0,0,0,1,1,0,0,1,0,0,1,0,0,1,0,0,1,0,0,0,1,0,0,1,0
-0.4417729543927777,-0.3860975797017438,-1.4892755833759166,-0.828158230712494,1,0,0,1,0,1,0,1,1,0,0,0,0,1,0,1,0,0,1,0,0,1,0,0,1,0,0,1,0,0,1,0,0,1,0,1,0,0,0,0,1
-0.4417729543927777,-1.2816237461508115,-1.5058673489635666,-1.0018273451744135,0,1,1,0,0,1,0,1,1,0,0,0,0,1,0,1,0,0,1,0,0,1,0,0,1,0,0,1,0,0,1,0,1,0,0,1,0,0,0,0,1
-0.4417729543927777,-0.019745966154397845,-1.4743429943470316,-0.7044757896963827,0,1,1,0,0,1,0,1,1,0,0,0,0,1,0,1,0,0,1,0,0,1,0,0,1,0,0,1,0,0,1,0,0,0,1,1,0,0,0,0,1
-0.4417729543927777,1.5677776925507678,-1.2934927494416475,-0.21927356901159548,1,0,0,1,1,0,0,1,0,0,1,0,0,1,0,1,0,0,1,0,0,1,0,0,1,0,0,1,0,0,1,0,0,0,1,0,1,0,1,0,0
-0.4417729543927777,-0.6303319887333078,-1.5108448786398616,-0.8532064495977234,1,0,1,0,1,0,0,1,1,0,0,0,0,1,0,1,0,0,1,0,0,1,0,0,1,0,0,1,0,0,1,0,0,0,1,1,0,0,0,0,1
2.2636062032690805,0.5908400564245121,0.6726314726948683,0.7323611728427541,1,0,1,0,1,0,0,1,0,0,1,0,1,0,1,0,0,0,0,1,0,0,1,1,0,0,1,0,0,1,0,0,1,0,0,0,1,1,0,0,0
-0.4417729543927777,-0.10115743583158582,0.8451858348064276,0.22801605393893107,0,1,1,0,1,0,0,1,0,0,1,0,1,0,0,0,1,0,0,1,0,0,1,1,0,0,1,0,0,1,0,0,0,1,0,1,0,1,0,0,0
-0.4417729543927777,-0.9966836022806537,0.3341594547068098,-0.7325095982121039,0,1,0,1,1,0,0,1,1,0,0,0,1,0,0,0,1,1,0,0,1,0,0,1,0,0,1,0,0,1,0,0,1,0,0,1,0,0,0,1,0
-0.4417729543927777,0.020959768684196148,-1.4975714661697417,-0.7288215169038493,1,0,0,1,0,1,0,1,1,0,0,0,0,1,0,1,0,0,1,0,0,1,0,0,1,0,0,1,0,0,1,0,0,0,1,1,0,0,1,0,0
-0.4417729543927777,-0.7931549280876837,0.7771595958970625,-0.4735316506318654,1,0,0,1,0,1,0,1,1,0,0,0,1,0,1,0,0,1,0,0,1,0,0,1,0,0,0,0,1,0,0,1,1,0,0,1,0,0,0,1,0
-0.4417729543927777,-1.1188008067964357,0.32254521879545506,-0.8419665827535187,0,1,1,0,1,0,0,1,1,0,0,0,1,0,1,0,0,0,0,1,1,0,0,1,0,0,1,0,0,1,0,0,1,0,0,0,1,0,0,1,0
-0.4417729543927777,-1.2816237461508115,-1.4909347599346816,-1.001629769390043,0,1,1,0,1,0,0,1,1,0,0,0,0,1,0,1,0,0,1,0,0,1,0,0,1,0,0,1,0,0,1,0,1,0,0,1,0,0,0,0,1
-0.4417729543927777,1.6084834273893618,0.008960849188871446,1.0902367769330354,1,0,0,1,0,1,1,0,0,1,0,1,0,0,0,0,1,0,0,1,0,0,1,0,0,1,0,0,1,0,0,1,0,0,1,0,1,0,1,0,0
2.2636062032690805,-0.7117434584104957,-0.32951116879918707,-0.6780006345906975,1,0,1,0,1,0,0,1,0,0,1,1,0,0,1,0,0,1,0,0,1,0,0,0,0,1,1,0,0,1,0,0,1,0,0,1,0,0,1,0,0
-0.4417729543927777,-1.2816237461508115,0.14667250356636552,-0.9799622917040468,0,1,1,0,1,0,0,1,1,0,0,0,1,0,1,0,0,1,0,0,1,0,0,1,0,0,1,0,0,1,0,0,1,0,0,0,1,0,0,1,0
-0.4417729543927777,0.3466056473929481,0.8169798333074224,0.6271630440977763,0,1,1,0,1,0,0,1,1,0,0,0,1,0,1,0,0,0,0,1,1,0,0,0,0,1,0,0,1,1,0,0,0,1,0,0,1,0,0,1,0
2.2636062032690805,1.5677776925507678,1.1521334981779512,2.1425693102216954,1,0,1,0,1,0,0,1,0,0,1,0,1,0,0,0,1,0,0,1,1,0,0,0,0,1,0,0,1,1,0,0,0,1,0,0,1,0,1,0,0
-0.4417729543927777,-1.2409180113122176,-0.6530505977583605,-0.9778328638058285,1,0,1,0,1,0,0,1,1,0,0,1,0,0,1,0,0,1,0,0,1,0,0,1,0,0,1,0,0,1,0,0,1,0,0,0,1,0,0,0,1
-0.4417729543927777,-0.9152721326034656,-0.6430955384057707,-0.8336464469450158,0,1,1,0,1,0,0,1,1,0,0,1,0,0,1,0,0,1,0,0,1,0,0,1,0,0,1,0,0,1,0,0,1,0,0,0,1,0,0,1,0
-0.4417729543927777,0.9571916699718579,0.9364405455385021,1.2963741786265541,0,1,0,1,1,0,0,1,0,0,1,0,1,0,0,0,1,0,0,1,0,0,1,1,0,0,1,0,0,1,0,0,0,1,0,0,1,0,0,1,0
2.2636062032690805,-1.2816237461508115,0.16658262227154572,-0.9796988573248858,1,0,1,0,1,0,0,1,1,0,0,0,1,0,1,0,0,1,0,0,1,0,0,1,0,0,1,0,0,1,0,0,1,0,0,0,1,0,0,1,0
-0.4417729543927777,1.2828375486806098,0.8518225410414871,1.5437829663886369,1,0,0,1,0,1,0,1,0,0,1,1,0,0,0,0,1,0,0,1,0,0,1,0,0,1,0,0,1,0,0,1,0,0,1,0,1,0,0,0,1
2.2636062032690805,1.2421318138420159,1.4458077490793546,2.0594338107314547,0,1,0,1,1,0,0,1,0,0,1,0,1,0,0,0,1,0,0,1,0,0,1,1,0,0,0,0,1,0,0,1,0,0,1,1,0,0,1,0,0
-0.4417729543927777,-1.2816237461508115,-1.5141632317573916,-1.0019371094990641,0,1,1,0,1,0,0,1,1,0,0,0,0,1,0,1,0,0,1,0,0,1,0,0,1,0,0,1,0,0,1,0,1,0,0,1,0,0,1,0,0
2.2636062032690805,-0.6710377235719017,-0.35937634685695685,-0.6200889769051274,1,0,1,0,1,0,0,1,0,0,1,1,0,0,0,0,1,1,0,0,1,0,0,1,0,0,1,0,0,1,0,0,1,0,0,0,1,0,0,1,0
-0.4417729543927777,-0.26398037518596185,0.5647849963751438,-0.10154035439153783,1,0,0,1,0,1,0,1,1,0,0,0,1,0,0,0,1,0,0,1,1,0,0,1,0,0,1,0,0,1,0,0,1,0,0,1,0,0,0,1,0
-0.4417729543927777,1.5677776925507678,0.007301672630106549,1.0451455923666364,0,1,0,1,1,0,0,1,0,0,1,1,0,0,0,0,1,0,0,1,1,0,0,0,0,1,1,0,0,1,0,0,0,0,1,1,0,1,0,0,0
-0.4417729543927777,1.445660488034986,0.7937513614847125,1.6821957797728366,0,1,0,1,0,1,0,1,0,0,1,1,0,0,0,0,1,0,0,1,0,0,1,0,0,1,0,0,1,0,0,1,0,0,1,0,1,0,1,0,0
-0.4417729543927777,-0.5489205190561198,-0.17852610195157284,-0.5078659313825218,0,1,1,0,1,0,0,1,0,0,1,1,0,0,1,0,0,1,0,0,0,0,1,0,0,1,1,0,0,1,0,0,1,0,0,1,0,0,0,1,0
-0.4417729543927777,0.6315457912631061,-1.3399496930870674,-0.48180788071050823,1,0,1,0,1,0,0,1,0,0,1,0,0,1,0,1,0,0,1,0,0,1,0,0,1,0,0,1,0,0,1,0,0,1,0,1,0,1,0,0,0
-0.4417729543927777,1.5677776925507678,0.8501633644827222,1.8013120248834897,0,1,0,1,1,0,0,1,0,0,1,1,0,0,0,0,1,0,0,1,0,0,1,0,0,1,0,0,1,0,0,1,0,0,1,1,0,1,0,0,0
2.2636062032690805,1.6084834273893618,1.6863883501002783,2.6772971941887587,0,1,0,1,0,1,0,1,0,0,1,0,1,0,0,0,1,0,0,1,0,0,1,0,0,1,0,0,1,0,0,1,0,0,1,0,1,0,1,0,0
-0.4417729543927777,-0.6303319887333078,1.38441821640505,-0.27626320637010193,0,1,1,0,1,0,0,1,0,0,1,0,1,0,0,0,1,0,0,1,0,0,1,0,0,1,0,0,1,1,0,0,1,0,0,0,1,1,0,0,0
-0.4417729543927777,0.2651941777157601,-1.3183803978231223,-0.5766442572084849,0,1,0,1,0,1,0,1,0,0,1,0,0,1,0,1,0,0,1,0,0,1,0,0,1,0,0,1,0,0,1,0,0,0,1,1,0,0,0,0,1
-0.4417729543927777,-0.7931549280876837,-1.4842980536996215,-0.8904385085191513,1,0,1,0,1,0,0,1,1,0,0,0,0,1,0,1,0,0,1,0,0,1,0,0,1,0,0,1,0,0,1,0,0,1,0,1,0,0,0,0,1
-0.4417729543927777,0.5908400564245121,1.2666166807327353,1.1362719346914285,0,1,1,0,1,0,0,1,0,0,1,0,1,0,1,0,0,0,0,1,0,0,1,1,0,0,0,0,1,0,0,1,0,1,0,0,1,0,0,1,0
-0.4417729543927777,0.10237123836138413,-1.4428186397304967,-0.7006779440634775,0,1,1,0,1,0,0,1,1,0,0,0,0,1,0,1,0,0,1,0,0,1,0,0,1,0,0,1,0,0,1,0,0,0,1,1,0,1,0,0,0
-0.4417729543927777,-0.9559778674420596,0.9663057235962718,-0.6540500589519723,0,1,1,0,1,0,0,1,1,0,0,0,1,0,1,0,0,1,0,0,0,0,1,1,0,0,0,0,1,0,0,1,1,0,0,0,1,0,0,1,0
-0.4417729543927777,0.87578020029467,1.4292159834917046,1.5188445118280578,0,1,1,0,1,0,0,1,0,0,1,0,1,0,0,0,1,0,0,1,1,0,0,0,0,1,0,0,1,0,0,1,0,0,1,0,1,0,1,0,0
-0.4417729543927777,1.6084834273893618,0.8236165395424825,1.8855671204851643,1,0,0,1,0,1,0,1,0,0,1,1,0,0,0,0,1,0,0,1,0,0,1,0,0,1,0,0,1,0,0,1,0,0,1,1,0,0,1,0,0
-0.4417729543927777,1.5677776925507678,0.6809273554886932,1.6366435850429057,0,1,1,0,0,1,0,1,0,0,1,0,1,0,0,0,1,0,0,1,1,0,0,1,0,0,1,0,0,1,0,0,0,1,0,0,1,0,1,0,0
-0.4417729543927777,0.6722515261017,0.315908512560395,0.6237164443037527,1,0,1,0,1,0,0,1,1,0,0,1,0,0,1,0,0,1,0,0,0,0,1,0,0,1,0,0,1,0,0,1,0,0,1,0,1,1,0,0,0
2.2636062032690805,0.87578020029467,-1.5257774676687463,-0.5576989347738197,1,0,0,1,1,0,0,1,1,0,0,0,0,1,0,1,0,0,1,0,0,1,0,0,1,0,0,1,0,0,1,0,0,0,1,0,1,0,0,0,1
2.2636062032690805,-0.5489205190561198,0.7423168881629978,-0.2915424003614426,0,1,1,0,1,0,0,1,1,0,0,0,1,0,0,0,1,1,0,0,1,0,0,1,0,0,1,0,0,0,0,1,1,0,0,0,1,0,0,1,0
-0.4417729543927777,1.6084834273893618,0.9115528971570273,1.9690758186792163,1,0,0,1,1,0,0,1,0,0,1,1,0,0,0,0,1,0,0,1,0,0,1,0,0,1,0,0,1,0,0,1,0,0,1,0,1,0,0,1,0
-0.4417729543927777,-0.3453918448631498,0.8269348926600123,-0.059829911024372164,0,1,1,0,1,0,0,1,0,0,1,0,1,0,1,0,0,1,0,0,0,0,1,1,0,0,0,0,1,1,0,0,1,0,0,0,1,0,0,0,1
-0.4417729543927777,-1.2002122764736236,-0.7824663693420298,-0.9633220200870407,0,1,1,0,1,0,1,0,0,1,0,1,0,0,0,0,1,1,0,0,0,0,1,0,0,1,1,0,0,1,0,0,1,0,0,1,0,0,0,0,1
-0.4417729543927777,-1.2816237461508115,-1.4809797005820917,-1.0014980522004622,1,0,0,1,1,0,0,1,1,0,0,0,0,1,0,1,0,0,1,0,0,1,0,0,1,0,0,1,0,0,1,0,1,0,0,0,1,1,0,0,0
-0.4417729543927777,-0.8745663977648717,-0.6547097743171254,-0.7943947244500198,0,1,1,0,1,0,0,1,1,0,0,1,0,0,1,0,0,1,0,0,1,0,0,1,0,0,1,0,0,1,0,0,1,0,0,1,0,0,1,0,0
-0.4417729543927777,1.038603139649046,-1.3349721634107723,-0.34348287878602884,1,0,1,0,1,0,0,1,0,0,1,0,0,1,0,1,0,0,1,0,0,1,0,0,1,0,0,1,0,0,1,0,0,0,1,0,1,0,1,0,0
-0.4417729543927777,-1.2409180113122176,-1.4909347599346816,-0.9960537416978008,0,1,1,0,1,0,0,1,1,0,0,0,0,1,0,1,0,0,1,0,0,1,0,0,1,0,0,1,0,0,1,0,1,0,0,1,0,0,0,0,1
-0.4417729543927777,1.6084834273893618,0.020575085100226202,1.1003350948008757,0,1,1,0,1,0,1,0,0,1,0,1,0,0,0,0,1,0,0,1,0,0,1,0,0,1,0,0,1,0,0,1,0,0,1,0,1,1,0,0,0
-0.4417729543927777,1.120014609326234,1.0227177265942815,1.5110512447778768,0,1,0,1,1,0,0,1,0,0,1,0,1,0,1,0,0,0,0,1,0,0,1,1,0,0,0,0,1,1,0,0,1,0,0,0,1,0,0,1,0
2.2636062032690805,1.6084834273893618,0.4503018138203592,1.4492978357295416,1,0,0,1,1,0,0,1,0,0,1,0,1,0,0,0,1,1,0,0,1,0,0,1,0,0,1,0,0,1,0,0,0,0,1,1,0,1,0,0,0
-0.4417729543927777,-1.1595065416350296,0.3557287499707549,-0.8776619411298405,1,0,1,0,1,0,0,1,0,0,1,0,1,0,1,0,0,1,0,0,1,0,0,1,0,0,1,0,0,1,0,0,1,0,0,0,1,0,0,1,0
2.2636062032690805,-1.2816237461508115,0.315908512560395,-0.977723099481178,1,0,1,0,1,0,0,1,0,0,1,0,1,0,1,0,0,1,0,0,1,0,0,1,0,0,1,0,0,1,0,0,1,0,0,0,1,0,0,0,1
-0.4417729543927777,-0.9152721326034656,0.8153206567486575,-0.6314605609389127,0,1,1,0,1,0,0,1,1,0,0,0,1,0,1,0,0,1,0,0,1,0,0,1,0,0,0,0,1,0,0,1,1,0,0,0,1,0,0,1,0
2.2636062032690805,0.1837827080385721,1.2002496183821354,0.6334415634677814,0,1,1,0,1,0,0,1,0,0,1,0,1,0,1,0,0,1,0,0,0,0,1,1,0,0,0,0,1,0,0,1,1,0,0,0,1,0,0,1,0
-0.4417729543927777,-1.1595065416350296,-0.5435449448798712,-0.9221603983431272,0,1,0,1,1,0,1,0,0,1,0,1,0,0,1,0,0,0,0,1,1,0,0,1,0,0,0,0,1,0,0,1,1,0,0,0,1,0,0,1,0
-0.4417729543927777,-1.2409180113122176,0.2760882751500351,-0.9528724563803191,0,1,1,0,1,0,0,1,0,0,1,0,1,0,1,0,0,1,0,0,1,0,0,1,0,0,1,0,0,1,0,0,1,0,0,0,1,0,1,0,0
2.2636062032690805,-1.2816237461508115,-1.4627287584356767,-1.0012565706862315,1,0,0,1,1,0,0,1,1,0,0,0,0,1,0,1,0,0,1,0,0,1,0,0,1,0,0,1,0,0,1,0,1,0,0,0,1,0,0,0,1
-0.4417729543927777,-0.14186317067017984,0.3325002781480449,-0.06685482780200007,1,0,0,1,1,0,0,1,0,0,1,0,1,0,1,0,0,1,0,0,1,0,0,1,0,0,1,0,0,1,0,0,1,0,0,0,1,0,0,1,0
-0.4417729543927777,0.020959768684196148,0.7970697146022427,0.318900914749492,0,1,1,0,1,0,0,1,1,0,0,0,1,0,0,0,1,1,0,0,1,0,0,0,0,1,0,0,1,1,0,0,0,0,1,0,1,0,0,1,0
2.2636062032690805,1.07930887448764,1.147155968501656,1.5756365734021935,1,0,1,0,1,0,0,1,0,0,1,0,1,0,1,0,0,1,0,0,0,0,1,1,0,0,0,0,1,0,0,1,0,1,0,0,1,0,0,1,0
-0.4417729543927777,-1.1188008067964357,0.8037064208373027,-0.8289704867149071,0,1,0,1,1,0,0,1,0,0,1,0,1,0,0,0,1,1,0,0,1,0,0,1,0,0,1,0,0,0,0,1,1,0,0,0,1,0,0,1,0
2.2636062032690805,-0.7524491932490897,0.4652344028492443,-0.5266356308977463,1,0,1,0,1,0,0,1,0,0,1,0,1,0,1,0,0,0,0,1,1,0,0,1,0,0,1,0,0,1,0,0,1,0,0,0,1,0,0,1,0
2.2636062032690805,-0.9966836022806537,0.515009699612194,-0.7542429344928903,0,1,0,1,0,1,0,1,1,0,0,0,1,0,1,0,0,1,0,0,1,0,0,1,0,0,0,0,1,1,0,0,1,0,0,0,1,0,1,0,0
-0.4417729543927777,0.5908400564245121,-1.4726838177882668,-0.5656239190135812,0,1,1,0,0,1,0,1,1,0,0,0,0,1,0,1,0,0,1,0,0,1,0,0,1,0,0,1,0,0,1,0,0,1,0,1,0,0,1,0,0
-0.4417729543927777,-0.6303319887333078,0.7738412427795327,-0.36910187215944057,1,0,0,1,0,1,0,1,0,0,1,0,1,0,1,0,0,1,0,0,0,0,1,1,0,0,0,0,1,1,0,0,1,0,0,1,0,0,0,1,0
-0.4417729543927777,1.6084834273893618,1.2765717400853256,2.226604877174069,0,1,0,1,0,1,0,1,0,0,1,0,1,0,1,0,0,0,0,1,0,0,1,1,0,0,0,0,1,0,0,1,0,0,1,0,1,0,0,1,0
-0.4417729543927777,-1.2409180113122176,-1.3233579274994174,-0.9856700365858695,0,1,1,0,1,0,1,0,0,1,0,1,0,0,1,0,0,1,0,0,1,0,0,1,0,0,1,0,0,1,0,0,1,0,0,0,1,0,0,1,0
-0.4417729543927777,1.120014609326234,1.2467065620275555,1.6931283065080203,0,1,0,1,1,0,0,1,0,0,1,0,1,0,1,0,0,0,0,1,0,0,1,1,0,0,0,0,1,0,0,1,0,1,0,1,0,1,0,0,0
2.2636062032690805,-0.5896262538947138,0.5183280527297238,-0.39061567979092604,0,1,1,0,1,0,0,1,0,0,1,0,1,0,1,0,0,0,0,1,1,0,0,1,0,0,1,0,0,1,0,0,1,0,0,0,1,0,1,0,0
-0.4417729543927777,-0.3046861100245558,0.3109309828840998,-0.15326130416682335,0,1,1,0,1,0,0,1,1,0,0,0,1,0,0,0,1,1,0,0,1,0,0,1,0,0,1,0,0,1,0,0,1,0,0,1,0,1,0,0,0
-0.4417729543927777,1.5677776925507678,0.7638861834269428,1.7843424602925326,1,0,0,1,1,0,0,1,0,0,1,1,0,0,0,0,1,0,0,1,0,0,1,0,0,1,0,0,1,0,0,1,0,0,1,1,0,1,0,0,0
-0.4417729543927777,-1.2816237461508115,-1.4544328756418516,-1.001146806361581,0,1,1,0,1,0,0,1,1,0,0,0,0,1,0,1,0,0,1,0,0,1,0,0,1,0,0,1,0,0,1,0,1,0,0,1,0,0,0,0,1
-0.4417729543927777,1.5677776925507678,-1.5008898192872715,-0.3887716391367988,1,0,0,1,0,1,0,1,1,0,0,0,0,1,0,1,0,0,1,0,0,1,0,0,1,0,0,1,0,0,1,0,0,0,1,1,0,0,1,0,0
2.2636062032690805,1.404954753196392,0.3573879265295198,1.2115922142665578,0,1,1,0,1,0,0,1,0,0,1,0,1,0,1,0,0,1,0,0,1,0,0,1,0,0,1,0,0,1,0,0,1,0,0,0,1,0,0,0,1
2.2636062032690805,1.6084834273893618,1.6863883501002783,2.696857196841467,1,0,0,1,1,0,0,1,0,0,1,0,1,0,0,0,1,0,0,1,0,0,1,0,0,1,0,0,1,0,0,1,0,0,1,0,1,0,1,0,0
-0.4417729543927777,0.3466056473929481,-0.8156499005173297,-0.2737386269031419,1,0,1,0,1,0,1,0,0,1,0,1,0,0,1,0,0,0,0,1,1,0,0,1,0,0,1,0,0,0,0,1,1,0,0,0,1,0,0,1,0
-0.4417729543927777,-0.3453918448631498,0.8501633644827222,-0.008240678438667264,0,1,1,0,1,0,0,1,0,0,1,0,1,0,1,0,0,0,0,1,1,0,0,1,0,0,0,0,1,1,0,0,1,0,0,0,1,0,1,0,0
-0.4417729543927777,0.87578020029467,-0.32951116879918707,0.3474396391586054,0,1,1,0,0,1,0,1,0,0,1,1,0,0,1,0,0,0,0,1,1,0,0,1,0,0,1,0,0,1,0,0,1,0,0,0,1,0,1,0,0
-0.4417729543927777,-0.3860975797017438,-1.0064552047753037,-0.6532597558144893,1,0,0,1,0,1,1,0,0,1,0,1,0,0,0,0,1,1,0,0,1,0,0,0,0,1,1,0,0,1,0,0,0,0,1,1,0,0,0,0,1
-0.4417729543927777,-0.7931549280876837,-0.005971739840013577,-0.6252039944338378,0,1,0,1,0,1,0,1,1,0,0,1,0,0,1,0,0,1,0,0,1,0,0,1,0,0,0,0,1,0,0,1,0,1,0,0,1,0,0,1,0
-0.4417729543927777,1.3235432835192038,1.0144218438004566,1.6914818416382638,1,0,1,0,1,0,0,1,0,0,1,0,1,0,1,0,0,0,0,1,0,0,1,1,0,0,0,0,1,1,0,0,0,1,0,0,1,0,0,1,0
-0.4417729543927777,0.9164859351332639,-1.4743429943470316,-0.4932233704741536,0,1,0,1,0,1,0,1,1,0,0,0,0,1,0,1,0,0,1,0,0,1,0,0,1,0,0,1,0,0,1,0,0,0,1,1,0,0,0,0,1
-0.4417729543927777,0.46872285190873003,-1.5075265255223316,-0.6435785423803208,0,1,1,0,1,0,0,1,1,0,0,0,0,1,0,1,0,0,1,0,0,1,0,0,1,0,0,1,0,0,1,0,0,1,0,1,0,0,1,0,0
-0.4417729543927777,1.445660488034986,-0.349421287504367,0.6244847945763058,1,0,0,1,1,0,1,0,0,1,0,1,0,0,0,0,1,1,0,0,0,0,1,1,0,0,0,0,1,0,0,1,0,1,0,0,1,0,0,1,0
-0.4417729543927777,-0.7117434584104957,-0.533589885527281,-0.7331901370249366,1,0,1,0,1,0,0,1,0,0,1,1,0,0,1,0,0,1,0,0,1,0,0,1,0,0,1,0,0,1,0,0,1,0,0,1,0,0,0,0,1
-0.4417729543927777,-0.7931549280876837,0.6344704118432732,-0.5295114562035877,0,1,0,1,0,1,0,1,1,0,0,0,1,0,0,0,1,1,0,0,1,0,0,1,0,0,1,0,0,0,0,1,1,0,0,1,0,0,0,1,0
-0.4417729543927777,0.020959768684196148,-1.5091857020810964,-0.7468667718763811,0,1,0,1,0,1,0,1,1,0,0,0,0,1,0,1,0,0,1,0,0,1,0,0,1,0,0,1,0,0,1,0,0,1,0,0,1,1,0,0,0
-0.4417729543927777,-1.2816237461508115,-0.49045129499939133,-0.9883921918372003,0,1,1,0,1,0,0,1,1,0,0,1,0,0,1,0,0,0,0,1,1,0,0,1,0,0,1,0,0,1,0,0,1,0,0,0,1,0,0,0,1
-0.4417729543927777,-0.3046861100245558,-0.31126022665277225,-0.39340369363704714,0,1,0,1,1,0,0,1,0,0,1,1,0,0,1,0,0,1,0,0,0,0,1,1,0,0,1,0,0,1,0,0,1,0,0,1,0,0,1,0,0
-0.4417729543927777,-0.8745663977648717,0.9712832532725668,-0.571397522490194,1,0,1,0,1,0,0,1,1,0,0,0,1,0,1,0,0,0,0,1,0,0,1,0,0,1,1,0,0,0,0,1,1,0,0,0,1,0,0,1,0
-0.4417729543927777,-1.1188008067964357,0.4585976966141842,-0.8294754026082991,0,1,0,1,1,0,0,1,0,0,1,0,1,0,1,0,0,0,0,1,1,0,0,1,0,0,1,0,0,1,0,0,1,0,0,0,1,0,0,1,0
-0.4417729543927777,0.7943687306174819,-1.4876164068171516,-0.5367778544954466,1,0,0,1,0,1,0,1,1,0,0,0,0,1,0,1,0,0,1,0,0,1,0,0,1,0,0,1,0,0,1,0,0,0,1,1,0,1,0,0,0
2.2636062032690805,-0.46750904937893173,0.22465380182832043,-0.35312018649033716,1,0,0,1,1,0,0,1,0,0,1,1,0,0,1,0,0,0,0,1,0,0,1,1,0,0,1,0,0,0,0,1,0,1,0,1,0,1,0,0,0
-0.4417729543927777,0.2651941777157601,1.3761223336112252,0.7636659582330585,0,1,1,0,1,0,0,1,0,0,1,0,1,0,0,0,1,0,0,1,1,0,0,1,0,0,0,0,1,0,0,1,1,0,0,0,1,0,0,1,0
-0.4417729543927777,-1.2409180113122176,-1.4942531130522116,-0.9956146843991991,0,1,1,0,1,0,0,1,1,0,0,0,0,1,0,1,0,0,1,0,0,1,0,0,1,0,0,1,0,0,1,0,1,0,0,0,1,0,1,0,0
-0.4417729543927777,0.3466056473929481,0.17653768162413558,0.24882736989265375,1,0,1,0,1,0,0,1,1,0,0,0,1,0,1,0,0,1,0,0,1,0,0,1,0,0,1,0,0,1,0,0,1,0,0,1,0,1,0,0,0
-0.4417729543927777,-1.1188008067964357,-1.3482455758808922,-0.9523455876219972,1,0,0,1,0,1,0,1,0,0,1,0,0,1,0,1,0,0,1,0,0,1,0,0,1,0,0,1,0,0,1,0,1,0,0,0,1,0,0,0,1
-0.4417729543927777,-0.3453918448631498,0.5083729933771339,-0.1931057540149316,0,1,1,0,1,0,0,1,0,0,1,0,1,0,1,0,0,0,0,1,1,0,0,1,0,0,1,0,0,1,0,0,1,0,0,0,1,0,0,1,0
-0.4417729543927777,-1.2816237461508115,-1.4842980536996215,-1.0015419579303226,0,1,1,0,1,0,0,1,1,0,0,0,0,1,0,1,0,0,1,0,0,1,0,0,1,0,0,1,0,0,1,0,1,0,0,1,0,0,0,0,1
-0.4417729543927777,-1.0373893371192477,0.4668935794080092,-0.7808059010582958,1,0,1,0,1,0,0,1,1,0,0,0,1,0,1,0,0,1,0,0,1,0,0,1,0,0,0,0,1,1,0,0,1,0,0,0,1,0,0,1,0
-0.4417729543927777,0.3058999125543541,0.9447364283323271,0.6388639211055128,1,0,1,0,1,0,0,1,0,0,1,0,1,0,1,0,0,0,0,1,0,0,1,1,0,0,0,0,1,1,0,0,1,0,0,0,1,1,0,0,0
-0.4417729543927777,-0.5489205190561198,1.1637477340893059,-0.1811853483578942,0,1,0,1,0,1,0,1,1,0,0,0,1,0,1,0,0,0,0,1,1,0,0,0,0,1,0,0,1,0,0,1,0,1,0,1,0,1,0,0,0
-0.4417729543927777,-0.3860975797017438,-1.4760021709057964,-0.7991804490047788,0,1,1,0,1,0,0,1,1,0,0,0,0,1,0,1,0,0,1,0,0,1,0,0,1,0,0,1,0,0,1,0,0,1,0,1,0,0,0,0,1
-0.4417729543927777,-1.2816237461508115,-0.6513914211995956,-0.9905216197354186,1,0,1,0,1,0,0,1,1,0,0,1,0,0,1,0,0,1,0,0,1,0,0,1,0,0,1,0,0,1,0,0,1,0,0,0,1,0,0,0,1
-0.4417729543927777,-0.7117434584104957,-0.8670843738390446,-0.7456593643052262,1,0,1,0,1,0,1,0,0,1,0,1,0,0,1,0,0,0,0,1,1,0,0,1,0,0,1,0,0,0,0,1,0,0,1,0,1,0,0,0,1
2.2636062032690805,-1.2816237461508115,0.7920921849259476,-0.9714226272462428,0,1,1,0,1,0,0,1,0,0,1,0,1,0,1,0,0,1,0,0,0,0,1,1,0,0,0,0,1,1,0,0,1,0,0,0,1,0,0,1,0
2.2636062032690805,1.2421318138420159,1.4756729271371245,2.076798526891154,0,1,1,0,1,0,0,1,0,0,1,0,1,0,0,0,1,0,0,1,0,0,1,1,0,0,0,0,1,0,0,1,1,0,0,0,1,1,0,0,0
-0.4417729543927777,-1.2816237461508115,0.3125901594428647,-0.9777670052110381,0,1,1,0,1,0,0,1,1,0,0,0,1,0,1,0,0,0,0,1,1,0,0,1,0,0,1,0,0,1,0,0,1,0,0,0,1,0,0,1,0
-0.4417729543927777,-1.1595065416350296,-0.6762790695810705,-0.9134890166957428,0,1,1,0,1,0,0,1,1,0,0,1,0,0,1,0,0,1,0,0,1,0,0,1,0,0,1,0,0,1,0,0,1,0,0,1,0,0,0,0,1
-0.4417729543927777,0.38731138223154205,0.4320508716739444,0.47535898310622343,1,0,0,1,0,1,0,1,1,0,0,0,1,0,1,0,0,1,0,0,1,0,0,1,0,0,0,0,1,1,0,0,1,0,0,0,1,0,1,0,0
-0.4417729543927777,-0.2232746403473678,0.04048520380540639,-0.18741996199803898,1,0,0,1,0,1,0,1,1,0,0,1,0,0,0,0,1,0,0,1,0,0,1,0,0,1,1,0,0,1,0,0,0,1,0,1,0,0,0,0,1
-0.4417729543927777,1.5677776925507678,1.6963434094528682,2.6326670197858917,0,1,0,1,0,1,0,1,0,0,1,0,1,0,0,0,1,0,0,1,0,0,1,0,0,1,0,0,1,0,0,1,0,0,1,0,1,1,0,0,0
2.2636062032690805,-1.0373893371192477,0.9878750188602168,-0.714881447673244,0,1,0,1,1,0,0,1,0,0,1,0,1,0,0,0,1,0,0,1,1,0,0,1,0,0,1,0,0,0,0,1,1,0,0,0,1,0,1,0,0
-0.4417729543927777,-0.5082147842175258,-1.5075265255223316,-0.8290802510395575,1,0,1,0,1,0,0,1,1,0,0,0,0,1,0,1,0,0,1,0,0,1,0,0,1,0,0,1,0,0,1,0,1,0,0,0,1,1,0,0,0
-0.4417729543927777,0.46872285190873003,1.1819986762357206,0.9206289424831817,0,1,1,0,1,0,0,1,1,0,0,0,1,0,1,0,0,0,0,1,1,0,0,0,0,1,0,0,1,0,0,1,1,0,0,1,0,0,0,1,0
-0.4417729543927777,0.7943687306174819,-1.5042081724048015,-0.5659093062576722,1,0,0,1,0,1,0,1,1,0,0,0,0,1,0,1,0,0,1,0,0,1,0,0,1,0,0,1,0,0,1,0,0,1,0,1,0,0,1,0,0
-0.4417729543927777,-1.0373893371192477,0.7074741804289331,-0.752640375352994,1,0,0,1,1,0,0,1,1,0,0,0,1,0,1,0,0,1,0,0,0,0,1,1,0,0,0,0,1,1,0,0,1,0,0,0,1,0,0,1,0
-0.4417729543927777,0.9571916699718579,1.0625379640046415,1.374636142102315,0,1,0,1,0,1,0,1,0,0,1,0,1,0,1,0,0,0,0,1,1,0,0,0,0,1,0,0,1,1,0,0,1,0,0,0,1,0,1,0,0
2.2636062032690805,-0.18256890550877383,1.356212214906045,0.30588286584595026,0,1,0,1,1,0,0,1,0,0,1,0,1,0,1,0,0,0,0,1,1,0,0,0,0,1,0,0,1,0,0,1,1,0,0,0,1,0,0,1,0
-0.4417729543927777,0.87578020029467,-1.4793205240233265,-0.5308066752344629,1,0,0,1,0,1,0,1,1,0,0,0,0,1,0,1,0,0,1,0,0,1,0,0,1,0,0,1,0,0,1,0,0,0,1,0,1,1,0,0,0
-0.4417729543927777,1.6084834273893618,0.00564249607134118,1.076999199380193,0,1,0,1,0,1,1,0,0,1,0,1,0,0,0,0,1,0,0,1,0,0,1,0,0,1,0,0,1,0,0,1,0,0,1,0,1,0,1,0,0
-0.4417729543927777,0.2651941777157601,-1.4677062881119716,-0.6756516780431782,1,0,1,0,1,0,0,1,1,0,0,0,0,1,0,1,0,0,1,0,0,1,0,0,1,0,0,1,0,0,1,0,0,0,1,1,0,0,1,0,0
-0.4417729543927777,-0.8338606629262777,-1.4859572302583866,-0.8959486776166031,1,0,1,0,1,0,0,1,1,0,0,0,0,1,0,1,0,0,1,0,0,1,0,0,1,0,0,1,0,0,1,0,0,1,0,1,0,0,0,1,0
-0.4417729543927777,0.7943687306174819,0.3009759235315099,0.6920996185609744,1,0,1,0,1,0,0,1,0,0,1,1,0,0,0,0,1,1,0,0,0,0,1,0,0,1,0,0,1,1,0,0,0,1,0,1,0,0,1,0,0
-0.4417729543927777,-1.0373893371192477,-0.5352490620860462,-0.8568286723111878,1,0,0,1,0,1,0,1,0,0,1,1,0,0,1,0,0,1,0,0,1,0,0,1,0,0,1,0,0,1,0,0,1,0,0,1,0,0,0,1,0
-0.4417729543927777,-0.06045170099299184,-1.3001294556767076,-0.6786592205386002,0,1,0,1,0,1,0,1,0,0,1,0,0,1,0,1,0,0,1,0,0,1,0,0,1,0,0,1,0,0,1,0,0,0,1,1,0,0,0,0,1
-0.4417729543927777,-0.3453918448631498,-0.28803175483006227,-0.3719118388704918,0,1,0,1,0,1,0,1,1,0,0,1,0,0,0,0,1,1,0,0,0,0,1,1,0,0,1,0,0,1,0,0,0,1,0,0,1,0,1,0,0
-0.4417729543927777,-1.2002122764736236,0.30429427664903974,-0.9103058512808802,1,0,0,1,1,0,0,1,0,0,1,0,1,0,1,0,0,1,0,0,1,0,0,1,0,0,1,0,0,1,0,0,1,0,0,0,1,0,1,0,0
-0.4417729543927777,0.5908400564245121,-1.4726838177882668,-0.5951944280744086,1,0,1,0,1,0,0,1,1,0,0,0,0,1,0,1,0,0,1,0,0,1,0,0,1,0,0,1,0,0,1,0,0,0,1,0,1,0,0,0,1
2.2636062032690805,-0.18256890550877383,-0.46224529350038646,-0.40372154015418815,0,1,0,1,0,1,0,1,0,0,1,1,0,0,1,0,0,1,0,0,1,0,0,1,0,0,1,0,0,1,0,0,0,1,0,0,1,0,0,1,0
2.2636062032690805,-0.019745966154397845,0.476848638760599,0.11796634204440393,1,0,0,1,1,0,0,1,0,0,1,0,1,0,1,0,0,1,0,0,0,0,1,1,0,0,1,0,0,1,0,0,1,0,0,1,0,0,0,0,1
-0.4417729543927777,0.061665503522790134,1.3412796258771598,0.5441373089321866,0,1,1,0,1,0,0,1,0,0,1,0,1,0,1,0,0,0,0,1,1,0,0,0,0,1,0,0,1,0,0,1,1,0,0,0,1,0,0,1,0
-0.4417729543927777,-1.2002122764736236,-0.49045129499939133,-0.9365834306021945,0,1,0,1,0,1,0,1,1,0,0,1,0,0,1,0,0,1,0,0,0,0,1,1,0,0,1,0,0,1,0,0,1,0,0,0,1,0,0,1,0
-0.4417729543927777,-0.9152721326034656,0.49509958090701384,-0.6603724840518375,0,1,1,0,1,0,0,1,0,0,1,0,1,0,1,0,0,0,0,1,1,0,0,1,0,0,1,0,0,1,0,0,1,0,0,1,0,0,0,1,0
-0.4417729543927777,1.364249018357798,0.025552614776521366,0.9121770894850982,0,1,1,0,0,1,0,1,0,0,1,1,0,0,0,0,1,0,0,1,1,0,0,0,0,1,1,0,0,1,0,0,0,0,1,1,0,1,0,0,0
2.2636062032690805,-1.2816237461508115,-0.6530505977583605,-0.9905435726003489,0,1,1,0,1,0,0,1,1,0,0,1,0,0,1,0,0,1,0,0,1,0,0,1,0,0,1,0,0,1,0,0,1,0,0,1,0,1,0,0,0
-0.4417729543927777,0.6722515261017,0.476848638760599,0.7029882395662974,1,0,0,1,0,1,0,1,0,0,1,1,0,0,1,0,0,0,0,1,1,0,0,0,0,1,0,0,1,0,0,1,0,0,1,1,0,1,0,0,0
-0.4417729543927777,-1.2816237461508115,-1.4859572302583866,-1.0015639107952525,0,1,0,1,0,1,0,1,1,0,0,0,0,1,0,1,0,0,1,0,0,1,0,0,1,0,0,1,0,0,1,0,1,0,0,0,1,1,0,0,0
2.2636062032690805,-1.0373893371192477,0.8153206567486575,-0.7133008413982777,0,1,0,1,1,0,0,1,1,0,0,0,1,0,1,0,0,1,0,0,1,0,0,1,0,0,0,0,1,0,0,1,1,0,0,0,1,0,0,1,0
-0.4417729543927777,-1.2002122764736236,-1.4909347599346816,-0.9886117204865011,0,1,0,1,1,0,0,1,1,0,0,0,0,1,0,1,0,0,1,0,0,1,0,0,1,0,0,1,0,0,1,0,1,0,0,1,0,1,0,0,0
2.2636062032690805,0.061665503522790134,0.8368899520126026,0.36331156050305846,0,1,0,1,1,0,0,1,1,0,0,0,1,0,0,0,1,1,0,0,1,0,0,0,0,1,0,0,1,1,0,0,0,1,0,1,0,0,0,0,1
-0.4417729543927777,1.6084834273893618,0.675949825812398,1.6806590792277305,1,0,0,1,0,1,0,1,1,0,0,1,0,0,0,0,1,0,0,1,0,0,1,0,0,1,0,0,1,0,0,1,0,0,1,1,0,1,0,0,0
-0.4417729543927777,-1.2002122764736236,0.4137999295275296,-0.9198992532553282,0,1,1,0,1,0,0,1,1,0,0,1,0,0,0,0,1,1,0,0,0,0,1,1,0,0,0,0,1,0,0,1,1,0,0,0,1,0,0,1,0
-0.4417729543927777,-0.5896262538947138,0.20474368312314026,-0.4625771710317519,1,0,1,0,1,0,0,1,1,0,0,0,1,0,1,0,0,1,0,0,1,0,0,1,0,0,1,0,0,1,0,0,1,0,0,0,1,0,0,1,0
-0.4417729543927777,1.404954753196392,-0.16193433636392293,0.7432058881182173,0,1,0,1,0,1,0,1,1,0,0,1,0,0,0,0,1,0,0,1,1,0,0,0,0,1,1,0,0,1,0,0,0,1,0,1,0,0,0,0,1
-0.4417729543927777,0.46872285190873003,-1.3017886322354724,-0.5228377852648413,0,1,0,1,0,1,0,1,0,0,1,0,0,1,0,1,0,0,1,0,0,1,0,0,1,0,0,1,0,0,1,0,0,1,0,1,0,0,0,0,1
-0.4417729543927777,-1.0373893371192477,0.14169497389007082,-0.800739102414815,1,0,0,1,1,0,0,1,1,0,0,0,1,0,1,0,0,1,0,0,1,0,0,1,0,0,1,0,0,1,0,0,1,0,0,0,1,1,0,0,0
2.2636062032690805,0.7943687306174819,1.3114144478193903,1.3961719025987307,0,1,0,1,1,0,0,1,1,0,0,0,1,0,0,0,1,1,0,0,0,0,1,0,0,1,0,0,1,0,0,1,0,1,0,0,1,1,0,0,0
-0.4417729543927777,-0.6710377235719017,0.16658262227154572,-0.48112734189767553,0,1,1,0,1,0,0,1,1,0,0,0,1,0,1,0,0,1,0,0,1,0,0,1,0,0,1,0,0,1,0,0,1,0,0,0,1,0,1,0,0
-0.4417729543927777,-0.9966836022806537,-0.337807051593012,-0.8146572187804904,0,1,0,1,1,0,0,1,1,0,0,1,0,0,1,0,0,0,0,1,0,0,1,1,0,0,1,0,0,1,0,0,1,0,0,0,1,0,0,0,1
-0.4417729543927777,-1.0373893371192477,-0.020904328868898602,-0.8146133130506301,0,1,1,0,1,0,0,1,1,0,0,1,0,0,1,0,0,1,0,0,0,0,1,0,0,1,0,0,1,1,0,0,1,0,0,1,0,1,0,0,0
-0.4417729543927777,1.6084834273893618,-1.4975714661697417,-0.38929850789512077,0,1,0,1,0,1,0,1,1,0,0,0,0,1,0,1,0,0,1,0,0,1,0,0,1,0,0,1,0,0,1,0,0,0,1,0,1,0,1,0,0
2.2636062032690805,-1.0373893371192477,-1.1657361544167433,-0.9136207338853234,0,1,0,1,1,0,1,0,0,1,0,1,0,0,0,0,1,1,0,0,1,0,0,1,0,0,1,0,0,1,0,0,1,0,0,1,0,1,0,0,0
-0.4417729543927777,-0.46750904937893173,-1.4793205240233265,-0.8248213952431206,0,1,1,0,1,0,0,1,1,0,0,0,0,1,0,1,0,0,1,0,0,1,0,0,1,0,0,1,0,0,1,0,0,1,0,0,1,0,0,0,1
2.2636062032690805,0.10237123836138413,0.2677923923562101,0.07460943380748172,0,1,1,0,1,0,0,1,1,0,0,1,0,0,1,0,0,1,0,0,0,0,1,0,0,1,0,0,1,0,0,1,0,1,0,0,1,0,0,1,0
-0.4417729543927777,1.120014609326234,-0.5037247074695113,0.3372535098310448,1,0,0,1,0,1,1,0,0,1,0,1,0,0,1,0,0,0,0,1,1,0,0,1,0,0,0,0,1,0,0,1,1,0,0,0,1,0,0,1,0
2.2636062032690805,-0.9966836022806537,1.1836578527944857,-0.6506473648878088,0,1,1,0,1,0,0,1,0,0,1,0,1,0,1,0,0,1,0,0,0,0,1,1,0,0,0,0,1,0,0,1,1,0,0,0,1,0,0,1,0
-0.4417729543927777,-1.2409180113122176,0.16160509259525055,-0.946023162522132,0,1,1,0,1,0,0,1,1,0,0,0,1,0,1,0,0,1,0,0,1,0,0,1,0,0,1,0,0,1,0,0,1,0,0,0,1,0,0,1,0
-0.4417729543927777,-0.8338606629262777,-1.150803565387858,-0.8484646307728245,1,0,0,1,0,1,1,0,0,1,0,1,0,0,1,0,0,1,0,0,1,0,0,0,0,1,1,0,0,1,0,0,0,1,0,1,0,0,1,0,0
-0.4417729543927777,-1.2002122764736236,-1.1723728606518031,-0.9755278129881693,0,1,1,0,1,0,1,0,0,1,0,1,0,0,1,0,0,0,0,1,1,0,0,1,0,0,1,0,0,1,0,0,1,0,0,0,1,0,0,1,0
-0.4417729543927777,1.6084834273893618,0.1898110940942557,1.1897710665260508,1,0,0,1,0,1,0,1,1,0,0,1,0,0,0,0,1,0,0,1,0,0,1,1,0,0,0,0,1,1,0,0,0,0,1,0,1,0,1,0,0
-0.4417729543927777,0.7943687306174819,1.537062459811429,1.5872496389502095,1,0,1,0,1,0,0,1,0,0,1,0,1,0,0,0,1,0,0,1,1,0,0,0,0,1,0,0,1,0,0,1,0,1,0,0,1,0,1,0,0
-0.4417729543927777,0.550134321585918,-1.5174815848749212,-0.6116810296369041,0,1,1,0,1,0,0,1,1,0,0,0,0,1,0,1,0,0,1,0,0,1,0,0,1,0,0,1,0,0,1,0,0,0,1,1,0,0,1,0,0
-0.4417729543927777,-0.8338606629262777,0.461916049731714,-0.6254674288129989,1,0,0,1,1,0,0,1,0,0,1,1,0,0,0,0,1,1,0,0,0,0,1,1,0,0,0,0,1,0,0,1,0,1,0,1,0,0,0,1,0
-0.4417729543927777,0.1837827080385721,1.1737027934418958,0.5444666019061379,1,0,1,0,1,0,0,1,0,0,1,0,1,0,1,0,0,1,0,0,1,0,0,0,0,1,0,0,1,0,0,1,1,0,0,1,0,0,1,0,0
-0.4417729543927777,0.38731138223154205,-1.4975714661697417,-0.6372561172804556,0,1,1,0,1,0,0,1,1,0,0,0,0,1,0,1,0,0,1,0,0,1,0,0,1,0,0,1,0,0,1,0,0,1,0,1,0,1,0,0,0
-0.4417729543927777,1.038603139649046,0.5216464058472541,1.1002911890710156,0,1,1,0,1,0,0,1,0,0,1,0,1,0,1,0,0,1,0,0,1,0,0,0,0,1,1,0,0,1,0,0,1,0,0,1,0,1,0,0,0
-0.4417729543927777,-0.8338606629262777,-1.4892755833759166,-0.8931826166354121,0,1,1,0,1,0,0,1,1,0,0,0,0,1,0,1,0,0,1,0,0,1,0,0,1,0,0,1,0,0,1,0,0,1,0,1,0,0,1,0,0
-0.4417729543927777,1.445660488034986,-1.4925939364934464,-0.40552167507845527,0,1,0,1,0,1,0,1,1,0,0,0,0,1,0,1,0,0,1,0,0,1,0,0,1,0,0,1,0,0,1,0,0,0,1,1,0,1,0,0,0
-0.4417729543927777,-1.2816237461508115,-0.6182078900242958,-0.9900825624368169,0,1,1,0,1,0,0,1,1,0,0,1,0,0,1,0,0,1,0,0,1,0,0,1,0,0,1,0,0,1,0,0,1,0,0,1,0,0,0,0,1
-0.4417729543927777,0.46872285190873003,-0.28803175483006227,0.05191017146977164,1,0,0,1,0,1,0,1,1,0,0,1,0,0,0,0,1,1,0,0,1,0,0,0,0,1,1,0,0,1,0,0,1,0,0,1,0,1,0,0,0
2.2636062032690805,1.5677776925507678,1.4856279864897144,2.460007737110756,1,0,0,1,1,0,0,1,1,0,0,0,1,0,0,0,1,0,0,1,0,0,1,0,0,1,0,0,1,0,0,1,0,0,1,0,1,1,0,0,0
-0.4417729543927777,-0.14186317067017984,-1.0164102641278938,-0.5692680945919756,0,1,1,0,1,0,1,0,0,1,0,1,0,0,1,0,0,0,0,1,1,0,0,0,0,1,1,0,0,1,0,0,1,0,0,1,0,0,0,1,0
-0.4417729543927777,0.061665503522790134,-1.2885152197653524,-0.5799810926778582,0,1,1,0,1,0,0,1,0,0,1,0,0,1,0,1,0,0,1,0,0,1,0,0,1,0,0,1,0,0,1,0,0,0,1,1,0,1,0,0,0
-0.4417729543927777,-1.0780950719578417,0.8650959535116073,-0.7772714898045517,0,1,0,1,1,0,0,1,1,0,0,0,1,0,1,0,0,0,0,1,0,0,1,1,0,0,1,0,0,0,0,1,1,0,0,0,1,0,0,1,0
2.2636062032690805,1.201426079003422,1.0957214951799412,1.5960746906521048,1,0,0,1,1,0,0,1,0,0,1,0,1,0,1,0,0,0,0,1,0,0,1,1,0,0,0,0,1,1,0,0,0,1,0,0,1,0,1,0,0
2.2636062032690805,-0.42680331454033776,-1.4892755833759166,-0.8273240218451505,1,0,1,0,1,0,0,1,1,0,0,0,0,1,0,1,0,0,1,0,0,1,0,0,1,0,0,1,0,0,1,0,0,1,0,0,1,0,0,0,1
2.2636062032690805,1.364249018357798,1.316391977495685,1.9837183795875841,1,0,0,1,1,0,0,1,0,0,1,0,1,0,1,0,0,0,0,1,0,0,1,1,0,0,0,0,1,0,0,1,0,1,0,1,0,0,1,0,0
-0.4417729543927777,-1.2816237461508115,-1.0396387359506036,-0.9956585901290592,0,1,1,0,0,1,1,0,0,1,0,1,0,0,1,0,0,0,0,1,1,0,0,0,0,1,1,0,0,1,0,0,1,0,0,1,0,0,0,0,1
-0.4417729543927777,0.712957260940294,1.36118974458234,1.3349453623087175,0,1,0,1,0,1,0,1,0,0,1,0,1,0,0,0,1,1,0,0,0,0,1,1,0,0,0,0,1,0,0,1,1,0,0,1,0,0,1,0,0
-0.4417729543927777,1.364249018357798,1.0509237280932862,1.8102029351801752,0,1,0,1,1,0,0,1,0,0,1,0,1,0,0,0,1,0,0,1,0,0,1,0,0,1,1,0,0,1,0,0,0,0,1,1,0,0,0,0,1
-0.4417729543927777,1.6084834273893618,1.6664782313950988,2.6554760464482525,0,1,0,1,1,0,0,1,0,0,1,0,1,0,0,0,1,0,0,1,0,0,1,0,0,1,0,0,1,0,0,1,0,0,1,1,0,1,0,0,0
-0.4417729543927777,-0.2232746403473678,-1.5191407614336865,-0.7744834759584307,0,1,1,0,0,1,0,1,1,0,0,0,0,1,0,1,0,0,1,0,0,1,0,0,1,0,0,1,0,0,1,0,1,0,0,1,0,0,0,0,1
-0.4417729543927777,-1.0373893371192477,-1.5091857020810964,-0.9503698297782893,0,1,1,0,0,1,0,1,1,0,0,0,0,1,0,1,0,0,1,0,0,1,0,0,1,0,0,1,0,0,1,0,0,1,0,1,0,0,0,0,1
-0.4417729543927777,-0.7524491932490897,-0.31291940321153716,-0.6734124858203093,0,1,1,0,1,0,0,1,0,0,1,1,0,0,1,0,0,0,0,1,1,0,0,1,0,0,1,0,0,1,0,0,1,0,0,0,1,0,1,0,0
-0.4417729543927777,-0.26398037518596185,-0.968294143923709,-0.5614748275417947,0,1,1,0,1,0,1,0,0,1,0,1,0,0,1,0,0,1,0,0,0,0,1,0,0,1,1,0,0,1,0,0,1,0,0,1,0,0,0,1,0
-0.4417729543927777,-0.8745663977648717,0.3424553375006348,-0.620242646959638,1,0,1,0,1,0,0,1,0,0,1,0,1,0,1,0,0,1,0,0,1,0,0,1,0,0,1,0,0,1,0,0,1,0,0,1,0,0,0,1,0
-0.4417729543927777,0.020959768684196148,-0.17852610195157284,-0.12513968419138166,1,0,0,1,1,0,1,0,0,1,0,1,0,0,0,0,1,1,0,0,0,0,1,0,0,1,0,0,1,0,0,1,0,0,1,1,0,1,0,0,0
-0.4417729543927777,0.5908400564245121,0.8485041879239573,0.885592170054763,0,1,0,1,0,1,0,1,0,0,1,1,0,0,0,0,1,0,0,1,0,0,1,0,0,1,0,0,1,0,0,1,0,0,1,0,1,0,0,0,1
-0.4417729543927777,-1.2816237461508115,-1.5207999379924513,-1.0020249209587846,1,0,1,0,1,0,0,1,1,0,0,0,0,1,0,1,0,0,1,0,0,1,0,0,1,0,0,1,0,0,1,0,1,0,0,0,1,0,0,0,1
-0.4417729543927777,-0.7117434584104957,-0.44399435135397164,-0.6743125532824429,0,1,1,0,1,0,0,1,0,0,1,1,0,0,1,0,0,1,0,0,1,0,0,1,0,0,1,0,0,1,0,0,1,0,0,1,0,0,0,1,0
2.2636062032690805,1.364249018357798,1.4441485725205896,2.0965121995983726,0,1,0,1,0,1,0,1,0,0,1,0,1,0,1,0,0,0,0,1,0,0,1,0,0,1,0,0,1,0,0,1,0,1,0,0,1,0,0,1,0
-0.4417729543927777,0.1430769731999781,-1.3216987509406524,-0.6016705232287843,0,1,0,1,0,1,0,1,0,0,1,0,0,1,0,1,0,0,1,0,0,1,0,0,1,0,0,1,0,0,1,0,0,0,1,1,0,0,1,0,0
-0.4417729543927777,0.509428586747324,1.0293544328293416,0.9463137944513837,0,1,0,1,0,1,0,1,0,0,1,0,1,0,1,0,0,0,0,1,0,0,1,1,0,0,1,0,0,0,0,1,1,0,0,0,1,1,0,0,0
-0.4417729543927777,-0.3453918448631498,1.3014593884668004,0.08488337459476256,1,0,1,0,1,0,0,1,0,0,1,0,1,0,1,0,0,0,0,1,0,0,1,1,0,0,0,0,1,0,0,1,1,0,0,0,1,0,0,1,0
2.2636062032690805,-1.2002122764736236,0.29599839385521476,-0.9241800619166952,1,0,1,0,1,0,0,1,1,0,0,0,1,0,1,0,0,1,0,0,0,0,1,1,0,0,1,0,0,1,0,0,1,0,0,1,0,0,0,1,0
-0.4417729543927777,1.160720344164828,1.6648190548363333,2.066568491833733,1,0,0,1,0,1,0,1,0,0,1,0,1,0,0,0,1,0,0,1,0,0,1,0,0,1,0,0,1,0,0,1,0,0,1,1,0,0,1,0,0
-0.4417729543927777,0.061665503522790134,-1.3051069853530024,-0.6077295139494884,1,0,0,1,0,1,0,1,0,0,1,0,0,1,0,1,0,0,1,0,0,1,0,0,1,0,0,1,0,0,1,0,0,1,0,0,1,0,1,0,0
-0.4417729543927777,1.445660488034986,0.19810697688808065,1.1459531481255971,1,0,0,1,1,0,0,1,0,0,1,1,0,0,0,0,1,0,0,1,0,0,1,0,0,1,1,0,0,1,0,0,0,0,1,1,0,0,1,0,0
-0.4417729543927777,-0.6710377235719017,0.31922686567792474,-0.4964943473487366,0,1,1,0,1,0,0,1,1,0,0,0,1,0,1,0,0,1,0,0,1,0,0,0,0,1,1,0,0,1,0,0,1,0,0,0,1,0,1,0,0
2.2636062032690805,-0.019745966154397845,0.5100321699358988,0.07979030993098238,0,1,0,1,1,0,0,1,1,0,0,0,1,0,1,0,0,1,0,0,1,0,0,1,0,0,1,0,0,0,0,1,1,0,0,0,1,0,1,0,0
-0.4417729543927777,-0.26398037518596185,-0.8654251972802794,-0.5603113257005,1,0,0,1,0,1,1,0,0,1,0,1,0,0,0,0,1,0,0,1,1,0,0,0,0,1,1,0,0,1,0,0,1,0,0,1,0,0,1,0,0
-0.4417729543927777,0.1430769731999781,-1.5174815848749212,-0.7017975401749119,1,0,0,1,0,1,0,1,1,0,0,0,0,1,0,1,0,0,1,0,0,1,0,0,1,0,0,1,0,0,1,0,1,0,0,1,0,1,0,0,0
-0.4417729543927777,-1.2002122764736236,-1.4826388771408565,-0.9791500357016337,1,0,1,0,1,0,0,1,1,0,0,0,0,1,0,1,0,0,1,0,0,1,0,0,1,0,0,1,0,0,1,0,0,1,0,1,0,0,0,0,1
2.2636062032690805,-0.9966836022806537,1.1737027934418958,-0.6449615728709163,0,1,1,0,1,0,0,1,1,0,0,0,1,0,0,0,1,1,0,0,1,0,0,0,0,1,0,0,1,0,0,1,1,0,0,1,0,0,1,0,0
-0.4417729543927777,0.1837827080385721,0.1051930895972407,0.07812189219629567,1,0,0,1,1,0,0,1,0,0,1,1,0,0,0,0,1,1,0,0,0,0,1,0,0,1,1,0,0,1,0,0,0,1,0,1,0,0,1,0,0
-0.4417729543927777,-1.2816237461508115,-1.4760021709057964,-1.0014321936056723,0,1,1,0,1,0,0,1,1,0,0,0,0,1,0,1,0,0,1,0,0,1,0,0,1,0,0,1,0,0,1,0,0,0,1,1,0,0,0,0,1
-0.4417729543927777,1.445660488034986,-0.2830542251537673,0.7231848753019776,0,1,0,1,0,1,1,0,0,1,0,1,0,0,0,0,1,0,0,1,0,0,1,0,0,1,1,0,0,0,0,1,0,0,1,0,1,0,0,0,1
-0.4417729543927777,-0.3046861100245558,0.6593580602247482,-0.11321927853434428,0,1,1,0,1,0,0,1,0,0,1,0,1,0,1,0,0,1,0,0,1,0,0,1,0,0,1,0,0,0,0,1,1,0,0,0,1,0,0,1,0
-0.4417729543927777,-0.6303319887333078,0.3474328671769299,-0.42973568509634147,1,0,0,1,1,0,0,1,0,0,1,1,0,0,1,0,0,0,0,1,1,0,0,1,0,0,0,0,1,0,0,1,1,0,0,0,1,1,0,0,0
-0.4417729543927777,1.404954753196392,1.299800211908035,2.0809256654980106,0,1,0,1,1,0,0,1,0,0,1,0,1,0,1,0,0,0,0,1,0,0,1,1,0,0,0,0,1,0,0,1,0,1,0,1,0,0,0,1,0
2.2636062032690805,-1.1188008067964357,-1.210533921503398,-0.9528724563803191,1,0,1,0,1,0,1,0,0,1,0,1,0,0,1,0,0,0,0,1,1,0,0,1,0,0,1,0,0,1,0,0,1,0,0,1,0,0,0,1,0
2.2636062032690805,0.9978974048104519,0.20474368312314026,0.8073302065790021,0,1,0,1,1,0,0,1,0,0,1,1,0,0,1,0,0,0,0,1,0,0,1,1,0,0,0,0,1,1,0,0,0,1,0,0,1,0,1,0,0
-0.4417729543927777,-0.9966836022806537,0.19147027065302058,-0.7674366063158726,0,1,1,0,1,0,0,1,1,0,0,0,1,0,1,0,0,1,0,0,1,0,0,1,0,0,1,0,0,1,0,0,1,0,0,1,0,1,0,0,0
2.2636062032690805,0.9164859351332639,-0.6663240102284804,0.0780340807365754,0,1,1,0,1,0,1,0,0,1,0,1,0,0,0,0,1,0,0,1,1,0,0,1,0,0,0,0,1,1,0,0,1,0,0,0,1,0,0,1,0
-0.4417729543927777,0.9571916699718579,-0.6596873039934206,0.11361967478824661,1,0,1,0,1,0,1,0,0,1,0,1,0,0,0,0,1,0,0,1,0,0,1,0,0,1,1,0,0,1,0,0,0,0,1,1,0,1,0,0,0
2.2636062032690805,-0.5489205190561198,0.9961709016540418,-0.23756030549835816,1,0,0,1,1,0,0,1,0,0,1,0,1,0,1,0,0,1,0,0,1,0,0,1,0,0,0,0,1,0,0,1,1,0,0,0,1,0,0,1,0
-0.4417729543927777,0.753662995778888,0.47187110908430435,0.7539627919339601,1,0,0,1,0,1,0,1,1,0,0,0,1,0,0,0,1,0,0,1,1,0,0,1,0,0,1,0,0,1,0,0,1,0,0,0,1,1,0,0,0
-0.4417729543927777,1.404954753196392,-0.969953320482474,0.10729724968838146,1,0,0,1,0,1,1,0,0,1,0,1,0,0,0,0,1,1,0,0,1,0,0,0,0,1,1,0,0,1,0,0,0,0,1,1,0,0,1,0,0
-0.4417729543927777,0.835074465456076,0.5199872292884887,0.8986541246881649,0,1,1,0,1,0,0,1,1,0,0,0,1,0,1,0,0,0,0,1,1,0,0,0,0,1,1,0,0,1,0,0,1,0,0,0,1,0,0,0,1
-0.4417729543927777,-1.2816237461508115,-1.4992306427285065,-1.0017395337146933,1,0,1,0,1,0,0,1,1,0,0,0,0,1,0,1,0,0,1,0,0,1,0,0,1,0,0,1,0,0,1,0,1,0,0,1,0,0,0,0,1
-0.4417729543927777,-0.6710377235719017,-1.5008898192872715,-0.8600776963208406,0,1,1,0,1,0,0,1,1,0,0,0,0,1,0,1,0,0,1,0,0,1,0,0,1,0,0,1,0,0,1,0,1,0,0,0,1,0,0,0,1
-0.4417729543927777,-0.26398037518596185,-0.337807051593012,-0.3927012019592843,1,0,1,0,1,0,0,1,1,0,0,1,0,0,1,0,0,0,0,1,0,0,1,1,0,0,1,0,0,1,0,0,1,0,0,0,1,0,1,0,0
-0.4417729543927777,0.509428586747324,0.36568380932334477,0.4269748688003113,0,1,1,0,1,0,0,1,1,0,0,1,0,0,0,0,1,1,0,0,0,0,1,1,0,0,0,0,1,0,0,1,1,0,0,0,1,0,0,1,0
-0.4417729543927777,0.5908400564245121,-1.3117436915880625,-0.5102368407949711,0,1,0,1,1,0,0,1,0,0,1,0,0,1,0,1,0,0,1,0,0,1,0,0,1,0,0,1,0,0,1,0,1,0,0,1,0,0,0,1,0
2.2636062032690805,0.020959768684196148,0.9812383126251567,0.35310347831056793,0,1,0,1,1,0,0,1,0,0,1,0,1,0,1,0,0,1,0,0,1,0,0,1,0,0,0,0,1,0,0,1,1,0,0,0,1,0,0,1,0
-0.4417729543927777,-0.7117434584104957,0.6477438243133934,-0.444970973357822,1,0,1,0,1,0,0,1,1,0,0,1,0,0,0,0,1,0,0,1,0,0,1,0,0,1,0,0,1,0,0,1,1,0,0,1,0,0,0,0,1
-0.4417729543927777,0.38731138223154205,-1.4909347599346816,-0.6444347041125942,1,0,0,1,0,1,0,1,1,0,0,0,0,1,0,1,0,0,1,0,0,1,0,0,1,0,0,1,0,0,1,0,0,0,1,1,0,0,0,0,1
-0.4417729543927777,-1.2816237461508115,-1.4892755833759166,-1.0016078165251128,0,1,1,0,0,1,0,1,1,0,0,0,0,1,0,1,0,0,1,0,0,1,0,0,1,0,0,1,0,0,1,0,1,0,0,1,0,0,0,0,1
2.2636062032690805,0.9571916699718579,1.3213695071719802,1.4090801871776217,1,0,1,0,1,0,0,1,0,0,1,0,1,0,1,0,0,0,0,1,0,0,1,1,0,0,0,0,1,0,0,1,0,1,0,0,1,1,0,0,0
2.2636062032690805,0.835074465456076,1.0559012577695814,1.2755628626728317,1,0,1,0,1,0,0,1,1,0,0,0,1,0,0,0,1,0,0,1,1,0,0,0,0,1,1,0,0,0,0,1,0,1,0,0,1,0,0,0,1
-0.4417729543927777,-0.7117434584104957,1.332983743083335,-0.3154929760001677,1,0,1,0,1,0,0,1,1,0,0,0,1,0,0,0,1,1,0,0,0,0,1,0,0,1,0,0,1,0,0,1,1,0,0,1,0,0,0,1,0
-0.4417729543927777,-0.6710377235719017,-0.334488698475482,-0.6081685712480901,0,1,1,0,1,0,1,0,0,1,0,1,0,0,0,0,1,0,0,1,0,0,1,0,0,1,0,0,1,1,0,0,0,0,1,1,0,0,0,0,1
-0.4417729543927777,-0.5082147842175258,-1.5008898192872715,-0.8278069848736125,0,1,1,0,1,0,0,1,1,0,0,0,0,1,0,1,0,0,1,0,0,1,0,0,1,0,0,1,0,0,1,0,0,1,0,0,1,0,0,0,1
2.2636062032690805,-0.7117434584104957,1.0476053749757563,-0.3991333913837999,0,1,0,1,1,0,0,1,0,0,1,0,1,0,0,0,1,1,0,0,0,0,1,1,0,0,0,0,1,1,0,0,1,0,0,0,1,0,0,1,0
2.2636062032690805,0.2244884428771661,0.515009699612194,0.37817365006072745,0,1,1,0,0,1,0,1,0,0,1,0,1,0,0,0,1,1,0,0,1,0,0,1,0,0,1,0,0,1,0,0,1,0,0,0,1,0,0,0,1
-0.4417729543927777,-1.2816237461508115,-0.28803175483006227,-0.9857139423157296,1,0,1,0,1,0,0,1,1,0,0,1,0,0,1,0,0,1,0,0,1,0,0,1,0,0,1,0,0,0,0,1,1,0,0,0,1,0,0,1,0
-0.4417729543927777,0.9978974048104519,-1.5042081724048015,-0.5124101744230498,1,0,0,1,1,0,0,1,1,0,0,0,0,1,0,1,0,0,1,0,0,1,0,0,1,0,0,1,0,0,1,0,0,0,1,0,1,1,0,0,0
2.2636062032690805,1.6084834273893618,1.4806504568134193,2.4672302296727544,0,1,0,1,1,0,0,1,0,0,1,0,1,0,0,0,1,0,0,1,0,0,1,1,0,0,0,0,1,0,0,1,0,0,1,0,1,1,0,0,0
-0.4417729543927777,0.87578020029467,1.1670660872068357,1.3784559406001502,1,0,1,0,1,0,0,1,0,0,1,0,1,0,1,0,0,1,0,0,1,0,0,0,0,1,0,0,1,0,0,1,1,0,0,0,1,0,0,1,0
-0.4417729543927777,-0.10115743583158582,-0.3477621109456019,-0.3128805850734873,0,1,0,1,0,1,0,1,0,0,1,1,0,0,0,0,1,1,0,0,1,0,0,1,0,0,1,0,0,1,0,0,1,0,0,0,1,1,0,0,0
-0.4417729543927777,-1.1188008067964357,0.3540695734119895,-0.8336903526748759,1,0,1,0,1,0,0,1,0,0,1,0,1,0,1,0,0,1,0,0,1,0,0,1,0,0,1,0,0,1,0,0,1,0,0,1,0,0,0,1,0
2.2636062032690805,1.3235432835192038,1.4756729271371245,2.162853757417096,1,0,0,1,1,0,0,1,0,0,1,0,1,0,0,0,1,0,0,1,0,0,1,1,0,0,0,0,1,0,0,1,1,0,0,0,1,0,1,0,0
-0.4417729543927777,-0.3046861100245558,-1.3333129868520073,-0.7065393589998109,1,0,1,0,1,0,0,1,0,0,1,0,0,1,0,1,0,0,1,0,0,1,0,0,1,0,0,1,0,0,1,0,0,0,1,1,0,0,1,0,0
-0.4417729543927777,0.46872285190873003,-1.4909347599346816,-0.6324484398607666,0,1,0,1,0,1,0,1,1,0,0,0,0,1,0,1,0,0,1,0,0,1,0,0,1,0,0,1,0,0,1,0,0,1,0,1,0,1,0,0,0
2.2636062032690805,1.5677776925507678,0.523305582406019,1.4816783115014203,1,0,0,1,1,0,0,1,0,0,1,0,1,0,0,0,1,1,0,0,1,0,0,1,0,0,1,0,0,1,0,0,0,0,1,0,1,0,1,0,0
-0.4417729543927777,-0.3453918448631498,0.44698346070282946,-0.20588232140424229,1,0,0,1,0,1,0,1,0,0,1,1,0,0,0,0,1,0,0,1,1,0,0,1,0,0,0,0,1,0,0,1,0,1,0,1,0,0,0,1,0
-0.4417729543927777,0.753662995778888,0.8435266582476622,1.0156409419005994,0,1,0,1,1,0,0,1,0,0,1,0,1,0,1,0,0,0,0,1,1,0,0,1,0,0,1,0,0,0,0,1,0,1,0,0,1,0,1,0,0
-0.4417729543927777,1.201426079003422,0.8551408941590174,1.4423607304116342,0,1,1,0,1,0,0,1,0,0,1,0,1,0,0,0,1,0,0,1,0,0,1,1,0,0,1,0,0,1,0,0,1,0,0,1,0,1,0,0,0
2.2636062032690805,0.5908400564245121,0.5116913464946637,0.6693564504934039,1,0,0,1,1,0,0,1,0,0,1,0,1,0,0,0,1,1,0,0,1,0,0,1,0,0,1,0,0,1,0,0,1,0,0,1,0,0,0,1,0
-0.4417729543927777,-0.8338606629262777,-1.5125040551986264,-0.9171990508689275,0,1,1,0,0,1,0,1,1,0,0,0,0,1,0,1,0,0,1,0,0,1,0,0,1,0,0,1,0,0,1,0,0,0,1,1,0,1,0,0,0
-0.4417729543927777,-1.2816237461508115,-1.3349721634107723,-0.9995662000866148,0,1,1,0,0,1,1,0,0,1,0,1,0,0,1,0,0,1,0,0,1,0,0,1,0,0,1,0,0,1,0,0,1,0,0,0,1,0,0,1,0
-0.4417729543927777,1.445660488034986,1.4441485725205896,2.1405057409182673,0,1,1,0,1,0,0,1,0,0,1,0,1,0,1,0,0,0,0,1,0,0,1,0,0,1,0,0,1,0,0,1,0,1,0,1,0,0,0,1,0
2.2636062032690805,0.7943687306174819,1.332983743083335,1.3501367448403376,0,1,0,1,1,0,0,1,0,0,1,0,1,0,1,0,0,0,0,1,0,0,1,1,0,0,0,0,1,0,0,1,0,1,0,0,1,1,0,0,0
-0.4417729543927777,-0.26398037518596185,-0.16193433636392293,-0.30082846222686943,1,0,0,1,0,1,0,1,0,0,1,1,0,0,1,0,0,0,0,1,1,0,0,0,0,1,1,0,0,1,0,0,1,0,0,0,1,0,0,1,0
-0.4417729543927777,-0.7931549280876837,0.17321932850660576,-0.601319277389903,0,1,1,0,1,0,0,1,1,0,0,0,1,0,1,0,0,1,0,0,1,0,0,1,0,0,1,0,0,1,0,0,1,0,0,0,1,0,0,1,0
-0.4417729543927777,1.038603139649046,0.11514814894983104,0.7336344390086992,1,0,0,1,1,0,0,1,0,0,1,1,0,0,0,0,1,1,0,0,1,0,0,0,0,1,1,0,0,0,0,1,0,1,0,0,1,0,0,1,0
-0.4417729543927777,0.10237123836138413,-1.4892755833759166,-0.6825448776312255,0,1,0,1,0,1,0,1,1,0,0,0,0,1,0,1,0,0,1,0,0,1,0,0,1,0,0,1,0,0,1,0,0,1,0,1,0,1,0,0,0
2.2636062032690805,0.753662995778888,0.9646465470375069,1.143494427253427,0,1,1,0,1,0,0,1,1,0,0,0,1,0,1,0,0,1,0,0,0,0,1,1,0,0,0,0,1,0,0,1,0,1,0,0,1,1,0,0,0
-0.4417729543927777,1.3235432835192038,-1.4959122896109764,-0.4541033651687382,0,1,0,1,0,1,0,1,1,0,0,0,0,1,0,1,0,0,1,0,0,1,0,0,1,0,0,1,0,0,1,0,0,0,1,0,1,0,1,0,0
-0.4417729543927777,-0.3860975797017438,-0.30296434385894727,-0.4274086814137522,1,0,1,0,1,0,0,1,1,0,0,1,0,0,1,0,0,0,0,1,0,0,1,1,0,0,1,0,0,1,0,0,0,1,0,1,0,1,0,0,0
-0.4417729543927777,-1.1595065416350296,0.5199872292884887,-0.8702857785133312,0,1,0,1,1,0,0,1,1,0,0,0,1,0,1,0,0,1,0,0,0,0,1,0,0,1,1,0,0,1,0,0,1,0,0,0,1,0,0,0,1
-0.4417729543927777,0.061665503522790134,1.1786803231181908,0.4888160893083669,1,0,0,1,1,0,0,1,0,0,1,0,1,0,1,0,0,1,0,0,0,0,1,1,0,0,0,0,1,0,0,1,1,0,0,0,1,0,0,1,0
-0.4417729543927777,-0.7931549280876837,0.34411451405939963,-0.5759856712605823,0,1,0,1,1,0,0,1,0,0,1,1,0,0,1,0,0,1,0,0,0,0,1,1,0,0,0,0,1,0,0,1,0,1,0,0,1,0,0,0,1
2.2636062032690805,1.445660488034986,1.0276952562705768,1.8448665089047827,0,1,1,0,1,0,0,1,0,0,1,0,1,0,1,0,0,0,0,1,0,0,1,1,0,0,1,0,0,0,0,1,1,0,0,0,1,0,0,1,0
-0.4417729543927777,1.48636622287358,-0.8571293144864545,0.20994884610146924,0,1,0,1,0,1,1,0,0,1,0,1,0,0,0,0,1,1,0,0,0,0,1,0,0,1,1,0,0,1,0,0,0,0,1,1,0,0,0,0,1
-0.4417729543927777,0.1430769731999781,-1.4826388771408565,-0.6951897278309558,1,0,0,1,0,1,0,1,1,0,0,0,0,1,0,1,0,0,1,0,0,1,0,0,1,0,0,1,0,0,1,0,0,0,1,1,0,1,0,0,0
-0.4417729543927777,-1.1595065416350296,-1.4743429943470316,-0.9757034359076098,1,0,0,1,1,0,0,1,1,0,0,0,0,1,0,1,0,0,1,0,0,1,0,0,1,0,0,1,0,0,1,0,0,1,0,1,0,1,0,0,0
-0.4417729543927777,-0.6303319887333078,-0.09390809745455812,-0.5289187288504753,0,1,0,1,0,1,0,1,0,0,1,1,0,0,0,0,1,1,0,0,1,0,0,0,0,1,1,0,0,1,0,0,0,1,0,0,1,0,0,0,1
-0.4417729543927777,-0.7524491932490897,0.7024966507526379,-0.46793367007469316,0,1,0,1,1,0,0,1,0,0,1,0,1,0,1,0,0,1,0,0,1,0,0,1,0,0,0,0,1,1,0,0,1,0,0,0,1,0,0,1,0
-0.4417729543927777,1.5270719577121739,0.13339909109624587,1.122836781354215,0,1,0,1,0,1,0,1,0,0,1,1,0,0,0,0,1,1,0,0,0,0,1,1,0,0,0,0,1,1,0,0,0,0,1,1,0,0,1,0,0
-0.4417729543927777,0.38731138223154205,1.3678264508174,0.9709229560380116,0,1,0,1,1,0,0,1,0,0,1,0,1,0,1,0,0,1,0,0,0,0,1,0,0,1,0,0,1,0,0,1,1,0,0,0,1,1,0,0,0
-0.4417729543927777,0.42801711707013607,0.506713816818369,0.562116705309928,0,1,0,1,1,0,0,1,0,0,1,1,0,0,0,0,1,1,0,0,0,0,1,1,0,0,0,0,1,0,0,1,0,1,0,0,1,0,0,1,0
-0.4417729543927777,-0.9966836022806537,0.3341594547068098,-0.7214673071522701,0,1,0,1,1,0,0,1,1,0,0,0,1,0,0,0,1,1,0,0,1,0,0,1,0,0,1,0,0,1,0,0,1,0,0,0,1,0,0,0,1
-0.4417729543927777,1.2828375486806098,1.4690362209020644,1.9493401931070675,0,1,0,1,0,1,0,1,0,0,1,0,1,0,1,0,0,0,0,1,0,0,1,0,0,1,0,0,1,0,0,1,0,0,1,0,1,0,1,0,0
-0.4417729543927777,0.7943687306174819,-0.2316197518320524,0.32531115130907745,1,0,1,0,1,0,0,1,1,0,0,1,0,0,0,0,1,1,0,0,0,0,1,0,0,1,1,0,0,1,0,0,0,1,0,1,0,0,1,0,0
-0.4417729543927777,0.9164859351332639,0.42707334199764924,0.8877874565477717,0,1,1,0,1,0,0,1,0,0,1,1,0,0,1,0,0,1,0,0,0,0,1,1,0,0,0,0,1,0,0,1,0,0,1,0,1,1,0,0,0
2.2636062032690805,-1.1595065416350296,0.17487850506537067,-0.8873212016990789,0,1,0,1,1,0,0,1,1,0,0,0,1,0,1,0,0,1,0,0,1,0,0,1,0,0,1,0,0,1,0,0,1,0,0,0,1,0,0,1,0
-0.4417729543927777,-1.0780950719578417,-0.5070430605870413,-0.8930289465809016,1,0,1,0,1,0,0,1,1,0,0,1,0,0,1,0,0,1,0,0,1,0,0,0,0,1,1,0,0,1,0,0,1,0,0,0,1,1,0,0,0
2.2636062032690805,-1.2816237461508115,0.3242043953542199,-0.9776133351565276,0,1,1,0,1,0,0,1,0,0,1,0,1,0,1,0,0,1,0,0,1,0,0,1,0,0,1,0,0,1,0,0,1,0,0,0,1,0,0,1,0
-0.4417729543927777,-1.0780950719578417,-1.177350390328098,-0.9395251145028263,1,0,1,0,1,0,1,0,0,1,0,1,0,0,0,0,1,1,0,0,1,0,0,1,0,0,1,0,0,1,0,0,1,0,0,1,0,1,0,0,0
-0.4417729543927777,-1.2816237461508115,0.1715601519478404,-0.9796329987300956,1,0,1,0,1,0,0,1,1,0,0,0,1,0,1,0,0,1,0,0,1,0,0,1,0,0,1,0,0,1,0,0,1,0,0,1,0,0,0,1,0
-0.4417729543927777,-1.2816237461508115,-1.5108448786398616,-1.0018932037692039,1,0,1,0,1,0,0,1,1,0,0,0,0,1,0,1,0,0,1,0,0,1,0,0,1,0,0,1,0,0,1,0,1,0,0,0,1,0,0,0,1
-0.4417729543927777,-0.7931549280876837,0.3739796921171697,-0.5794981296493963,1,0,0,1,1,0,0,1,0,0,1,1,0,0,0,0,1,0,0,1,1,0,0,0,0,1,0,0,1,1,0,0,1,0,0,0,1,0,0,1,0
-0.4417729543927777,-0.7931549280876837,0.4751894622018341,-0.5223328693714492,1,0,1,0,1,0,0,1,1,0,0,0,1,0,1,0,0,0,0,1,0,0,1,1,0,0,1,0,0,1,0,0,1,0,0,0,1,0,0,1,0
-0.4417729543927777,-0.3453918448631498,-1.354882282115952,-0.7525086581634134,0,1,0,1,0,1,0,1,0,0,1,0,0,1,0,1,0,0,1,0,0,1,0,0,1,0,0,1,0,0,1,0,0,0,1,0,1,1,0,0,0
-0.4417729543927777,1.404954753196392,-1.2885152197653524,-0.23786764560737939,1,0,1,0,1,0,0,1,0,0,1,0,0,1,0,1,0,0,1,0,0,1,0,0,1,0,0,1,0,0,1,0,0,0,1,0,1,0,0,0,1
-0.4417729543927777,1.07930887448764,0.3922306342635845,0.9837434291571825,0,1,0,1,0,1,0,1,1,0,0,1,0,0,1,0,0,0,0,1,0,0,1,0,0,1,0,0,1,0,0,1,0,1,0,1,0,0,1,0,0
-0.4417729543927777,1.5677776925507678,0.6809273554886932,1.6370606894765773,0,1,0,1,0,1,0,1,1,0,0,1,0,0,0,0,1,0,0,1,0,0,1,0,0,1,0,0,1,0,0,1,0,0,1,1,0,1,0,0,0
2.2636062032690805,1.2828375486806098,1.4607403381082396,2.111857252184503,1,0,1,0,1,0,0,1,0,0,1,0,1,0,0,0,1,1,0,0,0,0,1,0,0,1,0,0,1,0,0,1,1,0,0,0,1,1,0,0,0
2.2636062032690805,-1.0780950719578417,0.6709722961361034,-0.7893016597862396,0,1,1,0,1,0,0,1,1,0,0,0,1,0,0,0,1,1,0,0,1,0,0,1,0,0,0,0,1,1,0,0,1,0,0,0,1,1,0,0,0
-0.4417729543927777,0.1837827080385721,0.5017362871420739,0.31514697484644705,1,0,1,0,1,0,0,1,1,0,0,0,1,0,1,0,0,0,0,1,0,0,1,1,0,0,1,0,0,1,0,0,0,1,0,1,0,0,0,1,0
-0.4417729543927777,-0.14186317067017984,0.6626764133422784,0.09434505937963002,0,1,1,0,1,0,0,1,0,0,1,0,1,0,1,0,0,1,0,0,1,0,0,1,0,0,1,0,0,0,0,1,1,0,0,0,1,0,0,1,0
-0.4417729543927777,1.6084834273893618,-1.3333129868520073,-0.23345511975643188,0,1,0,1,0,1,0,1,0,0,1,0,0,1,0,1,0,0,1,0,0,1,0,0,1,0,0,1,0,0,1,0,0,0,1,1,0,1,0,0,0
-0.4417729543927777,-0.3453918448631498,1.0310136093881066,-0.07853375194480662,0,1,1,0,1,0,0,1,1,0,0,0,1,0,1,0,0,1,0,0,1,0,0,0,0,1,0,0,1,0,0,1,1,0,0,0,1,0,0,1,0
2.2636062032690805,-0.46750904937893173,0.7174292397815228,-0.194971747533989,0,1,0,1,1,0,0,1,1,0,0,0,1,0,1,0,0,1,0,0,0,0,1,1,0,0,0,0,1,1,0,0,1,0,0,1,0,1,0,0,0
-0.4417729543927777,-1.1188008067964357,-0.6928708351687204,-0.9216554824497352,1,0,1,0,1,0,0,1,1,0,0,1,0,0,1,0,0,1,0,0,1,0,0,1,0,0,1,0,0,1,0,0,1,0,0,0,1,0,1,0,0
-0.4417729543927777,1.2421318138420159,1.0791297295922913,1.7350143727946266,1,0,1,0,1,0,0,1,0,0,1,0,1,0,1,0,0,0,0,1,1,0,0,1,0,0,0,0,1,0,0,1,0,0,1,1,0,1,0,0,0
-0.4417729543927777,1.160720344164828,1.0476053749757563,1.480668479714636,0,1,0,1,1,0,0,1,0,0,1,0,1,0,1,0,0,1,0,0,1,0,0,1,0,0,0,0,1,0,0,1,0,1,0,0,1,1,0,0,0
-0.4417729543927777,0.835074465456076,-1.5340733504625712,-0.568850990158304,1,0,1,0,1,0,0,1,1,0,0,0,0,1,0,1,0,0,1,0,0,1,0,0,1,0,0,1,0,0,1,0,0,0,1,1,0,0,0,0,1
2.2636062032690805,-1.2816237461508115,-1.2984702791179425,-0.9990832370581527,1,0,1,0,1,0,1,0,0,1,0,1,0,0,1,0,0,1,0,0,1,0,0,1,0,0,1,0,0,1,0,0,1,0,0,0,1,0,0,0,1
-0.4417729543927777,-0.26398037518596185,0.6726314726948683,-0.05124634083670819,0,1,1,0,1,0,0,1,1,0,0,0,1,0,1,0,0,0,0,1,0,0,1,0,0,1,1,0,0,1,0,0,0,1,0,0,1,0,0,1,0
-0.4417729543927777,-0.9966836022806537,-1.4859572302583866,-0.9377469324434892,0,1,0,1,0,1,0,1,1,0,0,0,0,1,0,1,0,0,1,0,0,1,0,0,1,0,0,1,0,0,1,0,0,0,1,1,0,0,0,0,1
2.2636062032690805,1.120014609326234,0.22631297838708533,0.9102671902361809,0,1,1,0,1,0,0,1,0,0,1,1,0,0,0,0,1,0,0,1,1,0,0,1,0,0,1,0,0,0,0,1,0,1,0,0,1,0,0,1,0
-0.4417729543927777,-0.5082147842175258,1.0144218438004566,-0.1690893197814162,1,0,0,1,0,1,0,1,0,0,1,0,1,0,1,0,0,1,0,0,0,0,1,0,0,1,1,0,0,0,0,1,1,0,0,0,1,1,0,0,0
-0.4417729543927777,1.07930887448764,1.1454967919428911,1.458715614784549,1,0,1,0,1,0,0,1,0,0,1,0,1,0,0,0,1,0,0,1,0,0,1,1,0,0,1,0,0,0,0,1,1,0,0,0,1,1,0,0,0
-0.4417729543927777,-1.1595065416350296,-1.4842980536996215,-0.9859554238299607,0,1,1,0,1,0,0,1,1,0,0,0,0,1,0,1,0,0,1,0,0,1,0,0,1,0,0,1,0,0,1,0,1,0,0,0,1,0,0,1,0
-0.4417729543927777,-1.2409180113122176,-1.4992306427285065,-0.9931559635270292,0,1,1,0,1,0,0,1,1,0,0,0,0,1,0,1,0,0,1,0,0,1,0,0,1,0,0,1,0,0,1,0,1,0,0,1,0,0,0,0,1
-0.4417729543927777,0.1430769731999781,-0.46058611694162155,-0.2135219183999127,1,0,0,1,0,1,0,1,1,0,0,1,0,0,0,0,1,1,0,0,1,0,0,1,0,0,1,0,0,1,0,0,1,0,0,1,0,0,1,0,0
-0.4417729543927777,-0.3046861100245558,-1.4859572302583866,-0.7749225332570325,0,1,1,0,1,0,0,1,1,0,0,0,0,1,0,1,0,0,1,0,0,1,0,0,1,0,0,1,0,0,1,0,1,0,0,0,1,0,0,0,1
-0.4417729543927777,1.5677776925507678,0.6062644103442686,1.6792980016020653,0,1,0,1,1,0,0,1,0,0,1,1,0,0,0,0,1,1,0,0,0,0,1,0,0,1,0,0,1,0,0,1,0,0,1,1,0,0,0,1,0
-0.4417729543927777,1.160720344164828,1.143837615384126,1.5991919974721769,0,1,0,1,1,0,0,1,0,0,1,0,1,0,0,0,1,1,0,0,0,0,1,0,0,1,0,0,1,1,0,0,1,0,0,1,0,1,0,0,0
-0.4417729543927777,0.1837827080385721,0.3374778078243396,0.15695463016023886,1,0,0,1,0,1,0,1,1,0,0,1,0,0,0,0,1,0,0,1,1,0,0,1,0,0,0,0,1,0,0,1,0,1,0,1,0,1,0,0,0
2.2636062032690805,0.87578020029467,0.5813767619627938,0.8995322392853683,1,0,1,0,1,0,0,1,0,0,1,1,0,0,0,0,1,0,0,1,1,0,0,0,0,1,0,0,1,0,0,1,0,1,0,1,0,1,0,0,0
-0.4417729543927777,1.5677776925507678,1.6167029346321489,2.575282230858644,1,0,0,1,0,1,0,1,0,0,1,0,1,0,0,0,1,0,0,1,0,0,1,0,0,1,0,0,1,0,0,1,0,0,1,1,0,0,1,0,0
-0.4417729543927777,-1.2816237461508115,0.47187110908430435,-0.9756595301777496,0,1,1,0,1,0,0,1,0,0,1,0,1,0,1,0,0,0,0,1,1,0,0,1,0,0,1,0,0,1,0,0,1,0,0,0,1,0,0,1,0
-0.4417729543927777,1.6084834273893618,0.7207475928990531,1.7226329569740575,0,1,1,0,1,0,0,1,0,0,1,1,0,0,0,0,1,0,0,1,0,0,1,0,0,1,0,0,1,0,0,1,0,0,1,1,0,1,0,0,0
2.2636062032690805,-0.10115743583158582,0.8335715988950724,0.1430804195244236,1,0,0,1,1,0,0,1,0,0,1,0,1,0,1,0,0,0,0,1,1,0,0,1,0,0,0,0,1,1,0,0,1,0,0,0,1,0,0,1,0
-0.4417729543927777,-0.10115743583158582,-0.4987471777932163,-0.3773122436432932,0,1,0,1,1,0,0,1,0,0,1,1,0,0,1,0,0,1,0,0,1,0,0,1,0,0,1,0,0,1,0,0,1,0,0,1,0,0,0,1,0
-0.4417729543927777,0.753662995778888,0.7439760647217627,0.9534923812835224,0,1,1,0,1,0,0,1,0,0,1,0,1,0,1,0,0,0,0,1,0,0,1,0,0,1,1,0,0,1,0,0,1,0,0,0,1,0,0,1,0
-0.4417729543927777,-0.42680331454033776,0.6576988836659833,-0.21275356812735963,1,0,1,0,0,1,0,1,0,0,1,0,1,0,1,0,0,1,0,0,1,0,0,1,0,0,1,0,0,0,0,1,1,0,0,0,1,0,0,1,0
-0.4417729543927777,1.5677776925507678,1.33796127275963,2.191085141717188,0,1,0,1,1,0,0,1,1,0,0,0,1,0,1,0,0,0,0,1,0,0,1,0,0,1,0,0,1,0,0,1,0,0,1,0,1,0,0,1,0
-0.4417729543927777,0.42801711707013607,-0.15032010045256794,0.14894183446075704,1,0,0,1,0,1,1,0,0,1,0,1,0,0,0,0,1,1,0,0,0,0,1,0,0,1,0,0,1,0,0,1,0,1,0,0,1,0,1,0,0
-0.4417729543927777,-1.2816237461508115,0.17321932850660576,-0.9796110458651653,1,0,1,0,1,0,0,1,1,0,0,0,1,0,1,0,0,1,0,0,1,0,0,1,0,0,1,0,0,1,0,0,1,0,0,0,1,0,0,0,1
2.2636062032690805,1.5677776925507678,1.143837615384126,2.1368615653398724,1,0,0,1,1,0,0,1,1,0,0,0,1,0,0,0,1,0,0,1,0,0,1,0,0,1,0,0,1,1,0,0,0,0,1,0,1,0,0,1,0
-0.4417729543927777,0.3466056473929481,0.49509958090701384,0.4475886089696631,1,0,1,0,1,0,0,1,1,0,0,1,0,0,0,0,1,1,0,0,0,0,1,0,0,1,0,0,1,0,0,1,0,1,0,0,1,1,0,0,0
-0.4417729543927777,-0.5896262538947138,0.2727699220325053,-0.43702403625313035,0,1,0,1,1,0,0,1,0,0,1,0,1,0,1,0,0,1,0,0,1,0,0,1,0,0,1,0,0,1,0,0,1,0,0,0,1,0,0,1,0
-0.4417729543927777,1.364249018357798,-1.3150620447055925,-0.2761534420454515,0,1,0,1,0,1,0,1,0,0,1,0,0,1,0,1,0,0,1,0,0,1,0,0,1,0,0,1,0,0,1,0,0,0,1,0,1,0,1,0,0
-0.4417729543927777,-1.2816237461508115,0.4353692247914742,-0.9761424932062116,1,0,1,0,1,0,0,1,1,0,0,0,1,0,1,0,0,1,0,0,1,0,0,1,0,0,0,0,1,1,0,0,1,0,0,1,0,0,0,1,0
-0.4417729543927777,0.1837827080385721,1.147155968501656,0.6413226419776826,1,0,0,1,1,0,0,1,0,0,1,0,1,0,1,0,0,1,0,0,0,0,1,1,0,0,0,0,1,0,0,1,1,0,0,0,1,0,0,1,0
-0.4417729543927777,-1.0780950719578417,-0.28803175483006227,-0.8395737204761393,1,0,1,0,1,0,0,1,1,0,0,1,0,0,0,0,1,0,0,1,1,0,0,1,0,0,1,0,0,1,0,0,1,0,0,1,0,0,0,1,0
-0.4417729543927777,-1.2816237461508115,-1.4726838177882668,-1.0013882878758118,1,0,0,1,0,1,0,1,1,0,0,0,0,1,0,1,0,0,1,0,0,1,0,0,1,0,0,1,0,0,1,0,1,0,0,1,0,0,0,0,1
-0.4417729543927777,0.020959768684196148,0.9978300782128067,0.31033929742675803,1,0,0,1,1,0,0,1,0,0,1,0,1,0,1,0,0,1,0,0,0,0,1,0,0,1,1,0,0,0,0,1,1,0,0,0,1,0,1,0,0
-0.4417729543927777,0.550134321585918,0.9862158423014519,0.8830236848579426,0,1,0,1,1,0,0,1,0,0,1,0,1,0,1,0,0,0,0,1,0,0,1,1,0,0,0,0,1,1,0,0,0,1,0,0,1,0,0,1,0
-0.4417729543927777,1.160720344164828,1.5486766957227838,2.008569022688443,0,1,1,0,1,0,0,1,0,0,1,0,1,0,0,0,1,1,0,0,0,0,1,0,0,1,0,0,1,0,0,1,0,0,1,0,1,0,1,0,0
-0.4417729543927777,0.9164859351332639,-1.5191407614336865,-0.5721878256276772,1,0,0,1,0,1,0,1,1,0,0,0,0,1,0,1,0,0,1,0,0,1,0,0,1,0,0,1,0,0,1,0,0,1,0,1,0,0,1,0,0
-0.4417729543927777,0.1837827080385721,0.4652344028492443,0.23635814261236418,1,0,0,1,1,0,0,1,0,0,1,0,1,0,1,0,0,1,0,0,0,0,1,1,0,0,1,0,0,1,0,0,1,0,0,0,1,0,1,0,0
-0.4417729543927777,-0.019745966154397845,-0.9882042626288889,-0.5489397416667149,1,0,0,1,0,1,1,0,0,1,0,1,0,0,0,0,1,0,0,1,1,0,0,1,0,0,1,0,0,1,0,0,1,0,0,0,1,0,0,1,0
-0.4417729543927777,-0.9966836022806537,-1.5008898192872715,-0.9532237022192006,0,1,0,1,0,1,0,1,1,0,0,0,0,1,0,1,0,0,1,0,0,1,0,0,1,0,0,1,0,0,1,0,0,0,1,1,0,0,0,0,1
-0.4417729543927777,1.5270719577121739,1.2002496183821354,2.0607070768974003,0,1,0,1,0,1,0,1,1,0,0,0,1,0,0,0,1,0,0,1,0,0,1,0,0,1,0,0,1,1,0,0,0,0,1,0,1,0,1,0,0
2.2636062032690805,-0.10115743583158582,-0.4821554122055664,-0.339750891747914,0,1,0,1,1,0,0,1,1,0,0,1,0,0,1,0,0,0,0,1,1,0,0,1,0,0,1,0,0,1,0,0,1,0,0,0,1,1,0,0,0
-0.4417729543927777,1.120014609326234,0.4735302856430692,1.0816971124752317,1,0,1,0,1,0,0,1,0,0,1,0,1,0,1,0,0,1,0,0,0,0,1,1,0,0,1,0,0,1,0,0,0,1,0,0,1,1,0,0,0
-0.4417729543927777,-1.2816237461508115,-1.4776613474645617,-1.0014541464706022,1,0,1,0,1,0,0,1,1,0,0,0,0,1,0,1,0,0,1,0,0,1,0,0,1,0,0,1,0,0,1,0,1,0,0,1,0,0,0,0,1
2.2636062032690805,0.020959768684196148,1.4922646927247745,0.6117740857817852,0,1,0,1,1,0,0,1,0,0,1,0,1,0,0,0,1,1,0,0,0,0,1,0,0,1,0,0,1,0,0,1,1,0,0,0,1,1,0,0,0
-0.4417729543927777,1.160720344164828,1.3744631570524597,1.9538185775528056,1,0,0,1,1,0,0,1,0,0,1,0,1,0,1,0,0,1,0,0,0,0,1,0,0,1,0,0,1,0,0,1,1,0,0,0,1,0,0,1,0
-0.4417729543927777,-1.0780950719578417,1.1023582014150013,-0.7612678512705182,1,0,1,0,1,0,0,1,1,0,0,0,1,0,0,0,1,0,0,1,0,0,1,0,0,1,1,0,0,0,0,1,1,0,0,0,1,1,0,0,0
-0.4417729543927777,1.6084834273893618,-1.3183803978231223,-0.22566185270625094,1,0,0,1,0,1,0,1,0,0,1,0,0,1,0,1,0,0,1,0,0,1,0,0,1,0,0,1,0,0,1,0,0,0,1,1,0,1,0,0,0
-0.4417729543927777,-1.1595065416350296,-1.5290958207862764,-0.973442290819811,0,1,0,1,0,1,0,1,1,0,0,0,0,1,0,1,0,0,1,0,0,1,0,0,1,0,0,1,0,0,1,0,1,0,0,1,0,0,0,0,1
-0.4417729543927777,1.038603139649046,1.4209201006978796,1.7700291923581155,1,0,1,0,1,0,0,1,0,0,1,0,1,0,0,0,1,0,0,1,0,0,1,1,0,0,0,0,1,0,0,1,0,1,0,0,1,0,0,1,0
-0.4417729543927777,-1.2816237461508115,-1.4710246412295016,-1.001366335010882,0,1,1,0,1,0,0,1,1,0,0,0,0,1,0,1,0,0,1,0,0,1,0,0,1,0,0,1,0,0,1,0,1,0,0,1,0,0,0,0,1
-0.4417729543927777,-0.9966836022806537,1.1919537355883105,-0.6505815062930186,0,1,1,0,1,0,0,1,0,0,1,0,1,0,1,0,0,0,0,1,1,0,0,1,0,0,0,0,1,0,0,1,1,0,0,1,0,0,0,1,0
-0.4417729543927777,-1.1595065416350296,-1.4992306427285065,-0.9760327288815611,0,1,1,0,1,0,0,1,1,0,0,0,0,1,0,1,0,0,1,0,0,1,0,0,1,0,0,1,0,0,1,0,1,0,0,1,0,0,0,0,1
2.2636062032690805,1.6084834273893618,1.5221298707825441,2.4503484765415178,1,0,0,1,1,0,0,1,0,0,1,0,1,0,1,0,0,0,0,1,0,0,1,0,0,1,0,0,1,0,0,1,0,0,1,0,1,0,1,0,0
-0.4417729543927777,-0.3453918448631498,-0.4124699967374367,-0.4799638400563809,1,0,0,1,0,1,1,0,0,1,0,1,0,0,0,0,1,0,0,1,0,0,1,0,0,1,1,0,0,0,0,1,0,0,1,0,1,0,0,0,1
-0.4417729543927777,-1.0373893371192477,0.13505826765501078,-0.7878527707008538,1,0,0,1,0,1,0,1,1,0,0,0,1,0,1,0,0,1,0,0,1,0,0,1,0,0,1,0,0,1,0,0,1,0,0,0,1,0,0,1,0
2.2636062032690805,-0.9152721326034656,0.34411451405939963,-0.6940920845844514,0,1,0,1,1,0,0,1,1,0,0,0,1,0,0,0,1,1,0,0,1,0,0,1,0,0,1,0,0,1,0,0,1,0,0,1,0,0,0,1,0
2.2636062032690805,-1.2409180113122176,0.3490920437356948,-0.9408642392635614,1,0,1,0,1,0,0,1,0,0,1,0,1,0,1,0,0,1,0,0,1,0,0,1,0,0,1,0,0,1,0,0,1,0,0,0,1,0,0,0,1
-0.4417729543927777,-0.6303319887333078,0.9215079565096171,-0.32686456003395287,1,0,1,0,0,1,0,1,0,0,1,0,1,0,1,0,0,0,0,1,0,0,1,0,0,1,1,0,0,1,0,0,1,0,0,0,1,0,1,0,0
-0.4417729543927777,1.07930887448764,0.13837662077254057,0.7883629312794065,0,1,0,1,1,0,0,1,0,0,1,1,0,0,0,0,1,1,0,0,1,0,0,0,0,1,1,0,0,0,0,1,0,1,0,0,1,0,0,0,1
-0.4417729543927777,1.6084834273893618,1.6167029346321489,2.582285194771342,1,0,0,1,1,0,0,1,0,0,1,0,1,0,0,0,1,0,0,1,0,0,1,0,0,1,0,0,1,0,0,1,0,0,1,0,1,1,0,0,0
2.2636062032690805,1.445660488034986,1.0492645515345214,1.87942031830474,1,0,0,1,1,0,0,1,0,0,1,0,1,0,0,0,1,0,0,1,1,0,0,1,0,0,1,0,0,0,0,1,0,1,0,0,1,0,1,0,0
-0.4417729543927777,-0.18256890550877383,-1.4942531130522116,-0.7720028022213309,1,0,0,1,0,1,0,1,1,0,0,0,0,1,0,1,0,0,1,0,0,1,0,0,1,0,0,1,0,0,1,0,0,1,0,1,0,0,0,0,1
-0.4417729543927777,0.1837827080385721,-0.2050729268918126,-0.04312378081257593,0,1,0,1,0,1,0,1,1,0,0,1,0,0,0,0,1,1,0,0,0,0,1,0,0,1,1,0,0,1,0,0,0,1,0,0,1,0,0,0,1
-0.4417729543927777,0.9164859351332639,-1.5075265255223316,-0.559784456942178,0,1,0,1,0,1,0,1,1,0,0,0,0,1,0,1,0,0,1,0,0,1,0,0,1,0,0,1,0,0,1,0,0,1,0,1,0,0,0,0,1
-0.4417729543927777,0.509428586747324,1.4441485725205896,1.1693768550059997,0,1,1,0,1,0,0,1,0,0,1,0,1,0,0,0,1,1,0,0,0,0,1,0,0,1,0,0,1,0,0,1,1,0,0,0,1,0,1,0,0
2.2636062032690805,1.404954753196392,0.6278337056082132,1.4433925150633482,0,1,0,1,1,0,0,1,0,0,1,0,1,0,0,0,1,0,0,1,1,0,0,1,0,0,1,0,0,1,0,0,1,0,0,1,0,1,0,0,0
-0.4417729543927777,1.3235432835192038,1.332983743083335,1.9013512303698974,0,1,1,0,1,0,0,1,0,0,1,0,1,0,1,0,0,0,0,1,0,0,1,1,0,0,0,0,1,0,0,1,0,0,1,1,0,0,1,0,0
-0.4417729543927777,1.5270719577121739,0.34577369061816454,1.377072910109555,1,0,0,1,0,1,0,1,1,0,0,1,0,0,0,0,1,1,0,0,1,0,0,0,0,1,0,0,1,0,0,1,0,0,1,1,0,0,1,0,0
-0.4417729543927777,1.48636622287358,-1.3051069853530024,-0.27569243188191955,1,0,0,1,0,1,0,1,0,0,1,0,0,1,0,1,0,0,1,0,0,1,0,0,1,0,0,1,0,0,1,0,0,0,1,0,1,1,0,0,0
-0.4417729543927777,1.3235432835192038,-1.3150620447055925,-0.24269727589199858,1,0,0,1,0,1,0,1,0,0,1,0,0,1,0,1,0,0,1,0,0,1,0,0,1,0,0,1,0,0,1,0,0,0,1,0,1,1,0,0,0
-0.4417729543927777,1.5677776925507678,0.6593580602247482,1.690845208555291,0,1,0,1,0,1,0,1,0,0,1,0,1,0,1,0,0,0,0,1,1,0,0,0,0,1,1,0,0,1,0,0,0,0,1,0,1,0,0,1,0
-0.4417729543927777,1.5270719577121739,-0.15197927701133282,0.8067155263609594,0,1,0,1,0,1,1,0,0,1,0,1,0,0,1,0,0,0,0,1,0,0,1,0,0,1,0,0,1,0,0,1,0,1,0,1,0,0,0,1,0
-0.4417729543927777,0.9571916699718579,-0.1702302191577479,0.5076077416885214,0,1,0,1,0,1,0,1,1,0,0,1,0,0,0,0,1,0,0,1,0,0,1,1,0,0,1,0,0,1,0,0,0,0,1,0,1,1,0,0,0
-0.4417729543927777,0.46872285190873003,1.0011484313303365,0.7724031984752333,1,0,0,1,1,0,0,1,0,0,1,0,1,0,0,0,1,0,0,1,0,0,1,0,0,1,1,0,0,1,0,0,1,0,0,0,1,0,1,0,0
-0.4417729543927777,-0.8338606629262777,-0.5269531792922212,-0.7500279844263136,0,1,1,0,1,0,0,1,1,0,0,1,0,0,1,0,0,0,0,1,1,0,0,1,0,0,1,0,0,1,0,0,1,0,0,0,1,1,0,0,0
-0.4417729543927777,-1.2816237461508115,-0.6381180087294755,-0.9903459968159781,1,0,0,1,0,1,0,1,1,0,0,1,0,0,1,0,0,1,0,0,1,0,0,1,0,0,1,0,0,1,0,0,1,0,0,0,1,0,0,1,0
-0.4417729543927777,0.020959768684196148,0.7041558273114032,0.19510870940873024,1,0,0,1,0,1,0,1,0,0,1,0,1,0,1,0,0,1,0,0,1,0,0,1,0,0,1,0,0,0,0,1,1,0,0,1,0,0,1,0,0
-0.4417729543927777,-0.6710377235719017,1.0177401969179865,-0.3273914287922749,1,0,1,0,1,0,0,1,0,0,1,0,1,0,1,0,0,0,0,1,0,0,1,1,0,0,1,0,0,0,0,1,1,0,0,0,1,0,1,0,0
2.2636062032690805,0.42801711707013607,0.6610172367835131,0.5902163724204396,0,1,1,0,1,0,0,1,0,0,1,0,1,0,1,0,0,1,0,0,1,0,0,1,0,0,0,0,1,1,0,0,1,0,0,0,1,0,0,1,0
-0.4417729543927777,0.020959768684196148,0.2594965095623851,0.06415987010076013,0,1,0,1,1,0,0,1,0,0,1,1,0,0,0,0,1,0,0,1,0,0,1,1,0,0,0,0,1,1,0,0,1,0,0,0,1,1,0,0,0
-0.4417729543927777,-0.06045170099299184,0.8285940692187777,0.22197901608315707,1,0,1,0,1,0,0,1,0,0,1,0,1,0,1,0,0,1,0,0,0,0,1,1,0,0,1,0,0,0,0,1,1,0,0,0,1,0,0,1,0
2.2636062032690805,-1.2002122764736236,0.8667551300703722,-0.8834794503363137,0,1,1,0,1,0,0,1,0,0,1,0,1,0,1,0,0,1,0,0,0,0,1,1,0,0,0,0,1,1,0,0,1,0,0,1,0,0,0,1,0
-0.4417729543927777,0.6722515261017,0.6444254711958631,0.7718763297169111,0,1,0,1,1,0,0,1,0,0,1,1,0,0,0,0,1,1,0,0,0,0,1,0,0,1,0,0,1,0,0,1,0,1,0,1,0,0,0,1,0
2.2636062032690805,-1.2409180113122176,-0.6713015399047754,-0.9692712464830945,0,1,1,0,1,0,0,1,1,0,0,1,0,0,1,0,0,1,0,0,1,0,0,1,0,0,1,0,0,1,0,0,1,0,0,0,1,0,0,1,0
-0.4417729543927777,-0.9966836022806537,0.9646465470375069,-0.6707342362988385,0,1,1,0,1,0,0,1,0,0,1,0,1,0,1,0,0,0,0,1,0,0,1,1,0,0,0,0,1,1,0,0,1,0,0,0,1,0,0,1,0
-0.4417729543927777,-0.26398037518596185,0.8252757161012474,0.014919594062574724,0,1,1,0,1,0,0,1,1,0,0,0,1,0,1,0,0,0,0,1,0,0,1,1,0,0,0,0,1,1,0,0,1,0,0,1,0,0,0,1,0
-0.4417729543927777,-1.2816237461508115,-1.5058673489635666,-1.0018273451744135,0,1,1,0,1,0,0,1,1,0,0,0,0,1,0,1,0,0,1,0,0,1,0,0,1,0,0,1,0,0,1,0,1,0,0,1,0,0,0,0,1
-0.4417729543927777,1.5677776925507678,-0.20839128000934265,0.809591351666801,1,0,0,1,0,1,1,0,0,1,0,1,0,0,0,0,1,0,0,1,1,0,0,0,0,1,0,0,1,0,0,1,0,0,1,1,0,0,0,0,1
-0.4417729543927777,1.6084834273893618,-0.1635935129226878,0.861729405875758,1,0,0,1,0,1,1,0,0,1,0,1,0,0,1,0,0,0,0,1,0,0,1,0,0,1,0,0,1,0,0,1,0,0,1,0,1,0,0,1,0
-0.4417729543927777,1.404954753196392,0.3374778078243396,1.2131728205415238,1,0,0,1,1,0,0,1,0,0,1,1,0,0,0,0,1,0,0,1,0,0,1,1,0,0,1,0,0,0,0,1,0,1,0,1,0,0,0,0,1
-0.4417729543927777,-0.5896262538947138,-0.349421287504367,-0.5901891748703487,1,0,0,1,0,1,0,1,1,0,0,1,0,0,1,0,0,1,0,0,0,0,1,0,0,1,1,0,0,1,0,0,0,1,0,0,1,0,1,0,0
-0.4417729543927777,1.201426079003422,1.0343319625056362,1.6245695093313577,0,1,0,1,1,0,0,1,0,0,1,0,1,0,0,0,1,0,0,1,1,0,0,1,0,0,1,0,0,0,0,1,0,1,0,1,0,0,0,1,0
2.2636062032690805,-0.06045170099299184,1.0509237280932862,0.25317403714881087,0,1,1,0,1,0,0,1,0,0,1,0,1,0,1,0,0,1,0,0,0,0,1,0,0,1,0,0,1,1,0,0,1,0,0,0,1,1,0,0,0
-0.4417729543927777,-0.9966836022806537,-1.4826388771408565,-0.9408861921284917,0,1,0,1,1,0,0,1,1,0,0,0,0,1,0,1,0,0,1,0,0,1,0,0,1,0,0,1,0,0,1,0,1,0,0,1,0,0,0,0,1
-0.4417729543927777,1.5270719577121739,-0.6746198930223054,0.3322921623568452,1,0,1,0,1,0,1,0,0,1,0,1,0,0,0,0,1,0,0,1,0,0,1,0,0,1,1,0,0,1,0,0,0,0,1,0,1,1,0,0,0
-0.4417729543927777,1.48636622287358,-0.13704668798244804,0.8614659714965968,0,1,0,1,1,0,1,0,0,1,0,1,0,0,1,0,0,0,0,1,0,0,1,0,0,1,0,0,1,0,0,1,0,1,0,0,1,0,1,0,0
-0.4417729543927777,-1.2816237461508115,0.8518225410414871,-0.9706323241087598,1,0,1,0,1,0,0,1,1,0,0,0,1,0,1,0,0,1,0,0,1,0,0,1,0,0,0,0,1,0,0,1,1,0,0,1,0,0,0,1,0
-0.4417729543927777,-0.3860975797017438,0.45196099037912413,-0.2012063611741338,1,0,1,0,1,0,0,1,0,0,1,1,0,0,0,0,1,1,0,0,0,0,1,1,0,0,0,0,1,0,0,1,0,1,0,0,1,0,0,1,0
-0.4417729543927777,1.6084834273893618,0.7207475928990531,1.6653140266415996,0,1,0,1,1,0,0,1,0,0,1,1,0,0,0,0,1,1,0,0,0,0,1,0,0,1,0,0,1,0,0,1,0,0,1,1,0,0,1,0,0
-0.4417729543927777,0.712957260940294,0.15994591603648564,0.5516232358733463,1,0,0,1,0,1,0,1,1,0,0,0,1,0,1,0,0,1,0,0,1,0,0,1,0,0,1,0,0,1,0,0,1,0,0,0,1,1,0,0,0
-0.4417729543927777,0.46872285190873003,0.8451858348064276,0.7734788888568075,0,1,1,0,1,0,0,1,0,0,1,0,1,0,1,0,0,1,0,0,0,0,1,1,0,0,1,0,0,0,0,1,1,0,0,0,1,0,0,0,1
-0.4417729543927777,1.6084834273893618,-1.4892755833759166,-0.3853469922077051,1,0,0,1,1,0,0,1,1,0,0,0,0,1,0,1,0,0,1,0,0,1,0,0,1,0,0,1,0,0,1,0,0,0,1,1,0,1,0,0,0
-0.4417729543927777,-0.9966836022806537,-1.183987096563158,-0.9107668614444121,1,0,1,0,1,0,1,0,0,1,0,1,0,0,1,0,0,0,0,1,1,0,0,1,0,0,1,0,0,1,0,0,1,0,0,0,1,0,0,0,1
-0.4417729543927777,0.2651941777157601,-0.9749308501587691,-0.4356190528976048,0,1,1,0,1,0,1,0,0,1,0,1,0,0,1,0,0,1,0,0,0,0,1,0,0,1,1,0,0,1,0,0,0,1,0,1,0,0,0,0,1
-0.4417729543927777,-0.5896262538947138,-0.4954288246756863,-0.618464464900301,1,0,1,0,1,0,0,1,1,0,0,1,0,0,1,0,0,1,0,0,0,0,1,1,0,0,1,0,0,1,0,0,1,0,0,0,1,0,0,0,1
2.2636062032690805,-0.019745966154397845,0.9629873704787419,0.24592959172188208,0,1,0,1,0,1,0,1,1,0,0,0,1,0,1,0,0,0,0,1,1,0,0,1,0,0,0,0,1,0,0,1,1,0,0,0,1,0,0,0,1
-0.4417729543927777,1.5677776925507678,1.1189499670026513,2.0466791962070747,0,1,0,1,1,0,0,1,0,0,1,0,1,0,1,0,0,1,0,0,0,0,1,1,0,0,0,0,1,0,0,1,0,1,0,0,1,0,1,0,0
-0.4417729543927777,-1.2409180113122176,0.19147027065302058,-0.9483062604748612,1,0,0,1,1,0,0,1,1,0,0,0,1,0,1,0,0,1,0,0,1,0,0,1,0,0,1,0,0,1,0,0,1,0,0,0,1,0,0,1,0
-0.4417729543927777,1.2421318138420159,-1.5008898192872715,-0.4502396609410429,0,1,0,1,0,1,0,1,1,0,0,0,0,1,0,1,0,0,1,0,0,1,0,0,1,0,0,1,0,0,1,0,0,0,1,1,0,0,0,0,1
-0.4417729543927777,0.42801711707013607,-0.1635935129226878,0.1085485629893966,0,1,1,0,1,0,0,1,1,0,0,1,0,0,1,0,0,0,0,1,1,0,0,1,0,0,1,0,0,0,0,1,0,0,1,0,1,0,0,1,0
-0.4417729543927777,0.38731138223154205,0.6958599445175783,0.6271630440977763,1,0,0,1,1,0,0,1,0,0,1,0,1,0,1,0,0,1,0,0,0,0,1,0,0,1,1,0,0,1,0,0,1,0,0,0,1,0,1,0,0
-0.4417729543927777,-0.3453918448631498,-1.3200395743818873,-0.7676122292353134,1,0,1,0,1,0,0,1,0,0,1,0,0,1,0,1,0,0,1,0,0,1,0,0,1,0,0,1,0,0,1,0,0,0,1,1,0,0,1,0,0
-0.4417729543927777,1.2421318138420159,-0.19677704409798766,0.6174379249337477,0,1,0,1,0,1,1,0,0,1,0,1,0,0,0,0,1,0,0,1,0,0,1,1,0,0,0,0,1,0,0,1,0,0,1,1,0,0,0,1,0
-0.4417729543927777,-1.0373893371192477,-1.4826388771408565,-0.9470329943089161,0,1,0,1,0,1,0,1,1,0,0,0,0,1,0,1,0,0,1,0,0,1,0,0,1,0,0,1,0,0,1,0,1,0,0,1,0,0,0,0,1
-0.4417729543927777,-0.5082147842175258,-1.5108448786398616,-0.8459839570357247,0,1,1,0,0,1,0,1,1,0,0,0,0,1,0,1,0,0,1,0,0,1,0,0,1,0,0,1,0,0,1,0,1,0,0,0,1,0,0,1,0
-0.4417729543927777,0.46872285190873003,-1.4743429943470316,-0.6306043992066392,0,1,0,1,0,1,0,1,1,0,0,0,0,1,0,1,0,0,1,0,0,1,0,0,1,0,0,1,0,0,1,0,0,1,0,0,1,1,0,0,0
-0.4417729543927777,-0.18256890550877383,-0.133728334864918,-0.22640825011387383,0,1,0,1,1,0,0,1,1,0,0,1,0,0,0,0,1,0,0,1,1,0,0,0,0,1,1,0,0,1,0,0,1,0,0,1,0,0,0,0,1
2.2636062032690805,-0.9966836022806537,-0.133728334864918,-0.7680732393988452,0,1,0,1,1,0,0,1,1,0,0,1,0,0,0,0,1,1,0,0,1,0,0,1,0,0,0,0,1,1,0,0,1,0,0,1,0,1,0,0,0
-0.4417729543927777,1.5270719577121739,1.5022197520773644,2.365851899425612,1,0,0,1,0,1,0,1,0,0,1,0,1,0,1,0,0,0,0,1,0,0,1,0,0,1,0,0,1,0,0,1,0,0,1,0,1,0,0,1,0
2.2636062032690805,1.6084834273893618,0.3142493360016301,1.3432654981172205,0,1,0,1,1,0,0,1,1,0,0,1,0,0,0,0,1,0,0,1,0,0,1,0,0,1,0,0,1,1,0,0,0,0,1,1,0,1,0,0,0
-0.4417729543927777,-1.2816237461508115,-0.12543245207109305,-0.983562561552581,0,1,1,0,1,0,0,1,0,0,1,1,0,0,0,0,1,0,0,1,1,0,0,1,0,0,1,0,0,1,0,0,1,0,0,1,0,0,0,1,0
-0.4417729543927777,1.404954753196392,-1.3051069853530024,-0.22673754308782512,0,1,0,1,1,0,0,1,0,0,1,0,0,1,0,1,0,0,1,0,0,1,0,0,1,0,0,1,0,0,1,0,0,0,1,1,0,0,1,0,0
-0.4417729543927777,0.10237123836138413,0.8219573629837176,0.3794688690916025,0,1,0,1,0,1,0,1,1,0,0,0,1,0,1,0,0,0,0,1,1,0,0,0,0,1,0,0,1,1,0,0,0,1,0,0,1,0,0,1,0
2.2636062032690805,0.509428586747324,0.33913698438310497,0.5176621538265014,0,1,0,1,1,0,0,1,0,0,1,1,0,0,0,0,1,1,0,0,0,0,1,0,0,1,1,0,0,0,0,1,0,0,1,1,0,0,1,0,0
-0.4417729543927777,-0.8745663977648717,-1.5008898192872715,-0.9154867274043809,1,0,1,0,0,1,0,1,1,0,0,0,0,1,0,1,0,0,1,0,0,1,0,0,1,0,0,1,0,0,1,0,1,0,0,1,0,0,1,0,0
-0.4417729543927777,-1.1595065416350296,-0.12045492239479813,-0.9009100250908028,0,1,1,0,1,0,0,1,1,0,0,1,0,0,1,0,0,1,0,0,1,0,0,0,0,1,0,0,1,1,0,0,1,0,0,0,1,0,0,1,0
-0.4417729543927777,-0.6710377235719017,-1.4876164068171516,-0.8803840963811713,1,0,1,0,1,0,0,1,1,0,0,0,0,1,0,1,0,0,1,0,0,1,0,0,1,0,0,1,0,0,1,0,0,1,0,1,0,0,0,0,1
-0.4417729543927777,-0.5896262538947138,-1.5058673489635666,-0.839507861881349,1,0,1,0,1,0,0,1,1,0,0,0,0,1,0,1,0,0,1,0,0,1,0,0,1,0,0,1,0,0,1,0,1,0,0,0,1,0,0,0,1
2.2636062032690805,-1.1595065416350296,0.9746016063900966,-0.8240530449705675,1,0,1,0,1,0,0,1,0,0,1,0,1,0,1,0,0,1,0,0,1,0,0,1,0,0,0,0,1,0,0,1,1,0,0,0,1,0,0,1,0
-0.4417729543927777,-0.5082147842175258,-1.4793205240233265,-0.8377955384168021,1,0,0,1,1,0,0,1,1,0,0,0,0,1,0,1,0,0,1,0,0,1,0,0,1,0,0,1,0,0,1,0,0,1,0,1,0,0,0,0,1
-0.4417729543927777,1.404954753196392,0.7920921849259476,1.5814101768788063,0,1,1,0,1,0,0,1,0,0,1,1,0,0,0,0,1,0,0,1,0,0,1,0,0,1,0,0,1,0,0,1,0,1,0,0,1,1,0,0,0
2.2636062032690805,0.3058999125543541,1.1023582014150013,0.7971001715215814,0,1,0,1,1,0,0,1,1,0,0,0,1,0,0,0,1,0,0,1,0,0,1,0,0,1,0,0,1,1,0,0,0,1,0,0,1,0,1,0,0
-0.4417729543927777,-1.0780950719578417,-1.4594104053181467,-0.9623341411651868,1,0,1,0,1,0,0,1,1,0,0,0,0,1,0,1,0,0,1,0,0,1,0,0,1,0,0,1,0,0,1,0,1,0,0,0,1,0,0,0,1
-0.4417729543927777,1.07930887448764,0.9430772517735617,1.3545712235562155,1,0,0,1,1,0,0,1,0,0,1,0,1,0,1,0,0,1,0,0,0,0,1,0,0,1,0,0,1,1,0,0,1,0,0,1,0,0,0,1,0
-0.4417729543927777,0.712957260940294,-0.8372191957812746,-0.16182292148955735,1,0,1,0,1,0,1,0,0,1,0,1,0,0,1,0,0,0,0,1,0,0,1,0,0,1,1,0,0,1,0,0,0,0,1,1,0,0,1,0,0
-0.4417729543927777,-1.2816237461508115,0.6593580602247482,-0.9731788564406498,0,1,0,1,1,0,0,1,1,0,0,0,1,0,1,0,0,1,0,0,1,0,0,0,0,1,0,0,1,1,0,0,1,0,0,0,1,0,0,1,0
-0.4417729543927777,-0.7931549280876837,-0.7011667179625454,-0.7502036073457542,1,0,0,1,1,0,0,1,1,0,0,1,0,0,1,0,0,1,0,0,1,0,0,1,0,0,1,0,0,1,0,0,0,1,0,1,0,0,0,1,0
-0.4417729543927777,-0.46750904937893173,-1.3349721634107723,-0.8053052983202731,0,1,1,0,0,1,0,1,0,0,1,0,0,1,0,1,0,0,1,0,0,1,0,0,1,0,0,1,0,0,1,0,1,0,0,1,0,0,0,0,1
-0.4417729543927777,0.3466056473929481,1.3728039804936947,0.9405182381098408,1,0,1,0,1,0,0,1,0,0,1,0,1,0,1,0,0,0,0,1,0,0,1,1,0,0,0,0,1,0,0,1,1,0,0,0,1,0,0,1,0
-0.4417729543927777,0.061665503522790134,1.3412796258771598,0.6090958362603145,1,0,1,0,0,1,0,1,1,0,0,0,1,0,0,0,1,0,0,1,0,0,1,1,0,0,0,0,1,0,0,1,1,0,0,0,1,1,0,0,0
-0.4417729543927777,-0.14186317067017984,1.1239274966789459,0.22206682754287735,0,1,1,0,1,0,0,1,1,0,0,0,1,0,1,0,0,1,0,0,0,0,1,0,0,1,0,0,1,0,0,1,1,0,0,0,1,0,1,0,0
-0.4417729543927777,0.3058999125543541,0.00564249607134118,0.12499125882203183,1,0,1,0,1,0,0,1,1,0,0,1,0,0,0,0,1,0,0,1,1,0,0,1,0,0,0,0,1,1,0,0,1,0,0,1,0,0,0,0,1
-0.4417729543927777,-1.2816237461508115,0.16658262227154572,-0.9796988573248858,0,1,1,0,1,0,0,1,1,0,0,0,1,0,1,0,0,1,0,0,1,0,0,1,0,0,1,0,0,1,0,0,1,0,0,1,0,0,0,1,0
-0.4417729543927777,0.6722515261017,1.108994907650061,1.1362280289615683,1,0,0,1,0,1,0,1,0,0,1,0,1,0,1,0,0,0,0,1,1,0,0,1,0,0,0,0,1,0,0,1,1,0,0,0,1,0,0,1,0
-0.4417729543927777,0.10237123836138413,-0.1768669253928077,-0.09062978052128454,0,1,1,0,1,0,0,1,0,0,1,1,0,0,0,0,1,1,0,0,0,0,1,1,0,0,1,0,0,1,0,0,1,0,0,0,1,0,0,1,0
-0.4417729543927777,-0.9966836022806537,-0.337807051593012,-0.8180818657095839,0,1,1,0,1,0,0,1,1,0,0,1,0,0,1,0,0,1,0,0,1,0,0,1,0,0,1,0,0,0,0,1,1,0,0,0,1,0,1,0,0
-0.4417729543927777,-0.5896262538947138,0.11348897239106566,-0.43972423863953114,0,1,1,0,1,0,0,1,1,0,0,1,0,0,0,0,1,1,0,0,0,0,1,0,0,1,0,0,1,1,0,0,1,0,0,0,1,0,0,1,0
2.2636062032690805,0.712957260940294,1.3313245665245699,1.2565736345083063,0,1,0,1,1,0,0,1,0,0,1,0,1,0,0,0,1,1,0,0,0,0,1,1,0,0,0,0,1,0,0,1,0,0,1,0,1,0,1,0,0
2.2636062032690805,-0.019745966154397845,0.6975191210763432,0.14369509974246608,1,0,0,1,1,0,0,1,0,0,1,0,1,0,1,0,0,1,0,0,1,0,0,1,0,0,0,0,1,1,0,0,1,0,0,0,1,0,1,0,0
-0.4417729543927777,-0.3860975797017438,-0.5053838840282762,-0.5356802112489423,1,0,1,0,1,0,0,1,1,0,0,1,0,0,1,0,0,1,0,0,0,0,1,1,0,0,1,0,0,1,0,0,1,0,0,1,0,0,1,0,0
-0.4417729543927777,-1.2002122764736236,0.4503018138203592,-0.9041370962355256,0,1,1,0,1,0,0,1,1,0,0,0,1,0,1,0,0,1,0,0,1,0,0,1,0,0,0,0,1,1,0,0,1,0,0,0,1,0,0,1,0
-0.4417729543927777,0.2244884428771661,0.4652344028492443,0.24641255475034415,0,1,0,1,0,1,0,1,0,0,1,1,0,0,1,0,0,0,0,1,0,0,1,1,0,0,0,0,1,0,0,1,0,1,0,1,0,0,1,0,0
-0.4417729543927777,0.753662995778888,1.0442870218582265,1.1458214309360164,0,1,0,1,1,0,0,1,0,0,1,0,1,0,0,0,1,0,0,1,1,0,0,1,0,0,1,0,0,0,0,1,0,1,0,0,1,0,1,0,0
-0.4417729543927777,-1.1188008067964357,-0.2913501079475923,-0.8824476656845995,0,1,1,0,1,0,0,1,1,0,0,1,0,0,1,0,0,1,0,0,0,0,1,0,0,1,1,0,0,1,0,0,1,0,0,1,0,0,0,1,0
-0.4417729543927777,1.2421318138420159,1.0310136093881066,1.6721194147699268,1,0,0,1,1,0,0,1,1,0,0,0,1,0,1,0,0,0,0,1,1,0,0,1,0,0,0,0,1,0,0,1,0,1,0,0,1,0,0,1,0
2.2636062032690805,-1.2816237461508115,0.22299462526955555,-0.9789524599172628,0,1,1,0,1,0,0,1,1,0,0,0,1,0,1,0,0,1,0,0,1,0,0,1,0,0,1,0,0,1,0,0,1,0,0,0,1,0,0,1,0
-0.4417729543927777,-1.1595065416350296,-0.8753802566328696,-0.9418740710503456,0,1,0,1,0,1,1,0,0,1,0,1,0,0,0,0,1,1,0,0,1,0,0,1,0,0,0,0,1,1,0,0,1,0,0,1,0,0,1,0,0
-0.4417729543927777,0.38731138223154205,-0.1586159832463929,0.052810238931905104,1,0,1,0,1,0,0,1,0,0,1,1,0,0,0,0,1,0,0,1,1,0,0,1,0,0,1,0,0,1,0,0,0,1,0,0,1,1,0,0,0
-0.4417729543927777,1.5677776925507678,1.1803394996769558,2.0764472810522725,1,0,0,1,0,1,0,1,0,0,1,0,1,0,0,0,1,0,0,1,0,0,1,1,0,0,0,0,1,1,0,0,0,0,1,1,0,1,0,0,0
-0.4417729543927777,-1.2816237461508115,-0.6381180087294755,-0.9903459968159781,0,1,1,0,1,0,0,1,1,0,0,1,0,0,1,0,0,1,0,0,1,0,0,1,0,0,1,0,0,1,0,0,1,0,0,0,1,0,0,0,1
2.2636062032690805,-0.14186317067017984,0.8352307754538373,0.15603260983317505,0,1,0,1,1,0,0,1,1,0,0,0,1,0,0,0,1,1,0,0,0,0,1,1,0,0,1,0,0,0,0,1,0,1,0,1,0,1,0,0,0
-0.4417729543927777,-0.06045170099299184,0.9812383126251567,0.2976285886322374,0,1,1,0,1,0,0,1,1,0,0,0,1,0,1,0,0,0,0,1,1,0,0,1,0,0,0,0,1,0,0,1,1,0,0,0,1,0,0,1,0
-0.4417729543927777,-0.9559778674420596,0.0006649663950464859,-0.7698953271880425,0,1,1,0,1,0,0,1,1,0,0,1,0,0,0,0,1,1,0,0,1,0,0,0,0,1,1,0,0,0,0,1,1,0,0,1,0,0,0,0,1
2.2636062032690805,-0.6710377235719017,-0.18350363162786779,-0.5608601473237522,1,0,1,0,1,0,0,1,1,0,0,1,0,0,1,0,0,1,0,0,1,0,0,0,0,1,0,0,1,1,0,0,1,0,0,1,0,0,0,1,0
-0.4417729543927777,-1.2816237461508115,-1.4776613474645617,-1.0014541464706022,0,1,1,0,1,0,0,1,1,0,0,0,0,1,0,1,0,0,1,0,0,1,0,0,1,0,0,1,0,0,1,0,1,0,0,1,0,0,0,0,1
-0.4417729543927777,-0.10115743583158582,0.9679649001550366,0.2209033257015827,1,0,0,1,1,0,0,1,0,0,1,0,1,0,1,0,0,0,0,1,1,0,0,0,0,1,0,0,1,1,0,0,1,0,0,0,1,0,1,0,0
-0.4417729543927777,0.6722515261017,-1.5241182911099813,-0.6070489751366557,1,0,0,1,1,0,0,1,1,0,0,0,0,1,0,1,0,0,1,0,0,1,0,0,1,0,0,1,0,0,1,0,0,1,0,1,0,0,1,0,0
-0.4417729543927777,-0.3860975797017438,0.1516500332426607,-0.2850443523421368,1,0,0,1,0,1,0,1,0,0,1,1,0,0,1,0,0,0,0,1,1,0,0,0,0,1,0,0,1,1,0,0,1,0,0,0,1,0,1,0,0
-0.4417729543927777,-1.2816237461508115,0.33084110158928,-0.9775255236968071,1,0,1,0,1,0,0,1,1,0,0,0,1,0,1,0,0,1,0,0,0,0,1,1,0,0,1,0,0,1,0,0,1,0,0,0,1,0,0,1,0
-0.4417729543927777,-0.9152721326034656,-0.5103614137045713,-0.8015513584172282,0,1,0,1,0,1,0,1,1,0,0,1,0,0,1,0,0,0,0,1,1,0,0,1,0,0,1,0,0,1,0,0,0,1,0,1,0,0,0,0,1
-0.4417729543927777,0.712957260940294,-1.3266762806169472,-0.456562086040908,0,1,0,1,0,1,0,1,0,0,1,0,0,1,0,1,0,0,1,0,0,1,0,0,1,0,0,1,0,0,1,0,0,0,1,1,0,0,0,0,1
-0.4417729543927777,1.120014609326234,0.9679649001550366,1.3938229460512113,1,0,0,1,1,0,0,1,0,0,1,0,1,0,0,0,1,0,0,1,1,0,0,1,0,0,1,0,0,0,0,1,1,0,0,0,1,0,1,0,0
-0.4417729543927777,-1.2816237461508115,-1.4809797005820917,-1.0014980522004622,1,0,1,0,1,0,0,1,1,0,0,0,0,1,0,1,0,0,1,0,0,1,0,0,1,0,0,1,0,0,1,0,1,0,0,0,1,0,0,0,1
-0.4417729543927777,-1.2409180113122176,-0.09556727401332325,-0.9584704369374913,0,1,1,0,1,0,0,1,0,0,1,1,0,0,1,0,0,1,0,0,1,0,0,1,0,0,1,0,0,0,0,1,1,0,0,1,0,1,0,0,0
2.2636062032690805,-0.019745966154397845,0.33084110158928,0.0008917133722488891,0,1,0,1,1,0,0,1,0,0,1,0,1,0,1,0,0,1,0,0,1,0,0,1,0,0,1,0,0,1,0,0,1,0,0,0,1,0,0,1,0
-0.4417729543927777,0.020959768684196148,-1.4892755833759166,-0.7164840068131403,1,0,0,1,1,0,0,1,1,0,0,0,0,1,0,1,0,0,1,0,0,1,0,0,1,0,0,1,0,0,1,0,1,0,0,1,0,0,0,0,1
2.2636062032690805,-0.3453918448631498,1.0492645515345214,-0.01662667284196073,1,0,0,1,0,1,0,1,1,0,0,0,1,0,1,0,0,1,0,0,0,0,1,1,0,0,0,0,1,0,0,1,0,0,1,0,1,0,0,1,0
2.2636062032690805,0.3466056473929481,1.5602909316341391,0.9806700280669702,0,1,0,1,0,1,0,1,0,0,1,0,1,0,1,0,0,0,0,1,0,0,1,0,0,1,0,0,1,0,0,1,0,1,0,0,1,0,0,1,0
2.2636062032690805,0.3058999125543541,-0.8504926082513947,-0.29149849463158234,1,0,0,1,1,0,1,0,0,1,0,1,0,0,1,0,0,0,0,1,1,0,0,1,0,0,0,0,1,1,0,0,1,0,0,0,1,0,0,1,0
-0.4417729543927777,0.2244884428771661,-1.3233579274994174,-0.5871816323749267,0,1,0,1,0,1,0,1,0,0,1,0,0,1,0,1,0,0,1,0,0,1,0,0,1,0,0,1,0,0,1,0,0,0,1,1,0,0,1,0,0
2.2636062032690805,1.2828375486806098,1.5486766957227838,2.106456847411702,0,1,0,1,0,1,0,1,0,0,1,0,1,0,0,0,1,1,0,0,0,0,1,0,0,1,0,0,1,0,0,1,0,0,1,0,1,1,0,0,0
2.2636062032690805,1.445660488034986,-0.14202421765874296,0.7352369981485957,1,0,0,1,1,0,0,1,1,0,0,1,0,0,1,0,0,0,0,1,0,0,1,0,0,1,1,0,0,1,0,0,0,1,0,0,1,1,0,0,0
-0.4417729543927777,1.5677776925507678,-0.5169981199396311,0.5329852535477023,0,1,0,1,1,0,1,0,0,1,0,1,0,0,1,0,0,0,0,1,1,0,0,1,0,0,0,0,1,0,0,1,0,0,1,1,0,0,0,1,0
-0.4417729543927777,0.061665503522790134,1.289845152555445,0.5134691566248548,0,1,1,0,0,1,0,1,0,0,1,0,1,0,0,0,1,0,0,1,1,0,0,1,0,0,0,0,1,0,0,1,0,1,0,0,1,0,0,1,0
2.2636062032690805,-0.5489205190561198,0.8518225410414871,-0.28157579968318297,0,1,1,0,1,0,0,1,0,0,1,0,1,0,0,0,1,1,0,0,1,0,0,1,0,0,0,0,1,1,0,0,1,0,0,0,1,0,0,1,0
-0.4417729543927777,-1.2816237461508115,-1.4842980536996215,-1.0015419579303226,0,1,1,0,1,0,0,1,1,0,0,0,0,1,0,1,0,0,1,0,0,1,0,0,1,0,0,1,0,0,1,0,1,0,0,1,0,0,0,0,1
-0.4417729543927777,-0.6303319887333078,1.2483657385863203,-0.24535357254853912,0,1,0,1,1,0,0,1,0,0,1,0,1,0,1,0,0,0,0,1,0,0,1,1,0,0,0,0,1,0,0,1,1,0,0,0,1,0,0,1,0
-0.4417729543927777,0.87578020029467,1.299800211908035,1.4684187810836478,1,0,0,1,0,1,0,1,0,0,1,0,1,0,0,0,1,0,0,1,1,0,0,1,0,0,0,0,1,0,0,1,1,0,0,0,1,1,0,0,0
-0.4417729543927777,0.3058999125543541,-0.09556727401332325,0.09230344294113207,0,1,1,0,1,0,1,0,0,1,0,1,0,0,0,0,1,0,0,1,0,0,1,1,0,0,0,0,1,0,0,1,0,1,0,1,0,0,1,0,0
-0.4417729543927777,0.42801711707013607,1.6631598782775685,1.1388184670233188,1,0,1,0,1,0,0,1,0,0,1,0,1,0,0,0,1,0,0,1,0,0,1,0,0,1,0,0,1,0,0,1,0,0,1,1,0,0,1,0,0
-0.4417729543927777,-0.7931549280876837,0.3341594547068098,-0.5715950982745649,1,0,1,0,1,0,0,1,0,0,1,0,1,0,1,0,0,1,0,0,1,0,0,1,0,0,1,0,0,1,0,0,1,0,0,0,1,0,0,0,1
-0.4417729543927777,1.364249018357798,-1.3100845150292972,-0.26438670644292467,0,1,1,0,1,0,0,1,0,0,1,0,0,1,0,1,0,0,1,0,0,1,0,0,1,0,0,1,0,0,1,0,0,1,0,1,0,1,0,0,0
-0.4417729543927777,-1.2816237461508115,-0.6215262431418256,-0.9901264681666773,0,1,1,0,1,0,0,1,1,0,0,1,0,0,1,0,0,1,0,0,1,0,0,1,0,0,1,0,0,1,0,0,1,0,0,1,0,0,1,0,0
-0.4417729543927777,-1.2409180113122176,-0.6480730680820656,-0.9748692270402667,1,0,1,0,1,0,0,1,1,0,0,1,0,0,1,0,0,1,0,0,1,0,0,1,0,0,1,0,0,1,0,0,1,0,0,0,1,0,0,1,0
-0.4417729543927777,-0.14186317067017984,-1.3299946337344772,-0.6644118111989735,0,1,1,0,1,0,1,0,0,1,0,1,0,0,1,0,0,1,0,0,1,0,0,1,0,0,1,0,0,1,0,0,0,1,0,0,1,0,0,0,1
-0.4417729543927777,-0.3046861100245558,1.1720436168831307,0.037948149374236115,1,0,1,0,1,0,0,1,0,0,1,0,1,0,1,0,0,0,0,1,1,0,0,1,0,0,0,0,1,0,0,1,1,0,0,0,1,0,0,1,0
2.2636062032690805,-0.46750904937893173,-0.7642154271956151,-0.6415588788067528,1,0,1,0,1,0,1,0,0,1,0,1,0,0,0,0,1,1,0,0,1,0,0,1,0,0,0,0,1,1,0,0,1,0,0,0,1,0,0,1,0
2.2636062032690805,0.2244884428771661,0.6145602931380936,0.3713682619324004,1,0,0,1,1,0,0,1,1,0,0,0,1,0,0,0,1,1,0,0,1,0,0,1,0,0,1,0,0,0,0,1,1,0,0,0,1,0,0,1,0
-0.4417729543927777,-1.0780950719578417,-1.5241182911099813,-0.9640903703595938,1,0,0,1,0,1,0,1,1,0,0,0,0,1,0,1,0,0,1,0,0,1,0,0,1,0,0,1,0,0,1,0,0,1,0,1,0,0,1,0,0
-0.4417729543927777,0.9164859351332639,1.3014593884668004,1.5111171033726674,0,1,0,1,1,0,0,1,0,0,1,0,1,0,1,0,0,1,0,0,0,0,1,0,0,1,0,0,1,0,0,1,0,1,0,0,1,0,0,1,0
-0.4417729543927777,1.07930887448764,1.147155968501656,1.5632332047166941,0,1,0,1,0,1,0,1,0,0,1,0,1,0,1,0,0,1,0,0,0,0,1,1,0,0,0,0,1,0,0,1,0,0,1,0,1,0,1,0,0
-0.4417729543927777,0.6722515261017,-1.5091857020810964,-0.6059074261602911,1,0,1,0,0,1,0,1,1,0,0,0,0,1,0,1,0,0,1,0,0,1,0,0,1,0,0,1,0,0,1,0,0,1,0,1,0,0,1,0,0
-0.4417729543927777,-0.9152721326034656,-1.5042081724048015,-0.9272315101419775,0,1,0,1,1,0,0,1,1,0,0,0,0,1,0,1,0,0,1,0,0,1,0,0,1,0,0,1,0,0,1,0,0,1,0,1,0,1,0,0,0
-0.4417729543927777,-0.3860975797017438,0.5332606417586089,-0.16869416821267466,0,1,1,0,1,0,0,1,0,0,1,0,1,0,1,0,0,1,0,0,0,0,1,1,0,0,1,0,0,1,0,0,1,0,0,0,1,0,0,1,0
-0.4417729543927777,-1.2816237461508115,-1.4826388771408565,-1.0015200050653925,1,0,1,0,1,0,0,1,1,0,0,0,0,1,0,1,0,0,1,0,0,1,0,0,1,0,0,1,0,0,1,0,1,0,0,0,1,0,0,0,1
-0.4417729543927777,-0.06045170099299184,1.099039848297471,0.3428075846583569,0,1,0,1,0,1,0,1,0,0,1,0,1,0,0,0,1,1,0,0,0,0,1,1,0,0,0,0,1,1,0,0,0,1,0,1,0,1,0,0,0
2.2636062032690805,0.9571916699718579,0.25451897988608996,0.7828527621819547,1,0,0,1,0,1,0,1,1,0,0,1,0,0,0,0,1,1,0,0,1,0,0,0,0,1,0,0,1,0,0,1,0,0,1,0,1,0,1,0,0
-0.4417729543927777,1.5677776925507678,0.523305582406019,1.4944329260258011,1,0,0,1,1,0,0,1,1,0,0,1,0,0,1,0,0,0,0,1,0,0,1,0,0,1,0,0,1,0,0,1,0,0,1,0,1,0,1,0,0
-0.4417729543927777,0.550134321585918,0.4735302856430692,0.5674732043528693,1,0,1,0,1,0,0,1,0,0,1,1,0,0,0,0,1,1,0,0,0,0,1,1,0,0,0,0,1,0,0,1,0,0,1,1,0,0,0,0,1
2.2636062032690805,-0.7117434584104957,0.3142493360016301,-0.5387316594742244,0,1,1,0,1,0,0,1,1,0,0,0,1,0,1,0,0,0,0,1,1,0,0,1,0,0,1,0,0,1,0,0,1,0,0,0,1,0,0,1,0
-0.4417729543927777,-1.2409180113122176,-1.4959122896109764,-0.9875799358347871,1,0,0,1,1,0,0,1,1,0,0,0,0,1,0,1,0,0,1,0,0,1,0,0,1,0,0,1,0,0,1,0,1,0,0,1,0,1,0,0,0
-0.4417729543927777,1.5677776925507678,-1.3631781649097772,-0.27626320637010193,1,0,0,1,1,0,0,1,0,0,1,0,0,1,0,1,0,0,1,0,0,1,0,0,1,0,0,1,0,0,1,0,0,0,1,1,0,0,0,0,1
-0.4417729543927777,0.3058999125543541,-1.5042081724048015,-0.6552355136581971,0,1,0,1,0,1,0,1,1,0,0,0,0,1,0,1,0,0,1,0,0,1,0,0,1,0,0,1,0,0,1,0,0,0,1,1,0,0,0,0,1
-0.4417729543927777,-0.9966836022806537,-1.4859572302583866,-0.9418082124555552,1,0,0,1,1,0,0,1,1,0,0,0,0,1,0,1,0,0,1,0,0,1,0,0,1,0,0,1,0,0,1,0,1,0,0,1,0,1,0,0,0
-0.4417729543927777,-0.8338606629262777,-0.6596873039934206,-0.7807400424635056,1,0,1,0,1,0,0,1,1,0,0,1,0,0,1,0,0,1,0,0,1,0,0,1,0,0,1,0,0,1,0,0,1,0,0,0,1,0,0,1,0
2.2636062032690805,-1.2002122764736236,0.9928525485365115,-0.8629974273565423,0,1,1,0,1,0,0,1,0,0,1,0,1,0,1,0,0,1,0,0,1,0,0,1,0,0,0,0,1,0,0,1,1,0,0,0,1,0,0,1,0
2.2636062032690805,-0.5896262538947138,1.0127626672416916,-0.24094104669759162,0,1,1,0,1,0,0,1,0,0,1,0,1,0,1,0,0,1,0,0,1,0,0,1,0,0,0,0,1,0,0,1,1,0,0,0,1,0,0,1,0
-0.4417729543927777,1.6084834273893618,1.4358526897267647,2.4320617400547553,0,1,0,1,1,0,0,1,0,0,1,0,1,0,1,0,0,0,0,1,0,0,1,0,0,1,0,0,1,0,0,1,0,0,1,0,1,0,0,1,0
-0.4417729543927777,1.5270719577121739,0.9911933719777466,2.0011050486122133,1,0,0,1,1,0,0,1,0,0,1,1,0,0,0,0,1,0,0,1,0,0,1,0,0,1,0,0,1,0,0,1,0,0,1,0,1,0,1,0,0
-0.4417729543927777,0.5908400564245121,0.315908512560395,0.5308119199196237,1,0,1,0,1,0,0,1,1,0,0,1,0,0,1,0,0,1,0,0,0,0,1,0,0,1,0,0,1,0,0,1,0,0,1,1,0,0,0,0,1
2.2636062032690805,-0.14186317067017984,-0.2117096331268727,-0.25569337193061015,1,0,1,0,1,0,0,1,0,0,1,1,0,0,0,0,1,0,0,1,1,0,0,1,0,0,1,0,0,1,0,0,1,0,0,0,1,1,0,0,0
-0.4417729543927777,1.6084834273893618,-1.4726838177882668,-0.3814393822501496,0,1,0,1,0,1,0,1,1,0,0,0,0,1,0,1,0,0,1,0,0,1,0,0,1,0,0,1,0,0,1,0,0,0,1,1,0,0,0,1,0
-0.4417729543927777,0.2651941777157601,-0.7907622521358548,-0.3092144566301628,1,0,1,0,1,0,1,0,0,1,0,1,0,0,1,0,0,0,0,1,0,0,1,0,0,1,1,0,0,1,0,0,1,0,0,1,0,1,0,0,0
-0.4417729543927777,-1.0373893371192477,-1.4760021709057964,-0.9442230275978649,1,0,0,1,0,1,0,1,1,0,0,0,0,1,0,1,0,0,1,0,0,1,0,0,1,0,0,1,0,0,1,0,1,0,0,1,0,0,0,0,1
-0.4417729543927777,1.5677776925507678,1.0193993734767517,2.0001830282851496,1,0,0,1,1,0,0,1,0,0,1,0,1,0,0,0,1,0,0,1,1,0,0,1,0,0,0,0,1,1,0,0,0,1,0,1,0,0,0,0,1
-0.4417729543927777,0.753662995778888,0.7506127709568228,0.9547656474494673,1,0,1,0,1,0,0,1,1,0,0,0,1,0,1,0,0,1,0,0,1,0,0,1,0,0,0,0,1,0,0,1,0,1,0,1,0,0,1,0,0
-0.4417729543927777,0.7943687306174819,1.1737027934418958,1.2922031342898377,1,0,0,1,0,1,0,1,1,0,0,0,1,0,0,0,1,1,0,0,0,0,1,1,0,0,0,0,1,0,0,1,0,1,0,1,0,0,0,1,0
2.2636062032690805,0.550134321585918,1.0061259610066315,0.9320663851117573,1,0,1,0,1,0,0,1,1,0,0,0,1,0,1,0,0,0,0,1,1,0,0,1,0,0,0,0,1,0,0,1,0,1,0,1,0,0,1,0,0
-0.4417729543927777,0.2244884428771661,0.9862158423014519,0.5808644519602225,0,1,0,1,0,1,0,1,0,0,1,0,1,0,1,0,0,0,0,1,0,0,1,1,0,0,0,0,1,1,0,0,1,0,0,0,1,0,0,1,0
2.2636062032690805,-0.9152721326034656,-1.008114381334069,-0.8512087388890854,0,1,0,1,0,1,1,0,0,1,0,1,0,0,1,0,0,1,0,0,1,0,0,1,0,0,1,0,0,0,0,1,1,0,0,0,1,1,0,0,0
2.2636062032690805,1.6084834273893618,1.6498864658074488,2.6486706583199258,1,0,0,1,1,0,0,1,0,0,1,0,1,0,0,0,1,0,0,1,0,0,1,0,0,1,0,0,1,0,0,1,0,0,1,0,1,1,0,0,0
-0.4417729543927777,-0.5489205190561198,0.4569385200554193,-0.3539763482226106,0,1,1,0,1,0,0,1,1,0,0,0,1,0,1,0,0,1,0,0,1,0,0,1,0,0,0,0,1,1,0,0,1,0,0,0,1,1,0,0,0
2.2636062032690805,-1.2002122764736236,0.6294928821669786,-0.8930069937159714,1,0,0,1,1,0,0,1,1,0,0,0,1,0,1,0,0,1,0,0,1,0,0,0,0,1,0,0,1,1,0,0,1,0,0,0,1,0,0,0,1
-0.4417729543927777,1.48636622287358,0.5813767619627938,1.4286840955601898,1,0,1,0,1,0,0,1,1,0,0,1,0,0,0,0,1,1,0,0,0,0,1,0,0,1,0,0,1,0,0,1,0,0,1,0,1,0,1,0,0
-0.4417729543927777,0.87578020029467,-1.4876164068171516,-0.5364705143864253,1,0,1,0,1,0,0,1,1,0,0,0,0,1,0,1,0,0,1,0,0,1,0,0,1,0,0,1,0,0,1,0,0,0,1,1,0,0,0,0,1
2.2636062032690805,-0.8338606629262777,-0.7061442476388403,-0.7790496718638888,0,1,1,0,1,0,1,0,0,1,0,1,0,0,1,0,0,1,0,0,0,0,1,0,0,1,1,0,0,0,0,1,1,0,0,0,1,0,0,1,0
-0.4417729543927777,-0.9966836022806537,-1.4560920522006169,-0.949052657882484,1,0,0,1,0,1,0,1,1,0,0,0,0,1,0,1,0,0,1,0,0,1,0,0,1,0,0,1,0,0,1,0,1,0,0,1,0,0,1,0,0
2.2636062032690805,-0.3860975797017438,0.8319124223363075,-0.12171503726228808,0,1,0,1,1,0,0,1,1,0,0,0,1,0,0,0,1,0,0,1,1,0,0,1,0,0,1,0,0,0,0,1,1,0,0,0,1,0,0,1,0
-0.4417729543927777,-1.0373893371192477,0.3125901594428647,-0.7761299408281873,0,1,1,0,1,0,0,1,1,0,0,0,1,0,0,0,1,1,0,0,1,0,0,1,0,0,1,0,0,1,0,0,1,0,0,1,0,0,0,0,1
-0.4417729543927777,-1.0780950719578417,0.14335415044883573,-0.8267093416271081,1,0,1,0,1,0,0,1,1,0,0,0,1,0,1,0,0,1,0,0,1,0,0,1,0,0,1,0,0,1,0,0,1,0,0,0,1,0,0,0,1
-0.4417729543927777,0.509428586747324,-1.5290958207862764,-0.6296165202847853,0,1,1,0,1,0,0,1,1,0,0,0,0,1,0,1,0,0,1,0,0,1,0,0,1,0,0,1,0,0,1,0,0,1,0,1,0,1,0,0,0
-0.4417729543927777,1.6084834273893618,0.5282831120823137,1.5469880846684296,1,0,0,1,0,1,0,1,0,0,1,1,0,0,0,0,1,0,0,1,0,0,1,0,0,1,1,0,0,0,0,1,0,0,1,1,0,1,0,0,0
-0.4417729543927777,-1.2816237461508115,-1.4793205240233265,-1.0014760993355323,1,0,1,0,1,0,0,1,1,0,0,0,0,1,0,1,0,0,1,0,0,1,0,0,1,0,0,1,0,0,1,0,1,0,0,0,1,0,0,0,1
-0.4417729543927777,-0.3860975797017438,-1.3631781649097772,-0.7357147164918967,1,0,0,1,0,1,0,1,0,0,1,0,0,1,0,1,0,0,1,0,0,1,0,0,1,0,0,1,0,0,1,0,0,0,1,1,0,0,0,0,1
-0.4417729543927777,1.6084834273893618,0.9862158423014519,1.9520623483583988,0,1,0,1,1,0,0,1,1,0,0,0,1,0,1,0,0,1,0,0,0,0,1,1,0,0,0,0,1,0,0,1,1,0,0,0,1,0,0,1,0
-0.4417729543927777,1.404954753196392,0.3507512202944597,1.2856172748108115,1,0,0,1,0,1,0,1,0,0,1,1,0,0,0,0,1,1,0,0,1,0,0,1,0,0,0,0,1,0,0,1,0,0,1,0,1,0,0,1,0
-0.4417729543927777,0.42801711707013607,-0.4539494107065615,-0.06573523169056575,1,0,0,1,0,1,1,0,0,1,0,1,0,0,0,0,1,0,0,1,1,0,0,0,0,1,0,0,1,1,0,0,0,1,0,0,1,1,0,0,0
-0.4417729543927777,-1.2816237461508115,-0.6397771852882407,-0.9903679496809081,0,1,1,0,1,0,0,1,1,0,0,1,0,0,1,0,0,1,0,0,1,0,0,1,0,0,1,0,0,1,0,0,1,0,0,0,1,0,0,1,0
2.2636062032690805,1.120014609326234,1.30809609470186,1.7729708762587473,0,1,0,1,1,0,0,1,0,0,1,0,1,0,1,0,0,0,0,1,0,0,1,1,0,0,0,0,1,0,0,1,0,1,0,0,1,0,0,1,0
-0.4417729543927777,-1.2409180113122176,0.49509958090701384,-0.943476630190242,0,1,1,0,1,0,0,1,1,0,0,0,1,0,1,0,0,1,0,0,0,0,1,0,0,1,1,0,0,1,0,0,1,0,0,0,1,0,0,1,0
-0.4417729543927777,-1.2816237461508115,0.3524103968532246,-0.9772401364527159,1,0,1,0,1,0,0,1,1,0,0,0,1,0,1,0,0,1,0,0,0,0,1,1,0,0,1,0,0,1,0,0,1,0,0,1,0,0,0,1,0
-0.4417729543927777,1.6084834273893618,0.461916049731714,1.5199421550745622,0,1,0,1,1,0,0,1,0,0,1,1,0,0,0,0,1,0,0,1,0,0,1,0,0,1,1,0,0,0,0,1,0,0,1,1,0,1,0,0,0
-0.4417729543927777,-0.019745966154397845,0.8186390098661873,0.2636455537204626,1,0,0,1,0,1,0,1,0,0,1,0,1,0,0,0,1,1,0,0,1,0,0,1,0,0,0,0,1,1,0,0,1,0,0,1,0,0,0,1,0
-0.4417729543927777,1.160720344164828,0.8202981864249527,1.3204125657249997,1,0,1,0,1,0,0,1,0,0,1,1,0,0,0,0,1,0,0,1,0,0,1,0,0,1,0,0,1,0,0,1,0,0,1,1,0,0,0,1,0
-0.4417729543927777,1.2828375486806098,1.5055381051948942,2.0618047201439045,1,0,0,1,0,1,0,1,0,0,1,0,1,0,0,0,1,0,0,1,1,0,0,0,0,1,0,0,1,0,0,1,0,0,1,1,0,1,0,0,0
-0.4417729543927777,-0.7524491932490897,-1.5058673489635666,-0.8811085409238641,1,0,0,1,0,1,0,1,1,0,0,0,0,1,0,1,0,0,1,0,0,1,0,0,1,0,0,1,0,0,1,0,0,1,0,1,0,0,0,0,1
-0.4417729543927777,-0.7931549280876837,0.5166688761709589,-0.5661727406368333,1,0,1,0,1,0,0,1,1,0,0,0,1,0,1,0,0,1,0,0,1,0,0,1,0,0,1,0,0,0,0,1,1,0,0,0,1,0,0,1,0
-0.4417729543927777,-0.3046861100245558,-1.4594104053181467,-0.7930116939594243,0,1,0,1,1,0,0,1,1,0,0,0,0,1,0,1,0,0,1,0,0,1,0,0,1,0,0,1,0,0,1,0,0,1,0,0,1,1,0,0,0
-0.4417729543927777,0.550134321585918,-0.3510804640631319,0.0697358977930024,1,0,1,0,1,0,0,1,1,0,0,1,0,0,1,0,0,1,0,0,0,0,1,0,0,1,1,0,0,1,0,0,0,0,1,1,0,0,1,0,0
-0.4417729543927777,-1.1595065416350296,-0.6314813024944157,-0.9227092199663794,0,1,1,0,1,0,0,1,1,0,0,1,0,0,1,0,0,1,0,0,1,0,0,1,0,0,1,0,0,1,0,0,1,0,0,0,1,0,0,1,0
-0.4417729543927777,0.5908400564245121,-1.4760021709057964,-0.5963798827806334,0,1,1,0,1,0,0,1,1,0,0,0,0,1,0,1,0,0,1,0,0,1,0,0,1,0,0,1,0,0,1,0,0,0,1,1,0,1,0,0,0
-0.4417729543927777,0.835074465456076,0.15828673947772076,0.627097185502986,0,1,0,1,0,1,0,1,1,0,0,1,0,0,0,0,1,0,0,1,1,0,0,0,0,1,0,0,1,1,0,0,0,0,1,0,1,0,0,0,1
-0.4417729543927777,-0.9559778674420596,0.1699009753890755,-0.7626069760312535,0,1,0,1,1,0,0,1,1,0,0,1,0,0,1,0,0,1,0,0,0,0,1,1,0,0,0,0,1,0,0,1,1,0,0,0,1,0,0,0,1
-0.4417729543927777,1.5270719577121739,1.4341935131679997,2.471554944063982,1,0,0,1,0,1,0,1,0,0,1,0,1,0,0,0,1,0,0,1,0,0,1,1,0,0,0,0,1,0,0,1,0,1,0,0,1,0,1,0,0
-0.4417729543927777,0.712957260940294,0.8352307754538373,0.9870583117616257,0,1,1,0,1,0,0,1,1,0,0,0,1,0,0,0,1,0,0,1,0,0,1,0,0,1,1,0,0,1,0,0,0,1,0,0,1,0,1,0,0
-0.4417729543927777,-0.9559778674420596,0.2943392172964499,-0.7011828599568696,0,1,1,0,1,0,0,1,1,0,0,0,1,0,1,0,0,1,0,0,0,0,1,1,0,0,1,0,0,1,0,0,1,0,0,0,1,0,0,1,0
-0.4417729543927777,1.5270719577121739,-1.4975714661697417,-0.39676248197135044,1,0,0,1,1,0,0,1,1,0,0,0,0,1,0,1,0,0,1,0,0,1,0,0,1,0,0,1,0,0,1,0,0,0,1,1,0,1,0,0,0
-0.4417729543927777,1.404954753196392,1.7726655311560577,2.416058101520721,0,1,1,0,1,0,0,1,0,0,1,0,1,0,0,0,1,0,0,1,0,0,1,0,0,1,0,0,1,0,0,1,0,1,0,0,1,1,0,0,0
-0.4417729543927777,-1.2816237461508115,-1.5025489958460365,-1.0017834394445535,0,1,1,0,1,0,0,1,1,0,0,0,0,1,0,1,0,0,1,0,0,1,0,0,1,0,0,1,0,0,1,0,1,0,0,0,1,1,0,0,0
-0.4417729543927777,1.364249018357798,0.3092718063253349,1.123078262868446,1,0,0,1,0,1,0,1,0,0,1,0,1,0,1,0,0,1,0,0,1,0,0,1,0,0,1,0,0,1,0,0,0,1,0,0,1,1,0,0,0
-0.4417729543927777,1.038603139649046,-1.4809797005820917,-0.5007751560101036,1,0,0,1,0,1,0,1,1,0,0,0,0,1,0,1,0,0,1,0,0,1,0,0,1,0,0,1,0,0,1,0,0,0,1,1,0,0,1,0,0
-0.4417729543927777,-1.3223294809894057,-0.41081082017867177,-0.3968393169986058,1,0,0,1,0,1,1,0,0,1,0,1,0,0,0,0,1,1,0,0,0,0,1,0,0,1,0,0,1,1,0,0,0,0,1,0,1,1,0,0,0
-0.4417729543927777,-1.2409180113122176,0.15662756291895585,-0.9466817484700346,1,0,1,0,1,0,0,1,1,0,0,0,1,0,1,0,0,1,0,0,1,0,0,1,0,0,1,0,0,1,0,0,1,0,0,1,0,0,0,1,0
-0.4417729543927777,0.3466056473929481,-1.4959122896109764,-0.6545769277102944,1,0,1,0,1,0,0,1,1,0,0,0,0,1,0,1,0,0,1,0,0,1,0,0,1,0,0,1,0,0,1,0,0,0,1,0,1,0,0,0,1
2.2636062032690805,-1.1595065416350296,0.461916049731714,-0.8818549383314872,1,0,1,0,1,0,0,1,1,0,0,0,1,0,1,0,0,1,0,0,1,0,0,1,0,0,0,0,1,1,0,0,1,0,0,0,1,0,0,1,0
-0.4417729543927777,-0.3860975797017438,-1.4859572302583866,-0.8323292750492105,0,1,1,0,1,0,0,1,1,0,0,0,0,1,0,1,0,0,1,0,0,1,0,0,1,0,0,1,0,0,1,0,0,1,0,1,0,1,0,0,0
2.2636062032690805,1.160720344164828,-0.029200211662723564,0.7030540981610878,0,1,0,1,1,0,0,1,0,0,1,1,0,0,1,0,0,0,0,1,1,0,0,1,0,0,1,0,0,0,0,1,0,1,0,1,0,1,0,0,0
-0.4417729543927777,-0.9966836022806537,-1.4892755833759166,-0.9385811413108325,1,0,1,0,0,1,0,1,1,0,0,0,0,1,0,1,0,0,1,0,0,1,0,0,1,0,0,1,0,0,1,0,1,0,0,1,0,0,0,0,1
-0.4417729543927777,-1.2816237461508115,0.34577369061816454,-0.9773279479124364,0,1,1,0,0,1,0,1,1,0,0,0,1,0,1,0,0,0,0,1,1,0,0,1,0,0,1,0,0,1,0,0,1,0,0,0,1,0,0,1,0
-0.4417729543927777,-0.42680331454033776,-1.2835376900890576,-0.7443860981392811,1,0,1,0,1,0,0,1,0,0,1,0,0,1,0,1,0,0,1,0,0,1,0,0,1,0,0,1,0,0,1,0,0,0,1,1,0,0,0,0,1
-0.4417729543927777,-1.2409180113122176,-0.568432593261346,-0.9698200681063466,0,1,1,0,1,0,0,1,1,0,0,1,0,0,0,0,1,1,0,0,1,0,0,1,0,0,1,0,0,1,0,0,1,0,0,0,1,0,0,1,0
-0.4417729543927777,0.9164859351332639,0.4254141654388844,0.9469723803992864,1,0,0,1,1,0,0,1,0,0,1,0,1,0,1,0,0,1,0,0,0,0,1,1,0,0,1,0,0,1,0,0,1,0,0,0,1,0,0,1,0
-0.4417729543927777,1.120014609326234,0.3125901594428647,0.9448429525010682,0,1,0,1,0,1,0,1,0,0,1,0,1,0,1,0,0,1,0,0,1,0,0,1,0,0,1,0,0,1,0,0,1,0,0,1,0,1,0,0,0
-0.4417729543927777,0.753662995778888,1.0028076078891017,1.1848975305115717,1,0,0,1,0,1,0,1,0,0,1,0,1,0,0,0,1,1,0,0,1,0,0,0,0,1,0,0,1,1,0,0,0,1,0,0,1,0,0,0,1
-0.4417729543927777,-1.0373893371192477,0.5100321699358988,-0.7791594361885392,1,0,1,0,1,0,0,1,1,0,0,0,1,0,1,0,0,1,0,0,1,0,0,1,0,0,0,0,1,1,0,0,1,0,0,0,1,0,0,0,1
2.2636062032690805,-1.2409180113122176,0.15496838636019047,-0.9526090220011582,1,0,1,0,1,0,0,1,1,0,0,0,1,0,1,0,0,1,0,0,1,0,0,1,0,0,1,0,0,1,0,0,1,0,0,0,1,0,0,1,0
-0.4417729543927777,0.10237123836138413,0.675949825812398,0.2705387533085099,1,0,1,0,1,0,0,1,0,0,1,0,1,0,1,0,0,0,0,1,1,0,0,0,0,1,1,0,0,1,0,0,1,0,0,1,0,0,1,0,0
-0.4417729543927777,1.5270719577121739,0.8236165395424825,1.7851547162949455,1,0,1,0,1,0,0,1,0,0,1,1,0,0,0,0,1,0,0,1,0,0,1,0,0,1,0,0,1,0,0,1,0,0,1,1,0,0,1,0,0
-0.4417729543927777,-1.2816237461508115,0.8070247739548325,-0.9712250514618721,0,1,1,0,1,0,0,1,1,0,0,0,1,0,1,0,0,1,0,0,1,0,0,1,0,0,0,0,1,0,0,1,1,0,0,0,1,0,0,1,0
-0.4417729543927777,-0.10115743583158582,-1.3216987509406524,-0.6637532252510709,1,0,0,1,0,1,0,1,0,0,1,0,0,1,0,1,0,0,1,0,0,1,0,0,1,0,0,1,0,0,1,0,0,0,1,0,1,0,0,0,1
-0.4417729543927777,-0.9966836022806537,-0.5004063543519812,-0.8499135198582103,1,0,1,0,1,0,0,1,1,0,0,1,0,0,0,0,1,1,0,0,1,0,0,1,0,0,1,0,0,1,0,0,1,0,0,0,1,0,0,1,0
2.2636062032690805,-1.1188008067964357,0.17653768162413558,-0.8646877979561589,0,1,1,0,1,0,0,1,1,0,0,0,1,0,1,0,0,1,0,0,1,0,0,1,0,0,1,0,0,1,0,0,1,0,0,0,1,0,0,0,1
-0.4417729543927777,-0.9559778674420596,0.04380355692293619,-0.7379539087147656,1,0,1,0,1,0,0,1,1,0,0,1,0,0,1,0,0,0,0,1,1,0,0,0,0,1,0,0,1,1,0,0,1,0,0,1,0,0,0,0,1
-0.4417729543927777,-0.8745663977648717,0.31922686567792474,-0.6482984083402895,0,1,1,0,1,0,0,1,1,0,0,0,1,0,1,0,0,0,0,1,1,0,0,1,0,0,1,0,0,1,0,0,1,0,0,0,1,0,0,1,0
-0.4417729543927777,1.2421318138420159,-0.8488334316926296,0.04115326765402892,0,1,0,1,0,1,1,0,0,1,0,1,0,0,1,0,0,0,0,1,0,0,1,0,0,1,1,0,0,1,0,0,0,0,1,1,0,1,0,0,0
-0.4417729543927777,0.2651941777157601,-1.3648373414685422,-0.6135909288858217,0,1,0,1,0,1,0,1,0,0,1,0,0,1,0,1,0,0,1,0,0,1,0,0,1,0,0,1,0,0,1,0,0,0,1,0,1,0,0,0,1
-0.4417729543927777,-0.6303319887333078,0.9779199595076269,-0.304758025049355,1,0,0,1,0,1,0,1,0,0,1,0,1,0,0,0,1,1,0,0,0,0,1,1,0,0,0,0,1,1,0,0,1,0,0,1,0,0,0,1,0
-0.4417729543927777,-0.7524491932490897,-0.35439881718066196,-0.6709318120832094,1,0,1,0,1,0,0,1,0,0,1,1,0,0,1,0,0,0,0,1,1,0,0,1,0,0,1,0,0,1,0,0,0,1,0,0,1,0,0,0,1
-0.4417729543927777,1.160720344164828,0.954691487684917,1.5627721945531623,1,0,0,1,1,0,0,1,1,0,0,0,1,0,0,0,1,0,0,1,1,0,0,0,0,1,1,0,0,0,0,1,0,1,0,1,0,1,0,0,0
-0.4417729543927777,1.6084834273893618,1.6814108204239833,2.598815702063697,1,0,0,1,0,1,0,1,0,0,1,0,1,0,0,0,1,0,0,1,0,0,1,0,0,1,0,0,1,0,0,1,0,0,1,0,1,1,0,0,0
2.2636062032690805,0.3058999125543541,-0.30296434385894727,-0.007911385464715955,0,1,0,1,1,0,0,1,1,0,0,1,0,0,1,0,0,1,0,0,1,0,0,1,0,0,1,0,0,0,0,1,0,1,0,1,0,0,0,1,0
-0.4417729543927777,-1.2816237461508115,-1.4859572302583866,-1.0015639107952525,1,0,0,1,0,1,0,1,1,0,0,0,0,1,0,1,0,0,1,0,0,1,0,0,1,0,0,1,0,0,1,0,1,0,0,0,1,0,1,0,0
-0.4417729543927777,0.5908400564245121,-0.8388783723400397,-0.22070050523205115,1,0,1,0,1,0,1,0,0,1,0,1,0,0,0,0,1,0,0,1,1,0,0,0,0,1,1,0,0,1,0,0,0,1,0,1,0,0,1,0,0
-0.4417729543927777,0.061665503522790134,0.4436651075852992,0.11546371544237406,0,1,0,1,0,1,0,1,1,0,0,0,1,0,1,0,0,1,0,0,1,0,0,1,0,0,0,0,1,1,0,0,1,0,0,1,0,0,0,1,0
-0.4417729543927777,-0.5896262538947138,-0.8206274301936246,-0.6978240716225662,1,0,1,0,1,0,1,0,0,1,0,1,0,0,0,0,1,0,0,1,1,0,0,0,0,1,1,0,0,1,0,0,0,1,0,0,1,0,0,0,1
-0.4417729543927777,-0.2232746403473678,-1.4826388771408565,-0.7741102772546192,1,0,1,0,1,0,0,1,1,0,0,0,0,1,0,1,0,0,1,0,0,1,0,0,1,0,0,1,0,0,1,0,0,0,1,0,1,1,0,0,0
-0.4417729543927777,0.550134321585918,-1.4826388771408565,-0.6194962495520152,1,0,0,1,0,1,0,1,1,0,0,0,0,1,0,1,0,0,1,0,0,1,0,0,1,0,0,1,0,0,1,0,0,0,1,1,0,1,0,0,0
-0.4417729543927777,1.445660488034986,1.0011484313303365,1.9239846341128168,0,1,0,1,0,1,0,1,1,0,0,0,1,0,0,0,1,0,0,1,1,0,0,0,0,1,1,0,0,0,0,1,0,0,1,1,0,1,0,0,0
-0.4417729543927777,-1.2002122764736236,-1.4959122896109764,-0.9824210125762166,1,0,1,0,1,0,0,1,1,0,0,0,0,1,0,1,0,0,1,0,0,1,0,0,1,0,0,1,0,0,1,0,1,0,0,1,0,0,0,0,1
-0.4417729543927777,-0.42680331454033776,0.9862158423014519,-0.08639287758977766,0,1,1,0,1,0,0,1,0,0,1,0,1,0,1,0,0,1,0,0,1,0,0,1,0,0,0,0,1,0,0,1,1,0,0,0,1,0,1,0,0
2.2636062032690805,0.1430769731999781,1.0476053749757563,0.49823386836337424,0,1,0,1,1,0,0,1,0,0,1,0,1,0,1,0,0,0,0,1,1,0,0,1,0,0,0,0,1,0,0,1,1,0,0,0,1,0,0,1,0
-0.4417729543927777,-0.18256890550877383,-0.1635935129226878,-0.2718945862490145,0,1,0,1,0,1,1,0,0,1,0,1,0,0,1,0,0,0,0,1,0,0,1,0,0,1,0,0,1,0,0,1,0,1,0,0,1,0,1,0,0
-0.4417729543927777,0.753662995778888,-1.4959122896109764,-0.5726927415210692,1,0,1,0,1,0,0,1,1,0,0,0,0,1,0,1,0,0,1,0,0,1,0,0,1,0,0,1,0,0,1,0,0,1,0,0,1,1,0,0,0
-0.4417729543927777,-1.1595065416350296,1.1919537355883105,-0.8351172888953315,1,0,1,0,1,0,0,1,0,0,1,0,1,0,1,0,0,1,0,0,1,0,0,0,0,1,0,0,1,0,0,1,1,0,0,0,1,0,0,0,1
-0.4417729543927777,-0.26398037518596185,1.1189499670026513,0.10347745119054637,0,1,1,0,1,0,0,1,1,0,0,0,1,0,1,0,0,1,0,0,0,0,1,0,0,1,0,0,1,0,0,1,1,0,0,0,1,0,0,1,0
-0.4417729543927777,0.1837827080385721,0.929803839303442,0.4890795236875279,0,1,0,1,0,1,0,1,0,0,1,0,1,0,1,0,0,0,0,1,0,0,1,1,0,0,0,0,1,1,0,0,1,0,0,0,1,0,0,1,0
-0.4417729543927777,-1.2816237461508115,-0.6762790695810705,-0.99085091270937,1,0,1,0,1,0,0,1,1,0,0,1,0,0,1,0,0,1,0,0,1,0,0,1,0,0,1,0,0,1,0,0,1,0,0,0,1,0,1,0,0
-0.4417729543927777,-1.1188008067964357,-1.4959122896109764,-0.9629707742481592,1,0,1,0,1,0,0,1,1,0,0,0,0,1,0,1,0,0,1,0,0,1,0,0,1,0,0,1,0,0,1,0,1,0,0,1,0,0,1,0,0
-0.4417729543927777,-0.42680331454033776,1.2085455011759605,0.006928751228022867,0,1,1,0,1,0,0,1,0,0,1,0,1,0,0,0,1,1,0,0,1,0,0,1,0,0,0,0,1,0,0,1,1,0,0,0,1,1,0,0,0
-0.4417729543927777,0.9571916699718579,-1.3432680462045972,-0.38183453381889115,0,1,0,1,0,1,0,1,0,0,1,0,0,1,0,1,0,0,1,0,0,1,0,0,1,0,0,1,0,0,1,0,0,1,0,0,1,0,0,0,1
-0.4417729543927777,0.10237123836138413,-1.4710246412295016,-0.6793617122163629,0,1,1,0,1,0,0,1,1,0,0,0,0,1,0,1,0,0,1,0,0,1,0,0,1,0,0,1,0,0,1,0,0,1,0,1,0,1,0,0,0
-0.4417729543927777,-0.8745663977648717,0.28438415794386,-0.662787299194147,0,1,1,0,1,0,0,1,1,0,0,0,1,0,0,0,1,1,0,0,1,0,0,1,0,0,1,0,0,1,0,0,1,0,0,0,1,0,0,1,0
2.2636062032690805,1.404954753196392,-0.3328295219167171,0.625297050578719,1,0,1,0,1,0,0,1,0,0,1,1,0,0,1,0,0,0,0,1,1,0,0,1,0,0,1,0,0,1,0,0,1,0,0,1,0,0,0,1,0
-0.4417729543927777,-0.7931549280876837,-0.10386315680714821,-0.6810740356809097,0,1,0,1,0,1,0,1,1,0,0,1,0,0,1,0,0,0,0,1,0,0,1,0,0,1,1,0,0,1,0,0,1,0,0,1,0,1,0,0,0
-0.4417729543927777,0.3058999125543541,-0.9599982611298841,-0.40323857712572614,0,1,1,0,1,0,1,0,0,1,0,1,0,0,1,0,0,0,0,1,1,0,0,0,0,1,1,0,0,1,0,0,0,1,0,1,0,0,1,0,0
2.2636062032690805,-1.2816237461508115,-0.6182078900242958,-0.9900825624368169,0,1,1,0,1,0,0,1,1,0,0,1,0,0,1,0,0,1,0,0,1,0,0,1,0,0,1,0,0,1,0,0,1,0,0,1,0,0,0,1,0
-0.4417729543927777,1.48636622287358,-0.6198670665830607,0.3600625364934055,1,0,0,1,0,1,1,0,0,1,0,1,0,0,0,0,1,0,0,1,0,0,1,0,0,1,1,0,0,1,0,0,0,0,1,1,0,1,0,0,0
-0.4417729543927777,-0.7117434584104957,-1.169054507534273,-0.8179940542498635,0,1,1,0,1,0,1,0,0,1,0,1,0,0,1,0,0,1,0,0,1,0,0,0,0,1,1,0,0,1,0,0,1,0,0,0,1,0,0,1,0
-0.4417729543927777,-0.8745663977648717,-1.4793205240233265,-0.9159038318380524,0,1,1,0,1,0,0,1,1,0,0,0,0,1,0,1,0,0,1,0,0,1,0,0,1,0,0,1,0,0,1,0,1,0,0,1,0,0,0,0,1
-0.4417729543927777,-1.2409180113122176,-1.4876164068171516,-0.9929364348777283,1,0,1,0,1,0,0,1,1,0,0,0,0,1,0,1,0,0,1,0,0,1,0,0,1,0,0,1,0,0,1,0,1,0,0,1,0,0,0,0,1
-0.4417729543927777,-1.2409180113122176,-1.4809797005820917,-0.9927388590933576,0,1,0,1,0,1,0,1,1,0,0,0,0,1,0,1,0,0,1,0,0,1,0,0,1,0,0,1,0,0,1,0,1,0,0,1,0,0,0,0,1
2.2636062032690805,0.10237123836138413,1.2317739729986705,0.505456360925373,1,0,0,1,1,0,0,1,0,0,1,0,1,0,1,0,0,1,0,0,0,0,1,1,0,0,0,0,1,0,0,1,1,0,0,1,0,1,0,0,0
-0.4417729543927777,1.445660488034986,0.6659947664598083,1.4517126508718512,1,0,0,1,0,1,0,1,1,0,0,1,0,0,0,0,1,0,0,1,0,0,1,0,0,1,0,0,1,0,0,1,0,0,1,0,1,0,1,0,0
-0.4417729543927777,1.5270719577121739,0.4104815764099993,1.4036139238100303,0,1,0,1,1,0,0,1,0,0,1,1,0,0,0,0,1,1,0,0,0,0,1,0,0,1,1,0,0,0,0,1,0,0,1,1,0,0,1,0,0
-0.4417729543927777,0.7943687306174819,-1.1557810950641532,-0.29764529681200674,0,1,1,0,1,0,1,0,0,1,0,1,0,0,1,0,0,0,0,1,1,0,0,1,0,0,1,0,0,1,0,0,0,1,0,1,0,0,0,0,1
2.2636062032690805,-0.6710377235719017,0.6676539430185732,-0.3996163544122618,0,1,0,1,1,0,0,1,0,0,1,0,1,0,1,0,0,1,0,0,1,0,0,1,0,0,0,0,1,1,0,0,1,0,0,0,1,0,1,0,0
-0.4417729543927777,-1.0780950719578417,-1.5191407614336865,-0.9557921874160208,0,1,1,0,1,0,0,1,1,0,0,0,0,1,0,1,0,0,1,0,0,1,0,0,1,0,0,1,0,0,1,0,0,1,0,1,0,0,0,0,1
2.2636062032690805,-0.6710377235719017,0.6576988836659833,-0.4176177036549333,1,0,1,0,1,0,0,1,0,0,1,0,1,0,1,0,0,1,0,0,1,0,0,1,0,0,0,0,1,1,0,0,1,0,0,0,1,0,0,1,0
-0.4417729543927777,1.445660488034986,1.553654225399079,2.2874801716252007,1,0,0,1,0,1,0,1,0,0,1,0,1,0,0,0,1,1,0,0,0,0,1,0,0,1,0,0,1,0,0,1,0,0,1,1,0,0,1,0,0
-0.4417729543927777,-0.8338606629262777,1.162088557530541,-0.5130687603709524,0,1,1,0,1,0,0,1,0,0,1,0,1,0,1,0,0,1,0,0,1,0,0,0,0,1,0,0,1,0,0,1,1,0,0,0,1,0,0,0,1
-0.4417729543927777,0.712957260940294,0.9779199595076269,1.147511801535633,0,1,0,1,1,0,0,1,0,0,1,0,1,0,0,0,1,0,0,1,1,0,0,1,0,0,1,0,0,0,0,1,1,0,0,0,1,0,1,0,0
-0.4417729543927777,1.160720344164828,-1.4726838177882668,-0.43702403625313035,0,1,0,1,0,1,0,1,1,0,0,0,0,1,0,1,0,0,1,0,0,1,0,0,1,0,0,1,0,0,1,0,0,0,1,1,0,0,1,0,0
-0.4417729543927777,-1.1595065416350296,-0.5203164730571611,-0.9188894214685444,0,1,1,0,1,0,0,1,1,0,0,1,0,0,1,0,0,0,0,1,1,0,0,1,0,0,1,0,0,1,0,0,1,0,0,1,0,0,0,0,1
2.2636062032690805,-0.7931549280876837,1.0061259610066315,-0.4687678789420364,0,1,0,1,1,0,0,1,0,0,1,0,1,0,1,0,0,1,0,0,1,0,0,1,0,0,0,0,1,0,0,1,1,0,0,0,1,0,0,1,0
-0.4417729543927777,-0.5489205190561198,1.0028076078891017,-0.22482764383890758,1,0,1,0,1,0,0,1,0,0,1,0,1,0,0,0,1,0,0,1,1,0,0,1,0,0,1,0,0,0,0,1,1,0,0,0,1,0,0,1,0
-0.4417729543927777,0.550134321585918,0.13837662077254057,0.3805226066082467,1,0,0,1,1,0,0,1,1,0,0,1,0,0,1,0,0,0,0,1,1,0,0,1,0,0,0,0,1,0,0,1,1,0,0,0,1,0,1,0,0
-0.4417729543927777,-0.019745966154397845,0.3772980452346995,0.04514868907130475,1,0,0,1,0,1,0,1,1,0,0,1,0,0,0,0,1,0,0,1,0,0,1,0,0,1,1,0,0,0,0,1,1,0,0,1,0,1,0,0,0
-0.4417729543927777,0.38731138223154205,-0.8222866067523897,-0.2964817949707122,0,1,0,1,1,0,1,0,0,1,0,1,0,0,0,0,1,1,0,0,1,0,0,1,0,0,0,0,1,1,0,0,1,0,0,0,1,1,0,0,0
-0.4417729543927777,-1.1595065416350296,-0.8256049598699198,-0.9390860572042246,0,1,1,0,1,0,1,0,0,1,0,1,0,0,1,0,0,1,0,0,1,0,0,0,0,1,1,0,0,0,0,1,1,0,0,0,1,0,0,1,0
-0.4417729543927777,1.5270719577121739,0.7987288911610076,1.7526644761984165,1,0,0,1,0,1,0,1,0,0,1,1,0,0,0,0,1,0,0,1,0,0,1,0,0,1,0,0,1,0,0,1,0,0,1,0,1,1,0,0,0
2.2636062032690805,0.5908400564245121,-0.1768669253928077,0.1987528849871248,0,1,1,0,1,0,0,1,0,0,1,1,0,0,1,0,0,0,0,1,1,0,0,0,0,1,1,0,0,1,0,0,0,0,1,1,0,1,0,0,0
-0.4417729543927777,1.2828375486806098,0.8136614801898926,1.488988615523139,0,1,0,1,1,0,0,1,0,0,1,0,1,0,0,0,1,0,0,1,0,0,1,1,0,0,1,0,0,1,0,0,0,1,0,1,0,1,0,0,0
-0.4417729543927777,-1.2816237461508115,-1.5158224083161564,-1.0019590623639942,1,0,1,0,1,0,0,1,1,0,0,0,0,1,0,1,0,0,1,0,0,1,0,0,1,0,0,1,0,0,1,0,1,0,0,0,1,1,0,0,0
-0.4417729543927777,1.3235432835192038,1.4507852787556497,2.035746669471891,0,1,0,1,0,1,0,1,0,0,1,0,1,0,0,0,1,1,0,0,0,0,1,0,0,1,0,0,1,0,0,1,0,0,1,1,0,1,0,0,0
-0.4417729543927777,1.160720344164828,-0.45063105758903144,0.41406658422142,1,0,0,1,0,1,1,0,0,1,0,1,0,0,1,0,0,0,0,1,0,0,1,0,0,1,0,0,1,1,0,0,0,0,1,1,0,0,1,0,0
-0.4417729543927777,-1.2409180113122176,-0.12377327551232793,-0.9551116486031882,1,0,1,0,0,1,0,1,1,0,0,1,0,0,0,0,1,1,0,0,1,0,0,1,0,0,1,0,0,0,0,1,1,0,0,0,1,0,1,0,0
2.2636062032690805,-0.46750904937893173,0.13837662077254057,-0.36291116424915604,0,1,0,1,1,0,0,1,1,0,0,0,1,0,1,0,0,1,0,0,1,0,0,1,0,0,1,0,0,1,0,0,1,0,0,0,1,0,0,1,0
-0.4417729543927777,-1.2409180113122176,0.7058150038701682,-0.9319513761019462,1,0,1,0,1,0,0,1,1,0,0,0,1,0,1,0,0,1,0,0,0,0,1,1,0,0,1,0,0,0,0,1,1,0,0,0,1,0,0,0,1
-0.4417729543927777,0.2651941777157601,0.709133356987698,0.42355022187121766,0,1,0,1,0,1,0,1,1,0,0,0,1,0,1,0,0,0,0,1,1,0,0,1,0,0,0,0,1,1,0,0,1,0,0,0,1,0,0,0,1
-0.4417729543927777,0.1837827080385721,1.137200909149066,0.6380736179680296,1,0,0,1,1,0,0,1,0,0,1,0,1,0,0,0,1,1,0,0,0,0,1,0,0,1,1,0,0,0,0,1,0,1,0,0,1,0,0,1,0
-0.4417729543927777,-0.9966836022806537,0.9712832532725668,-0.6691316771589423,1,0,0,1,0,1,0,1,1,0,0,0,1,0,1,0,0,1,0,0,0,0,1,1,0,0,0,0,1,0,0,1,1,0,0,0,1,0,0,1,0
2.2636062032690805,0.87578020029467,1.5105156348711892,1.6580695812146709,0,1,0,1,1,0,0,1,0,0,1,0,1,0,1,0,0,0,0,1,0,0,1,0,0,1,0,0,1,0,0,1,0,0,1,0,1,0,0,1,0
2.2636062032690805,0.9571916699718579,1.0193993734767517,1.392000858262014,1,0,0,1,1,0,0,1,0,0,1,0,1,0,0,0,1,0,0,1,0,0,1,0,0,1,1,0,0,1,0,0,0,1,0,1,0,0,0,1,0
-0.4417729543927777,1.120014609326234,0.8634367769528424,1.383944156832672,0,1,0,1,0,1,0,1,1,0,0,0,1,0,1,0,0,0,0,1,0,0,1,1,0,0,0,0,1,1,0,0,0,1,0,1,0,0,0,1,0
-0.4417729543927777,1.445660488034986,0.3607062796470496,1.313936470570624,0,1,0,1,0,1,0,1,0,0,1,1,0,0,1,0,0,0,0,1,0,0,1,0,0,1,1,0,0,0,0,1,0,1,0,0,1,1,0,0,0
-0.4417729543927777,-1.2816237461508115,-0.337807051593012,-0.9863725282636323,1,0,1,0,1,0,0,1,1,0,0,1,0,0,1,0,0,1,0,0,1,0,0,1,0,0,1,0,0,0,0,1,1,0,0,0,1,0,0,0,1
-0.4417729543927777,-0.019745966154397845,0.18483356441796053,-0.04371650816568824,0,1,0,1,1,0,0,1,1,0,0,1,0,0,0,0,1,0,0,1,1,0,0,0,0,1,1,0,0,0,0,1,0,1,0,1,0,0,0,0,1
-0.4417729543927777,1.5677776925507678,1.4723545740195942,2.4067061810605046,0,1,0,1,0,1,0,1,1,0,0,0,1,0,0,0,1,0,0,1,0,0,1,0,0,1,0,0,1,0,0,1,0,0,1,1,0,0,1,0,0
-0.4417729543927777,-1.2002122764736236,0.6576988836659833,-0.8941265898274059,1,0,0,1,0,1,0,1,0,0,1,0,1,0,1,0,0,1,0,0,1,0,0,1,0,0,1,0,0,0,0,1,1,0,0,0,1,1,0,0,0
-0.4417729543927777,1.5677776925507678,1.6980025860116332,2.638396717532644,0,1,0,1,1,0,0,1,0,0,1,0,1,0,0,0,1,0,0,1,0,0,1,0,0,1,0,0,1,0,0,1,0,0,1,0,1,1,0,0,0
-0.4417729543927777,-1.2816237461508115,-1.4992306427285065,-1.0017395337146933,0,1,0,1,0,1,0,1,1,0,0,0,0,1,0,1,0,0,1,0,0,1,0,0,1,0,0,1,0,0,1,0,1,0,0,1,0,0,0,1,0
-0.4417729543927777,-0.5082147842175258,0.7987288911610076,-0.21112905612253316,0,1,0,1,1,0,0,1,1,0,0,0,1,0,1,0,0,1,0,0,1,0,0,1,0,0,0,0,1,0,0,1,1,0,0,0,1,0,0,0,1
-0.4417729543927777,-0.5896262538947138,-0.9931817923051839,-0.7676122292353134,1,0,1,0,0,1,1,0,0,1,0,1,0,0,1,0,0,1,0,0,1,0,0,1,0,0,1,0,0,0,0,1,1,0,0,0,1,0,0,1,0
-0.4417729543927777,-0.5082147842175258,-0.017585975751368336,-0.39634537753767884,0,1,1,0,1,0,0,1,1,0,0,1,0,0,0,0,1,1,0,0,0,0,1,1,0,0,1,0,0,0,0,1,1,0,0,1,0,0,1,0,0
-0.4417729543927777,-1.2409180113122176,0.19147027065302058,-0.9438278760291232,1,0,1,0,1,0,0,1,1,0,0,0,1,0,1,0,0,1,0,0,1,0,0,1,0,0,1,0,0,1,0,0,1,0,0,0,1,0,0,1,0
-0.4417729543927777,0.3058999125543541,1.0426278452994613,0.7086740315831901,1,0,0,1,0,1,0,1,0,0,1,0,1,0,1,0,0,0,0,1,0,0,1,1,0,0,0,0,1,1,0,0,1,0,0,0,1,0,1,0,0
-0.4417729543927777,0.10237123836138413,-1.4660471115532068,-0.7028732305564862,1,0,1,0,1,0,0,1,1,0,0,0,0,1,0,1,0,0,1,0,0,1,0,0,1,0,0,1,0,0,1,0,0,1,0,1,0,0,0,0,1
-0.4417729543927777,0.9571916699718579,0.1267623848611858,0.6647683017230157,1,0,0,1,0,1,0,1,0,0,1,1,0,0,0,0,1,0,0,1,1,0,0,1,0,0,1,0,0,0,0,1,0,1,0,1,0,1,0,0,0
-0.4417729543927777,-0.10115743583158582,1.177021146559426,0.2787710776572926,0,1,1,0,1,0,0,1,0,0,1,0,1,0,0,0,1,1,0,0,1,0,0,1,0,0,0,0,1,0,0,1,1,0,0,0,1,1,0,0,0
-0.4417729543927777,1.6084834273893618,0.6178786462556234,1.6648969222079282,0,1,0,1,0,1,0,1,0,0,1,1,0,0,0,0,1,1,0,0,0,0,1,0,0,1,0,0,1,0,0,1,0,0,1,0,1,0,1,0,0
-0.4417729543927777,0.38731138223154205,1.289845152555445,0.8896095443369687,1,0,1,0,1,0,0,1,1,0,0,0,1,0,1,0,0,0,0,1,0,0,1,0,0,1,0,0,1,0,0,1,1,0,0,0,1,1,0,0,0
-0.4417729543927777,-0.46750904937893173,0.20308450656437535,-0.3409143935892087,1,0,1,0,1,0,0,1,1,0,0,1,0,0,0,0,1,0,0,1,1,0,0,0,0,1,0,0,1,1,0,0,0,0,1,1,0,0,1,0,0
-0.4417729543927777,-1.1188008067964357,-1.4876164068171516,-0.9730471392510694,0,1,0,1,0,1,0,1,1,0,0,0,0,1,0,1,0,0,1,0,0,1,0,0,1,0,0,1,0,0,1,0,0,1,0,1,0,0,0,0,1
-0.4417729543927777,0.753662995778888,0.9911933719777466,1.1135726723537185,0,1,1,0,1,0,0,1,0,0,1,0,1,0,0,0,1,0,0,1,1,0,0,1,0,0,0,0,1,1,0,0,0,1,0,0,1,0,0,1,0
-0.4417729543927777,0.5908400564245121,-1.4942531130522116,-0.5964018356455634,0,1,0,1,1,0,0,1,1,0,0,0,0,1,0,1,0,0,1,0,0,1,0,0,1,0,0,1,0,0,1,0,0,1,0,1,0,1,0,0,0
-0.4417729543927777,0.550134321585918,-1.4842980536996215,-0.6075977967599079,0,1,0,1,0,1,0,1,1,0,0,0,0,1,0,1,0,0,1,0,0,1,0,0,1,0,0,1,0,0,1,0,0,0,1,0,1,0,0,0,1
-0.4417729543927777,1.201426079003422,0.2346088611809103,0.8705983633075132,1,0,0,1,1,0,0,1,1,0,0,1,0,0,0,0,1,0,0,1,0,0,1,1,0,0,0,0,1,1,0,0,0,0,1,0,1,0,1,0,0
-0.4417729543927777,-0.5489205190561198,0.7555903006331179,-0.25261997084039794,0,1,1,0,1,0,0,1,1,0,0,0,1,0,1,0,0,1,0,0,1,0,0,0,0,1,1,0,0,0,0,1,0,1,0,0,1,0,1,0,0
-0.4417729543927777,-0.019745966154397845,0.6344704118432732,0.21098063075318332,1,0,1,0,1,0,0,1,0,0,1,0,1,0,1,0,0,1,0,0,1,0,0,1,0,0,0,0,1,1,0,0,0,1,0,1,0,0,0,1,0
-0.4417729543927777,0.7943687306174819,1.4723545740195942,1.5060020858439567,0,1,1,0,1,0,0,1,0,0,1,0,1,0,0,0,1,1,0,0,0,0,1,0,0,1,0,0,1,0,0,1,0,0,1,0,1,0,0,1,0
-0.4417729543927777,-1.1595065416350296,-1.5075265255223316,-0.9678882159924989,0,1,0,1,0,1,0,1,1,0,0,0,0,1,0,1,0,0,1,0,0,1,0,0,1,0,0,1,0,0,1,0,0,0,1,1,0,0,1,0,0
-0.4417729543927777,1.2421318138420159,-0.4738595294117414,0.4039024077587896,1,0,0,1,0,1,0,1,1,0,0,1,0,0,0,0,1,1,0,0,1,0,0,1,0,0,1,0,0,1,0,0,0,0,1,0,1,1,0,0,0
-0.4417729543927777,-0.9152721326034656,-0.346102934386837,-0.7609385582965669,0,1,1,0,1,0,0,1,0,0,1,1,0,0,0,0,1,1,0,0,1,0,0,1,0,0,1,0,0,1,0,0,1,0,0,0,1,0,1,0,0
-0.4417729543927777,-1.0780950719578417,-1.5058673489635666,-0.9539481467618935,0,1,1,0,0,1,0,1,1,0,0,0,0,1,0,1,0,0,1,0,0,1,0,0,1,0,0,1,0,0,1,0,1,0,0,1,0,0,0,0,1
2.2636062032690805,0.9571916699718579,1.185317029353251,1.4869689519495715,1,0,0,1,1,0,0,1,0,0,1,0,1,0,1,0,0,1,0,0,0,0,1,1,0,0,0,0,1,0,0,1,1,0,0,0,1,1,0,0,0
-0.4417729543927777,0.87578020029467,0.1649234457127808,0.6945802922980742,0,1,1,0,1,0,0,1,1,0,0,1,0,0,0,0,1,0,0,1,1,0,0,0,0,1,0,0,1,1,0,0,1,0,0,0,1,0,0,0,1
-0.4417729543927777,-0.7117434584104957,0.3673429858821096,-0.5139029692382958,0,1,1,0,1,0,0,1,0,0,1,0,1,0,1,0,0,1,0,0,1,0,0,1,0,0,1,0,0,1,0,0,1,0,0,0,1,0,0,0,1
-0.4417729543927777,-0.5082147842175258,0.5332606417586089,-0.27117014170632164,1,0,0,1,1,0,0,1,1,0,0,0,1,0,1,0,0,1,0,0,0,0,1,0,0,1,1,0,0,1,0,0,1,0,0,0,1,0,0,0,1
2.2636062032690805,-0.46750904937893173,1.0575604343283462,-0.11899288201095726,0,1,1,0,1,0,0,1,1,0,0,0,1,0,1,0,0,1,0,0,0,0,1,1,0,0,0,0,1,0,0,1,1,0,0,0,1,1,0,0,0
-0.4417729543927777,-0.3046861100245558,-0.35273964062189705,-0.44104141053533635,0,1,0,1,0,1,0,1,1,0,0,1,0,0,0,0,1,1,0,0,1,0,0,0,0,1,1,0,0,1,0,0,1,0,0,1,0,0,0,1,0
2.2636062032690805,1.201426079003422,0.8252757161012474,1.4612840999813694,0,1,0,1,1,0,0,1,0,0,1,0,1,0,1,0,0,0,0,1,1,0,0,1,0,0,1,0,0,0,0,1,1,0,0,0,1,1,0,0,0
-0.4417729543927777,1.364249018357798,1.3363020962008652,2.035263706443429,1,0,0,1,1,0,0,1,0,0,1,0,1,0,1,0,0,0,0,1,0,0,1,1,0,0,0,0,1,0,0,1,1,0,0,0,1,0,0,1,0
-0.4417729543927777,1.07930887448764,1.3877365695225798,1.734970467064766,0,1,0,1,1,0,0,1,0,0,1,0,1,0,0,0,1,0,0,1,0,0,1,0,0,1,0,0,1,1,0,0,1,0,0,0,1,0,0,1,0
-0.4417729543927777,1.5677776925507678,1.3479163321122198,2.2410279094331362,0,1,0,1,0,1,0,1,0,0,1,0,1,0,0,0,1,1,0,0,0,0,1,1,0,0,0,0,1,0,0,1,0,0,1,1,0,0,0,1,0
-0.4417729543927777,-0.6710377235719017,1.5934744628094388,-0.1838635978793649,1,0,0,1,0,1,0,1,0,0,1,0,1,0,0,0,1,1,0,0,0,0,1,0,0,1,0,0,1,0,0,1,1,0,0,0,1,0,0,1,0
-0.4417729543927777,-0.06045170099299184,-0.03085938822148846,-0.1714821820587957,1,0,0,1,1,0,0,1,1,0,0,1,0,0,0,0,1,1,0,0,1,0,0,0,0,1,1,0,0,0,0,1,0,1,0,0,1,0,0,1,0
-0.4417729543927777,-0.7524491932490897,0.37066133899963943,-0.5472932767969584,0,1,1,0,0,1,0,1,1,0,0,1,0,0,0,0,1,0,0,1,0,0,1,0,0,1,1,0,0,0,0,1,0,0,1,1,0,1,0,0,0
-0.4417729543927777,-0.8745663977648717,-1.4909347599346816,-0.9242020147816254,1,0,0,1,0,1,0,1,1,0,0,0,0,1,0,1,0,0,1,0,0,1,0,0,1,0,0,1,0,0,1,0,0,1,0,0,1,0,0,0,1
2.2636062032690805,-1.1595065416350296,-1.1624178012992132,-0.9584923898024216,0,1,0,1,1,0,1,0,0,1,0,1,0,0,1,0,0,1,0,0,0,0,1,1,0,0,1,0,0,1,0,0,1,0,0,0,1,0,0,1,0
-0.4417729543927777,-0.10115743583158582,0.8285940692187777,0.18520796732526104,0,1,1,0,1,0,0,1,0,0,1,0,1,0,1,0,0,1,0,0,1,0,0,0,0,1,1,0,0,0,0,1,1,0,0,0,1,0,1,0,0
-0.4417729543927777,-1.0373893371192477,-0.6729607164635405,-0.8688149365630153,0,1,1,0,1,0,0,1,1,0,0,1,0,0,1,0,0,1,0,0,1,0,0,1,0,0,1,0,0,1,0,0,1,0,0,0,1,1,0,0,0
-0.4417729543927777,0.46872285190873003,-0.16857104259898276,0.13287233733193304,0,1,0,1,1,0,0,1,1,0,0,1,0,0,0,0,1,0,0,1,1,0,0,0,0,1,1,0,0,1,0,0,0,1,0,0,1,1,0,0,0
-0.4417729543927777,0.38731138223154205,-1.4677062881119716,-0.6464982734160224,0,1,0,1,0,1,0,1,1,0,0,0,0,1,0,1,0,0,1,0,0,1,0,0,1,0,0,1,0,0,1,0,0,0,1,1,0,0,0,0,1
-0.4417729543927777,-1.2816237461508115,-0.32951116879918707,-0.9862627639389818,0,1,1,0,1,0,0,1,1,0,0,1,0,0,1,0,0,1,0,0,1,0,0,1,0,0,1,0,0,0,0,1,1,0,0,0,1,0,0,1,0
-0.4417729543927777,1.48636622287358,0.6560397071072184,1.570763037387714,0,1,0,1,1,0,0,1,1,0,0,1,0,0,0,0,1,0,0,1,0,0,1,0,0,1,0,0,1,0,0,1,0,0,1,0,1,0,0,0,1
2.2636062032690805,0.46872285190873003,0.8053655973960676,0.7634683824486876,0,1,0,1,1,0,0,1,0,0,1,0,1,0,1,0,0,1,0,0,0,0,1,1,0,0,0,0,1,1,0,0,1,0,0,0,1,0,0,1,0
-0.4417729543927777,-0.7117434584104957,-0.21005045656810756,-0.597828771866019,0,1,1,0,1,0,0,1,0,0,1,1,0,0,1,0,0,0,0,1,1,0,0,0,0,1,1,0,0,1,0,0,1,0,0,0,1,0,1,0,0
-0.4417729543927777,0.87578020029467,-1.4909347599346816,-0.505648692024583,0,1,1,0,1,0,0,1,1,0,0,0,0,1,0,1,0,0,1,0,0,1,0,0,1,0,0,1,0,0,1,0,0,0,1,1,0,0,0,0,1
-0.4417729543927777,-0.46750904937893173,-1.5042081724048015,-0.8361051678171855,0,1,1,0,0,1,0,1,1,0,0,0,0,1,0,1,0,0,1,0,0,1,0,0,1,0,0,1,0,0,1,0,0,0,1,1,0,0,0,0,1
-0.4417729543927777,-0.3860975797017438,0.6245153524906835,-0.19817686581378172,1,0,0,1,0,1,0,1,0,0,1,0,1,0,1,0,0,1,0,0,1,0,0,1,0,0,0,0,1,1,0,0,1,0,0,0,1,0,0,1,0
-0.4417729543927777,-1.2409180113122176,-0.44897188103026653,-0.9679101688574289,1,0,1,0,1,0,1,0,0,1,0,1,0,0,1,0,0,0,0,1,1,0,0,1,0,0,0,0,1,0,0,1,1,0,0,1,0,0,0,1,0
-0.4417729543927777,-1.0373893371192477,0.1533092098014256,-0.7815083927360587,0,1,1,0,1,0,0,1,1,0,0,0,1,0,1,0,0,1,0,0,1,0,0,1,0,0,1,0,0,1,0,0,1,0,0,0,1,0,0,1,0
-0.4417729543927777,0.550134321585918,-1.5158224083161564,-0.6309775979104507,1,0,0,1,0,1,0,1,1,0,0,0,0,1,0,1,0,0,1,0,0,1,0,0,1,0,0,1,0,0,1,0,0,0,1,0,1,0,0,0,1
2.2636062032690805,-1.0373893371192477,-0.024222681986428397,-0.8018586985262495,0,1,0,1,1,0,0,1,0,0,1,1,0,0,0,0,1,0,0,1,1,0,0,0,0,1,1,0,0,1,0,0,1,0,0,1,0,0,0,1,0
-0.4417729543927777,0.6315457912631061,-0.31291940321153716,0.14314627811921388,1,0,1,0,1,0,0,1,1,0,0,1,0,0,0,0,1,0,0,1,1,0,0,1,0,0,1,0,0,1,0,0,0,0,1,1,0,0,1,0,0
-0.4417729543927777,0.9571916699718579,1.105676554532531,1.408070355390838,1,0,0,1,1,0,0,1,0,0,1,0,1,0,1,0,0,0,0,1,1,0,0,1,0,0,0,0,1,0,0,1,0,1,0,0,1,0,0,1,0
-0.4417729543927777,1.038603139649046,-1.4643879349944418,-0.47816370513211376,0,1,1,0,1,0,0,1,1,0,0,0,0,1,0,1,0,0,1,0,0,1,0,0,1,0,0,1,0,0,1,0,0,0,1,1,0,0,0,0,1
2.2636062032690805,-0.6710377235719017,1.122268320120181,-0.31338550096687934,0,1,0,1,1,0,0,1,0,0,1,0,1,0,1,0,0,1,0,0,0,0,1,1,0,0,0,0,1,0,0,1,1,0,0,0,1,0,0,1,0
-0.4417729543927777,-1.2816237461508115,-1.4560920522006169,-1.001168759226511,0,1,1,0,0,1,0,1,1,0,0,0,0,1,0,1,0,0,1,0,0,1,0,0,1,0,0,1,0,0,1,0,1,0,0,0,1,0,0,0,1
-0.4417729543927777,1.038603139649046,-0.15363845357009795,0.554301485394817,0,1,0,1,1,0,0,1,1,0,0,1,0,0,0,0,1,0,0,1,0,0,1,1,0,0,1,0,0,1,0,0,0,1,0,1,0,0,1,0,0
-0.4417729543927777,-0.3453918448631498,-1.4859572302583866,-0.8098275884958711,1,0,0,1,1,0,0,1,1,0,0,0,0,1,0,1,0,0,1,0,0,1,0,0,1,0,0,1,0,0,1,0,0,1,0,1,0,0,0,0,1
-0.4417729543927777,-0.26398037518596185,0.476848638760599,-0.12535921284068255,1,0,0,1,1,0,0,1,0,0,1,0,1,0,1,0,0,0,0,1,1,0,0,1,0,0,1,0,0,1,0,0,1,0,0,1,0,1,0,0,0
-0.4417729543927777,1.48636622287358,-1.4842980536996215,-0.40604854383677735,0,1,0,1,0,1,0,1,1,0,0,0,0,1,0,1,0,0,1,0,0,1,0,0,1,0,0,1,0,0,1,0,0,0,1,1,0,1,0,0,0
-0.4417729543927777,-0.9966836022806537,0.6626764133422784,-0.6745540347966738,1,0,0,1,1,0,0,1,0,0,1,0,1,0,1,0,0,1,0,0,1,0,0,1,0,0,1,0,0,0,0,1,1,0,0,0,1,0,0,1,0
-0.4417729543927777,1.038603139649046,-0.6497322446408305,0.10483852881621174,1,0,0,1,1,0,1,0,0,1,0,1,0,0,0,0,1,0,0,1,1,0,0,1,0,0,0,0,1,1,0,0,0,1,0,0,1,0,0,1,0
-0.4417729543927777,-0.42680331454033776,-1.4726838177882668,-0.8041198436140484,1,0,1,0,0,1,0,1,1,0,0,0,0,1,0,1,0,0,1,0,0,1,0,0,1,0,0,1,0,0,1,0,1,0,0,0,1,0,0,1,0
-0.4417729543927777,1.5270719577121739,1.1969312652646058,2.100529573880578,0,1,0,1,1,0,0,1,1,0,0,0,1,0,0,0,1,0,0,1,0,0,1,0,0,1,1,0,0,0,0,1,0,0,1,1,0,0,1,0,0
-0.4417729543927777,-0.8338606629262777,-1.3117436915880625,-0.8729859808997319,0,1,0,1,0,1,0,1,0,0,1,0,0,1,0,1,0,0,1,0,0,1,0,0,1,0,0,1,0,0,1,0,0,0,1,0,1,1,0,0,0
-0.4417729543927777,-1.1595065416350296,-1.4942531130522116,-0.976757173424254,0,1,0,1,0,1,0,1,1,0,0,0,0,1,0,1,0,0,1,0,0,1,0,0,1,0,0,1,0,0,1,0,0,0,1,1,0,0,0,0,1
-0.4417729543927777,-1.1188008067964357,-1.3266762806169472,-0.9663295625824626,0,1,0,1,1,0,1,0,0,1,0,1,0,0,1,0,0,1,0,0,1,0,0,1,0,0,1,0,0,1,0,0,1,0,0,0,1,0,0,1,0
-0.4417729543927777,0.2244884428771661,0.9978300782128067,0.5726540804763698,0,1,1,0,1,0,0,1,0,0,1,0,1,0,1,0,0,1,0,0,0,0,1,0,0,1,0,0,1,1,0,0,0,1,0,1,0,1,0,0,0
-0.4417729543927777,-1.2409180113122176,0.515009699612194,-0.9502161597237787,1,0,1,0,1,0,0,1,1,0,0,0,1,0,0,0,1,1,0,0,0,0,1,1,0,0,1,0,0,1,0,0,1,0,0,0,1,0,0,1,0
-0.4417729543927777,1.07930887448764,0.018915908541461305,0.6585775938127312,1,0,0,1,0,1,0,1,0,0,1,1,0,0,0,0,1,0,0,1,1,0,0,0,0,1,1,0,0,1,0,0,0,1,0,1,0,0,0,0,1
-0.4417729543927777,0.5908400564245121,0.8335715988950724,0.8060569404130568,0,1,0,1,0,1,0,1,1,0,0,0,1,0,0,0,1,1,0,0,0,0,1,1,0,0,1,0,0,0,0,1,1,0,0,1,0,0,0,1,0
-0.4417729543927777,-0.46750904937893173,-0.15529763012886286,-0.45792316366657343,1,0,1,0,1,0,0,1,1,0,0,1,0,0,0,0,1,1,0,0,0,0,1,0,0,1,1,0,0,1,0,0,0,1,0,0,1,0,0,1,0
2.2636062032690805,-0.7117434584104957,0.315908512560395,-0.5073829683540598,1,0,1,0,1,0,0,1,0,0,1,0,1,0,1,0,0,1,0,0,1,0,0,1,0,0,1,0,0,1,0,0,1,0,0,0,1,0,0,0,1
-0.4417729543927777,-1.1188008067964357,-1.1425076825940332,-0.9370005350358662,1,0,0,1,0,1,1,0,0,1,0,1,0,0,1,0,0,0,0,1,1,0,0,1,0,0,1,0,0,1,0,0,1,0,0,0,1,0,0,1,0
-0.4417729543927777,-0.7117434584104957,-0.18184445506910263,-0.6184864177652311,1,0,1,0,1,0,0,1,1,0,0,1,0,0,1,0,0,1,0,0,0,0,1,1,0,0,1,0,0,0,0,1,1,0,0,0,1,0,0,1,0
-0.4417729543927777,1.6084834273893618,1.3114144478193903,2.2645174749083297,0,1,0,1,0,1,0,1,0,0,1,0,1,0,1,0,0,0,0,1,0,0,1,1,0,0,0,0,1,0,0,1,0,1,0,0,1,0,1,0,0
-0.4417729543927777,0.509428586747324,-0.4871329418818613,-0.03502317365337364,1,0,0,1,1,0,0,1,1,0,0,1,0,0,1,0,0,1,0,0,0,0,1,1,0,0,1,0,0,1,0,0,1,0,0,0,1,0,1,0,0
-0.4417729543927777,0.6315457912631061,-0.8471742551338647,-0.14167019148373727,1,0,0,1,0,1,1,0,0,1,0,1,0,0,0,0,1,0,0,1,1,0,0,0,0,1,1,0,0,1,0,0,0,0,1,1,0,0,0,0,1
2.2636062032690805,-0.6303319887333078,1.2234780902048454,-0.24098495242745174,0,1,1,0,1,0,0,1,1,0,0,0,1,0,1,0,0,0,0,1,0,0,1,1,0,0,0,0,1,0,0,1,1,0,0,0,1,0,0,1,0
-0.4417729543927777,-0.2232746403473678,-0.4838145887643313,-0.39074739698050664,0,1,1,0,1,0,0,1,1,0,0,1,0,0,0,0,1,1,0,0,1,0,0,1,0,0,1,0,0,1,0,0,1,0,0,1,0,0,0,0,1
-0.4417729543927777,0.509428586747324,1.4872871630484794,1.141255235030558,0,1,0,1,0,1,0,1,0,0,1,0,1,0,1,0,0,0,0,1,0,0,1,0,0,1,0,0,1,0,0,1,0,0,1,0,1,1,0,0,0
-0.4417729543927777,-0.9152721326034656,1.2334331495574353,-0.5411245217516039,1,0,0,1,0,1,0,1,0,0,1,0,1,0,1,0,0,0,0,1,0,0,1,1,0,0,0,0,1,0,0,1,1,0,0,0,1,0,1,0,0
-0.4417729543927777,-1.2816237461508115,-0.5186572964983963,-0.9887653905410118,0,1,1,0,1,0,0,1,1,0,0,1,0,0,1,0,0,1,0,0,1,0,0,0,0,1,1,0,0,1,0,0,1,0,0,0,1,0,0,1,0
-0.4417729543927777,-0.42680331454033776,0.9961709016540418,-0.06959893591826097,0,1,1,0,1,0,0,1,1,0,0,0,1,0,1,0,0,0,0,1,0,0,1,0,0,1,1,0,0,0,0,1,1,0,0,0,1,1,0,0,0
-0.4417729543927777,-0.5082147842175258,0.1864927409767254,-0.35465688703544324,0,1,1,0,1,0,0,1,1,0,0,0,1,0,1,0,0,1,0,0,1,0,0,1,0,0,1,0,0,1,0,0,1,0,0,1,0,0,1,0,0
-0.4417729543927777,-1.0373893371192477,-1.3349721634107723,-0.9449694250054878,1,0,0,1,0,1,1,0,0,1,0,1,0,0,1,0,0,1,0,0,1,0,0,1,0,0,1,0,0,1,0,0,1,0,0,0,1,0,0,1,0
-0.4417729543927777,-1.2816237461508115,-0.4722003528529763,-0.9881507103229694,0,1,1,0,1,0,0,1,1,0,0,1,0,0,0,0,1,1,0,0,1,0,0,1,0,0,1,0,0,1,0,0,1,0,0,0,1,0,0,0,1
-0.4417729543927777,-0.3453918448631498,-0.3759681124446068,-0.43289689764627404,0,1,0,1,1,0,0,1,1,0,0,1,0,0,0,0,1,1,0,0,1,0,0,0,0,1,1,0,0,1,0,0,1,0,0,1,0,0,0,0,1
-0.4417729543927777,1.445660488034986,-1.3582006352334821,-0.2796878532991955,0,1,0,1,0,1,0,1,0,0,1,0,0,1,0,1,0,0,1,0,0,1,0,0,1,0,0,1,0,0,1,0,0,0,1,0,1,1,0,0,0
2.2636062032690805,-0.5082147842175258,0.6444254711958631,-0.24416811784231437,0,1,1,0,1,0,0,1,0,0,1,0,1,0,1,0,0,1,0,0,1,0,0,1,0,0,0,0,1,1,0,0,1,0,0,0,1,0,0,1,0
-0.4417729543927777,-0.3046861100245558,-0.8903128456617544,-0.5843497127989455,0,1,0,1,1,0,1,0,0,1,0,1,0,0,1,0,0,1,0,0,0,0,1,1,0,0,0,0,1,1,0,0,0,1,0,0,1,0,1,0,0
2.2636062032690805,-1.2816237461508115,-0.7177584835501953,-0.9913997343326222,0,1,1,0,1,0,1,0,0,1,0,1,0,0,1,0,0,0,0,1,0,0,1,1,0,0,1,0,0,0,0,1,1,0,0,0,1,0,0,1,0
2.2636062032690805,1.2828375486806098,-0.6995075414037802,0.19743571309131955,1,0,1,0,1,0,1,0,0,1,0,1,0,0,1,0,0,0,0,1,1,0,0,0,0,1,0,0,1,1,0,0,1,0,0,0,1,0,0,1,0
-0.4417729543927777,1.2828375486806098,1.130564202914006,1.7889306090629207,1,0,0,1,1,0,0,1,1,0,0,0,1,0,0,0,1,1,0,0,0,0,1,1,0,0,0,0,1,0,0,1,0,0,1,0,1,1,0,0,0
-0.4417729543927777,-0.5082147842175258,-1.3067661619117674,-0.7876332420515529,1,0,0,1,0,1,0,1,0,0,1,0,0,1,0,1,0,0,1,0,0,1,0,0,1,0,0,1,0,0,1,0,1,0,0,0,1,1,0,0,0
-0.4417729543927777,0.10237123836138413,1.138860085707831,0.5403394632992815,1,0,1,0,1,0,0,1,1,0,0,0,1,0,1,0,0,1,0,0,0,0,1,0,0,1,0,0,1,0,0,1,0,1,0,0,1,0,0,1,0
-0.4417729543927777,1.6084834273893618,1.6382722298960934,2.527754278285005,0,1,0,1,0,1,0,1,0,0,1,0,1,0,0,0,1,0,0,1,0,0,1,0,0,1,0,0,1,0,0,1,0,0,1,0,1,0,1,0,0
-0.4417729543927777,0.42801711707013607,0.9762607829488615,0.7112644696449405,0,1,1,0,1,0,0,1,0,0,1,0,1,0,1,0,0,1,0,0,1,0,0,1,0,0,0,0,1,0,0,1,0,1,0,1,0,0,0,0,1
-0.4417729543927777,0.835074465456076,1.0293544328293416,1.2010767919650456,0,1,1,0,0,1,0,1,1,0,0,0,1,0,0,0,1,0,0,1,0,0,1,1,0,0,1,0,0,0,0,1,0,1,0,1,0,0,0,1,0
-0.4417729543927777,1.48636622287358,-1.3598598117922471,-0.25826185712743044,0,1,1,0,1,0,0,1,0,0,1,0,0,1,0,1,0,0,1,0,0,1,0,0,1,0,0,1,0,0,1,0,0,0,1,1,0,1,0,0,0
-0.4417729543927777,-1.2816237461508115,-0.5070430605870413,-0.9886117204865011,0,1,1,0,1,0,0,1,1,0,0,1,0,0,1,0,0,1,0,0,0,0,1,1,0,0,1,0,0,1,0,0,1,0,0,0,1,0,0,0,1
-0.4417729543927777,-0.019745966154397845,0.9447364283323271,0.29767249436209775,0,1,1,0,1,0,0,1,1,0,0,0,1,0,0,0,1,0,0,1,0,0,1,1,0,0,1,0,0,0,0,1,1,0,0,0,1,0,1,0,0
-0.4417729543927777,1.5677776925507678,-1.5207999379924513,-0.4078267258961144,1,0,0,1,1,0,0,1,1,0,0,0,0,1,0,1,0,0,1,0,0,1,0,0,1,0,0,1,0,0,1,0,0,0,1,1,0,0,1,0,0
-0.4417729543927777,0.020959768684196148,-1.4793205240233265,-0.707571143651525,0,1,1,0,1,0,0,1,1,0,0,0,0,1,0,1,0,0,1,0,0,1,0,0,1,0,0,1,0,0,1,0,0,0,1,1,0,0,0,0,1
-0.4417729543927777,-0.9152721326034656,-1.4959122896109764,-0.925650903867011,0,1,1,0,1,0,0,1,1,0,0,0,0,1,0,1,0,0,1,0,0,1,0,0,1,0,0,1,0,0,1,0,1,0,0,0,1,0,0,0,1
-0.4417729543927777,0.1837827080385721,-1.2769009838539975,-0.6101662819567281,1,0,0,1,0,1,0,1,0,0,1,0,0,1,0,1,0,0,1,0,0,1,0,0,1,0,0,1,0,0,1,0,1,0,0,1,0,0,0,0,1
-0.4417729543927777,-1.0373893371192477,0.2130395659169652,-0.7839671136082283,0,1,0,1,0,1,0,1,1,0,0,1,0,0,0,0,1,1,0,0,0,0,1,0,0,1,1,0,0,0,0,1,1,0,0,0,1,0,1,0,0
-0.4417729543927777,0.9978974048104519,-0.37099058276831187,0.3928162109690956,0,1,1,0,1,0,1,0,0,1,0,1,0,0,0,0,1,1,0,0,0,0,1,1,0,0,0,0,1,0,0,1,1,0,0,0,1,0,0,1,0
-0.4417729543927777,0.5908400564245121,-1.4826388771408565,-0.5582697092620019,1,0,1,0,1,0,0,1,1,0,0,0,0,1,0,1,0,0,1,0,0,1,0,0,1,0,0,1,0,0,1,0,0,0,1,1,0,0,1,0,0
-0.4417729543927777,-1.1188008067964357,0.13339909109624587,-0.8560822749035648,1,0,0,1,1,0,0,1,1,0,0,0,1,0,1,0,0,1,0,0,1,0,0,1,0,0,1,0,0,1,0,0,1,0,0,0,1,0,0,1,0
-0.4417729543927777,1.160720344164828,1.3479163321122198,1.747505552939846,0,1,0,1,1,0,0,1,0,0,1,0,1,0,1,0,0,0,0,1,0,0,1,1,0,0,0,0,1,0,0,1,1,0,0,0,1,0,0,1,0
-0.4417729543927777,1.6084834273893618,0.6228561759319186,1.666477528482894,1,0,0,1,0,1,0,1,1,0,0,1,0,0,0,0,1,0,0,1,0,0,1,0,0,1,0,0,1,0,0,1,0,0,1,0,1,1,0,0,0
-0.4417729543927777,0.10237123836138413,-1.5042081724048015,-0.7088005040876098,0,1,0,1,0,1,0,1,1,0,0,0,0,1,0,1,0,0,1,0,0,1,0,0,1,0,0,1,0,0,1,0,0,0,1,1,0,0,0,0,1
2.2636062032690805,0.9571916699718579,1.1985904418233706,1.4456756130160773,0,1,1,0,1,0,0,1,0,0,1,0,1,0,1,0,0,1,0,0,0,0,1,1,0,0,0,0,1,0,0,1,1,0,0,0,1,0,0,1,0
2.2636062032690805,0.1430769731999781,0.8966203081281422,0.43893918018720884,1,0,0,1,1,0,0,1,0,0,1,0,1,0,1,0,0,0,0,1,1,0,0,1,0,0,0,0,1,1,0,0,1,0,0,0,1,0,1,0,0
-0.4417729543927777,-0.5082147842175258,1.115631613885121,-0.11826843746826433,0,1,1,0,1,0,0,1,0,0,1,0,1,0,1,0,0,1,0,0,1,0,0,0,0,1,0,0,1,0,0,1,1,0,0,0,1,0,0,0,1
-0.4417729543927777,0.2244884428771661,-1.4760021709057964,-0.6673974008294654,1,0,0,1,0,1,0,1,1,0,0,0,0,1,0,1,0,0,1,0,0,1,0,0,1,0,0,1,0,0,1,0,1,0,0,1,0,0,0,0,1
-0.4417729543927777,0.42801711707013607,1.316391977495685,1.0794359673874327,1,0,1,0,1,0,0,1,0,0,1,0,1,0,1,0,0,0,0,1,0,0,1,1,0,0,0,0,1,0,0,1,0,0,1,0,1,0,0,1,0
2.2636062032690805,-0.9966836022806537,0.7356801819279377,-0.6970996270798734,1,0,1,0,1,0,0,1,1,0,0,0,1,0,1,0,0,0,0,1,1,0,0,1,0,0,0,0,1,1,0,0,1,0,0,0,1,0,0,1,0
-0.4417729543927777,-0.9559778674420596,-1.4942531130522116,-0.9381420840122308,0,1,1,0,1,0,0,1,1,0,0,0,0,1,0,1,0,0,1,0,0,1,0,0,1,0,0,1,0,0,1,0,0,1,0,0,1,0,0,1,0
-0.4417729543927777,1.404954753196392,0.8169798333074224,1.6408585351094827,0,1,0,1,0,1,0,1,0,0,1,0,1,0,0,0,1,0,0,1,1,0,0,0,0,1,1,0,0,1,0,0,0,1,0,1,0,0,0,1,0
-0.4417729543927777,-1.2816237461508115,-0.6795974226986004,-0.9908948184392303,0,1,1,0,1,0,0,1,1,0,0,1,0,0,1,0,0,1,0,0,1,0,0,1,0,0,1,0,0,1,0,0,1,0,0,1,0,0,0,0,1
-0.4417729543927777,0.87578020029467,1.2948226822317404,1.4654551443180859,1,0,1,0,1,0,0,1,0,0,1,0,1,0,0,0,1,1,0,0,0,0,1,1,0,0,0,0,1,0,0,1,0,1,0,0,1,1,0,0,0
2.2636062032690805,-1.2816237461508115,-1.4892755833759166,-1.0016078165251128,0,1,1,0,1,0,0,1,1,0,0,0,0,1,0,1,0,0,1,0,0,1,0,0,1,0,0,1,0,0,1,0,1,0,0,1,0,0,0,0,1
-0.4417729543927777,-0.3860975797017438,0.6460846477546285,-0.16002278656529023,1,0,0,1,0,1,0,1,1,0,0,0,1,0,0,0,1,0,0,1,1,0,0,0,0,1,1,0,0,1,0,0,1,0,0,1,0,0,0,0,1
2.2636062032690805,-0.5082147842175258,0.9679649001550366,-0.2278351863343295,1,0,1,0,1,0,0,1,0,0,1,0,1,0,1,0,0,0,0,1,0,0,1,1,0,0,1,0,0,0,0,1,1,0,0,0,1,0,0,1,0
-0.4417729543927777,-0.7524491932490897,0.6593580602247482,-0.4818298335754383,1,0,0,1,0,1,0,1,0,0,1,0,1,0,1,0,0,1,0,0,1,0,0,1,0,0,0,0,1,1,0,0,1,0,0,0,1,0,0,1,0
2.2636062032690805,-0.5896262538947138,-0.5004063543519812,-0.630297059097618,1,0,1,0,1,0,0,1,1,0,0,1,0,0,1,0,0,0,0,1,1,0,0,1,0,0,1,0,0,1,0,0,1,0,0,0,1,0,1,0,0
-0.4417729543927777,0.7943687306174819,0.6361295884020381,0.8988956062023954,0,1,0,1,1,0,0,1,1,0,0,0,1,0,0,0,1,1,0,0,1,0,0,1,0,0,0,0,1,1,0,0,1,0,0,1,0,0,0,1,0
-0.4417729543927777,-1.2816237461508115,-1.4610695818769117,-1.0012346178213012,1,0,1,0,1,0,0,1,1,0,0,0,0,1,0,1,0,0,1,0,0,1,0,0,1,0,0,1,0,0,1,0,1,0,0,1,0,0,0,0,1
-0.4417729543927777,0.2244884428771661,-1.5141632317573916,-0.6787031262684603,1,0,1,0,1,0,0,1,1,0,0,0,0,1,0,1,0,0,1,0,0,1,0,0,1,0,0,1,0,0,1,0,0,1,0,1,0,0,0,0,1
-0.4417729543927777,-1.1188008067964357,0.3524103968532246,-0.8287948637954664,1,0,1,0,1,0,0,1,0,0,1,0,1,0,1,0,0,1,0,0,1,0,0,1,0,0,1,0,0,1,0,0,1,0,0,1,0,0,0,1,0
-0.4417729543927777,-1.2816237461508115,-1.5042081724048015,-1.0018053923094836,0,1,1,0,1,0,0,1,1,0,0,0,0,1,0,1,0,0,1,0,0,1,0,0,1,0,0,1,0,0,1,0,1,0,0,0,1,0,0,0,1
2.2636062032690805,-0.26398037518596185,0.9513731345673867,0.045126736206374585,0,1,1,0,1,0,0,1,0,0,1,0,1,0,1,0,0,1,0,0,1,0,0,1,0,0,0,0,1,0,0,1,1,0,0,0,1,0,0,1,0
2.2636062032690805,1.364249018357798,1.4325343366092345,2.142876650330716,1,0,0,1,1,0,0,1,0,0,1,0,1,0,1,0,0,0,0,1,0,0,1,0,0,1,0,0,1,0,0,1,0,1,0,0,1,0,1,0,0
-0.4417729543927777,0.753662995778888,-0.1470017473350379,0.3600844893583355,0,1,0,1,0,1,0,1,1,0,0,1,0,0,0,0,1,0,0,1,1,0,0,0,0,1,1,0,0,1,0,0,0,0,1,1,0,0,1,0,0
-0.4417729543927777,-0.9152721326034656,0.3358186312655747,-0.6651801614715266,0,1,1,0,1,0,0,1,0,0,1,0,1,0,1,0,0,1,0,0,1,0,0,1,0,0,1,0,0,1,0,0,1,0,0,1,0,0,0,1,0
-0.4417729543927777,-1.1188008067964357,-1.4560920522006169,-0.9604242419162693,0,1,1,0,1,0,0,1,1,0,0,0,0,1,0,1,0,0,1,0,0,1,0,0,1,0,0,1,0,0,1,0,1,0,0,1,0,0,0,0,1
-0.4417729543927777,-1.1595065416350296,0.18483356441796053,-0.8812402581134448,0,1,0,1,1,0,0,1,1,0,0,0,1,0,1,0,0,1,0,0,1,0,0,1,0,0,1,0,0,1,0,0,1,0,0,1,0,0,0,1,0
-0.4417729543927777,1.07930887448764,0.9895341954189817,1.4472781721559735,1,0,0,1,1,0,0,1,0,0,1,0,1,0,0,0,1,0,0,1,1,0,0,1,0,0,0,0,1,1,0,0,1,0,0,0,1,0,0,1,0
2.2636062032690805,-1.1188008067964357,0.3125901594428647,-0.863414531790214,1,0,0,1,1,0,0,1,0,0,1,0,1,0,1,0,0,1,0,0,1,0,0,1,0,0,1,0,0,1,0,0,1,0,0,0,1,0,0,1,0
-0.4417729543927777,-1.1188008067964357,-0.019245152310133705,-0.8555773590101727,1,0,1,0,1,0,0,1,1,0,0,1,0,0,0,0,1,1,0,0,1,0,0,0,0,1,0,0,1,1,0,0,1,0,0,0,1,0,0,1,0
-0.4417729543927777,-1.2002122764736236,-0.6248445962593556,-0.9532676079490607,1,0,0,1,1,0,0,1,1,0,0,1,0,0,1,0,0,1,0,0,1,0,0,1,0,0,1,0,0,1,0,0,1,0,0,0,1,0,0,0,1
-0.4417729543927777,0.6315457912631061,-0.6679831867872456,-0.08639287758977766,1,0,1,0,1,0,1,0,0,1,0,1,0,0,0,0,1,0,0,1,1,0,0,1,0,0,0,0,1,1,0,0,1,0,0,0,1,0,0,1,0
-0.4417729543927777,1.6084834273893618,-1.3299946337344772,-0.18856151097440357,1,0,0,1,1,0,0,1,0,0,1,0,0,1,0,1,0,0,1,0,0,1,0,0,1,0,0,1,0,0,1,0,0,0,1,1,0,0,1,0,0
-0.4417729543927777,-0.8338606629262777,0.49344040434824893,-0.5708267480020118,1,0,1,0,1,0,0,1,0,0,1,0,1,0,0,0,1,1,0,0,1,0,0,1,0,0,1,0,0,1,0,0,1,0,0,0,1,0,0,1,0
2.2636062032690805,-1.2409180113122176,1.0011484313303365,-0.9312708372891134,0,1,1,0,1,0,0,1,1,0,0,0,1,0,1,0,0,0,0,1,0,0,1,0,0,1,1,0,0,0,0,1,1,0,0,0,1,0,1,0,0
-0.4417729543927777,1.6084834273893618,1.4673770443432996,2.409669817826066,1,0,0,1,1,0,0,1,0,0,1,0,1,0,1,0,0,0,0,1,0,0,1,0,0,1,0,0,1,0,0,1,0,1,0,1,0,0,1,0,0
-0.4417729543927777,-0.5896262538947138,-0.6829157758161304,-0.6731929571710085,0,1,0,1,1,0,0,1,1,0,0,1,0,0,1,0,0,1,0,0,1,0,0,1,0,0,1,0,0,1,0,0,1,0,0,0,1,1,0,0,0
-0.4417729543927777,0.509428586747324,0.5332606417586089,0.5410419549770442,1,0,0,1,0,1,0,1,1,0,0,1,0,0,0,0,1,1,0,0,0,0,1,0,0,1,0,0,1,0,0,1,0,0,1,0,1,0,0,0,1
-0.4417729543927777,-0.06045170099299184,0.3690021624408745,-0.03227906553711273,1,0,1,0,1,0,0,1,0,0,1,0,1,0,1,0,0,1,0,0,1,0,0,1,0,0,1,0,0,1,0,0,1,0,0,0,1,0,0,1,0
-0.4417729543927777,-0.9152721326034656,-1.4909347599346816,-0.9231702301299113,0,1,1,0,1,0,0,1,1,0,0,0,0,1,0,1,0,0,1,0,0,1,0,0,1,0,0,1,0,0,1,0,1,0,0,1,0,0,1,0,0
2.2636062032690805,0.3466056473929481,0.6245153524906835,0.4268651044756609,0,1,0,1,1,0,0,1,0,0,1,0,1,0,0,0,1,1,0,0,0,0,1,1,0,0,1,0,0,1,0,0,1,0,0,0,1,1,0,0,0
-0.4417729543927777,-1.2409180113122176,-0.5153389433808663,-0.9636293601960618,1,0,1,0,1,0,0,1,0,0,1,1,0,0,1,0,0,1,0,0,1,0,0,1,0,0,1,0,0,1,0,0,1,0,0,0,1,0,0,1,0
-0.4417729543927777,-1.2409180113122176,0.13339909109624587,-0.9578338038545189,1,0,1,0,1,0,0,1,1,0,0,0,1,0,1,0,0,1,0,0,1,0,0,1,0,0,1,0,0,1,0,0,1,0,0,1,0,0,0,1,0
-0.4417729543927777,0.9571916699718579,0.6942007679588129,1.094341962674962,0,1,0,1,0,1,0,1,1,0,0,0,1,0,1,0,0,0,0,1,0,0,1,0,0,1,1,0,0,1,0,0,0,1,0,0,1,0,0,0,1
-0.4417729543927777,1.5677776925507678,1.1819986762357206,2.1129329425660774,0,1,0,1,0,1,0,1,0,0,1,0,1,0,1,0,0,0,0,1,1,0,0,1,0,0,0,0,1,0,0,1,0,1,0,1,0,1,0,0,0
-0.4417729543927777,-0.3046861100245558,-1.5042081724048015,-0.8298925070419707,0,1,0,1,0,1,0,1,1,0,0,0,0,1,0,1,0,0,1,0,0,1,0,0,1,0,0,1,0,0,1,0,0,1,0,1,0,0,0,1,0
-0.4417729543927777,-0.8745663977648717,-1.5058673489635666,-0.9124352791790986,0,1,1,0,1,0,0,1,1,0,0,0,0,1,0,1,0,0,1,0,0,1,0,0,1,0,0,1,0,0,1,0,0,0,1,1,0,0,1,0,0
-0.4417729543927777,-0.8338606629262777,0.8169798333074224,-0.561804120515746,0,1,1,0,1,0,0,1,0,0,1,0,1,0,1,0,0,1,0,0,0,0,1,1,0,0,0,0,1,1,0,0,1,0,0,0,1,0,0,1,0
-0.4417729543927777,1.6084834273893618,0.5714217026102039,1.5292282169399893,0,1,0,1,1,0,0,1,0,0,1,1,0,0,1,0,0,0,0,1,0,0,1,1,0,0,0,0,1,0,0,1,0,0,1,1,0,1,0,0,0
-0.4417729543927777,1.5677776925507678,1.600111169044499,2.4991057895512414,1,0,1,0,1,0,0,1,0,0,1,0,1,0,0,0,1,0,0,1,0,0,1,0,0,1,0,0,1,0,0,1,0,0,1,0,1,0,1,0,0
2.2636062032690805,-0.2232746403473678,-1.1342117998002081,-0.6569258842578138,0,1,0,1,1,0,1,0,0,1,0,1,0,0,0,0,1,1,0,0,1,0,0,1,0,0,1,0,0,1,0,0,1,0,0,1,0,0,1,0,0
-0.4417729543927777,-0.7524491932490897,-0.4705411762942114,-0.6974728257836849,0,1,1,0,1,0,1,0,0,1,0,1,0,0,1,0,0,1,0,0,0,0,1,1,0,0,0,0,1,0,0,1,1,0,0,0,1,0,0,1,0
-0.4417729543927777,-0.6303319887333078,0.5282831120823137,-0.3755560144488862,0,1,1,0,0,1,0,1,1,0,0,1,0,0,1,0,0,0,0,1,0,0,1,0,0,1,0,0,1,0,0,1,0,1,0,1,0,0,0,1,0
-0.4417729543927777,0.020959768684196148,1.2881859759966803,0.46528261810331345,1,0,0,1,1,0,0,1,1,0,0,0,1,0,0,0,1,1,0,0,0,0,1,0,0,1,0,0,1,0,0,1,0,1,0,0,1,0,0,1,0
2.2636062032690805,-0.9152721326034656,0.684245708606223,-0.6364438612780424,0,1,0,1,1,0,0,1,0,0,1,0,1,0,1,0,0,1,0,0,1,0,0,1,0,0,1,0,0,0,0,1,1,0,0,1,0,0,0,1,0
-0.4417729543927777,0.509428586747324,0.6510621774309232,0.6202259387798688,0,1,0,1,1,0,0,1,0,0,1,0,1,0,0,0,1,1,0,0,0,0,1,1,0,0,1,0,0,1,0,0,1,0,0,0,1,0,0,0,1
-0.4417729543927777,0.9978974048104519,-1.4660471115532068,-0.5191936096864468,0,1,1,0,1,0,0,1,1,0,0,0,0,1,0,1,0,0,1,0,0,1,0,0,1,0,0,1,0,0,1,0,0,0,1,1,0,0,0,0,1
-0.4417729543927777,0.38731138223154205,-0.6580281274346554,-0.11076055766217445,0,1,0,1,0,1,1,0,0,1,0,1,0,0,1,0,0,0,0,1,0,0,1,1,0,0,1,0,0,0,0,1,0,1,0,0,1,0,1,0,0
-0.4417729543927777,-1.2816237461508115,-0.6480730680820656,-0.9904777140055585,1,0,1,0,1,0,0,1,1,0,0,1,0,0,1,0,0,1,0,0,1,0,0,1,0,0,1,0,0,1,0,0,1,0,0,0,1,0,0,0,1
-0.4417729543927777,-0.9966836022806537,-0.5103614137045713,-0.8376638212272216,0,1,0,1,1,0,0,1,1,0,0,1,0,0,1,0,0,0,0,1,1,0,0,1,0,0,1,0,0,1,0,0,1,0,0,0,1,1,0,0,0
2.2636062032690805,-0.3453918448631498,-1.4809797005820917,-0.8084665108702056,1,0,1,0,1,0,0,1,1,0,0,0,0,1,0,1,0,0,1,0,0,1,0,0,1,0,0,1,0,0,1,0,1,0,0,0,1,0,0,0,1
-0.4417729543927777,-0.3453918448631498,0.5332606417586089,-0.16573053144711292,0,1,0,1,0,1,0,1,0,0,1,1,0,0,0,0,1,1,0,0,1,0,0,0,0,1,0,0,1,0,0,1,1,0,0,1,0,1,0,0,0
-0.4417729543927777,-0.019745966154397845,-1.4975714661697417,-0.743595795001798,0,1,1,0,1,0,0,1,1,0,0,0,0,1,0,1,0,0,1,0,0,1,0,0,1,0,0,1,0,0,1,0,0,1,0,1,0,0,0,0,1
-0.4417729543927777,-1.2002122764736236,0.3607062796470496,-0.9022711027164682,1,0,1,0,1,0,0,1,0,0,1,0,1,0,1,0,0,1,0,0,1,0,0,1,0,0,1,0,0,1,0,0,1,0,0,0,1,0,0,1,0
2.2636062032690805,0.712957260940294,1.0210585500355167,1.1043963748129417,0,1,1,0,1,0,0,1,0,0,1,0,1,0,1,0,0,1,0,0,1,0,0,1,0,0,0,0,1,0,0,1,1,0,0,0,1,0,0,1,0
-0.4417729543927777,-0.8338606629262777,-0.521975649615926,-0.7596433392656917,0,1,0,1,0,1,0,1,1,0,0,1,0,0,0,0,1,1,0,0,1,0,0,1,0,0,1,0,0,1,0,0,1,0,0,0,1,0,0,1,0
-0.4417729543927777,-0.9152721326034656,0.7937513614847125,-0.6023291091766869,1,0,0,1,0,1,0,1,1,0,0,0,1,0,1,0,0,1,0,0,1,0,0,1,0,0,0,0,1,0,0,1,1,0,0,0,1,0,0,1,0
-0.4417729543927777,-1.2409180113122176,-1.5125040551986264,-0.990060609571887,0,1,1,0,1,0,0,1,1,0,0,0,0,1,0,1,0,0,1,0,0,1,0,0,1,0,0,1,0,0,1,0,1,0,0,1,0,0,0,0,1
2.2636062032690805,-0.9152721326034656,1.0094443141241614,-0.6159837911632012,0,1,1,0,1,0,0,1,0,0,1,0,1,0,1,0,0,1,0,0,1,0,0,1,0,0,0,0,1,0,0,1,1,0,0,0,1,0,0,1,0
-0.4417729543927777,-0.9559778674420596,1.0144218438004566,-0.646388509091372,0,1,1,0,1,0,0,1,0,0,1,0,1,0,1,0,0,1,0,0,1,0,0,1,0,0,0,0,1,0,0,1,1,0,0,0,1,0,0,1,0
2.2636062032690805,-0.9966836022806537,1.346257155553455,-0.6461909333070012,1,0,1,0,1,0,0,1,0,0,1,0,1,0,1,0,0,0,0,1,0,0,1,1,0,0,0,0,1,0,0,1,1,0,0,0,1,0,0,1,0
-0.4417729543927777,0.6722515261017,0.3407961609418699,0.6045735460847167,0,1,1,0,0,1,0,1,0,0,1,0,1,0,1,0,0,1,0,0,1,0,0,1,0,0,1,0,0,1,0,0,1,0,0,1,0,0,1,0,0
-0.4417729543927777,-1.0373893371192477,0.32254521879545506,-0.7713222634084982,0,1,1,0,1,0,0,1,1,0,0,0,1,0,1,0,0,1,0,0,0,0,1,1,0,0,1,0,0,1,0,0,1,0,0,1,0,0,0,0,1
-0.4417729543927777,-1.2002122764736236,-1.4826388771408565,-0.9834308443630007,0,1,1,0,1,0,0,1,1,0,0,0,0,1,0,1,0,0,1,0,0,1,0,0,1,0,0,1,0,0,1,0,1,0,0,0,1,0,0,1,0
-0.4417729543927777,0.020959768684196148,0.9580098408024468,0.36142361411907087,1,0,0,1,0,1,0,1,1,0,0,0,1,0,1,0,0,1,0,0,0,0,1,1,0,0,0,0,1,0,0,1,0,1,0,0,1,0,0,1,0
-0.4417729543927777,0.6315457912631061,1.332983743083335,1.2215588149448173,1,0,0,1,1,0,0,1,0,0,1,0,1,0,1,0,0,0,0,1,1,0,0,0,0,1,0,0,1,0,0,1,1,0,0,0,1,0,1,0,0
-0.4417729543927777,-1.2002122764736236,0.315908512560395,-0.9133353466412323,0,1,1,0,1,0,0,1,1,0,0,0,1,0,1,0,0,0,0,1,1,0,0,1,0,0,1,0,0,1,0,0,1,0,0,1,0,0,1,0,0
-0.4417729543927777,0.3058999125543541,-0.3444437578280721,-0.02859098422885825,1,0,1,0,1,0,1,0,0,1,0,1,0,0,0,0,1,1,0,0,1,0,0,0,0,1,0,0,1,0,0,1,0,1,0,0,1,1,0,0,0
-0.4417729543927777,-1.1188008067964357,0.15994591603648564,-0.8678929162359518,0,1,1,0,1,0,0,1,1,0,0,0,1,0,1,0,0,1,0,0,1,0,0,1,0,0,1,0,0,1,0,0,1,0,0,0,1,0,0,1,0
-0.4417729543927777,-1.1188008067964357,0.9928525485365115,-0.8072151975691907,0,1,1,0,1,0,0,1,0,0,1,0,1,0,1,0,0,1,0,0,1,0,0,1,0,0,0,0,1,0,0,1,1,0,0,0,1,1,0,0,0
-0.4417729543927777,-1.2002122764736236,1.4275568069329396,-0.8727225465205709,0,1,1,0,1,0,0,1,0,0,1,0,1,0,1,0,0,0,0,1,0,0,1,1,0,0,0,0,1,0,0,1,1,0,0,1,0,0,0,0,1
-0.4417729543927777,0.5908400564245121,-0.03749609445654852,0.30994414585801644,1,0,0,1,0,1,0,1,1,0,0,1,0,0,1,0,0,0,0,1,1,0,0,0,0,1,1,0,0,0,0,1,0,0,1,1,0,1,0,0,0
-0.4417729543927777,0.2244884428771661,-1.3499047524396572,-0.6089369215206432,1,0,1,0,1,0,0,1,0,0,1,0,0,1,0,1,0,0,1,0,0,1,0,0,1,0,0,1,0,0,1,0,0,1,0,0,1,0,0,1,0
-0.4417729543927777,1.404954753196392,-0.4655636466179165,0.43042146859433494,0,1,0,1,0,1,1,0,0,1,0,1,0,0,0,0,1,1,0,0,1,0,0,1,0,0,0,0,1,0,0,1,0,0,1,1,0,0,1,0,0
-0.4417729543927777,-0.5489205190561198,-1.4826388771408565,-0.8419665827535187,1,0,1,0,1,0,0,1,1,0,0,0,0,1,0,1,0,0,1,0,0,1,0,0,1,0,0,1,0,0,1,0,0,1,0,1,0,0,1,0,0
-0.4417729543927777,0.9164859351332639,-1.5108448786398616,-0.5349118609763892,1,0,0,1,0,1,0,1,1,0,0,0,0,1,0,1,0,0,1,0,0,1,0,0,1,0,0,1,0,0,1,0,0,0,1,1,0,0,1,0,0
-0.4417729543927777,1.5270719577121739,1.3678264508174,2.271586297415818,0,1,0,1,0,1,0,1,1,0,0,0,1,0,1,0,0,0,0,1,0,0,1,0,0,1,0,0,1,0,0,1,0,1,0,0,1,0,0,1,0
-0.4417729543927777,1.038603139649046,-0.48547376532309644,0.2534374715279721,0,1,0,1,1,0,0,1,1,0,0,1,0,0,1,0,0,1,0,0,0,0,1,1,0,0,1,0,0,1,0,0,0,1,0,1,0,0,1,0,0
-0.4417729543927777,-0.9966836022806537,0.9878750188602168,-0.6853767972072068,0,1,1,0,1,0,0,1,1,0,0,0,1,0,1,0,0,1,0,0,0,0,1,1,0,0,0,0,1,0,0,1,1,0,0,0,1,0,0,1,0
-0.4417729543927777,-1.1595065416350296,0.5282831120823137,-0.8774863182103998,1,0,0,1,0,1,0,1,1,0,0,0,1,0,1,0,0,1,0,0,1,0,0,1,0,0,1,0,0,0,0,1,1,0,0,1,0,0,0,1,0
-0.4417729543927777,-1.2409180113122176,-0.5203164730571611,-0.9678223573977086,0,1,1,0,1,0,0,1,1,0,0,1,0,0,1,0,0,0,0,1,1,0,0,1,0,0,1,0,0,1,0,0,1,0,0,1,0,0,0,0,1
-0.4417729543927777,-0.7931549280876837,-0.4970880012344512,-0.7524867052984833,0,1,0,1,0,1,0,1,1,0,0,1,0,0,0,0,1,1,0,0,1,0,0,1,0,0,1,0,0,1,0,0,1,0,0,0,1,0,0,0,1
-0.4417729543927777,-1.2002122764736236,0.15662756291895585,-0.913774403939834,0,1,1,0,0,1,0,1,1,0,0,0,1,0,1,0,0,1,0,0,1,0,0,1,0,0,1,0,0,1,0,0,1,0,0,1,0,0,0,1,0
-0.4417729543927777,-0.9152721326034656,-1.1723728606518031,-0.8791108302152263,1,0,1,0,1,0,1,0,0,1,0,1,0,0,1,0,0,1,0,0,1,0,0,0,0,1,1,0,0,1,0,0,0,0,1,0,1,0,0,0,1
-0.4417729543927777,0.6315457912631061,1.1654069106480707,1.111992066078752,1,0,0,1,1,0,0,1,1,0,0,0,1,0,1,0,0,1,0,0,0,0,1,0,0,1,0,0,1,0,0,1,1,0,0,0,1,0,1,0,0
2.2636062032690805,-0.9559778674420596,0.30263510009027483,-0.7125324911257246,0,1,1,0,1,0,0,1,0,0,1,0,1,0,1,0,0,1,0,0,1,0,0,1,0,0,1,0,0,1,0,0,1,0,0,0,1,0,0,1,0
-0.4417729543927777,0.38731138223154205,1.1454967919428911,0.8064301391168684,0,1,0,1,1,0,0,1,0,0,1,0,1,0,1,0,0,0,0,1,0,0,1,0,0,1,1,0,0,0,0,1,1,0,0,0,1,0,0,1,0
-0.4417729543927777,0.10237123836138413,-1.3117436915880625,-0.5933942931501415,1,0,0,1,0,1,0,1,0,0,1,0,0,1,0,1,0,0,1,0,0,1,0,0,1,0,0,1,0,0,1,0,0,0,1,0,1,0,1,0,0
2.2636062032690805,-1.2409180113122176,-0.334488698475482,-0.9646611448477761,1,0,1,0,1,0,0,1,1,0,0,1,0,0,0,0,1,0,0,1,1,0,0,1,0,0,1,0,0,1,0,0,1,0,0,1,0,0,0,0,1
-0.4417729543927777,1.48636622287358,-0.968294143923709,0.08382963707811834,0,1,1,0,1,0,1,0,0,1,0,1,0,0,1,0,0,0,0,1,0,0,1,1,0,0,1,0,0,1,0,0,0,1,0,0,1,1,0,0,0
-0.4417729543927777,-1.2816237461508115,-1.5091857020810964,-1.001871250904274,1,0,0,1,0,1,0,1,1,0,0,0,0,1,0,1,0,0,1,0,0,1,0,0,1,0,0,1,0,0,1,0,1,0,0,1,0,0,0,0,1
-0.4417729543927777,-1.0780950719578417,-0.49376964811692137,-0.8838087433102649,0,1,1,0,1,0,0,1,1,0,0,1,0,0,1,0,0,1,0,0,1,0,0,0,0,1,1,0,0,1,0,0,1,0,0,1,0,0,0,0,1
-0.4417729543927777,-1.2816237461508115,-1.4992306427285065,-1.0017395337146933,1,0,1,0,1,0,0,1,1,0,0,0,0,1,0,1,0,0,1,0,0,1,0,0,1,0,0,1,0,0,1,0,1,0,0,1,0,0,0,1,0
-0.4417729543927777,0.42801711707013607,-1.2769009838539975,-0.523035361049212,0,1,1,0,1,0,0,1,0,0,1,0,0,1,0,1,0,0,1,0,0,1,0,0,1,0,0,1,0,0,1,0,0,0,1,1,0,1,0,0,0
-0.4417729543927777,-0.3453918448631498,-1.351563928998422,-0.7430030676486857,0,1,0,1,0,1,0,1,0,0,1,0,0,1,0,1,0,0,1,0,0,1,0,0,1,0,0,1,0,0,1,0,0,0,1,1,0,0,0,0,1
-0.4417729543927777,-0.9559778674420596,-1.4776613474645617,-0.9305902984762806,0,1,1,0,1,0,0,1,1,0,0,0,0,1,0,1,0,0,1,0,0,1,0,0,1,0,0,1,0,0,1,0,1,0,0,1,0,0,0,0,1
-0.4417729543927777,-0.3860975797017438,1.0608787874458765,-0.09477887199307114,0,1,1,0,1,0,0,1,0,0,1,0,1,0,1,0,0,1,0,0,0,0,1,0,0,1,0,0,1,1,0,0,1,0,0,0,1,0,1,0,0
2.2636062032690805,1.5270719577121739,-1.5058673489635666,-0.3684871919413982,1,0,0,1,1,0,0,1,1,0,0,0,0,1,0,1,0,0,1,0,0,1,0,0,1,0,0,1,0,0,1,0,0,0,1,0,1,0,1,0,0
-0.4417729543927777,-0.8338606629262777,0.4652344028492443,-0.6032511295037506,1,0,1,0,1,0,0,1,0,0,1,0,1,0,0,0,1,1,0,0,1,0,0,1,0,0,1,0,0,1,0,0,1,0,0,0,1,0,0,1,0
-0.4417729543927777,0.550134321585918,0.26115568612115003,0.4162618707144287,0,1,1,0,1,0,0,1,0,0,1,0,1,0,1,0,0,1,0,0,1,0,0,1,0,0,1,0,0,1,0,0,1,0,0,1,0,1,0,0,0
-0.4417729543927777,0.7943687306174819,-1.5174815848749212,-0.5473152296618884,0,1,0,1,0,1,0,1,1,0,0,0,0,1,0,1,0,0,1,0,0,1,0,0,1,0,0,1,0,0,1,0,0,0,1,1,0,0,0,0,1
-0.4417729543927777,1.6084834273893618,-1.3482455758808922,-0.28893000943476216,0,1,0,1,0,1,0,1,0,0,1,0,0,1,0,1,0,0,1,0,0,1,0,0,1,0,0,1,0,0,1,0,0,0,1,1,0,1,0,0,0
-0.4417729543927777,-0.5896262538947138,0.5216464058472541,-0.37294362352220584,0,1,1,0,1,0,0,1,0,0,1,0,1,0,1,0,0,0,0,1,1,0,0,1,0,0,1,0,0,1,0,0,1,0,0,0,1,0,0,1,0
-0.4417729543927777,-0.6710377235719017,0.11017061927353587,-0.5209278860159237,1,0,0,1,0,1,0,1,1,0,0,1,0,0,0,0,1,0,0,1,1,0,0,0,0,1,1,0,0,0,0,1,0,0,1,1,0,1,0,0,0
-0.4417729543927777,1.2828375486806098,0.11182979583230077,0.9121331837552382,1,0,0,1,1,0,0,1,1,0,0,1,0,0,1,0,0,0,0,1,0,0,1,0,0,1,1,0,0,0,0,1,0,0,1,0,1,0,0,0,1
-0.4417729543927777,-1.2409180113122176,-0.6082528306717057,-0.9718177788149844,0,1,1,0,1,0,0,1,1,0,0,1,0,0,1,0,0,1,0,0,1,0,0,1,0,0,1,0,0,1,0,0,1,0,0,0,1,1,0,0,0
-0.4417729543927777,1.6084834273893618,0.8468450113651924,1.8723734486621821,0,1,0,1,0,1,0,1,0,0,1,0,1,0,1,0,0,0,0,1,0,0,1,0,0,1,1,0,0,1,0,0,0,0,1,1,0,1,0,0,0
-0.4417729543927777,1.2421318138420159,-0.8073540177235048,0.1262864778529069,0,1,1,0,0,1,1,0,0,1,0,1,0,0,0,0,1,0,0,1,1,0,0,0,0,1,1,0,0,1,0,0,0,1,0,0,1,1,0,0,0
-0.4417729543927777,-1.2816237461508115,0.17819685818290046,-0.9795451872703751,1,0,1,0,1,0,0,1,1,0,0,0,1,0,1,0,0,1,0,0,1,0,0,1,0,0,1,0,0,1,0,0,1,0,0,0,1,0,0,1,0
-0.4417729543927777,-1.2816237461508115,-1.4859572302583866,-1.0015639107952525,0,1,1,0,1,0,0,1,1,0,0,0,0,1,0,1,0,0,1,0,0,1,0,0,1,0,0,1,0,0,1,0,1,0,0,1,0,0,0,0,1
-0.4417729543927777,1.07930887448764,-0.999818498540244,-0.14094574694104445,0,1,0,1,0,1,1,0,0,1,0,1,0,0,0,0,1,1,0,0,0,0,1,1,0,0,1,0,0,1,0,0,0,1,0,1,0,0,0,0,1
-0.4417729543927777,0.753662995778888,0.5249647589647839,0.7971440772514413,1,0,0,1,0,1,0,1,0,0,1,0,1,0,1,0,0,1,0,0,1,0,0,0,0,1,1,0,0,1,0,0,1,0,0,0,1,0,0,1,0
-0.4417729543927777,-1.0780950719578417,-0.05076950692666841,-0.8572677296097895,1,0,1,0,1,0,1,0,0,1,0,1,0,0,0,0,1,0,0,1,0,0,1,0,0,1,0,0,1,0,0,1,0,0,1,0,1,0,0,0,1
-0.4417729543927777,0.9978974048104519,0.15994591603648564,0.6994538283125535,1,0,1,0,1,0,0,1,1,0,0,1,0,0,1,0,0,0,0,1,0,0,1,0,0,1,0,0,1,1,0,0,0,0,1,1,0,0,0,0,1
2.2636062032690805,0.550134321585918,1.1720436168831307,1.0768016235958224,1,0,0,1,1,0,0,1,0,0,1,0,1,0,1,0,0,1,0,0,1,0,0,0,0,1,0,0,1,0,0,1,0,1,0,1,0,0,0,1,0
-0.4417729543927777,-0.7524491932490897,-0.32951116879918707,-0.6714806337064616,0,1,1,0,1,0,1,0,0,1,0,1,0,0,1,0,0,1,0,0,0,0,1,0,0,1,0,0,1,0,0,1,1,0,0,0,1,0,0,1,0
-0.4417729543927777,-0.8745663977648717,-0.37099058276831187,-0.7434640778122175,0,1,1,0,1,0,0,1,0,0,1,1,0,0,1,0,0,1,0,0,0,0,1,1,0,0,1,0,0,1,0,0,1,0,0,1,0,0,0,1,0
-0.4417729543927777,-1.2002122764736236,-1.4909347599346816,-0.9833210800383503,1,0,1,0,1,0,0,1,1,0,0,0,0,1,0,1,0,0,1,0,0,1,0,0,1,0,0,1,0,0,1,0,1,0,0,0,1,0,0,0,1
-0.4417729543927777,0.3058999125543541,-0.034177741339018484,0.14650506645351727,1,0,0,1,1,0,0,1,0,0,1,1,0,0,1,0,0,0,0,1,1,0,0,1,0,0,0,0,1,1,0,0,0,1,0,1,0,1,0,0,0
-0.4417729543927777,0.020959768684196148,0.4668935794080092,0.12095193167489586,0,1,1,0,1,0,0,1,1,0,0,0,1,0,1,0,0,0,0,1,0,0,1,1,0,0,1,0,0,1,0,0,1,0,0,0,1,0,1,0,0
-0.4417729543927777,-0.9559778674420596,0.538238171434904,-0.6659924174739398,0,1,1,0,1,0,0,1,0,0,1,0,1,0,0,0,1,1,0,0,1,0,0,1,0,0,1,0,0,1,0,0,1,0,0,0,1,0,0,1,0
-0.4417729543927777,-0.42680331454033776,-0.12543245207109305,-0.38604948388546795,1,0,0,1,0,1,0,1,1,0,0,1,0,0,0,0,1,0,0,1,0,0,1,1,0,0,1,0,0,1,0,0,1,0,0,1,0,0,0,0,1
-0.4417729543927777,-0.7117434584104957,-1.5042081724048015,-0.8648195151457395,1,0,1,0,1,0,0,1,1,0,0,0,0,1,0,1,0,0,1,0,0,1,0,0,1,0,0,1,0,0,1,0,0,0,1,1,0,0,0,0,1
-0.4417729543927777,-1.3223294809894057,-1.3001294556767076,-0.3968393169986058,0,1,0,1,0,1,0,1,0,0,1,0,0,1,0,1,0,0,1,0,0,1,0,0,1,0,0,1,0,0,1,0,0,0,1,1,0,0,0,0,1
-0.4417729543927777,-1.2002122764736236,0.28770251106138983,-0.9083300934371723,0,1,1,0,1,0,0,1,1,0,0,0,1,0,1,0,0,1,0,0,0,0,1,1,0,0,1,0,0,1,0,0,1,0,0,0,1,0,1,0,0
-0.4417729543927777,-0.7931549280876837,0.6062644103442686,-0.5447467444650683,0,1,1,0,1,0,0,1,1,0,0,0,1,0,1,0,0,1,0,0,0,0,1,1,0,0,0,0,1,1,0,0,1,0,0,0,1,0,0,1,0
-0.4417729543927777,-0.46750904937893173,-1.4909347599346816,-0.8270166817361293,0,1,1,0,1,0,0,1,1,0,0,0,0,1,0,1,0,0,1,0,0,1,0,0,1,0,0,1,0,0,1,0,1,0,0,1,0,0,0,0,1
-0.4417729543927777,-1.0780950719578417,-0.18184445506910263,-0.8534040253820941,0,1,1,0,1,0,0,1,1,0,0,1,0,0,1,0,0,0,0,1,1,0,0,1,0,0,0,0,1,1,0,0,1,0,0,1,0,0,0,1,0
-0.4417729543927777,-0.9966836022806537,0.3540695734119895,-0.7752737790959139,1,0,1,0,1,0,0,1,1,0,0,0,1,0,1,0,0,0,0,1,1,0,0,1,0,0,1,0,0,1,0,0,1,0,0,1,0,0,0,1,0
-0.4417729543927777,-1.2002122764736236,-0.47883705908803637,-0.9455401994936701,0,1,1,0,1,0,0,1,1,0,0,1,0,0,1,0,0,1,0,0,1,0,0,0,0,1,1,0,0,1,0,0,1,0,0,0,1,0,0,0,1
-0.4417729543927777,1.2421318138420159,-1.5058673489635666,-0.4635211442237457,0,1,0,1,0,1,0,1,1,0,0,0,0,1,0,1,0,0,1,0,0,1,0,0,1,0,0,1,0,0,1,0,0,0,1,1,0,0,0,0,1
-0.4417729543927777,0.712957260940294,-1.4959122896109764,-0.5963359770507731,1,0,0,1,1,0,0,1,1,0,0,0,0,1,0,1,0,0,1,0,0,1,0,0,1,0,0,1,0,0,1,0,0,1,0,0,1,1,0,0,0
-0.4417729543927777,1.3235432835192038,1.530425753576369,2.1099693058005156,1,0,1,0,1,0,0,1,0,0,1,0,1,0,0,0,1,0,0,1,0,0,1,1,0,0,0,0,1,0,0,1,1,0,0,0,1,0,1,0,0
2.2636062032690805,0.46872285190873003,0.29599839385521476,0.36050159379200725,0,1,1,0,1,0,0,1,1,0,0,0,1,0,1,0,0,1,0,0,0,0,1,1,0,0,1,0,0,1,0,0,1,0,0,1,0,0,0,1,0
-0.4417729543927777,-1.2409180113122176,-0.5269531792922212,-0.9704127954594589,1,0,1,0,1,0,0,1,1,0,0,1,0,0,1,0,0,0,0,1,1,0,0,1,0,0,1,0,0,1,0,0,1,0,0,0,1,0,1,0,0
-0.4417729543927777,-0.9152721326034656,0.4984179340245441,-0.6340509990006629,0,1,0,1,1,0,0,1,1,0,0,0,1,0,1,0,0,1,0,0,1,0,0,1,0,0,0,0,1,1,0,0,1,0,0,0,1,0,0,1,0
2.2636062032690805,0.5908400564245121,1.1654069106480707,1.1282591389919467,0,1,0,1,1,0,0,1,0,0,1,0,1,0,1,0,0,1,0,0,0,0,1,1,0,0,0,0,1,0,0,1,1,0,0,0,1,0,0,1,0
-0.4417729543927777,1.48636622287358,1.0227177265942815,1.8484009201585268,0,1,0,1,0,1,0,1,0,0,1,0,1,0,1,0,0,0,0,1,0,0,1,1,0,0,0,0,1,1,0,0,0,1,0,1,0,0,1,0,0
-0.4417729543927777,-0.3046861100245558,-1.0263653234804837,-0.6358950396547902,1,0,0,1,1,0,1,0,0,1,0,1,0,0,1,0,0,1,0,0,1,0,0,1,0,0,0,0,1,1,0,0,1,0,0,0,1,1,0,0,0
-0.4417729543927777,-0.8338606629262777,-0.4639044700591513,-0.7444519567340714,0,1,1,0,1,0,1,0,0,1,0,1,0,0,0,0,1,0,0,1,1,0,0,0,0,1,0,0,1,1,0,0,1,0,0,0,1,1,0,0,0
2.2636062032690805,1.6084834273893618,-1.3250171040581824,-0.21898818176750443,0,1,0,1,1,0,0,1,0,0,1,0,0,1,0,1,0,0,1,0,0,1,0,0,1,0,0,1,0,0,1,0,0,0,1,0,1,1,0,0,0
-0.4417729543927777,-0.06045170099299184,-1.3250171040581824,-0.6639068953055814,0,1,1,0,0,1,1,0,0,1,0,1,0,0,1,0,0,1,0,0,1,0,0,1,0,0,1,0,0,1,0,0,1,0,0,1,0,0,1,0,0
-0.4417729543927777,-1.2816237461508115,0.1483316801251309,-0.9799403388391167,1,0,0,1,1,0,0,1,1,0,0,0,1,0,1,0,0,1,0,0,1,0,0,1,0,0,1,0,0,1,0,0,1,0,0,0,1,0,0,0,1
-0.4417729543927777,-0.26398037518596185,-0.5667734167025809,-0.4877132013767017,1,0,0,1,1,0,1,0,0,1,0,1,0,0,0,0,1,0,0,1,0,0,1,1,0,0,0,0,1,1,0,0,0,1,0,1,0,1,0,0,0
-0.4417729543927777,-0.9966836022806537,0.6178786462556234,-0.7118299994479619,1,0,0,1,0,1,0,1,1,0,0,0,1,0,1,0,0,0,0,1,1,0,0,1,0,0,0,0,1,1,0,0,1,0,0,0,1,0,0,1,0
2.2636062032690805,0.10237123836138413,0.9828974891839216,0.467192517352231,0,1,0,1,1,0,0,1,0,0,1,0,1,0,0,0,1,0,0,1,1,0,0,1,0,0,1,0,0,0,0,1,1,0,0,0,1,0,0,1,0
-0.4417729543927777,-0.18256890550877383,1.170384440324366,0.1699726790637804,0,1,1,0,1,0,0,1,0,0,1,0,1,0,1,0,0,0,0,1,1,0,0,1,0,0,0,0,1,0,0,1,0,1,0,1,0,0,0,1,0
-0.4417729543927777,-0.46750904937893173,1.3147328009369201,-0.02718600087333255,1,0,1,0,1,0,0,1,1,0,0,0,1,0,1,0,0,0,0,1,0,0,1,0,0,1,0,0,1,0,0,1,0,1,0,0,1,0,0,0,1
-0.4417729543927777,-0.7931549280876837,0.04878108659923135,-0.6452250072500774,0,1,1,0,0,1,0,1,1,0,0,1,0,0,1,0,0,1,0,0,1,0,0,1,0,0,0,0,1,0,0,1,1,0,0,1,0,0,1,0,0
-0.4417729543927777,1.6084834273893618,1.1189499670026513,2.1198261421541247,1,0,0,1,0,1,0,1,0,0,1,0,1,0,1,0,0,0,0,1,0,0,1,0,0,1,1,0,0,0,0,1,0,0,1,0,1,1,0,0,0
-0.4417729543927777,-1.2816237461508115,-0.6812565992573655,-0.9909167713041603,1,0,1,0,1,0,0,1,1,0,0,1,0,0,1,0,0,1,0,0,1,0,0,1,0,0,1,0,0,1,0,0,1,0,0,1,0,0,0,0,1
-0.4417729543927777,1.5270719577121739,-1.4959122896109764,-0.38089056062689747,0,1,0,1,1,0,0,1,1,0,0,0,0,1,0,1,0,0,1,0,0,1,0,0,1,0,0,1,0,0,1,0,0,0,1,1,0,0,1,0,0
-0.4417729543927777,-1.2002122764736236,-0.04413280069160835,-0.9420716468347163,1,0,1,0,1,0,0,1,0,0,1,1,0,0,1,0,0,1,0,0,1,0,0,0,0,1,0,0,1,1,0,0,1,0,0,0,1,0,0,1,0
-0.4417729543927777,-0.7931549280876837,0.09523803024465084,-0.640614905614759,1,0,1,0,1,0,0,1,1,0,0,1,0,0,0,0,1,0,0,1,1,0,0,0,0,1,1,0,0,0,0,1,1,0,0,1,0,1,0,0,0
2.2636062032690805,1.404954753196392,1.6980025860116332,2.4317324470808037,0,1,1,0,1,0,0,1,0,0,1,0,1,0,0,0,1,0,0,1,0,0,1,0,0,1,0,0,1,0,0,1,0,0,1,0,1,0,1,0,0
-0.4417729543927777,0.6315457912631061,0.1864927409767254,0.4913845745051871,0,1,0,1,1,0,0,1,0,0,1,1,0,0,1,0,0,0,0,1,0,0,1,1,0,0,1,0,0,0,0,1,0,1,0,0,1,0,1,0,0
2.2636062032690805,0.3466056473929481,1.3097552712606253,0.8046300041926011,1,0,1,0,1,0,0,1,0,0,1,0,1,0,1,0,0,0,0,1,0,0,1,1,0,0,0,0,1,0,0,1,1,0,0,0,1,0,0,1,0
-0.4417729543927777,0.9978974048104519,0.3109309828840998,0.8188554606672979,1,0,1,0,1,0,0,1,1,0,0,1,0,0,0,0,1,0,0,1,0,0,1,0,0,1,0,0,1,1,0,0,0,0,1,0,1,0,1,0,0
-0.4417729543927777,-1.2816237461508115,-0.6630056571109504,-0.9906752897899295,0,1,1,0,1,0,0,1,1,0,0,1,0,0,1,0,0,1,0,0,1,0,0,1,0,0,1,0,0,1,0,0,1,0,0,0,1,0,0,0,1
-0.4417729543927777,0.3058999125543541,-1.3382905165283023,-0.5827910593889093,0,1,1,0,1,0,0,1,0,0,1,0,0,1,0,1,0,0,1,0,0,1,0,0,1,0,0,1,0,0,1,0,0,0,1,0,1,0,0,0,1
2.2636062032690805,-1.2816237461508115,0.3590471030882847,-0.9771523249929956,0,1,1,0,1,0,0,1,0,0,1,0,1,0,1,0,0,1,0,0,1,0,0,1,0,0,1,0,0,1,0,0,1,0,0,0,1,0,0,1,0
-0.4417729543927777,-0.3860975797017438,-1.5025489958460365,-0.8185867816029758,0,1,0,1,0,1,0,1,1,0,0,0,0,1,0,1,0,0,1,0,0,1,0,0,1,0,0,1,0,0,1,0,0,1,0,1,0,0,0,0,1
-0.4417729543927777,0.46872285190873003,-0.11381821615973807,0.18479086289158925,1,0,0,1,1,0,0,1,1,0,0,1,0,0,0,0,1,0,0,1,0,0,1,1,0,0,1,0,0,1,0,0,0,1,0,0,1,0,0,0,1
-0.4417729543927777,-0.9559778674420596,0.4785078153193639,-0.7200842766616746,0,1,0,1,0,1,0,1,0,0,1,0,1,0,1,0,0,1,0,0,0,0,1,1,0,0,1,0,0,1,0,0,1,0,0,0,1,1,0,0,0
-0.4417729543927777,-0.14186317067017984,0.5050546402596042,-0.01583636970447751,0,1,0,1,1,0,0,1,0,0,1,0,1,0,1,0,0,0,0,1,1,0,0,1,0,0,1,0,0,1,0,0,1,0,0,0,1,1,0,0,0
-0.4417729543927777,-0.6303319887333078,-0.31291940321153716,-0.6002655398732587,0,1,1,0,1,0,0,1,1,0,0,1,0,0,0,0,1,0,0,1,1,0,0,1,0,0,1,0,0,1,0,0,1,0,0,0,1,0,1,0,0
-0.4417729543927777,-0.26398037518596185,-0.18184445506910263,-0.3487515663692498,0,1,1,0,1,0,0,1,1,0,0,1,0,0,1,0,0,1,0,0,1,0,0,0,0,1,0,0,1,1,0,0,0,1,0,1,0,0,1,0,0
-0.4417729543927777,0.46872285190873003,0.19976615344684556,0.41672288087796044,0,1,0,1,1,0,0,1,1,0,0,1,0,0,1,0,0,0,0,1,0,0,1,0,0,1,0,0,1,1,0,0,0,1,0,0,1,0,0,1,0
-0.4417729543927777,0.1430769731999781,1.3645080976998698,0.6731103903964488,1,0,0,1,1,0,0,1,0,0,1,0,1,0,0,0,1,0,0,1,0,0,1,0,0,1,1,0,0,0,0,1,0,0,1,0,1,0,1,0,0
-0.4417729543927777,1.445660488034986,0.6211969993731536,1.5068802004411603,1,0,0,1,0,1,0,1,0,0,1,0,1,0,1,0,0,0,0,1,1,0,0,0,0,1,1,0,0,1,0,0,0,1,0,0,1,1,0,0,0
-0.4417729543927777,-1.1188008067964357,-1.0180694406866588,-0.9386030941757625,1,0,0,1,0,1,1,0,0,1,0,1,0,0,1,0,0,0,0,1,1,0,0,0,0,1,1,0,0,1,0,0,1,0,0,1,0,0,0,1,0
2.2636062032690805,0.753662995778888,1.0907439655036462,1.1468093098578704,0,1,1,0,1,0,0,1,0,0,1,0,1,0,1,0,0,1,0,0,0,0,1,1,0,0,0,0,1,0,0,1,1,0,0,0,1,0,0,1,0
-0.4417729543927777,0.9978974048104519,0.8169798333074224,1.1902979352843732,0,1,1,0,0,1,0,1,0,0,1,1,0,0,0,0,1,0,0,1,0,0,1,0,0,1,0,0,1,0,0,1,0,0,1,1,0,0,0,0,1
-0.4417729543927777,1.6084834273893618,0.07532791153947113,1.0407330665156889,0,1,1,0,0,1,1,0,0,1,0,1,0,0,0,0,1,0,0,1,0,0,1,0,0,1,0,0,1,0,0,1,0,0,1,1,0,0,1,0,0
-0.4417729543927777,-0.8745663977648717,-0.6314813024944157,-0.7812669112218276,0,1,0,1,1,0,0,1,1,0,0,1,0,0,1,0,0,1,0,0,1,0,0,1,0,0,1,0,0,1,0,0,1,0,0,0,1,1,0,0,0
-0.4417729543927777,-1.2002122764736236,-0.20673210345057752,-0.9363858548178238,1,0,0,1,0,1,0,1,1,0,0,1,0,0,1,0,0,0,0,1,1,0,0,1,0,0,0,0,1,1,0,0,1,0,0,0,1,0,1,0,0
2.2636062032690805,-0.42680331454033776,0.5564891135813188,-0.21093148033816236,1,0,1,0,1,0,0,1,1,0,0,0,1,0,0,0,1,0,0,1,1,0,0,1,0,0,1,0,0,1,0,0,1,0,0,1,0,0,0,1,0
-0.4417729543927777,1.07930887448764,-1.4710246412295016,-0.4457832293602352,1,0,0,1,0,1,0,1,1,0,0,0,0,1,0,1,0,0,1,0,0,1,0,0,1,0,0,1,0,0,1,0,0,0,1,1,0,0,0,0,1
-0.4417729543927777,1.160720344164828,1.2931635056729753,1.8211354619153584,0,1,0,1,0,1,0,1,1,0,0,0,1,0,1,0,0,0,0,1,0,0,1,0,0,1,0,0,1,0,0,1,0,1,0,1,0,0,1,0,0
2.2636062032690805,1.07930887448764,0.5979685275504436,1.1423528782770624,0,1,0,1,1,0,0,1,1,0,0,0,1,0,0,0,1,0,0,1,0,0,1,1,0,0,1,0,0,1,0,0,0,1,0,0,1,0,1,0,0
-0.4417729543927777,0.1430769731999781,0.9911933719777466,0.5551137413972302,1,0,1,0,1,0,0,1,1,0,0,0,1,0,1,0,0,0,0,1,1,0,0,1,0,0,0,0,1,0,0,1,1,0,0,0,1,0,1,0,0
-0.4417729543927777,-1.1188008067964357,-1.4826388771408565,-0.9622024239756062,0,1,1,0,1,0,0,1,1,0,0,0,0,1,0,1,0,0,1,0,0,1,0,0,1,0,0,1,0,0,1,0,1,0,0,1,0,0,0,0,1
-0.4417729543927777,-1.2816237461508115,-0.49045129499939133,-0.9883921918372003,0,1,1,0,1,0,0,1,0,0,1,1,0,0,1,0,0,1,0,0,1,0,0,1,0,0,1,0,0,1,0,0,1,0,0,0,1,0,0,1,0
2.2636062032690805,-0.8338606629262777,0.27774745170879994,-0.6468495192549037,0,1,1,0,1,0,0,1,0,0,1,0,1,0,1,0,0,1,0,0,1,0,0,1,0,0,1,0,0,1,0,0,1,0,0,0,1,0,1,0,0
-0.4417729543927777,-1.2816237461508115,-1.4693654646707368,-1.0013443821459518,0,1,1,0,1,0,0,1,1,0,0,0,0,1,0,1,0,0,1,0,0,1,0,0,1,0,0,1,0,0,1,0,1,0,0,1,0,0,0,1,0
-0.4417729543927777,0.3058999125543541,0.1931294472117855,0.2724047468275673,0,1,0,1,1,0,0,1,0,0,1,1,0,0,1,0,0,0,0,1,1,0,0,0,0,1,0,0,1,1,0,0,0,1,0,1,0,0,1,0,0
-0.4417729543927777,0.38731138223154205,0.9032570143632023,0.6911117396391204,1,0,0,1,0,1,0,1,1,0,0,0,1,0,1,0,0,1,0,0,0,0,1,1,0,0,0,0,1,0,0,1,1,0,0,0,1,0,0,1,0
-0.4417729543927777,1.48636622287358,-1.5008898192872715,-0.39709177494530173,1,0,0,1,0,1,0,1,1,0,0,0,0,1,0,1,0,0,1,0,0,1,0,0,1,0,0,1,0,0,1,0,0,0,1,1,0,1,0,0,0
-0.4417729543927777,-0.18256890550877383,-0.017585975751368336,-0.21916380468694505,0,1,0,1,0,1,0,1,0,0,1,1,0,0,1,0,0,0,0,1,1,0,0,1,0,0,1,0,0,0,0,1,1,0,0,1,0,0,0,1,0
-0.4417729543927777,1.038603139649046,1.1355417325903012,1.5014139370735686,0,1,1,0,1,0,0,1,1,0,0,0,1,0,0,0,1,0,0,1,1,0,0,1,0,0,0,0,1,0,0,1,0,1,0,1,0,1,0,0,0
-0.4417729543927777,1.5677776925507678,1.7029801156879283,2.750005082837208,0,1,0,1,1,0,0,1,0,0,1,0,1,0,0,0,1,0,0,1,0,0,1,0,0,1,0,0,1,0,0,1,0,0,1,0,1,0,0,1,0
-0.4417729543927777,1.5270719577121739,0.5199872292884887,1.3869297464631638,1,0,0,1,0,1,0,1,0,0,1,1,0,0,0,0,1,1,0,0,1,0,0,0,0,1,0,0,1,0,0,1,0,0,1,0,1,1,0,0,0
-0.4417729543927777,0.7943687306174819,-1.3316538102932425,-0.47076558965067444,0,1,0,1,0,1,0,1,0,0,1,0,0,1,0,1,0,0,1,0,0,1,0,0,1,0,0,1,0,0,1,0,0,0,1,1,0,0,0,0,1
-0.4417729543927777,-0.5896262538947138,-1.3067661619117674,-0.804997958211252,0,1,0,1,0,1,1,0,0,1,0,1,0,0,1,0,0,1,0,0,1,0,0,1,0,0,1,0,0,1,0,0,1,0,0,1,0,0,1,0,0
-0.4417729543927777,1.6084834273893618,0.5763992322864986,1.6153932117905814,0,1,0,1,1,0,0,1,0,0,1,1,0,0,0,0,1,0,0,1,0,0,1,0,0,1,1,0,0,0,0,1,0,0,1,0,1,1,0,0,0
-0.4417729543927777,-0.5896262538947138,-0.5153389433808663,-0.6263235905452723,0,1,1,0,1,0,0,1,1,0,0,1,0,0,0,0,1,1,0,0,1,0,0,1,0,0,1,0,0,1,0,0,1,0,0,1,0,0,0,1,0
-0.4417729543927777,0.9978974048104519,0.17985603474166537,0.8005467713156048,1,0,0,1,1,0,0,1,1,0,0,1,0,0,0,0,1,0,0,1,1,0,0,0,0,1,0,0,1,1,0,0,0,0,1,0,1,0,1,0,0
-0.4417729543927777,-0.2232746403473678,-0.2730991658011772,-0.28467115363832524,1,0,1,0,1,0,0,1,1,0,0,1,0,0,0,0,1,0,0,1,1,0,0,1,0,0,1,0,0,1,0,0,1,0,0,0,1,0,0,0,1
-0.4417729543927777,-0.3453918448631498,1.3180511540544504,0.1058703134679258,0,1,0,1,1,0,0,1,0,0,1,0,1,0,1,0,0,0,0,1,0,0,1,1,0,0,0,0,1,0,0,1,1,0,0,0,1,0,0,1,0
-0.4417729543927777,-0.9152721326034656,-1.4760021709057964,-0.903983426181015,0,1,0,1,0,1,0,1,1,0,0,0,0,1,0,1,0,0,1,0,0,1,0,0,1,0,0,1,0,0,1,0,0,1,0,1,0,0,0,0,1
-0.4417729543927777,1.6084834273893618,-1.3283354571757124,-0.1941155858017156,1,0,0,1,0,1,0,1,0,0,1,0,0,1,0,1,0,0,1,0,0,1,0,0,1,0,0,1,0,0,1,0,0,0,1,1,0,0,0,0,1
-0.4417729543927777,-1.0373893371192477,-1.3233579274994174,-0.9432571015409411,0,1,1,0,1,0,0,1,0,0,1,0,0,1,0,1,0,0,1,0,0,1,0,0,1,0,0,1,0,0,1,0,1,0,0,0,1,1,0,0,0
-0.4417729543927777,0.87578020029467,0.19147027065302058,0.6448351003664965,0,1,0,1,0,1,0,1,0,0,1,1,0,0,1,0,0,0,0,1,1,0,0,0,0,1,0,0,1,1,0,0,0,1,0,0,1,0,0,1,0
2.2636062032690805,0.46872285190873003,0.6709722961361034,0.601148899155623,1,0,0,1,1,0,0,1,1,0,0,0,1,0,0,0,1,0,0,1,1,0,0,0,0,1,1,0,0,1,0,0,1,0,0,0,1,0,0,1,0
-0.4417729543927777,0.9571916699718579,0.5299422886410791,0.9905927230153698,0,1,0,1,1,0,0,1,1,0,0,0,1,0,1,0,0,1,0,0,1,0,0,1,0,0,1,0,0,0,0,1,0,1,0,0,1,0,0,1,0
-0.4417729543927777,-1.2816237461508115,-1.5058673489635666,-1.0018273451744135,0,1,1,0,1,0,0,1,1,0,0,0,0,1,0,1,0,0,1,0,0,1,0,0,1,0,0,1,0,0,1,0,1,0,0,1,0,0,0,0,1
-0.4417729543927777,1.6084834273893618,1.5486766957227838,2.507645454009045,1,0,1,0,1,0,0,1,0,0,1,0,1,0,1,0,0,0,0,1,0,0,1,0,0,1,0,0,1,0,0,1,0,0,1,0,1,1,0,0,0
-0.4417729543927777,-0.8338606629262777,0.4436651075852992,-0.6111980666084421,1,0,1,0,0,1,0,1,0,0,1,0,1,0,0,0,1,1,0,0,1,0,0,1,0,0,1,0,0,1,0,0,1,0,0,0,1,0,0,1,0
-0.4417729543927777,-0.18256890550877383,-0.3510804640631319,-0.3841176317716202,0,1,0,1,1,0,0,1,1,0,0,1,0,0,0,0,1,1,0,0,1,0,0,0,0,1,1,0,0,1,0,0,0,1,0,1,0,0,0,0,1
-0.4417729543927777,1.6084834273893618,1.3014593884668004,2.196046489191388,1,0,0,1,0,1,0,1,0,0,1,0,1,0,0,0,1,0,0,1,1,0,0,1,0,0,0,0,1,0,0,1,0,1,0,0,1,0,0,1,0
2.2636062032690805,-1.1188008067964357,-0.4838145887643313,-0.9062445712688141,0,1,1,0,1,0,0,1,1,0,0,1,0,0,1,0,0,1,0,0,0,0,1,1,0,0,1,0,0,1,0,0,1,0,0,1,0,0,0,1,0
-0.4417729543927777,-0.10115743583158582,0.9978300782128067,0.24195612316953644,0,1,1,0,1,0,0,1,0,0,1,0,1,0,0,0,1,0,0,1,0,0,1,0,0,1,1,0,0,1,0,0,1,0,0,0,1,0,1,0,0
-0.4417729543927777,-0.42680331454033776,1.185317029353251,0.050329565194805206,0,1,1,0,1,0,0,1,0,0,1,0,1,0,1,0,0,0,0,1,1,0,0,1,0,0,0,0,1,0,0,1,1,0,0,0,1,0,0,1,0
-0.4417729543927777,1.3235432835192038,1.3047777415843302,1.9808645071466728,0,1,0,1,1,0,0,1,0,0,1,0,1,0,0,0,1,1,0,0,0,0,1,1,0,0,0,0,1,0,0,1,1,0,0,0,1,0,0,1,0
-0.4417729543927777,0.6722515261017,0.6494030008721583,0.7048542330853549,1,0,1,0,1,0,0,1,0,0,1,0,1,0,1,0,0,1,0,0,1,0,0,1,0,0,1,0,0,0,0,1,1,0,0,0,1,0,0,1,0
-0.4417729543927777,-0.7931549280876837,0.538238171434904,-0.5922966499036371,1,0,1,0,1,0,0,1,1,0,0,0,1,0,1,0,0,0,0,1,0,0,1,1,0,0,1,0,0,1,0,0,1,0,0,0,1,0,0,1,0
-0.4417729543927777,0.87578020029467,1.4872871630484794,1.6723169905542974,0,1,0,1,1,0,0,1,1,0,0,0,1,0,0,0,1,0,0,1,0,0,1,0,0,1,0,0,1,0,0,1,0,0,1,1,0,1,0,0,0
-0.4417729543927777,0.9978974048104519,-1.4660471115532068,-0.5172837104375291,0,1,0,1,0,1,0,1,1,0,0,0,0,1,0,1,0,0,1,0,0,1,0,0,1,0,0,1,0,0,1,0,0,0,1,1,0,0,0,0,1
-0.4417729543927777,-1.2816237461508115,-0.6895524820511904,-0.9910265356288107,1,0,1,0,1,0,0,1,1,0,0,1,0,0,1,0,0,1,0,0,1,0,0,1,0,0,1,0,0,1,0,0,1,0,0,1,0,1,0,0,0
-0.4417729543927777,1.5677776925507678,0.8418674816888972,1.7500740381366664,0,1,0,1,0,1,0,1,0,0,1,1,0,0,0,0,1,0,0,1,0,0,1,0,0,1,0,0,1,0,0,1,0,0,1,1,0,0,1,0,0
-0.4417729543927777,-1.2816237461508115,-0.546863297997401,-0.9891385892448233,1,0,1,0,1,0,0,1,1,0,0,1,0,0,0,0,1,1,0,0,1,0,0,1,0,0,1,0,0,1,0,0,1,0,0,0,1,1,0,0,0
-0.4417729543927777,1.5270719577121739,0.4801669918781293,1.4170929828771037,0,1,0,1,1,0,0,1,0,0,1,1,0,0,0,0,1,0,0,1,0,0,1,0,0,1,0,0,1,1,0,0,0,1,0,1,0,1,0,0,0
-0.4417729543927777,0.7943687306174819,0.04380355692293619,0.4516937947115894,1,0,0,1,1,0,1,0,0,1,0,1,0,0,0,0,1,0,0,1,0,0,1,0,0,1,0,0,1,0,0,1,0,0,1,1,0,0,1,0,0
-0.4417729543927777,0.9571916699718579,0.8501633644827222,1.2360696586636049,1,0,0,1,1,0,0,1,0,0,1,0,1,0,1,0,0,0,0,1,0,0,1,0,0,1,1,0,0,1,0,0,1,0,0,1,0,0,0,1,0
-0.4417729543927777,-0.8745663977648717,-1.1723728606518031,-0.8582995142615035,1,0,0,1,0,1,1,0,0,1,0,1,0,0,0,0,1,1,0,0,1,0,0,1,0,0,1,0,0,1,0,0,1,0,0,0,1,0,0,1,0
-0.4417729543927777,-1.1188008067964357,-1.4925939364934464,-0.963409831546761,0,1,1,0,1,0,0,1,1,0,0,0,0,1,0,1,0,0,1,0,0,1,0,0,1,0,0,1,0,0,1,0,1,0,0,1,0,0,0,0,1
-0.4417729543927777,-0.8338606629262777,-1.0263653234804837,-0.8161500135957361,0,1,1,0,1,0,1,0,0,1,0,1,0,0,1,0,0,0,0,1,1,0,0,0,0,1,1,0,0,1,0,0,1,0,0,1,0,0,0,0,1
-0.4417729543927777,-1.0780950719578417,0.8684143066291371,-0.8105081273087038,1,0,1,0,1,0,0,1,1,0,0,0,1,0,1,0,0,1,0,0,1,0,0,1,0,0,0,0,1,0,0,1,1,0,0,0,1,0,0,1,0
2.2636062032690805,-1.2409180113122176,0.491781227789484,-0.9404251819649597,1,0,1,0,1,0,0,1,1,0,0,0,1,0,1,0,0,1,0,0,1,0,0,1,0,0,1,0,0,0,0,1,1,0,0,0,1,1,0,0,0
-0.4417729543927777,0.712957260940294,1.2649575041739702,1.2522708729820091,1,0,0,1,0,1,0,1,1,0,0,0,1,0,1,0,0,1,0,0,0,0,1,0,0,1,0,0,1,0,0,1,0,1,0,1,0,0,0,0,1
-0.4417729543927777,0.3466056473929481,0.5083729933771339,0.49950713452931933,0,1,0,1,1,0,0,1,0,0,1,0,1,0,1,0,0,0,0,1,1,0,0,1,0,0,1,0,0,1,0,0,1,0,0,0,1,0,0,1,0
-0.4417729543927777,1.445660488034986,0.7157700632227579,1.572453407987331,0,1,1,0,0,1,0,1,0,0,1,1,0,0,0,0,1,0,0,1,1,0,0,0,0,1,0,0,1,0,0,1,0,0,1,0,1,1,0,0,0
-0.4417729543927777,-0.42680331454033776,0.5000771105833091,-0.261181588163132,1,0,0,1,1,0,0,1,1,0,0,0,1,0,1,0,0,1,0,0,1,0,0,1,0,0,0,0,1,1,0,0,1,0,0,0,1,0,1,0,0
-0.4417729543927777,0.753662995778888,1.3893957460813446,1.4038773581891915,0,1,0,1,1,0,0,1,0,0,1,0,1,0,1,0,0,0,0,1,0,0,1,1,0,0,0,0,1,0,0,1,0,1,0,0,1,1,0,0,0
-0.4417729543927777,-0.10115743583158582,0.13339909109624587,-0.11530480070270256,1,0,1,0,1,0,0,1,0,0,1,1,0,0,1,0,0,0,0,1,0,0,1,1,0,0,0,0,1,1,0,0,0,1,0,0,1,0,1,0,0
-0.4417729543927777,0.3058999125543541,0.8186390098661873,0.5210868007555951,0,1,1,0,1,0,0,1,1,0,0,0,1,0,1,0,0,0,0,1,1,0,0,0,0,1,1,0,0,0,0,1,0,1,0,0,1,0,1,0,0
-0.4417729543927777,1.3235432835192038,1.1421784388253609,1.7765272403774215,0,1,0,1,1,0,0,1,0,0,1,0,1,0,0,0,1,0,0,1,0,0,1,1,0,0,0,0,1,1,0,0,0,0,1,0,1,0,0,1,0
2.2636062032690805,1.445660488034986,-1.5075265255223316,-0.48637407661596643,0,1,0,1,0,1,0,1,1,0,0,0,0,1,0,1,0,0,1,0,0,1,0,0,1,0,0,1,0,0,1,0,0,1,0,1,0,1,0,0,0
-0.4417729543927777,-0.9152721326034656,-0.1752077488340428,-0.7298752544204935,0,1,1,0,1,0,0,1,1,0,0,1,0,0,1,0,0,0,0,1,1,0,0,1,0,0,0,0,1,1,0,0,1,0,0,0,1,0,0,0,1
-0.4417729543927777,1.2828375486806098,0.9845566657426865,1.6014092368301158,1,0,0,1,1,0,0,1,0,0,1,0,1,0,0,0,1,1,0,0,0,0,1,1,0,0,0,0,1,1,0,0,0,0,1,0,1,0,1,0,0
-0.4417729543927777,1.038603139649046,1.37778151016999,1.6879693832494498,1,0,1,0,1,0,0,1,1,0,0,0,1,0,0,0,1,0,0,1,0,0,1,1,0,0,0,0,1,0,0,1,0,1,0,0,1,0,0,1,0
-0.4417729543927777,-0.7117434584104957,-1.5075265255223316,-0.9051469280223097,0,1,0,1,0,1,0,1,1,0,0,0,0,1,0,1,0,0,1,0,0,1,0,0,1,0,0,1,0,0,1,0,0,1,0,0,1,0,0,0,1
-0.4417729543927777,1.5677776925507678,1.3877365695225798,2.187353154679073,1,0,1,0,1,0,0,1,0,0,1,0,1,0,0,0,1,0,0,1,0,0,1,1,0,0,0,0,1,0,0,1,0,0,1,0,1,0,1,0,0
-0.4417729543927777,-1.1595065416350296,1.100699024856236,-0.8364125079262067,1,0,1,0,0,1,0,1,1,0,0,0,1,0,1,0,0,1,0,0,0,0,1,0,0,1,0,0,1,0,0,1,1,0,0,0,1,1,0,0,0
-0.4417729543927777,1.6084834273893618,0.7190884163402878,1.7778224594082965,1,0,1,0,1,0,0,1,0,0,1,1,0,0,1,0,0,0,0,1,0,0,1,0,0,1,0,0,1,0,0,1,0,0,1,1,0,1,0,0,0
-0.4417729543927777,-0.3046861100245558,0.9878750188602168,0.02668632966510134,0,1,1,0,1,0,0,1,0,0,1,0,1,0,1,0,0,1,0,0,1,0,0,1,0,0,0,0,1,0,0,1,1,0,0,0,1,1,0,0,0
-0.4417729543927777,0.46872285190873003,0.4187774592038243,0.5136008738144353,1,0,1,0,0,1,0,1,0,0,1,1,0,0,1,0,0,0,0,1,1,0,0,1,0,0,0,0,1,0,0,1,0,1,0,0,1,0,0,0,1
-0.4417729543927777,-1.1188008067964357,0.33913698438310497,-0.838015067066103,0,1,1,0,1,0,0,1,1,0,0,1,0,0,1,0,0,1,0,0,0,0,1,0,0,1,0,0,1,0,0,1,1,0,0,1,0,1,0,0,0
-0.4417729543927777,0.020959768684196148,-0.6762790695810705,-0.36824571042716725,0,1,0,1,1,0,0,1,1,0,0,1,0,0,1,0,0,1,0,0,1,0,0,1,0,0,1,0,0,1,0,0,1,0,0,0,1,0,1,0,0
-0.4417729543927777,-1.2816237461508115,-0.4987471777932163,-0.9885019561618507,0,1,1,0,0,1,0,1,1,0,0,1,0,0,1,0,0,0,0,1,1,0,0,1,0,0,1,0,0,1,0,0,1,0,0,0,1,0,0,1,0
-0.4417729543927777,-0.7524491932490897,0.9281446627446772,-0.4231937313471754,0,1,1,0,1,0,0,1,1,0,0,0,1,0,1,0,0,1,0,0,1,0,0,1,0,0,0,0,1,0,0,1,1,0,0,0,1,0,0,1,0
-0.4417729543927777,-0.5082147842175258,-1.4793205240233265,-0.816084155000946,1,0,0,1,0,1,0,1,1,0,0,0,0,1,0,1,0,0,1,0,0,1,0,0,1,0,0,1,0,0,1,0,1,0,0,1,0,0,0,0,1
-0.4417729543927777,-0.9966836022806537,0.058736145951821216,-0.7561967394716681,0,1,1,0,1,0,0,1,1,0,0,1,0,0,0,0,1,1,0,0,0,0,1,1,0,0,1,0,0,0,0,1,1,0,0,0,1,0,0,1,0
-0.4417729543927777,-1.2002122764736236,-1.1657361544167433,-0.9689639063740731,0,1,0,1,1,0,1,0,0,1,0,1,0,0,1,0,0,0,0,1,1,0,0,1,0,0,1,0,0,1,0,0,1,0,0,1,0,0,1,0,0
-0.4417729543927777,1.404954753196392,-1.5108448786398616,-0.4465735324977183,0,1,0,1,0,1,0,1,1,0,0,0,0,1,0,1,0,0,1,0,0,1,0,0,1,0,0,1,0,0,1,0,0,0,1,0,1,0,1,0,0
-0.4417729543927777,1.6084834273893618,0.7506127709568228,1.8272822640957829,0,1,0,1,0,1,0,1,0,0,1,1,0,0,0,0,1,0,0,1,0,0,1,0,0,1,0,0,1,0,0,1,0,0,1,0,1,1,0,0,0
2.2636062032690805,-1.2816237461508115,0.2064028596819056,-0.9791719885665636,1,0,1,0,1,0,0,1,1,0,0,0,1,0,1,0,0,1,0,0,1,0,0,1,0,0,1,0,0,1,0,0,1,0,0,0,1,0,0,1,0
-0.4417729543927777,0.3058999125543541,0.2130395659169652,0.23967302521680722,1,0,0,1,0,1,0,1,1,0,0,1,0,0,0,0,1,0,0,1,1,0,0,0,0,1,1,0,0,0,0,1,1,0,0,0,1,0,0,0,1
-0.4417729543927777,1.120014609326234,-1.3598598117922471,-0.3490150007484108,0,1,0,1,0,1,0,1,0,0,1,0,0,1,0,1,0,0,1,0,0,1,0,0,1,0,0,1,0,0,1,0,0,1,0,1,0,0,1,0,0
-0.4417729543927777,0.9571916699718579,-0.6663240102284804,0.11574910268646503,1,0,1,0,1,0,1,0,0,1,0,1,0,0,1,0,0,1,0,0,1,0,0,1,0,0,0,0,1,0,0,1,1,0,0,0,1,0,1,0,0
-0.4417729543927777,-0.3453918448631498,0.6046052337855037,-0.11778547443980246,1,0,0,1,0,1,0,1,0,0,1,0,1,0,1,0,0,0,0,1,0,0,1,1,0,0,1,0,0,1,0,0,0,1,0,1,0,1,0,0,0
-0.4417729543927777,1.6084834273893618,0.11514814894983104,1.1213659394038993,0,1,0,1,0,1,0,1,1,0,0,1,0,0,0,0,1,0,0,1,1,0,0,0,0,1,0,0,1,1,0,0,0,0,1,1,0,1,0,0,0
-0.4417729543927777,-0.8338606629262777,-1.4975714661697417,-0.921611576719875,0,1,0,1,1,0,0,1,1,0,0,0,0,1,0,1,0,0,1,0,0,1,0,0,1,0,0,1,0,0,1,0,0,1,0,1,0,1,0,0,0
-0.4417729543927777,0.7943687306174819,-0.6862341289336604,-0.01107259801464863,0,1,0,1,0,1,1,0,0,1,0,1,0,0,0,0,1,1,0,0,0,0,1,1,0,0,1,0,0,0,0,1,0,1,0,1,0,1,0,0,0
-0.4417729543927777,-1.1595065416350296,-1.3200395743818873,-0.9665271383668336,1,0,0,1,1,0,1,0,0,1,0,1,0,0,1,0,0,1,0,0,1,0,0,1,0,0,1,0,0,1,0,0,1,0,0,0,1,0,0,1,0
-0.4417729543927777,-1.0780950719578417,-0.5236348261746911,-0.8806036250304722,0,1,0,1,0,1,0,1,1,0,0,1,0,0,0,0,1,1,0,0,1,0,0,1,0,0,1,0,0,1,0,0,1,0,0,0,1,0,0,1,0
-0.4417729543927777,-1.0780950719578417,-0.5634550635850508,-0.8764545335586857,1,0,1,0,1,0,1,0,0,1,0,1,0,0,1,0,0,1,0,0,0,0,1,1,0,0,0,0,1,0,0,1,1,0,0,0,1,0,0,1,0
2.2636062032690805,1.364249018357798,1.5254482239000744,2.2526848807110125,0,1,1,0,1,0,0,1,0,0,1,0,1,0,1,0,0,0,0,1,0,0,1,0,0,1,0,0,1,0,0,1,0,1,0,1,0,0,1,0,0
-0.4417729543927777,1.5677776925507678,-1.5091857020810964,-0.4051923821045039,0,1,0,1,0,1,0,1,1,0,0,0,0,1,0,1,0,0,1,0,0,1,0,0,1,0,0,1,0,0,1,0,0,0,1,1,0,0,0,0,1
-0.4417729543927777,-0.8338606629262777,-1.4975714661697417,-0.9096033596031174,1,0,0,1,0,1,0,1,1,0,0,0,0,1,0,1,0,0,1,0,0,1,0,0,1,0,0,1,0,0,1,0,0,1,0,1,0,1,0,0,0
-0.4417729543927777,-1.2002122764736236,0.3142493360016301,-0.9096253124680473,0,1,1,0,1,0,0,1,0,0,1,0,1,0,1,0,0,1,0,0,1,0,0,1,0,0,1,0,0,1,0,0,1,0,0,0,1,0,0,1,0
-0.4417729543927777,-0.7931549280876837,-0.2963276376238872,-0.6747296577161145,1,0,1,0,0,1,0,1,1,0,0,1,0,0,0,0,1,0,0,1,1,0,0,1,0,0,1,0,0,1,0,0,1,0,0,0,1,0,0,1,0
-0.4417729543927777,0.835074465456076,1.2981410353492702,1.433557631574669,1,0,0,1,0,1,0,1,0,0,1,0,1,0,0,0,1,0,0,1,0,0,1,0,0,1,1,0,0,0,0,1,0,0,1,0,1,1,0,0,0
-0.4417729543927777,-0.8745663977648717,-1.4892755833759166,-0.9060469954844433,1,0,1,0,1,0,0,1,1,0,0,0,0,1,0,1,0,0,1,0,0,1,0,0,1,0,0,1,0,0,1,0,0,1,0,1,0,0,1,0,0
-0.4417729543927777,-0.7931549280876837,0.6975191210763432,-0.4766709103168678,1,0,1,0,1,0,0,1,0,0,1,0,1,0,1,0,0,1,0,0,1,0,0,1,0,0,1,0,0,0,0,1,1,0,0,0,1,0,0,1,0
-0.4417729543927777,-0.8745663977648717,-1.3183803978231223,-0.9027760186098602,1,0,1,0,1,0,0,1,0,0,1,0,0,1,0,1,0,0,1,0,0,1,0,0,1,0,0,1,0,0,1,0,0,1,0,1,0,0,0,1,0
-0.4417729543927777,-0.8338606629262777,1.153792674736716,-0.4666604039087481,1,0,1,0,1,0,0,1,0,0,1,0,1,0,0,0,1,0,0,1,0,0,1,1,0,0,1,0,0,0,0,1,1,0,0,0,1,1,0,0,0
-0.4417729543927777,0.020959768684196148,-1.4876164068171516,-0.7379539087147656,0,1,0,1,0,1,0,1,1,0,0,0,0,1,0,1,0,0,1,0,0,1,0,0,1,0,0,1,0,0,1,0,0,1,0,1,0,0,1,0,0
-0.4417729543927777,1.2421318138420159,-1.5125040551986264,-0.45550834852426386,1,0,0,1,0,1,0,1,1,0,0,0,0,1,0,1,0,0,1,0,0,1,0,0,1,0,0,1,0,0,1,0,0,0,1,1,0,0,0,1,0
-0.4417729543927777,-0.7931549280876837,0.292680040737685,-0.5903867506547195,0,1,1,0,1,0,0,1,1,0,0,0,1,0,0,0,1,1,0,0,1,0,0,1,0,0,1,0,0,1,0,0,1,0,0,0,1,0,1,0,0
-0.4417729543927777,-0.5896262538947138,-0.322874462564127,-0.5458443877115726,0,1,1,0,1,0,0,1,1,0,0,1,0,0,1,0,0,1,0,0,0,0,1,0,0,1,1,0,0,1,0,0,1,0,0,1,0,0,1,0,0
2.2636062032690805,-1.0780950719578417,0.3142493360016301,-0.8198161420390608,1,0,1,0,1,0,0,1,1,0,0,0,1,0,1,0,0,1,0,0,0,0,1,1,0,0,1,0,0,1,0,0,1,0,0,1,0,0,0,1,0
2.2636062032690805,0.550134321585918,0.5133505230534291,0.572478457556929,0,1,0,1,1,0,0,1,1,0,0,0,1,0,1,0,0,1,0,0,1,0,0,1,0,0,1,0,0,0,0,1,1,0,0,0,1,0,0,1,0
-0.4417729543927777,-0.9152721326034656,0.49509958090701384,-0.6208134214478204,0,1,1,0,1,0,0,1,1,0,0,0,1,0,0,0,1,1,0,0,0,0,1,1,0,0,1,0,0,1,0,0,1,0,0,0,1,0,0,0,1
-0.4417729543927777,0.061665503522790134,0.1682417988303106,0.05039542378959551,1,0,1,0,1,0,0,1,1,0,0,0,1,0,1,0,0,1,0,0,1,0,0,1,0,0,1,0,0,1,0,0,1,0,0,0,1,0,1,0,0
2.2636062032690805,1.404954753196392,-1.3216987509406524,-0.27624125350517176,0,1,1,0,1,0,0,1,0,0,1,0,0,1,0,1,0,0,1,0,0,1,0,0,1,0,0,1,0,0,1,0,0,0,1,1,0,0,1,0,0
-0.4417729543927777,-1.1595065416350296,0.3142493360016301,-0.8788254429711351,0,1,1,0,1,0,0,1,1,0,0,1,0,0,1,0,0,1,0,0,0,0,1,0,0,1,0,0,1,0,0,1,1,0,0,0,1,0,0,1,0
-0.4417729543927777,-0.5082147842175258,0.12510320830242092,-0.38861796908228813,0,1,1,0,1,0,0,1,0,0,1,1,0,0,1,0,0,0,0,1,1,0,0,0,0,1,0,0,1,1,0,0,0,1,0,0,1,0,0,1,0
-0.4417729543927777,-1.2816237461508115,0.1682417988303106,-0.9796769044599557,0,1,0,1,1,0,0,1,1,0,0,0,1,0,1,0,0,1,0,0,1,0,0,1,0,0,1,0,0,1,0,0,1,0,0,1,0,0,0,1,0
-0.4417729543927777,-1.2816237461508115,-1.4743429943470316,-1.001410240740742,1,0,1,0,1,0,0,1,1,0,0,0,0,1,0,1,0,0,1,0,0,1,0,0,1,0,0,1,0,0,1,0,1,0,0,1,0,0,0,0,1
-0.4417729543927777,-0.7524491932490897,0.34577369061816454,-0.5599600798616187,1,0,1,0,1,0,0,1,1,0,0,0,1,0,1,0,0,1,0,0,0,0,1,1,0,0,1,0,0,1,0,0,1,0,0,1,0,0,0,1,0
-0.4417729543927777,0.550134321585918,0.6593580602247482,0.7277510712074358,1,0,1,0,0,1,0,1,0,0,1,0,1,0,1,0,0,1,0,0,0,0,1,0,0,1,1,0,0,1,0,0,1,0,0,0,1,1,0,0,0
-0.4417729543927777,-0.7524491932490897,0.14169497389007082,-0.5956554382379404,0,1,0,1,0,1,0,1,0,0,1,1,0,0,0,0,1,0,0,1,1,0,0,1,0,0,1,0,0,0,0,1,1,0,0,1,0,0,0,0,1
-0.4417729543927777,-0.9966836022806537,-1.5174815848749212,-0.9415447780763943,1,0,1,0,1,0,0,1,1,0,0,0,0,1,0,1,0,0,1,0,0,1,0,0,1,0,0,1,0,0,1,0,1,0,0,1,0,0,0,0,1
-0.4417729543927777,-0.9966836022806537,-0.6563689508758905,-0.8179281956550732,0,1,1,0,1,0,0,1,1,0,0,1,0,0,1,0,0,1,0,0,1,0,0,1,0,0,1,0,0,1,0,0,1,0,0,0,1,0,0,0,1
-0.4417729543927777,0.1430769731999781,0.9878750188602168,0.5317778459765475,0,1,1,0,0,1,0,1,1,0,0,0,1,0,1,0,0,0,0,1,1,0,0,1,0,0,0,0,1,0,0,1,1,0,0,0,1,0,0,1,0
2.2636062032690805,-1.1188008067964357,0.4967587574657792,-0.8593971575080079,0,1,0,1,1,0,0,1,0,0,1,0,1,0,1,0,0,1,0,0,0,0,1,1,0,0,1,0,0,1,0,0,1,0,0,0,1,1,0,0,0
-0.4417729543927777,-0.42680331454033776,-0.4589269403828564,-0.4690971719159877,0,1,0,1,0,1,0,1,1,0,0,1,0,0,1,0,0,1,0,0,1,0,0,0,0,1,1,0,0,1,0,0,1,0,0,0,1,0,0,1,0
-0.4417729543927777,0.38731138223154205,-1.0412979125093689,-0.3758414016929774,1,0,0,1,1,0,1,0,0,1,0,1,0,0,1,0,0,0,0,1,1,0,0,0,0,1,1,0,0,1,0,0,0,1,0,1,0,0,0,0,1
-0.4417729543927777,-1.0780950719578417,-1.5058673489635666,-0.9564507733639234,0,1,0,1,0,1,0,1,1,0,0,0,0,1,0,1,0,0,1,0,0,1,0,0,1,0,0,1,0,0,1,0,1,0,0,1,0,0,0,0,1
2.2636062032690805,-0.26398037518596185,0.692541591400048,-0.047272872284362326,1,0,1,0,1,0,0,1,1,0,0,0,1,0,0,0,1,1,0,0,1,0,0,1,0,0,0,0,1,1,0,0,1,0,0,0,1,0,1,0,0
-0.4417729543927777,0.9978974048104519,-0.8504926082513947,-0.0833633822294258,0,1,1,0,1,0,1,0,0,1,0,1,0,0,1,0,0,0,0,1,1,0,0,1,0,0,0,0,1,1,0,0,1,0,0,0,1,0,0,1,0
-0.4417729543927777,0.38731138223154205,0.515009699612194,0.4718026189875493,0,1,0,1,1,0,0,1,0,0,1,1,0,0,0,0,1,1,0,0,1,0,0,0,0,1,0,0,1,0,0,1,0,1,0,1,0,0,1,0,0
-0.4417729543927777,-1.2816237461508115,0.48846287467195426,-0.9754400015284488,1,0,1,0,1,0,0,1,1,0,0,0,1,0,1,0,0,1,0,0,1,0,0,1,0,0,0,0,1,1,0,0,1,0,0,0,1,0,0,1,0
2.2636062032690805,-0.6710377235719017,0.883346895658022,-0.3342407226504622,0,1,0,1,1,0,0,1,1,0,0,0,1,0,1,0,0,1,0,0,0,0,1,0,0,1,1,0,0,0,0,1,1,0,0,0,1,0,0,1,0
-0.4417729543927777,-0.5896262538947138,0.9994892547715716,-0.2730580880903091,1,0,1,0,1,0,0,1,0,0,1,0,1,0,1,0,0,1,0,0,0,0,1,0,0,1,1,0,0,0,0,1,1,0,0,0,1,1,0,0,0
2.2636062032690805,-0.42680331454033776,0.15994591603648564,-0.3318917661029428,1,0,1,0,1,0,0,1,1,0,0,1,0,0,0,0,1,1,0,0,0,0,1,0,0,1,1,0,0,0,0,1,1,0,0,0,1,0,0,0,1
-0.4417729543927777,0.9571916699718579,-1.3432680462045972,-0.4019433580948511,1,0,0,1,0,1,0,1,0,0,1,0,0,1,0,1,0,0,1,0,0,1,0,0,1,0,0,1,0,0,1,0,0,0,1,0,1,0,0,0,1
-0.4417729543927777,-1.1595065416350296,0.123444031743656,-0.8957071961023721,1,0,1,0,1,0,0,1,1,0,0,1,0,0,1,0,0,0,0,1,1,0,0,1,0,0,0,0,1,0,0,1,1,0,0,0,1,1,0,0,0
2.2636062032690805,-0.26398037518596185,-1.5141632317573916,-0.7890382254070785,0,1,1,0,1,0,0,1,1,0,0,0,0,1,0,1,0,0,1,0,0,1,0,0,1,0,0,1,0,0,1,0,0,1,0,1,0,0,1,0,0
2.2636062032690805,0.061665503522790134,-0.28803175483006227,-0.2350576788963282,1,0,1,0,1,0,1,0,0,1,0,1,0,0,1,0,0,0,0,1,0,0,1,1,0,0,0,0,1,0,0,1,1,0,0,0,1,0,0,1,0
-0.4417729543927777,-0.26398037518596185,-0.5236348261746911,-0.4671653198021401,0,1,1,0,1,0,0,1,1,0,0,1,0,0,1,0,0,1,0,0,1,0,0,0,0,1,1,0,0,1,0,0,1,0,0,1,0,1,0,0,0
-0.4417729543927777,-0.26398037518596185,0.13671744421377566,-0.2132365311558215,1,0,1,0,1,0,0,1,1,0,0,0,1,0,1,0,0,1,0,0,1,0,0,1,0,0,1,0,0,1,0,0,1,0,0,0,1,0,1,0,0
-0.4417729543927777,-0.019745966154397845,1.2085455011759605,0.45380126974487783,1,0,1,0,1,0,0,1,0,0,1,0,1,0,1,0,0,1,0,0,0,0,1,1,0,0,0,0,1,0,0,1,1,0,0,0,1,0,0,1,0
-0.4417729543927777,-1.1595065416350296,0.6593580602247482,-0.8471255060120891,0,1,0,1,0,1,0,1,0,0,1,0,1,0,1,0,0,0,0,1,0,0,1,1,0,0,1,0,0,1,0,0,1,0,0,0,1,1,0,0,0
-0.4417729543927777,-1.2816237461508115,0.3009759235315099,-0.9779206752655487,0,1,1,0,1,0,0,1,1,0,0,0,1,0,1,0,0,1,0,0,1,0,0,0,0,1,1,0,0,1,0,0,1,0,0,1,0,0,0,1,0
2.2636062032690805,-1.0373893371192477,0.6444254711958631,-0.7427396332695246,1,0,1,0,1,0,0,1,1,0,0,0,1,0,1,0,0,1,0,0,0,0,1,1,0,0,0,0,1,1,0,0,1,0,0,0,1,0,0,1,0
-0.4417729543927777,0.835074465456076,-1.4643879349944418,-0.5617821676508159,1,0,0,1,1,0,0,1,1,0,0,0,0,1,0,1,0,0,1,0,0,1,0,0,1,0,0,1,0,0,1,0,0,1,0,1,0,1,0,0,0
-0.4417729543927777,-1.2002122764736236,-1.1458260357115633,-0.9743423582819445,0,1,1,0,1,0,1,0,0,1,0,1,0,0,1,0,0,1,0,0,1,0,0,0,0,1,1,0,0,1,0,0,1,0,0,1,0,0,0,1,0
-0.4417729543927777,1.404954753196392,-1.4925939364934464,-0.4344775039212403,0,1,1,0,1,0,0,1,1,0,0,0,0,1,0,1,0,0,1,0,0,1,0,0,1,0,0,1,0,0,1,0,0,0,1,1,0,1,0,0,0
-0.4417729543927777,0.712957260940294,1.0210585500355167,1.0662203426995203,1,0,1,0,1,0,0,1,0,0,1,0,1,0,1,0,0,1,0,0,1,0,0,1,0,0,0,0,1,0,0,1,1,0,0,0,1,0,0,1,0
-0.4417729543927777,-1.2816237461508115,-1.5025489958460365,-1.0017834394445535,0,1,1,0,1,0,0,1,1,0,0,0,0,1,0,1,0,0,1,0,0,1,0,0,1,0,0,1,0,0,1,0,1,0,0,1,0,0,0,0,1
-0.4417729543927777,-0.9559778674420596,-1.4826388771408565,-0.9286803992273631,1,0,1,0,1,0,0,1,1,0,0,0,0,1,0,1,0,0,1,0,0,1,0,0,1,0,0,1,0,0,1,0,1,0,0,1,0,0,0,0,1
-0.4417729543927777,-1.2409180113122176,-0.6746198930223054,-0.9750448499597072,1,0,0,1,1,0,0,1,1,0,0,1,0,0,1,0,0,1,0,0,1,0,0,1,0,0,1,0,0,1,0,0,1,0,0,0,1,0,1,0,0
2.2636062032690805,-1.2816237461508115,-1.3167212212643573,-0.9993247185723837,1,0,1,0,1,0,1,0,0,1,0,1,0,0,1,0,0,1,0,0,1,0,0,1,0,0,1,0,0,1,0,0,1,0,0,1,0,0,0,1,0
-0.4417729543927777,0.42801711707013607,1.306436918143095,0.9442063194180957,0,1,0,1,0,1,0,1,0,0,1,0,1,0,1,0,0,1,0,0,0,0,1,0,0,1,0,0,1,0,0,1,0,1,0,0,1,0,1,0,0
-0.4417729543927777,1.5270719577121739,-0.5485224745561661,0.501175552264006,0,1,1,0,1,0,1,0,0,1,0,1,0,0,0,0,1,1,0,0,0,0,1,0,0,1,1,0,0,0,0,1,0,0,1,1,0,1,0,0,0
2.2636062032690805,1.5677776925507678,-1.4975714661697417,-0.4008018091184865,0,1,0,1,0,1,0,1,1,0,0,0,0,1,0,1,0,0,1,0,0,1,0,0,1,0,0,1,0,0,1,0,0,0,1,1,0,0,1,0,0
-0.4417729543927777,0.46872285190873003,0.929803839303442,0.7997784210430517,0,1,0,1,0,1,0,1,1,0,0,0,1,0,1,0,0,1,0,0,0,0,1,1,0,0,0,0,1,0,0,1,1,0,0,0,1,1,0,0,0
-0.4417729543927777,-1.2409180113122176,0.19147027065302058,-0.9486355534488125,0,1,1,0,1,0,0,1,1,0,0,0,1,0,1,0,0,1,0,0,1,0,0,1,0,0,1,0,0,1,0,0,1,0,0,1,0,0,1,0,0
-0.4417729543927777,-1.1595065416350296,0.4320508716739444,-0.8762569577743149,1,0,1,0,1,0,0,1,0,0,1,0,1,0,1,0,0,0,0,1,1,0,0,1,0,0,1,0,0,1,0,0,1,0,0,1,0,1,0,0,0
-0.4417729543927777,-1.2002122764736236,-0.32619281568165703,-0.9425107041333181,1,0,1,0,0,1,0,1,1,0,0,1,0,0,0,0,1,1,0,0,1,0,0,0,0,1,1,0,0,1,0,0,1,0,0,0,1,0,0,0,1
2.2636062032690805,-0.18256890550877383,-0.015926799192603435,-0.190427504493461,1,0,1,0,1,0,0,1,0,0,1,1,0,0,1,0,0,0,0,1,0,0,1,0,0,1,1,0,0,1,0,0,1,0,0,1,0,1,0,0,0
-0.4417729543927777,-0.14186317067017984,0.34411451405939963,-0.0166486257068907,0,1,0,1,1,0,0,1,1,0,0,0,1,0,1,0,0,1,0,0,0,0,1,1,0,0,1,0,0,1,0,0,1,0,0,0,1,0,1,0,0
2.2636062032690805,-1.2816237461508115,0.1699009753890755,-0.9796549515950255,0,1,1,0,1,0,0,1,1,0,0,0,1,0,1,0,0,1,0,0,1,0,0,1,0,0,1,0,0,1,0,0,1,0,0,0,1,0,0,1,0
2.2636062032690805,-0.9559778674420596,1.1454967919428911,-0.6067416350276345,0,1,1,0,1,0,0,1,0,0,1,0,1,0,1,0,0,0,0,1,1,0,0,1,0,0,0,0,1,0,0,1,1,0,0,0,1,0,1,0,0
-0.4417729543927777,1.5677776925507678,1.4308751600504694,2.296634516301047,0,1,1,0,1,0,0,1,0,0,1,0,1,0,0,0,1,1,0,0,0,0,1,0,0,1,0,0,1,0,0,1,0,0,1,0,1,0,0,1,0
-0.4417729543927777,0.3466056473929481,0.2677923923562101,0.3072878492014758,0,1,0,1,1,0,0,1,0,0,1,1,0,0,1,0,0,1,0,0,0,0,1,1,0,0,0,0,1,0,0,1,0,1,0,0,1,0,0,1,0
-0.4417729543927777,0.9571916699718579,1.1737027934418958,1.454654334772483,0,1,0,1,1,0,0,1,0,0,1,0,1,0,1,0,0,0,0,1,1,0,0,1,0,0,0,0,1,0,0,1,0,1,0,1,0,0,1,0,0
2.2636062032690805,-1.2816237461508115,-1.3017886322354724,-0.9991271427880131,1,0,1,0,1,0,1,0,0,1,0,1,0,0,1,0,0,1,0,0,1,0,0,1,0,0,1,0,0,1,0,0,1,0,0,0,1,0,0,0,1
-0.4417729543927777,0.7943687306174819,-0.8571293144864545,-0.14015544380356132,1,0,1,0,1,0,1,0,0,1,0,1,0,0,0,0,1,0,0,1,1,0,0,0,0,1,1,0,0,1,0,0,0,0,1,1,0,0,0,0,1
-0.4417729543927777,1.404954753196392,1.2616391510564404,2.013047407134181,1,0,1,0,1,0,0,1,0,0,1,0,1,0,0,0,1,0,0,1,0,0,1,1,0,0,0,0,1,1,0,0,1,0,0,0,1,0,1,0,0
-0.4417729543927777,-0.14186317067017984,-1.5108448786398616,-0.7670634076120613,1,0,1,0,1,0,0,1,1,0,0,0,0,1,0,1,0,0,1,0,0,1,0,0,1,0,0,1,0,0,1,0,0,0,1,1,0,0,0,0,1
-0.4417729543927777,0.38731138223154205,0.09191967712712105,0.2550619835327984,1,0,1,0,1,0,0,1,1,0,0,1,0,0,0,0,1,0,0,1,1,0,0,0,0,1,1,0,0,0,0,1,0,1,0,0,1,0,0,0,1
-0.4417729543927777,-0.6710377235719017,-0.49045129499939133,-0.6757394895028985,1,0,1,0,1,0,0,1,1,0,0,1,0,0,0,0,1,1,0,0,1,0,0,1,0,0,1,0,0,1,0,0,1,0,0,0,1,0,0,1,0
-0.4417729543927777,-0.7524491932490897,-1.1225975638888532,-0.8261385671389259,0,1,1,0,1,0,1,0,0,1,0,1,0,0,1,0,0,0,0,1,1,0,0,1,0,0,1,0,0,1,0,0,1,0,0,0,1,0,0,0,1
2.2636062032690805,-0.5896262538947138,0.3242043953542199,-0.4420073365922602,1,0,1,0,1,0,0,1,1,0,0,0,1,0,1,0,0,0,0,1,1,0,0,1,0,0,1,0,0,1,0,0,1,0,0,0,1,0,0,1,0
2.2636062032690805,-0.8338606629262777,1.1454967919428911,-0.48347629844519485,0,1,1,0,1,0,0,1,0,0,1,0,1,0,1,0,0,1,0,0,0,0,1,1,0,0,0,0,1,0,0,1,1,0,0,0,1,0,0,1,0
-0.4417729543927777,0.2651941777157601,-1.4942531130522116,-0.6630507335733081,0,1,1,0,1,0,0,1,1,0,0,0,0,1,0,1,0,0,1,0,0,1,0,0,1,0,0,1,0,0,1,0,0,1,0,1,0,0,0,0,1
-0.4417729543927777,-0.019745966154397845,0.15994591603648564,0.020451716024956657,0,1,0,1,0,1,0,1,1,0,0,0,1,0,1,0,0,1,0,0,1,0,0,1,0,0,1,0,0,1,0,0,1,0,0,0,1,1,0,0,0
-0.4417729543927777,1.201426079003422,-0.7044850710800752,0.13917280956686823,0,1,1,0,1,0,1,0,0,1,0,1,0,0,0,0,1,0,0,1,0,0,1,0,0,1,1,0,0,1,0,0,0,0,1,0,1,1,0,0,0
-0.4417729543927777,-1.2816237461508115,-1.4594104053181467,-1.0012126649563713,0,1,1,0,1,0,0,1,1,0,0,0,0,1,0,1,0,0,1,0,0,1,0,0,1,0,0,1,0,0,1,0,1,0,0,1,0,1,0,0,0
2.2636062032690805,0.509428586747324,-0.07399797874937816,0.21521753368469018,0,1,1,0,1,0,0,1,1,0,0,1,0,0,0,0,1,1,0,0,0,0,1,1,0,0,1,0,0,0,0,1,0,1,0,1,0,0,1,0,0
-0.4417729543927777,-0.6710377235719017,0.5183280527297238,-0.4620722551383598,0,1,1,0,1,0,0,1,0,0,1,0,1,0,1,0,0,0,0,1,1,0,0,1,0,0,1,0,0,1,0,0,1,0,0,0,1,0,0,0,1
-0.4417729543927777,-1.2816237461508115,-0.07067962563184838,-0.9828381170098882,0,1,1,0,1,0,0,1,1,0,0,1,0,0,1,0,0,1,0,0,1,0,0,1,0,0,0,0,1,0,0,1,1,0,0,0,1,0,0,0,1
-0.4417729543927777,1.6084834273893618,0.8982794846869071,1.9673415423497391,0,1,0,1,1,0,0,1,0,0,1,1,0,0,0,0,1,0,0,1,0,0,1,0,0,1,0,0,1,0,0,1,0,0,1,0,1,0,1,0,0
-0.4417729543927777,-1.2002122764736236,-0.9882042626288889,-0.9666149498265538,0,1,0,1,1,0,1,0,0,1,0,1,0,0,1,0,0,1,0,0,1,0,0,1,0,0,1,0,0,0,0,1,1,0,0,0,1,0,0,1,0
-0.4417729543927777,-0.14186317067017984,-0.2299605752732875,-0.24886603093735307,1,0,1,0,1,0,0,1,1,0,0,1,0,0,0,0,1,1,0,0,0,0,1,0,0,1,1,0,0,1,0,0,0,1,0,1,0,0,1,0,0
-0.4417729543927777,-0.7117434584104957,-1.5025489958460365,-0.8643585049822077,0,1,0,1,0,1,0,1,1,0,0,0,0,1,0,1,0,0,1,0,0,1,0,0,1,0,0,1,0,0,1,0,0,1,0,1,0,0,0,0,1
2.2636062032690805,1.445660488034986,1.4010099819927,2.2297441368590714,0,1,0,1,0,1,0,1,0,0,1,0,1,0,1,0,0,1,0,0,0,0,1,0,0,1,0,0,1,0,0,1,0,1,0,0,1,0,1,0,0
-0.4417729543927777,-1.3223294809894057,-0.29466846106512234,-0.3968393169986058,1,0,0,1,0,1,1,0,0,1,0,1,0,0,0,0,1,0,0,1,0,0,1,0,0,1,0,0,1,1,0,0,0,0,1,1,0,0,1,0,0
2.2636062032690805,-0.42680331454033776,0.677609002371163,-0.14915611842489707,1,0,0,1,0,1,0,1,0,0,1,0,1,0,1,0,0,1,0,0,1,0,0,1,0,0,0,0,1,1,0,0,1,0,0,1,0,1,0,0,0
-0.4417729543927777,-1.2816237461508115,0.6494030008721583,-0.9733105736302304,0,1,1,0,1,0,0,1,0,0,1,0,1,0,1,0,0,1,0,0,1,0,0,1,0,0,0,0,1,1,0,0,1,0,0,1,0,0,0,1,0
-0.4417729543927777,0.509428586747324,0.2860433345026249,0.4600358833850225,1,0,1,0,1,0,0,1,0,0,1,1,0,0,0,0,1,1,0,0,1,0,0,0,0,1,1,0,0,0,0,1,0,0,1,1,0,0,0,0,1
-0.4417729543927777,-0.26398037518596185,0.7920921849259476,-0.011840948287201683,1,0,1,0,1,0,0,1,1,0,0,0,1,0,1,0,0,1,0,0,1,0,0,1,0,0,0,0,1,0,0,1,1,0,0,0,1,1,0,0,0
-0.4417729543927777,1.6084834273893618,0.8966203081281422,1.8939092091585974,0,1,0,1,0,1,0,1,0,0,1,1,0,0,0,0,1,0,0,1,0,0,1,0,0,1,0,0,1,0,0,1,0,0,1,0,1,0,1,0,0
-0.4417729543927777,1.404954753196392,1.538721636370194,2.312023474617038,0,1,0,1,1,0,0,1,0,0,1,0,1,0,1,0,0,0,0,1,0,0,1,0,0,1,0,0,1,0,0,1,0,0,1,0,1,1,0,0,0
-0.4417729543927777,-0.9152721326034656,1.0061259610066315,-0.5618919319754664,0,1,1,0,1,0,0,1,0,0,1,0,1,0,1,0,0,0,0,1,0,0,1,1,0,0,1,0,0,0,0,1,1,0,0,0,1,0,0,1,0
-0.4417729543927777,-1.2816237461508115,0.8285940692187777,-0.970939664217781,0,1,1,0,1,0,0,1,1,0,0,0,1,0,1,0,0,1,0,0,1,0,0,1,0,0,0,0,1,0,0,1,1,0,0,0,1,0,0,1,0
-0.4417729543927777,0.753662995778888,-1.1574402716229182,-0.33889473001564063,0,1,0,1,1,0,1,0,0,1,0,1,0,0,1,0,0,0,0,1,1,0,0,1,0,0,1,0,0,1,0,0,1,0,0,0,1,0,1,0,0
-0.4417729543927777,-1.2816237461508115,0.9414180752147968,-0.969446869402535,0,1,1,0,0,1,0,1,0,0,1,0,1,0,1,0,0,1,0,0,1,0,0,1,0,0,0,0,1,0,0,1,1,0,0,0,1,0,0,1,0
-0.4417729543927777,0.9571916699718579,-1.3200395743818873,-0.4277160215227734,0,1,0,1,1,0,0,1,0,0,1,0,0,1,0,1,0,0,1,0,0,1,0,0,1,0,0,1,0,0,1,0,0,0,1,0,1,0,1,0,0
-0.4417729543927777,1.6084834273893618,1.0276952562705768,2.042859397709239,1,0,0,1,0,1,0,1,0,0,1,0,1,0,0,0,1,0,0,1,1,0,0,1,0,0,0,0,1,1,0,0,0,0,1,0,1,1,0,0,0
-0.4417729543927777,-0.9152721326034656,-1.3582006352334821,-0.9109424843638526,0,1,1,0,1,0,0,1,0,0,1,0,0,1,0,1,0,0,1,0,0,1,0,0,1,0,0,1,0,0,1,0,1,0,0,0,1,0,0,1,0
-0.4417729543927777,-0.42680331454033776,-1.4809797005820917,-0.8018147927963893,0,1,1,0,1,0,0,1,1,0,0,0,0,1,0,1,0,0,1,0,0,1,0,0,1,0,0,1,0,0,1,0,0,1,0,1,0,0,0,0,1
-0.4417729543927777,-1.1188008067964357,-1.4726838177882668,-0.9682175089664502,1,0,1,0,1,0,0,1,1,0,0,0,0,1,0,1,0,0,1,0,0,1,0,0,1,0,0,1,0,0,1,0,1,0,0,1,0,0,1,0,0
2.2636062032690805,-0.10115743583158582,0.43039169511517955,0.022010369434992728,0,1,0,1,1,0,0,1,0,0,1,0,1,0,1,0,0,1,0,0,1,0,0,1,0,0,1,0,0,1,0,0,1,0,0,1,0,0,0,0,1
-0.4417729543927777,0.46872285190873003,-0.3643538765332518,0.03252579173650461,0,1,1,0,1,0,1,0,0,1,0,1,0,0,1,0,0,0,0,1,0,0,1,1,0,0,0,0,1,0,0,1,0,1,0,0,1,0,0,0,1
-0.4417729543927777,-0.5896262538947138,1.2068863246171955,-0.22245673442645814,0,1,1,0,1,0,0,1,1,0,0,0,1,0,1,0,0,0,0,1,0,0,1,1,0,0,0,0,1,0,0,1,1,0,0,1,0,0,1,0,0
2.2636062032690805,-1.2409180113122176,-0.6845749523748955,-0.971203098596942,1,0,1,0,1,0,0,1,1,0,0,1,0,0,1,0,0,1,0,0,1,0,0,1,0,0,1,0,0,1,0,0,1,0,0,0,1,0,0,1,0
-0.4417729543927777,0.87578020029467,-0.6912116586099553,0.030023165134474554,1,0,1,0,1,0,1,0,0,1,0,1,0,0,0,0,1,1,0,0,1,0,0,0,0,1,1,0,0,0,0,1,0,1,0,1,0,1,0,0,0
-0.4417729543927777,-1.2816237461508115,0.9779199595076269,-0.9689639063740731,1,0,1,0,1,0,0,1,1,0,0,0,1,0,1,0,0,1,0,0,0,0,1,1,0,0,0,0,1,0,0,1,1,0,0,1,0,0,0,1,0
-0.4417729543927777,1.5270719577121739,-1.4793205240233265,-0.3702214682708751,0,1,0,1,0,1,0,1,1,0,0,0,0,1,0,1,0,0,1,0,0,1,0,0,1,0,0,1,0,0,1,0,0,0,1,1,0,0,1,0,0
2.2636062032690805,-0.9152721326034656,0.6527213539896881,-0.6303848705573384,1,0,1,0,1,0,0,1,1,0,0,0,1,0,1,0,0,1,0,0,0,0,1,1,0,0,1,0,0,0,0,1,1,0,0,0,1,0,1,0,0
-0.4417729543927777,-0.14186317067017984,0.9862158423014519,0.15271772722873198,0,1,0,1,0,1,0,1,1,0,0,0,1,0,0,0,1,1,0,0,1,0,0,1,0,0,0,0,1,0,0,1,1,0,0,1,0,0,1,0,0
2.2636062032690805,-0.9559778674420596,1.1803394996769558,-0.6070928808665159,0,1,1,0,1,0,0,1,0,0,1,0,1,0,1,0,0,1,0,0,0,0,1,1,0,0,0,0,1,0,0,1,1,0,0,0,1,0,0,1,0
-0.4417729543927777,1.120014609326234,0.6643355899010434,1.1782238595728252,0,1,1,0,0,1,0,1,0,0,1,1,0,0,0,0,1,1,0,0,0,0,1,0,0,1,0,0,1,0,0,1,0,0,1,0,1,0,0,1,0
-0.4417729543927777,-0.2232746403473678,0.8053655973960676,0.03612606158503884,1,0,1,0,1,0,0,1,1,0,0,0,1,0,1,0,0,1,0,0,0,0,1,0,0,1,1,0,0,0,0,1,1,0,0,0,1,0,0,1,0
-0.4417729543927777,0.38731138223154205,-1.5125040551986264,-0.6296165202847853,0,1,0,1,0,1,0,1,1,0,0,0,0,1,0,1,0,0,1,0,0,1,0,0,1,0,0,1,0,0,1,0,0,0,1,1,0,0,0,0,1
-0.4417729543927777,1.2828375486806098,0.891642778451847,1.6065901129536164,0,1,0,1,0,1,0,1,0,0,1,0,1,0,0,0,1,0,0,1,0,0,1,1,0,0,1,0,0,1,0,0,1,0,0,0,1,0,0,1,0
-0.4417729543927777,1.3235432835192038,-1.3333129868520073,-0.25738374253022694,0,1,0,1,0,1,0,1,0,0,1,0,0,1,0,1,0,0,1,0,0,1,0,0,1,0,0,1,0,0,1,0,0,0,1,1,0,0,1,0,0
-0.4417729543927777,-1.2409180113122176,0.17321932850660576,-0.9560556217951818,1,0,1,0,1,0,0,1,1,0,0,0,1,0,1,0,0,1,0,0,1,0,0,1,0,0,1,0,0,1,0,0,1,0,0,0,1,0,0,1,0
-0.4417729543927777,1.445660488034986,-0.6630056571109504,0.34423452087881257,1,0,1,0,1,0,1,0,0,1,0,1,0,0,1,0,0,0,0,1,1,0,0,0,0,1,1,0,0,0,0,1,1,0,0,1,0,0,0,1,0
2.2636062032690805,1.5270719577121739,1.5951336393682038,2.4966031629492114,1,0,0,1,1,0,0,1,0,0,1,0,1,0,0,0,1,0,0,1,0,0,1,0,0,1,0,0,1,0,0,1,0,0,1,0,1,0,1,0,0
2.2636062032690805,0.7943687306174819,0.2661332157974452,0.6710687739579507,0,1,1,0,1,0,0,1,0,0,1,0,1,0,1,0,0,1,0,0,1,0,0,1,0,0,1,0,0,1,0,0,1,0,0,0,1,1,0,0,0
-0.4417729543927777,1.445660488034986,0.1947886237705504,1.1233856029774671,0,1,0,1,0,1,0,1,0,0,1,1,0,0,1,0,0,0,0,1,1,0,0,0,0,1,1,0,0,0,0,1,0,0,1,1,0,0,1,0,0
-0.4417729543927777,1.5270719577121739,-1.5091857020810964,-0.43809972663470464,1,0,0,1,1,0,0,1,1,0,0,0,0,1,0,1,0,0,1,0,0,1,0,0,1,0,0,1,0,0,1,0,0,0,1,1,0,1,0,0,0
-0.4417729543927777,1.404954753196392,-0.1470017473350379,0.6887408302266709,1,0,1,0,1,0,0,1,1,0,0,1,0,0,0,0,1,0,0,1,1,0,0,0,0,1,1,0,0,1,0,0,0,1,0,1,0,0,1,0,0
-0.4417729543927777,-0.18256890550877383,0.6809273554886932,-0.005013607293944486,0,1,0,1,0,1,0,1,1,0,0,0,1,0,1,0,0,1,0,0,0,0,1,1,0,0,0,0,1,1,0,0,1,0,0,1,0,0,0,1,0
-0.4417729543927777,-0.3453918448631498,0.6610172367835131,-0.1108703219868249,0,1,1,0,1,0,0,1,0,0,1,0,1,0,1,0,0,0,0,1,0,0,1,1,0,0,1,0,0,1,0,0,1,0,0,0,1,1,0,0,0
-0.4417729543927777,-1.2409180113122176,0.5050546402596042,-0.9249923179191084,1,0,0,1,1,0,0,1,1,0,0,0,1,0,0,0,1,1,0,0,1,0,0,0,0,1,1,0,0,1,0,0,1,0,0,0,1,0,0,1,0
-0.4417729543927777,1.445660488034986,0.44864263726159437,1.331235328135533,1,0,0,1,0,1,0,1,0,0,1,1,0,0,0,0,1,0,0,1,0,0,1,0,0,1,1,0,0,0,0,1,0,1,0,0,1,0,0,1,0
-0.4417729543927777,1.038603139649046,0.7024966507526379,1.1367988034497505,0,1,0,1,1,0,0,1,0,0,1,1,0,0,0,0,1,0,0,1,0,0,1,1,0,0,0,0,1,0,0,1,0,0,1,0,1,0,0,1,0
-0.4417729543927777,-0.3046861100245558,1.3280062134070403,0.11642964149929781,1,0,0,1,1,0,0,1,0,0,1,0,1,0,1,0,0,1,0,0,0,0,1,0,0,1,0,0,1,0,0,1,1,0,0,0,1,1,0,0,0
-0.4417729543927777,-0.9152721326034656,-0.968294143923709,-0.839266380367118,0,1,1,0,1,0,1,0,0,1,0,1,0,0,1,0,0,0,0,1,1,0,0,0,0,1,1,0,0,1,0,0,1,0,0,1,0,0,0,1,0
-0.4417729543927777,0.9571916699718579,1.155451851295481,1.4519980381159423,1,0,0,1,0,1,0,1,0,0,1,0,1,0,1,0,0,0,0,1,0,0,1,0,0,1,1,0,0,0,0,1,0,1,0,0,1,0,1,0,0
-0.4417729543927777,-0.06045170099299184,0.8501633644827222,0.27591720521638124,0,1,0,1,1,0,0,1,0,0,1,0,1,0,0,0,1,0,0,1,1,0,0,0,0,1,1,0,0,1,0,0,1,0,0,0,1,0,1,0,0
-0.4417729543927777,1.2421318138420159,-1.5075265255223316,-0.47691239183109885,1,0,1,0,0,1,0,1,1,0,0,0,0,1,0,1,0,0,1,0,0,1,0,0,1,0,0,1,0,0,1,0,0,0,1,1,0,0,1,0,0
-0.4417729543927777,-0.42680331454033776,-0.3245336391228921,-0.4865936052652673,0,1,1,0,1,0,0,1,1,0,0,1,0,0,1,0,0,0,0,1,1,0,0,0,0,1,1,0,0,1,0,0,0,1,0,0,1,0,1,0,0
-0.4417729543927777,-1.0373893371192477,-1.4693654646707368,-0.9515552844845139,1,0,0,1,0,1,0,1,1,0,0,0,0,1,0,1,0,0,1,0,0,1,0,0,1,0,0,1,0,0,1,0,0,1,0,1,0,0,0,0,1
2.2636062032690805,0.3058999125543541,-0.30296434385894727,-0.08428540255648942,1,0,1,0,1,0,1,0,0,1,0,1,0,0,0,0,1,0,0,1,1,0,0,1,0,0,0,0,1,0,0,1,1,0,0,0,1,0,0,1,0
-0.4417729543927777,0.87578020029467,0.49509958090701384,0.8811576913388851,0,1,1,0,1,0,0,1,0,0,1,0,1,0,1,0,0,0,0,1,1,0,0,1,0,0,1,0,0,1,0,0,1,0,0,0,1,1,0,0,0
-0.4417729543927777,0.42801711707013607,-1.3017886322354724,-0.4887230331634857,1,0,1,0,1,0,0,1,0,0,1,0,0,1,0,1,0,0,1,0,0,1,0,0,1,0,0,1,0,0,1,0,0,0,1,0,1,0,1,0,0
-0.4417729543927777,-1.2002122764736236,0.8816877190992572,-0.9037419446667841,1,0,0,1,1,0,0,1,0,0,1,0,1,0,1,0,0,0,0,1,1,0,0,1,0,0,1,0,0,0,0,1,1,0,0,0,1,0,1,0,0
2.2636062032690805,-0.7524491932490897,0.461916049731714,-0.5521229070815775,1,0,1,0,1,0,0,1,1,0,0,0,1,0,0,0,1,0,0,1,1,0,0,1,0,0,1,0,0,1,0,0,1,0,0,1,0,0,0,1,0
-0.4417729543927777,-1.2816237461508115,-1.5025489958460365,-1.0017834394445535,0,1,0,1,0,1,0,1,1,0,0,0,0,1,0,1,0,0,1,0,0,1,0,0,1,0,0,1,0,0,1,0,0,1,0,1,0,0,0,0,1
2.2636062032690805,1.445660488034986,0.6543805305484535,1.4850151469707937,0,1,0,1,0,1,0,1,0,0,1,0,1,0,1,0,0,0,0,1,0,0,1,1,0,0,1,0,0,1,0,0,1,0,0,0,1,0,0,1,0
-0.4417729543927777,1.201426079003422,-1.4760021709057964,-0.44079992902110543,0,1,0,1,0,1,0,1,1,0,0,0,0,1,0,1,0,0,1,0,0,1,0,0,1,0,0,1,0,0,1,0,0,0,1,1,0,1,0,0,0
-0.4417729543927777,1.2421318138420159,0.8468450113651924,1.547317377642381,0,1,1,0,1,0,0,1,0,0,1,0,1,0,1,0,0,0,0,1,1,0,0,1,0,0,1,0,0,0,0,1,0,1,0,1,0,0,1,0,0
-0.4417729543927777,-0.14186317067017984,0.5033954637008388,-0.03930398231474064,0,1,0,1,0,1,0,1,0,0,1,1,0,0,1,0,0,0,0,1,0,0,1,1,0,0,0,0,1,0,0,1,1,0,0,1,0,0,1,0,0
-0.4417729543927777,-0.14186317067017984,0.7589086537506476,0.14068755724704415,1,0,0,1,0,1,0,1,1,0,0,0,1,0,1,0,0,1,0,0,1,0,0,1,0,0,0,0,1,0,0,1,1,0,0,0,1,0,1,0,0
-0.4417729543927777,-0.3860975797017438,-0.6630056571109504,-0.5727366472509294,1,0,1,0,1,0,1,0,0,1,0,1,0,0,1,0,0,1,0,0,1,0,0,1,0,0,0,0,1,0,0,1,1,0,0,0,1,0,0,1,0
-0.4417729543927777,-1.2409180113122176,0.5183280527297238,-0.9278242374950898,1,0,1,0,0,1,0,1,0,0,1,0,1,0,0,0,1,1,0,0,1,0,0,1,0,0,1,0,0,1,0,0,1,0,0,1,0,0,1,0,0
-0.4417729543927777,-0.9966836022806537,0.5000771105833091,-0.7361757266554286,1,0,1,0,1,0,0,1,1,0,0,0,1,0,1,0,0,1,0,0,1,0,0,1,0,0,0,0,1,1,0,0,1,0,0,0,1,1,0,0,0
-0.4417729543927777,0.1430769731999781,0.5133505230534291,0.2793857578753351,1,0,0,1,1,0,0,1,1,0,0,0,1,0,1,0,0,1,0,0,1,0,0,1,0,0,1,0,0,0,0,1,1,0,0,1,0,0,0,1,0
2.2636062032690805,1.364249018357798,1.3263470368482753,2.0153305050869097,1,0,0,1,0,1,0,1,0,0,1,0,1,0,1,0,0,0,0,1,0,0,1,1,0,0,0,0,1,0,0,1,0,1,0,0,1,0,0,1,0
-0.4417729543927777,-0.6710377235719017,0.8136614801898926,-0.3824492140369336,1,0,0,1,0,1,0,1,1,0,0,0,1,0,1,0,0,0,0,1,0,0,1,1,0,0,0,0,1,1,0,0,1,0,0,0,1,0,1,0,0
-0.4417729543927777,-1.3223294809894057,-0.10054480368961818,-0.3968393169986058,0,1,1,0,0,1,0,1,0,0,1,1,0,0,0,0,1,0,0,1,1,0,0,0,0,1,1,0,0,1,0,0,0,0,1,0,1,1,0,0,0
2.2636062032690805,1.3235432835192038,0.6908824148412831,1.487144574869012,0,1,0,1,0,1,0,1,0,0,1,0,1,0,0,0,1,0,0,1,1,0,0,1,0,0,1,0,0,1,0,0,1,0,0,0,1,0,0,1,0
2.2636062032690805,0.6722515261017,1.2632983276152054,1.2578469006742512,1,0,1,0,1,0,0,1,0,0,1,0,1,0,0,0,1,0,0,1,0,0,1,0,0,1,1,0,0,0,0,1,0,1,0,1,0,1,0,0,0
-0.4417729543927777,-0.9559778674420596,0.8899836018930821,-0.630275106232688,1,0,0,1,1,0,0,1,0,0,1,0,1,0,0,0,1,0,0,1,0,0,1,1,0,0,1,0,0,1,0,0,1,0,0,1,0,1,0,0,0
-0.4417729543927777,-0.14186317067017984,0.692541591400048,0.060998657550827666,0,1,0,1,1,0,0,1,0,0,1,0,1,0,1,0,0,0,0,1,0,0,1,1,0,0,1,0,0,1,0,0,1,0,0,0,1,0,0,1,0
2.2636062032690805,-1.2816237461508115,0.38061639835222977,-0.9768669377489045,1,0,0,1,1,0,0,1,1,0,0,0,1,0,1,0,0,0,0,1,1,0,0,1,0,0,1,0,0,1,0,0,1,0,0,0,1,0,0,0,1
2.2636062032690805,-0.3860975797017438,0.9895341954189817,-0.0033890952891181135,1,0,1,0,1,0,0,1,1,0,0,0,1,0,1,0,0,0,0,1,1,0,0,1,0,0,0,0,1,0,0,1,1,0,0,0,1,0,0,1,0
-0.4417729543927777,1.6084834273893618,0.6344704118432732,1.6468736201003265,1,0,0,1,1,0,0,1,0,0,1,0,1,0,0,0,1,0,0,1,1,0,0,1,0,0,1,0,0,1,0,0,0,0,1,0,1,1,0,0,0
-0.4417729543927777,1.3235432835192038,-1.5058673489635666,-0.4753537384210626,0,1,1,0,1,0,0,1,1,0,0,0,0,1,0,1,0,0,1,0,0,1,0,0,1,0,0,1,0,0,1,0,0,0,1,0,1,0,1,0,0
-0.4417729543927777,-0.9559778674420596,1.2500249151450853,-0.6162472255423622,0,1,0,1,0,1,0,1,0,0,1,0,1,0,1,0,0,0,0,1,0,0,1,1,0,0,0,0,1,0,0,1,1,0,0,0,1,0,1,0,0
2.2636062032690805,-0.2232746403473678,1.306436918143095,0.24869565270307314,1,0,0,1,1,0,0,1,0,0,1,0,1,0,0,0,1,1,0,0,1,0,0,0,0,1,0,0,1,0,0,1,1,0,0,0,1,1,0,0,0
2.2636062032690805,1.5677776925507678,-0.2813950485950022,0.739386089620382,0,1,1,0,1,0,1,0,0,1,0,1,0,0,0,0,1,0,0,1,1,0,0,1,0,0,0,0,1,0,0,1,0,1,0,0,1,0,0,1,0
-0.4417729543927777,-0.3453918448631498,-1.5008898192872715,-0.7934946569878862,1,0,0,1,0,1,0,1,1,0,0,0,0,1,0,1,0,0,1,0,0,1,0,0,1,0,0,1,0,0,1,0,0,0,1,0,1,0,0,0,1
2.2636062032690805,1.2828375486806098,-1.3034478087942376,-0.2460999699561621,0,1,0,1,1,0,0,1,0,0,1,0,0,1,0,1,0,0,1,0,0,1,0,0,1,0,0,1,0,0,1,0,0,0,1,1,0,0,1,0,0
-0.4417729543927777,1.6084834273893618,-0.12377327551232793,0.9171603898242282,0,1,1,0,1,0,1,0,0,1,0,1,0,0,0,0,1,1,0,0,0,0,1,0,0,1,0,0,1,0,0,1,0,0,1,0,1,0,1,0,0
-0.4417729543927777,1.038603139649046,0.5830359385215587,1.1093796751520717,0,1,0,1,0,1,0,1,0,0,1,0,1,0,1,0,0,1,0,0,1,0,0,1,0,0,0,0,1,1,0,0,0,0,1,1,0,1,0,0,0
-0.4417729543927777,-0.6303319887333078,-0.34278458126930694,-0.5999801526291676,0,1,0,1,1,0,1,0,0,1,0,1,0,0,1,0,0,1,0,0,0,0,1,0,0,1,0,0,1,0,0,1,0,1,0,1,0,0,0,1,0
-0.4417729543927777,-1.1188008067964357,0.5033954637008388,-0.8354246290043528,0,1,1,0,1,0,0,1,1,0,0,0,1,0,1,0,0,1,0,0,1,0,0,1,0,0,0,0,1,1,0,0,1,0,0,0,1,0,0,0,1
-0.4417729543927777,1.160720344164828,0.10353391303847581,0.8152990965486235,0,1,0,1,0,1,0,1,1,0,0,1,0,0,0,0,1,0,0,1,0,0,1,0,0,1,1,0,0,1,0,0,0,0,1,0,1,1,0,0,0
2.2636062032690805,1.48636622287358,0.7423168881629978,1.6483225091857123,1,0,0,1,1,0,0,1,1,0,0,0,1,0,0,0,1,0,0,1,1,0,0,1,0,0,1,0,0,0,0,1,0,1,0,1,0,0,1,0,0
-0.4417729543927777,0.712957260940294,1.6399314064548585,1.5322138065704811,0,1,1,0,1,0,0,1,0,0,1,0,1,0,0,0,1,0,0,1,0,0,1,0,0,1,0,0,1,0,0,1,0,1,0,1,0,0,1,0,0
-0.4417729543927777,0.509428586747324,-1.3366313399695373,-0.4961431015098552,1,0,0,1,0,1,0,1,0,0,1,0,0,1,0,1,0,0,1,0,0,1,0,0,1,0,0,1,0,0,1,0,0,0,1,0,1,0,1,0,0
-0.4417729543927777,-0.9152721326034656,-1.4975714661697417,-0.9240263918621846,1,0,0,1,0,1,0,1,1,0,0,0,0,1,0,1,0,0,1,0,0,1,0,0,1,0,0,1,0,0,1,0,1,0,0,0,1,1,0,0,0
-0.4417729543927777,-0.14186317067017984,0.6477438243133934,0.07278734601828445,0,1,0,1,1,0,0,1,0,0,1,0,1,0,0,0,1,0,0,1,1,0,0,1,0,0,1,0,0,1,0,0,1,0,0,0,1,0,0,1,0
2.2636062032690805,1.364249018357798,1.36118974458234,2.052123506709736,1,0,0,1,1,0,0,1,0,0,1,0,1,0,1,0,0,1,0,0,0,0,1,0,0,1,0,0,1,0,0,1,0,1,0,0,1,0,1,0,0
-0.4417729543927777,-0.8338606629262777,-1.4892755833759166,-0.8942583070169864,1,0,0,1,1,0,0,1,1,0,0,0,0,1,0,1,0,0,1,0,0,1,0,0,1,0,0,1,0,0,1,0,0,0,1,0,1,0,0,1,0
-0.4417729543927777,1.038603139649046,-1.3465863993221272,-0.3852591807479848,1,0,1,0,1,0,0,1,0,0,1,0,0,1,0,1,0,0,1,0,0,1,0,0,1,0,0,1,0,0,1,0,0,0,1,1,0,0,1,0,0
-0.4417729543927777,-0.9966836022806537,0.04380355692293619,-0.7704880545411548,0,1,1,0,1,0,0,1,1,0,0,1,0,0,1,0,0,1,0,0,1,0,0,1,0,0,0,0,1,0,0,1,1,0,0,0,1,0,0,1,0
-0.4417729543927777,0.87578020029467,-1.3565414586747173,-0.4699752865131912,0,1,0,1,0,1,0,1,0,0,1,0,0,1,0,1,0,0,1,0,0,1,0,0,1,0,0,1,0,0,1,0,0,0,1,0,1,1,0,0,0
-0.4417729543927777,0.38731138223154205,0.6444254711958631,0.5577261323239106,1,0,0,1,1,0,0,1,0,0,1,1,0,0,0,0,1,1,0,0,0,0,1,0,0,1,0,0,1,0,0,1,0,0,1,1,0,0,1,0,0
-0.4417729543927777,0.2244884428771661,1.138860085707831,0.647974360051499,0,1,1,0,0,1,0,1,0,0,1,0,1,0,1,0,0,1,0,0,0,0,1,1,0,0,0,0,1,0,0,1,1,0,0,0,1,1,0,0,0
-0.4417729543927777,-0.8338606629262777,0.6477438243133934,-0.5452077546286,0,1,1,0,1,0,0,1,0,0,1,0,1,0,1,0,0,1,0,0,1,0,0,1,0,0,0,0,1,1,0,0,1,0,0,0,1,0,0,1,0
-0.4417729543927777,-0.7524491932490897,0.5017362871420739,-0.5220474821273581,1,0,1,0,1,0,0,1,1,0,0,0,1,0,1,0,0,0,0,1,1,0,0,0,0,1,1,0,0,1,0,0,1,0,0,0,1,0,1,0,0
-0.4417729543927777,1.445660488034986,0.7655453599857077,1.6950162528920074,1,0,0,1,0,1,0,1,0,0,1,1,0,0,0,0,1,0,0,1,0,0,1,0,0,1,0,0,1,0,0,1,0,0,1,1,0,0,1,0,0
-0.4417729543927777,-0.9559778674420596,0.3955489873811143,-0.7190744448748907,1,0,1,0,1,0,0,1,0,0,1,0,1,0,1,0,0,1,0,0,1,0,0,1,0,0,1,0,0,1,0,0,1,0,0,0,1,0,0,1,0
-0.4417729543927777,-1.0780950719578417,0.6178786462556234,-0.800739102414815,0,1,0,1,0,1,0,1,1,0,0,0,1,0,1,0,0,0,0,1,1,0,0,1,0,0,1,0,0,0,0,1,1,0,0,0,1,0,1,0,0
-0.4417729543927777,1.404954753196392,0.8518225410414871,1.648585943564873,0,1,0,1,1,0,0,1,1,0,0,0,1,0,0,0,1,0,0,1,1,0,0,1,0,0,1,0,0,0,0,1,0,1,0,0,1,0,1,0,0
2.2636062032690805,0.7943687306174819,1.3794406867287548,1.457903358782136,1,0,0,1,1,0,0,1,0,0,1,0,1,0,1,0,0,0,0,1,0,0,1,1,0,0,0,0,1,0,0,1,0,1,0,0,1,0,0,1,0
-0.4417729543927777,0.3058999125543541,0.5000771105833091,0.38085189958219806,0,1,0,1,1,0,0,1,1,0,0,0,1,0,1,0,0,0,0,1,0,0,1,1,0,0,1,0,0,1,0,0,1,0,0,0,1,0,0,1,0
-0.4417729543927777,-1.2816237461508115,0.16658262227154572,-0.9796988573248858,1,0,1,0,1,0,0,1,1,0,0,0,1,0,1,0,0,1,0,0,1,0,0,1,0,0,1,0,0,1,0,0,1,0,0,0,1,0,0,0,1
-0.4417729543927777,-0.9152721326034656,1.0011484313303365,-0.6305824463417092,0,1,1,0,1,0,0,1,1,0,0,0,1,0,1,0,0,1,0,0,1,0,0,0,0,1,0,0,1,0,0,1,1,0,0,0,1,0,1,0,0
-0.4417729543927777,0.38731138223154205,-1.3167212212643573,-0.5238476170516252,1,0,0,1,1,0,0,1,0,0,1,0,0,1,0,1,0,0,1,0,0,1,0,0,1,0,0,1,0,0,1,0,0,0,1,1,0,0,0,1,0
2.2636062032690805,-0.5082147842175258,0.2113803893582003,-0.40047251614453516,0,1,1,0,1,0,0,1,1,0,0,0,1,0,1,0,0,1,0,0,1,0,0,1,0,0,1,0,0,1,0,0,1,0,0,1,0,0,1,0,0
-0.4417729543927777,0.550134321585918,-1.4925939364934464,-0.612163992665366,0,1,1,0,1,0,0,1,1,0,0,0,0,1,0,1,0,0,1,0,0,1,0,0,1,0,0,1,0,0,1,0,0,0,1,1,0,0,0,1,0
-0.4417729543927777,-1.0373893371192477,1.0376503156231665,-0.7295459614465422,0,1,1,0,1,0,0,1,0,0,1,0,1,0,1,0,0,1,0,0,1,0,0,1,0,0,0,0,1,0,0,1,1,0,0,1,0,0,0,1,0
-0.4417729543927777,1.5270719577121739,-1.3200395743818873,-0.22443249227016598,0,1,0,1,0,1,0,1,0,0,1,0,0,1,0,1,0,0,1,0,0,1,0,0,1,0,0,1,0,0,1,0,0,0,1,1,0,0,1,0,0
2.2636062032690805,1.364249018357798,1.2433882089100257,1.8311020625936183,1,0,1,0,1,0,0,1,0,0,1,0,1,0,0,0,1,1,0,0,1,0,0,1,0,0,0,0,1,0,0,1,0,0,1,0,1,1,0,0,0
-0.4417729543927777,-0.6710377235719017,0.8584592472765472,-0.37720247931864276,0,1,0,1,0,1,0,1,0,0,1,0,1,0,1,0,0,1,0,0,0,0,1,1,0,0,0,0,1,1,0,0,1,0,0,0,1,1,0,0,0
-0.4417729543927777,-0.42680331454033776,-1.3167212212643573,-0.7665584917186692,1,0,0,1,0,1,0,1,0,0,1,0,0,1,0,1,0,0,1,0,0,1,0,0,1,0,0,1,0,0,1,0,0,0,1,1,0,0,1,0,0
2.2636062032690805,-1.2816237461508115,0.15662756291895585,-0.9798305745144662,1,0,1,0,1,0,0,1,1,0,0,0,1,0,1,0,0,1,0,0,1,0,0,1,0,0,1,0,0,1,0,0,1,0,0,0,1,0,0,1,0
2.2636062032690805,-1.2002122764736236,-1.1342117998002081,-0.9740350181729234,1,0,0,1,1,0,1,0,0,1,0,1,0,0,1,0,0,0,0,1,1,0,0,1,0,0,1,0,0,1,0,0,1,0,0,0,1,0,0,1,0
2.2636062032690805,-0.8745663977648717,-0.3096010500940071,-0.7554064363341849,1,0,1,0,1,0,0,1,0,0,1,1,0,0,0,0,1,1,0,0,1,0,0,1,0,0,1,0,0,1,0,0,1,0,0,0,1,0,0,1,0
-0.4417729543927777,-1.2409180113122176,-1.4909347599346816,-0.9924534718492664,1,0,1,0,1,0,0,1,1,0,0,0,0,1,0,1,0,0,1,0,0,1,0,0,1,0,0,1,0,0,1,0,1,0,0,0,1,0,0,0,1
-0.4417729543927777,-0.6303319887333078,0.9596690173612117,-0.2966574178901528,0,1,1,0,1,0,0,1,1,0,0,0,1,0,0,0,1,1,0,0,1,0,0,1,0,0,0,0,1,0,0,1,1,0,0,1,0,0,0,1,0
-0.4417729543927777,-1.2816237461508115,0.1715601519478404,-0.9796329987300956,1,0,1,0,1,0,0,1,1,0,0,0,1,0,1,0,0,1,0,0,1,0,0,1,0,0,1,0,0,1,0,0,1,0,0,0,1,0,0,1,0
-0.4417729543927777,-1.2816237461508115,-1.4842980536996215,-1.0015419579303226,0,1,1,0,1,0,0,1,1,0,0,0,0,1,0,1,0,0,1,0,0,1,0,0,1,0,0,1,0,0,1,0,1,0,0,1,0,0,0,0,1
-0.4417729543927777,-1.2816237461508115,-0.6945300117274853,-0.9910923942236011,0,1,1,0,0,1,0,1,1,0,0,1,0,0,1,0,0,1,0,0,1,0,0,1,0,0,1,0,0,1,0,0,1,0,0,1,0,0,0,1,0
-0.4417729543927777,1.2828375486806098,-1.3349721634107723,-0.2891495380840631,1,0,1,0,1,0,0,1,0,0,1,0,0,1,0,1,0,0,1,0,0,1,0,0,1,0,0,1,0,0,1,0,0,1,0,1,0,0,0,0,1
2.2636062032690805,-1.2409180113122176,0.45196099037912413,-0.9447498963561869,1,0,1,0,1,0,0,1,0,0,1,0,1,0,1,0,0,1,0,0,0,0,1,1,0,0,1,0,0,1,0,0,1,0,0,0,1,0,0,1,0
2.2636062032690805,-1.2816237461508115,0.5100321699358988,-0.9751546142843577,0,1,0,1,1,0,0,1,0,0,1,0,1,0,0,0,1,1,0,0,1,0,0,1,0,0,1,0,0,1,0,0,1,0,0,0,1,0,0,1,0
-0.4417729543927777,1.6084834273893618,-0.36933140620954696,0.7249411044963846,1,0,0,1,0,1,1,0,0,1,0,1,0,0,0,0,1,1,0,0,0,0,1,1,0,0,0,0,1,0,0,1,0,0,1,0,1,0,1,0,0
-0.4417729543927777,1.6084834273893618,1.7262085875106383,2.7630231317407494,0,1,0,1,1,0,0,1,0,0,1,0,1,0,0,0,1,0,0,1,0,0,1,0,0,1,0,0,1,0,0,1,0,0,1,0,1,0,1,0,0
-0.4417729543927777,1.404954753196392,0.09689720680341574,1.021392592512282,0,1,0,1,0,1,0,1,1,0,0,1,0,0,0,0,1,1,0,0,0,0,1,0,0,1,1,0,0,0,0,1,0,0,1,1,0,0,0,0,1
2.2636062032690805,1.6084834273893618,0.2827249813850951,1.3293254288866152,0,1,0,1,1,0,0,1,0,0,1,1,0,0,1,0,0,1,0,0,0,0,1,1,0,0,0,0,1,0,0,1,0,0,1,0,1,0,1,0,0
2.2636062032690805,1.3235432835192038,1.4557628084319443,2.0991904491198428,1,0,0,1,1,0,0,1,0,0,1,0,1,0,1,0,0,0,0,1,0,0,1,1,0,0,0,0,1,0,0,1,1,0,0,0,1,1,0,0,0
-0.4417729543927777,1.6084834273893618,-1.4992306427285065,-0.32240812845314515,1,0,1,0,0,1,0,1,1,0,0,0,0,1,0,1,0,0,1,0,0,1,0,0,1,0,0,1,0,0,1,0,0,0,1,0,1,0,0,0,1
-0.4417729543927777,-0.5082147842175258,0.8120023036311277,-0.18886885108342472,1,0,1,0,1,0,0,1,1,0,0,0,1,0,0,0,1,1,0,0,0,0,1,1,0,0,0,0,1,1,0,0,1,0,0,0,1,1,0,0,0
2.2636062032690805,-1.2409180113122176,0.7273842991341127,-0.9417643067256951,0,1,0,1,1,0,0,1,0,0,1,0,1,0,1,0,0,1,0,0,1,0,0,1,0,0,0,0,1,1,0,0,1,0,0,0,1,0,0,0,1
-0.4417729543927777,1.5270719577121739,1.1421784388253609,2.0386224947777323,0,1,0,1,1,0,0,1,0,0,1,0,1,0,0,0,1,0,0,1,0,0,1,1,0,0,0,0,1,1,0,0,0,0,1,0,1,0,1,0,0
-0.4417729543927777,1.445660488034986,-0.6679831867872456,0.2995823936110153,0,1,0,1,0,1,1,0,0,1,0,1,0,0,0,0,1,0,0,1,1,0,0,1,0,0,0,0,1,1,0,0,0,1,0,1,0,0,0,0,1
2.2636062032690805,0.6722515261017,0.7721820662207678,0.8158259653069456,0,1,0,1,1,0,0,1,0,0,1,0,1,0,0,0,1,0,0,1,0,0,1,1,0,0,1,0,0,1,0,0,1,0,0,0,1,0,0,1,0
-0.4417729543927777,1.445660488034986,-0.35937634685695685,0.6555920041822393,0,1,0,1,1,0,1,0,0,1,0,1,0,0,0,0,1,1,0,0,0,0,1,1,0,0,0,0,1,0,0,1,0,0,1,0,1,1,0,0,0
-0.4417729543927777,-0.10115743583158582,-1.5008898192872715,-0.7359781508710578,0,1,1,0,1,0,0,1,1,0,0,0,0,1,0,1,0,0,1,0,0,1,0,0,1,0,0,1,0,0,1,0,0,1,0,1,0,0,0,0,1
-0.4417729543927777,0.061665503522790134,-0.019245152310133705,-0.10900432846776748,1,0,1,0,1,0,0,1,1,0,0,1,0,0,0,0,1,0,0,1,1,0,0,1,0,0,1,0,0,0,0,1,0,1,0,1,0,0,0,1,0
-0.4417729543927777,1.038603139649046,1.138860085707831,1.5566034395078077,1,0,0,1,0,1,0,1,1,0,0,0,1,0,0,0,1,0,0,1,1,0,0,1,0,0,0,0,1,0,0,1,0,1,0,1,0,0,1,0,0
-0.4417729543927777,-0.8338606629262777,-1.4560920522006169,-0.9068812043517864,0,1,1,0,0,1,0,1,1,0,0,0,0,1,0,1,0,0,1,0,0,1,0,0,1,0,0,1,0,0,1,0,1,0,0,1,0,0,1,0,0
-0.4417729543927777,-0.5489205190561198,-0.32951116879918707,-0.5509374523753529,0,1,1,0,1,0,0,1,1,0,0,1,0,0,1,0,0,1,0,0,0,0,1,0,0,1,1,0,0,1,0,0,1,0,0,0,1,0,1,0,0
-0.4417729543927777,-0.3453918448631498,0.8169798333074224,-0.01842680776622784,1,0,1,0,1,0,0,1,0,0,1,0,1,0,1,0,0,1,0,0,1,0,0,0,0,1,1,0,0,0,0,1,1,0,0,0,1,0,0,1,0
-0.4417729543927777,-0.42680331454033776,0.9878750188602168,-0.16966009426959844,0,1,0,1,1,0,0,1,1,0,0,0,1,0,1,0,0,1,0,0,0,0,1,1,0,0,0,0,1,0,0,1,1,0,0,0,1,0,1,0,0
2.2636062032690805,1.07930887448764,0.9596690173612117,1.4372237600179938,0,1,0,1,1,0,0,1,0,0,1,0,1,0,1,0,0,1,0,0,1,0,0,1,0,0,0,0,1,0,0,1,1,0,0,0,1,1,0,0,0
-0.4417729543927777,-0.42680331454033776,-1.3167212212643573,-0.7616849557041898,0,1,1,0,1,0,0,1,0,0,1,0,0,1,0,1,0,0,1,0,0,1,0,0,1,0,0,1,0,0,1,0,0,0,1,1,0,0,0,0,1
-0.4417729543927777,0.9571916699718579,-0.361035523415722,0.2891108770393638,0,1,0,1,1,0,1,0,0,1,0,1,0,0,1,0,0,1,0,0,0,0,1,0,0,1,0,0,1,0,0,1,0,1,0,0,1,1,0,0,0
2.2636062032690805,-0.019745966154397845,0.8634367769528424,0.26195518312084576,1,0,1,0,1,0,0,1,1,0,0,0,1,0,1,0,0,1,0,0,1,0,0,1,0,0,0,0,1,0,0,1,1,0,0,1,0,0,0,1,0
-0.4417729543927777,-1.2816237461508115,-1.5174815848749212,-1.0019810152289244,0,1,1,0,1,0,0,1,1,0,0,0,0,1,0,1,0,0,1,0,0,1,0,0,1,0,0,1,0,0,1,0,1,0,0,1,0,0,0,1,0
-0.4417729543927777,1.6084834273893618,1.3661672742586348,2.435530292713709,0,1,0,1,0,1,0,1,0,0,1,0,1,0,0,0,1,1,0,0,0,0,1,1,0,0,0,0,1,0,0,1,0,1,0,0,1,1,0,0,0
-0.4417729543927777,1.5270719577121739,0.37066133899963943,1.3008964688021523,0,1,0,1,1,0,0,1,0,0,1,1,0,0,1,0,0,0,0,1,0,0,1,0,0,1,0,0,1,1,0,0,0,0,1,1,0,0,1,0,0
-0.4417729543927777,-0.5896262538947138,1.1587702044130106,-0.230228048611709,1,0,1,0,1,0,0,1,0,0,1,0,1,0,1,0,0,1,0,0,1,0,0,0,0,1,0,0,1,0,0,1,1,0,0,0,1,1,0,0,0
-0.4417729543927777,1.5270719577121739,0.47187110908430435,1.420429818346477,0,1,0,1,1,0,0,1,0,0,1,1,0,0,0,0,1,0,0,1,0,0,1,0,0,1,0,0,1,1,0,0,0,0,1,1,0,0,0,0,1
-0.4417729543927777,1.364249018357798,0.3374778078243396,1.190583322528464,0,1,0,1,0,1,0,1,1,0,0,1,0,0,0,0,1,0,0,1,0,0,1,0,0,1,0,0,1,1,0,0,0,1,0,0,1,0,0,1,0
-0.4417729543927777,0.753662995778888,-1.0197286172454236,-0.22801080925377024,1,0,0,1,0,1,1,0,0,1,0,1,0,0,0,0,1,1,0,0,1,0,0,0,0,1,1,0,0,1,0,0,0,0,1,1,0,1,0,0,0
-0.4417729543927777,-1.0780950719578417,-1.4959122896109764,-0.9494478094512256,0,1,0,1,0,1,0,1,1,0,0,0,0,1,0,1,0,0,1,0,0,1,0,0,1,0,0,1,0,0,1,0,1,0,0,1,0,0,1,0,0
2.2636062032690805,-1.2409180113122176,0.9596690173612117,-0.9240263918621846,0,1,1,0,1,0,0,1,0,0,1,0,1,0,1,0,0,1,0,0,1,0,0,1,0,0,0,0,1,0,0,1,1,0,0,0,1,0,0,1,0
-0.4417729543927777,1.404954753196392,-0.47717788252927146,0.4209597838094673,0,1,1,0,1,0,0,1,1,0,0,1,0,0,1,0,0,1,0,0,1,0,0,0,0,1,1,0,0,1,0,0,0,0,1,1,0,1,0,0,0
-0.4417729543927777,-1.2002122764736236,-0.31789693288783205,-0.9378786496330698,1,0,1,0,1,0,0,1,1,0,0,1,0,0,0,0,1,0,0,1,1,0,0,1,0,0,1,0,0,1,0,0,1,0,0,1,0,0,0,1,0
-0.4417729543927777,1.5677776925507678,-1.4942531130522116,-0.4154443700268547,0,1,1,0,1,0,0,1,1,0,0,0,0,1,0,1,0,0,1,0,0,1,0,0,1,0,0,1,0,0,1,0,0,0,1,0,1,0,1,0,0
-0.4417729543927777,-0.6303319887333078,-0.2930092845063572,-0.5946456064511564,0,1,1,0,1,0,0,1,1,0,0,1,0,0,0,0,1,0,0,1,1,0,0,1,0,0,1,0,0,1,0,0,0,1,0,1,0,0,0,0,1
-0.4417729543927777,0.509428586747324,1.1919537355883105,1.070720680010188,0,1,1,0,1,0,0,1,0,0,1,0,1,0,1,0,0,0,0,1,1,0,0,1,0,0,0,0,1,0,0,1,1,0,0,0,1,0,1,0,0
-0.4417729543927777,-0.9966836022806537,-1.4992306427285065,-0.9467476070648249,1,0,0,1,0,1,0,1,1,0,0,0,0,1,0,1,0,0,1,0,0,1,0,0,1,0,0,1,0,0,1,0,0,1,0,0,1,0,0,0,1
-0.4417729543927777,1.5677776925507678,0.6908824148412831,1.7221938996754556,1,0,0,1,1,0,0,1,0,0,1,1,0,0,0,0,1,0,0,1,0,0,1,0,0,1,0,0,1,0,0,1,0,0,1,1,0,0,1,0,0
-0.4417729543927777,1.445660488034986,0.7141108866639931,1.519854343614842,1,0,0,1,1,0,0,1,0,0,1,0,1,0,1,0,0,0,0,1,0,0,1,1,0,0,1,0,0,1,0,0,0,1,0,1,0,0,1,0,0
-0.4417729543927777,-1.2409180113122176,0.5216464058472541,-0.9471208057686363,1,0,1,0,1,0,0,1,1,0,0,0,1,0,1,0,0,1,0,0,1,0,0,1,0,0,0,0,1,1,0,0,1,0,0,0,1,0,0,1,0
-0.4417729543927777,0.1837827080385721,-1.4975714661697417,-0.6533256144092795,1,0,1,0,1,0,0,1,1,0,0,0,0,1,0,1,0,0,1,0,0,1,0,0,1,0,0,1,0,0,1,0,0,0,1,1,0,0,0,0,1
-0.4417729543927777,-0.06045170099299184,0.7871146552496529,0.16766762824612125,0,1,0,1,1,0,0,1,0,0,1,0,1,0,1,0,0,1,0,0,0,0,1,1,0,0,0,0,1,1,0,0,1,0,0,1,0,0,1,0,0
2.2636062032690805,1.2828375486806098,1.2798900932028554,1.864821663126232,0,1,1,0,1,0,0,1,0,0,1,0,1,0,0,0,1,0,0,1,1,0,0,1,0,0,0,0,1,0,0,1,1,0,0,0,1,1,0,0,0
-0.4417729543927777,0.7943687306174819,0.531601465199844,0.8485357340527755,1,0,1,0,1,0,0,1,0,0,1,1,0,0,1,0,0,1,0,0,0,0,1,0,0,1,0,0,1,0,0,1,0,0,1,0,1,1,0,0,0
2.2636062032690805,0.87578020029467,0.010620025747636343,0.5394393958371478,0,1,1,0,1,0,0,1,1,0,0,1,0,0,1,0,0,1,0,0,0,0,1,0,0,1,1,0,0,0,0,1,0,1,0,1,0,1,0,0,0
2.2636062032690805,0.38731138223154205,0.3059534532078051,0.40748072474239383,1,0,0,1,1,0,0,1,1,0,0,0,1,0,0,0,1,1,0,0,1,0,0,1,0,0,1,0,0,1,0,0,1,0,0,0,1,0,1,0,0
-0.4417729543927777,-0.2232746403473678,-1.5108448786398616,-0.7777983585628739,0,1,1,0,1,0,0,1,1,0,0,0,0,1,0,1,0,0,1,0,0,1,0,0,1,0,0,1,0,0,1,0,1,0,0,0,1,0,0,1,0
2.2636062032690805,-1.1188008067964357,0.523305582406019,-0.8458522398461442,1,0,1,0,1,0,0,1,1,0,0,0,1,0,0,0,1,0,0,1,1,0,0,1,0,0,1,0,0,1,0,0,1,0,0,1,0,0,0,1,0
-0.4417729543927777,1.5677776925507678,0.6394479415195684,1.6049875538137202,0,1,0,1,1,0,0,1,0,0,1,1,0,0,1,0,0,0,0,1,0,0,1,0,0,1,0,0,1,0,0,1,0,0,1,1,0,0,1,0,0
-0.4417729543927777,-1.0373893371192477,0.8103431270723623,-0.732992561240566,0,1,1,0,1,0,0,1,0,0,1,0,1,0,1,0,0,1,0,0,0,0,1,1,0,0,0,0,1,1,0,0,1,0,0,0,1,0,1,0,0
-0.4417729543927777,-1.1595065416350296,-1.187305449680688,-0.9620926596509558,1,0,1,0,1,0,1,0,0,1,0,1,0,0,0,0,1,1,0,0,1,0,0,1,0,0,1,0,0,1,0,0,1,0,0,0,1,0,0,0,1
-0.4417729543927777,-0.9559778674420596,-0.16691186604021785,-0.7722662366004919,0,1,1,0,1,0,0,1,0,0,1,1,0,0,1,0,0,1,0,0,1,0,0,1,0,0,1,0,0,0,0,1,1,0,0,1,0,0,0,0,1
-0.4417729543927777,1.6084834273893618,1.4507852787556497,2.381899443689506,1,0,0,1,0,1,0,1,1,0,0,0,1,0,0,0,1,0,0,1,0,0,1,0,0,1,0,0,1,0,0,1,0,0,1,0,1,1,0,0,0
-0.4417729543927777,1.201426079003422,0.6643355899010434,1.250975653951134,1,0,0,1,1,0,0,1,0,0,1,1,0,0,0,0,1,0,0,1,1,0,0,0,0,1,0,0,1,0,0,1,0,0,1,0,1,0,0,1,0
-0.4417729543927777,1.5677776925507678,-1.3615189883510121,-0.29632812491620153,0,1,0,1,0,1,0,1,0,0,1,0,0,1,0,1,0,0,1,0,0,1,0,0,1,0,0,1,0,0,1,0,0,0,1,1,0,0,1,0,0
-0.4417729543927777,-0.7524491932490897,0.8302532457775426,-0.49302579468978275,0,1,1,0,1,0,0,1,0,0,1,0,1,0,1,0,0,1,0,0,1,0,0,0,0,1,0,0,1,1,0,0,1,0,0,0,1,0,0,1,0
-0.4417729543927777,-1.2409180113122176,0.17985603474166537,-0.957614275205218,1,0,0,1,1,0,0,1,1,0,0,0,1,0,1,0,0,1,0,0,1,0,0,1,0,0,1,0,0,1,0,0,1,0,0,0,1,0,0,1,0
-0.4417729543927777,0.6315457912631061,1.29150432911421,1.1611884363870775,1,0,1,0,1,0,0,1,0,0,1,0,1,0,1,0,0,1,0,0,0,0,1,0,0,1,0,0,1,0,0,1,1,0,0,0,1,0,0,1,0
-0.4417729543927777,1.6084834273893618,1.5868377565743788,2.586609909162569,1,0,1,0,1,0,0,1,0,0,1,0,1,0,0,0,1,0,0,1,0,0,1,0,0,1,0,0,1,0,0,1,0,0,1,0,1,0,1,0,0
-0.4417729543927777,-0.5489205190561198,-0.9948409688639488,-0.7424981517552937,0,1,0,1,0,1,1,0,0,1,0,1,0,0,0,0,1,0,0,1,1,0,0,1,0,0,1,0,0,1,0,0,1,0,0,0,1,0,0,0,1
-0.4417729543927777,-0.5896262538947138,-0.48547376532309644,-0.6114175952577431,1,0,0,1,1,0,0,1,1,0,0,1,0,0,1,0,0,1,0,0,1,0,0,0,0,1,1,0,0,1,0,0,1,0,0,0,1,0,0,0,1
-0.4417729543927777,0.87578020029467,0.5199872292884887,0.8775135157604906,1,0,1,0,1,0,0,1,1,0,0,1,0,0,0,0,1,1,0,0,0,0,1,0,0,1,0,0,1,0,0,1,0,0,1,1,0,0,0,1,0
-0.4417729543927777,0.020959768684196148,1.4142833944628195,0.5901724666905794,1,0,1,0,1,0,0,1,0,0,1,0,1,0,1,0,0,0,0,1,0,0,1,1,0,0,0,0,1,0,0,1,1,0,0,1,0,0,0,1,0
-0.4417729543927777,-1.0780950719578417,0.4552793434966544,-0.798214522947855,0,1,1,0,1,0,0,1,1,0,0,1,0,0,0,0,1,1,0,0,0,0,1,0,0,1,0,0,1,0,0,1,1,0,0,1,0,0,1,0,0
-0.4417729543927777,0.9978974048104519,-0.4987471777932163,0.21122211226741436,1,0,0,1,1,0,1,0,0,1,0,1,0,0,0,0,1,1,0,0,0,0,1,0,0,1,1,0,0,0,0,1,1,0,0,0,1,1,0,0,0
-0.4417729543927777,-0.6303319887333078,-1.4743429943470316,-0.8498037555335599,0,1,1,0,1,0,0,1,1,0,0,0,0,1,0,1,0,0,1,0,0,1,0,0,1,0,0,1,0,0,1,0,0,1,0,0,1,0,0,0,1
-0.4417729543927777,-1.2816237461508115,0.3109309828840998,-0.9777889580759681,1,0,1,0,1,0,0,1,1,0,0,0,1,0,1,0,0,0,0,1,1,0,0,1,0,0,1,0,0,1,0,0,1,0,0,0,1,0,1,0,0
-0.4417729543927777,-1.2816237461508115,-1.4793205240233265,-1.0014760993355323,1,0,0,1,0,1,0,1,1,0,0,0,0,1,0,1,0,0,1,0,0,1,0,0,1,0,0,1,0,0,1,0,0,0,1,1,0,0,0,0,1
-0.4417729543927777,0.9978974048104519,-1.5042081724048015,-0.49647239448380653,0,1,1,0,0,1,0,1,1,0,0,0,0,1,0,1,0,0,1,0,0,1,0,0,1,0,0,1,0,0,1,0,0,0,1,0,1,0,0,0,1
-0.4417729543927777,-1.2816237461508115,-1.5008898192872715,-1.0017614865796234,0,1,1,0,1,0,0,1,1,0,0,0,0,1,0,1,0,0,1,0,0,1,0,0,1,0,0,1,0,0,1,0,1,0,0,1,0,0,0,0,1
-0.4417729543927777,0.2651941777157601,0.8169798333074224,0.5150717157647511,1,0,0,1,0,1,0,1,0,0,1,0,1,0,1,0,0,0,0,1,0,0,1,0,0,1,1,0,0,1,0,0,0,1,0,0,1,0,0,1,0
-0.4417729543927777,0.020959768684196148,0.11017061927353587,-0.05715166150290157,0,1,1,0,1,0,0,1,1,0,0,0,1,0,1,0,0,1,0,0,1,0,0,1,0,0,1,0,0,1,0,0,1,0,0,1,0,0,0,1,0
-0.4417729543927777,1.120014609326234,1.0111034906829268,1.5413901041112574,0,1,0,1,0,1,0,1,0,0,1,0,1,0,0,0,1,1,0,0,0,0,1,1,0,0,0,0,1,1,0,0,0,1,0,0,1,1,0,0,0
2.2636062032690805,-0.3453918448631498,0.9364405455385021,-0.03085212931665707,0,1,0,1,1,0,0,1,1,0,0,0,1,0,1,0,0,1,0,0,0,0,1,1,0,0,0,0,1,0,0,1,1,0,0,0,1,0,0,1,0
-0.4417729543927777,0.020959768684196148,0.5033954637008388,0.13258695008784208,0,1,1,0,1,0,0,1,0,0,1,0,1,0,0,0,1,1,0,0,1,0,0,1,0,0,1,0,0,1,0,0,0,1,0,1,0,1,0,0,0
2.2636062032690805,1.5270719577121739,1.3479163321122198,2.14876001813198,1,0,0,1,1,0,0,1,0,0,1,0,1,0,1,0,0,0,0,1,1,0,0,0,0,1,0,0,1,0,0,1,0,1,0,0,1,1,0,0,0
-0.4417729543927777,0.1430769731999781,0.9978300782128067,0.5000559561525715,0,1,0,1,1,0,0,1,0,0,1,0,1,0,1,0,0,1,0,0,1,0,0,1,0,0,0,0,1,0,0,1,1,0,0,0,1,1,0,0,0
-0.4417729543927777,1.6084834273893618,1.4458077490793546,2.50371589118656,1,0,0,1,1,0,0,1,0,0,1,0,1,0,1,0,0,0,0,1,0,0,1,0,0,1,0,0,1,0,0,1,0,1,0,0,1,1,0,0,0
2.2636062032690805,-1.2816237461508115,0.4735302856430692,-0.9756375773128197,1,0,1,0,1,0,0,1,1,0,0,0,1,0,1,0,0,1,0,0,1,0,0,1,0,0,0,0,1,1,0,0,1,0,0,0,1,0,0,1,0
-0.4417729543927777,-1.2002122764736236,-0.49045129499939133,-0.9397885488819873,0,1,1,0,1,0,0,1,1,0,0,1,0,0,0,0,1,1,0,0,1,0,0,1,0,0,1,0,0,1,0,0,1,0,0,0,1,0,0,0,1
-0.4417729543927777,-1.2816237461508115,-1.4909347599346816,-1.001629769390043,1,0,0,1,0,1,0,1,1,0,0,0,0,1,0,1,0,0,1,0,0,1,0,0,1,0,0,1,0,0,1,0,1,0,0,1,0,0,0,1,0
2.2636062032690805,0.9571916699718579,0.3955489873811143,0.8668883291343285,1,0,0,1,1,0,0,1,0,0,1,0,1,0,1,0,0,1,0,0,1,0,0,0,0,1,1,0,0,1,0,0,1,0,0,0,1,1,0,0,0
-0.4417729543927777,1.364249018357798,1.0077851375653966,1.743971141686102,0,1,0,1,1,0,0,1,0,0,1,0,1,0,1,0,0,0,0,1,0,0,1,1,0,0,1,0,0,0,0,1,0,1,0,1,0,0,0,1,0
2.2636062032690805,0.9978974048104519,1.3263470368482753,1.5861519957037051,0,1,1,0,1,0,0,1,0,0,1,0,1,0,1,0,0,0,0,1,1,0,0,0,0,1,0,0,1,0,0,1,1,0,0,0,1,1,0,0,0
2.2636062032690805,1.201426079003422,0.6477438243133934,1.16694008699876,1,0,1,0,1,0,0,1,0,0,1,0,1,0,1,0,0,1,0,0,1,0,0,1,0,0,0,0,1,1,0,0,0,1,0,1,0,0,0,1,0
-0.4417729543927777,-1.0373893371192477,-1.5108448786398616,-0.9363639019528937,0,1,1,0,1,0,0,1,1,0,0,0,0,1,0,1,0,0,1,0,0,1,0,0,1,0,0,1,0,0,1,0,1,0,0,0,1,0,0,0,1
-0.4417729543927777,-0.3453918448631498,-0.357717170298192,-0.46587010077126495,1,0,1,0,1,0,1,0,0,1,0,1,0,0,1,0,0,0,0,1,0,0,1,1,0,0,0,0,1,0,0,1,1,0,0,0,1,0,1,0,0
-0.4417729543927777,1.120014609326234,-1.4925939364934464,-0.4580109751262937,0,1,0,1,1,0,0,1,1,0,0,0,0,1,0,1,0,0,1,0,0,1,0,0,1,0,0,1,0,0,1,0,0,0,1,1,0,0,0,0,1
-0.4417729543927777,1.2421318138420159,-0.04579197725037348,0.7520528926850423,1,0,0,1,0,1,0,1,1,0,0,1,0,0,0,0,1,0,0,1,0,0,1,0,0,1,1,0,0,1,0,0,0,0,1,1,0,0,0,0,1
-0.4417729543927777,0.9164859351332639,1.2848676228791505,1.4819636987455114,1,0,0,1,1,0,0,1,0,0,1,0,1,0,1,0,0,0,0,1,0,0,1,1,0,0,0,0,1,0,0,1,1,0,0,0,1,0,1,0,0
-0.4417729543927777,1.445660488034986,1.5022197520773644,2.2682494619464446,0,1,0,1,0,1,0,1,0,0,1,0,1,0,0,0,1,0,0,1,0,0,1,1,0,0,0,0,1,0,0,1,0,0,1,0,1,0,0,1,0
2.2636062032690805,-0.3860975797017438,-1.4660471115532068,-0.7973803140805116,0,1,0,1,1,0,0,1,1,0,0,0,0,1,0,1,0,0,1,0,0,1,0,0,1,0,0,1,0,0,1,0,0,1,0,0,1,0,0,1,0
-0.4417729543927777,-0.18256890550877383,0.33084110158928,-0.10219894033944045,0,1,1,0,0,1,0,1,1,0,0,0,1,0,0,0,1,1,0,0,1,0,0,1,0,0,1,0,0,1,0,0,1,0,0,0,1,1,0,0,0
-0.4417729543927777,1.5677776925507678,0.6460846477546285,1.6104538171813119,1,0,0,1,1,0,0,1,1,0,0,1,0,0,0,0,1,0,0,1,0,0,1,0,0,1,0,0,1,0,0,1,0,0,1,0,1,0,1,0,0
2.2636062032690805,1.2828375486806098,-1.4892755833759166,-0.4843983187722586,0,1,1,0,1,0,0,1,1,0,0,0,0,1,0,1,0,0,1,0,0,1,0,0,1,0,0,1,0,0,1,0,0,0,1,0,1,1,0,0,0
-0.4417729543927777,-0.5896262538947138,0.42707334199764924,-0.4139076694817486,1,0,1,0,1,0,0,1,1,0,0,0,1,0,1,0,0,0,0,1,0,0,1,1,0,0,1,0,0,1,0,0,1,0,0,1,0,0,0,1,0
-0.4417729543927777,-1.0780950719578417,0.8236165395424825,-0.767765899289824,1,0,1,0,1,0,0,1,0,0,1,0,1,0,1,0,0,0,0,1,1,0,0,1,0,0,0,0,1,1,0,0,1,0,0,0,1,0,0,1,0
2.2636062032690805,-0.9559778674420596,0.6676539430185732,-0.682654641955876,0,1,1,0,1,0,0,1,0,0,1,0,1,0,1,0,0,1,0,0,1,0,0,1,0,0,1,0,0,0,0,1,1,0,0,0,1,0,0,1,0
-0.4417729543927777,-0.5896262538947138,0.8352307754538373,-0.3023212570421154,1,0,1,0,1,0,0,1,0,0,1,0,1,0,1,0,0,1,0,0,1,0,0,0,0,1,1,0,0,0,0,1,1,0,0,0,1,0,0,1,0
-0.4417729543927777,1.07930887448764,0.49509958090701384,1.0909612214757287,1,0,1,0,1,0,0,1,0,0,1,1,0,0,0,0,1,0,0,1,0,0,1,0,0,1,1,0,0,0,0,1,0,1,0,1,0,0,1,0,0
-0.4417729543927777,-1.2816237461508115,-1.4842980536996215,-1.0015419579303226,0,1,1,0,1,0,0,1,1,0,0,0,0,1,0,1,0,0,1,0,0,1,0,0,1,0,0,1,0,0,1,0,1,0,0,0,1,0,0,0,1
-0.4417729543927777,1.5677776925507678,1.1786803231181908,2.1331076254368275,1,0,0,1,0,1,0,1,0,0,1,0,1,0,0,0,1,1,0,0,0,0,1,0,0,1,1,0,0,0,0,1,0,0,1,1,0,0,0,1,0
-0.4417729543927777,-0.8338606629262777,0.4370284013502391,-0.5944919363966459,1,0,1,0,1,0,0,1,1,0,0,0,1,0,1,0,0,1,0,0,1,0,0,1,0,0,1,0,0,0,0,1,1,0,0,1,0,1,0,0,0
-0.4417729543927777,-0.6303319887333078,1.0525829046520516,-0.3130781608578581,0,1,0,1,1,0,0,1,1,0,0,0,1,0,1,0,0,1,0,0,0,0,1,1,0,0,0,0,1,0,0,1,0,1,0,0,1,1,0,0,0
2.2636062032690805,0.2244884428771661,-1.3299946337344772,-0.590781902223461,0,1,0,1,1,0,1,0,0,1,0,1,0,0,1,0,0,1,0,0,1,0,0,1,0,0,1,0,0,1,0,0,1,0,0,0,1,0,0,1,0
-0.4417729543927777,-0.42680331454033776,-1.4859572302583866,-0.8260507556792055,0,1,0,1,0,1,0,1,1,0,0,0,0,1,0,1,0,0,1,0,0,1,0,0,1,0,0,1,0,0,1,0,0,1,0,1,0,0,0,0,1
-0.4417729543927777,-1.0373893371192477,-1.5141632317573916,-0.9467695599297551,1,0,1,0,1,0,0,1,1,0,0,0,0,1,0,1,0,0,1,0,0,1,0,0,1,0,0,1,0,0,1,0,1,0,0,1,0,0,0,0,1
-0.4417729543927777,1.5677776925507678,0.20474368312314026,1.2836415169671036,1,0,0,1,0,1,0,1,0,0,1,1,0,0,0,0,1,0,0,1,0,0,1,0,0,1,1,0,0,1,0,0,0,0,1,1,0,0,0,0,1
-0.4417729543927777,0.42801711707013607,0.8866652487755524,0.7256655490390775,1,0,1,0,1,0,0,1,1,0,0,0,1,0,1,0,0,0,0,1,0,0,1,1,0,0,0,0,1,1,0,0,1,0,0,0,1,0,0,1,0
-0.4417729543927777,-0.6303319887333078,-1.3216987509406524,-0.8423397814573302,0,1,1,0,1,0,1,0,0,1,0,1,0,0,1,0,0,1,0,0,1,0,0,1,0,0,1,0,0,1,0,0,1,0,0,1,0,0,1,0,0
2.2636062032690805,-1.0780950719578417,0.6444254711958631,-0.8019026042561096,1,0,0,1,1,0,0,1,0,0,1,0,1,0,1,0,0,1,0,0,1,0,0,1,0,0,1,0,0,0,0,1,1,0,0,0,1,0,0,1,0
-0.4417729543927777,-0.9559778674420596,0.7788187724558279,-0.6641703296847427,1,0,1,0,1,0,0,1,1,0,0,0,1,0,1,0,0,1,0,0,1,0,0,1,0,0,0,0,1,0,0,1,1,0,0,0,1,0,0,0,1
-0.4417729543927777,1.2828375486806098,1.35123468522975,2.02044552261562,0,1,1,0,1,0,0,1,0,0,1,0,1,0,1,0,0,0,0,1,1,0,0,0,0,1,0,0,1,0,0,1,0,1,0,0,1,0,1,0,0
-0.4417729543927777,1.6084834273893618,0.4785078153193639,1.515595487818405,0,1,0,1,1,0,0,1,1,0,0,1,0,0,0,0,1,0,0,1,1,0,0,0,0,1,0,0,1,0,0,1,0,0,1,0,1,1,0,0,0
-0.4417729543927777,-0.18256890550877383,0.8285940692187777,0.058035020785265894,1,0,0,1,1,0,0,1,1,0,0,0,1,0,1,0,0,0,0,1,0,0,1,1,0,0,1,0,0,0,0,1,1,0,0,1,0,0,1,0,0
-0.4417729543927777,-1.1188008067964357,0.5199872292884887,-0.8279606549281231,0,1,1,0,1,0,0,1,1,0,0,0,1,0,1,0,0,1,0,0,1,0,0,1,0,0,0,0,1,1,0,0,1,0,0,0,1,0,0,1,0
-0.4417729543927777,1.6084834273893618,0.6427662946370982,1.6226596100824404,0,1,1,0,1,0,0,1,0,0,1,1,0,0,0,0,1,1,0,0,0,0,1,0,0,1,0,0,1,0,0,1,0,0,1,1,0,0,1,0,0
-0.4417729543927777,-1.2816237461508115,-1.5058673489635666,-1.0018273451744135,1,0,1,0,1,0,0,1,1,0,0,0,0,1,0,1,0,0,1,0,0,1,0,0,1,0,0,1,0,0,1,0,1,0,0,1,0,0,0,0,1
2.2636062032690805,0.753662995778888,-1.177350390328098,-0.3696726466476229,0,1,0,1,1,0,1,0,0,1,0,1,0,0,1,0,0,0,0,1,1,0,0,1,0,0,1,0,0,1,0,0,1,0,0,0,1,0,1,0,0
-0.4417729543927777,0.10237123836138413,1.0144218438004566,0.490374742718403,0,1,1,0,1,0,0,1,0,0,1,0,1,0,1,0,0,1,0,0,0,0,1,0,0,1,0,0,1,1,0,0,1,0,0,1,0,0,0,1,0
-0.4417729543927777,-1.2409180113122176,0.506713816818369,-0.946286596901293,1,0,1,0,1,0,0,1,1,0,0,0,1,0,1,0,0,1,0,0,1,0,0,1,0,0,0,0,1,1,0,0,1,0,0,0,1,0,0,1,0
-0.4417729543927777,-0.9152721326034656,-0.6530505977583605,-0.8221870514515102,1,0,1,0,1,0,0,1,1,0,0,1,0,0,1,0,0,1,0,0,1,0,0,1,0,0,1,0,0,1,0,0,1,0,0,1,0,0,0,0,1
-0.4417729543927777,-0.10115743583158582,0.5681033494926736,0.1180541535041242,0,1,0,1,0,1,0,1,1,0,0,0,1,0,1,0,0,0,0,1,0,0,1,1,0,0,1,0,0,1,0,0,1,0,0,1,0,1,0,0,0
-0.4417729543927777,0.42801711707013607,-0.4887921184406262,-0.05792001177545462,1,0,0,1,0,1,0,1,1,0,0,1,0,0,1,0,0,0,0,1,1,0,0,1,0,0,1,0,0,1,0,0,1,0,0,1,0,0,0,0,1
-0.4417729543927777,0.10237123836138413,1.1720436168831307,0.5384076111854338,1,0,1,0,1,0,0,1,0,0,1,0,1,0,1,0,0,1,0,0,0,0,1,1,0,0,0,0,1,0,0,1,1,0,0,0,1,0,0,1,0
-0.4417729543927777,-0.2232746403473678,-1.5191407614336865,-0.7902895387080935,1,0,1,0,1,0,0,1,1,0,0,0,0,1,0,1,0,0,1,0,0,1,0,0,1,0,0,1,0,0,1,0,0,1,0,1,0,0,0,0,1
-0.4417729543927777,0.835074465456076,0.8584592472765472,1.150277862516824,1,0,1,0,1,0,0,1,0,0,1,0,1,0,0,0,1,0,0,1,0,0,1,1,0,0,1,0,0,1,0,0,1,0,0,1,0,0,0,1,0
2.2636062032690805,-0.2232746403473678,0.1864927409767254,-0.15692743261014785,0,1,0,1,1,0,0,1,1,0,0,0,1,0,1,0,0,1,0,0,1,0,0,1,0,0,1,0,0,1,0,0,1,0,0,0,1,0,0,1,0
-0.4417729543927777,1.6084834273893618,1.4706953974608294,2.5502559648383447,1,0,0,1,1,0,0,1,0,0,1,0,1,0,1,0,0,0,0,1,0,0,1,0,0,1,0,0,1,0,0,1,0,1,0,0,1,0,0,1,0
-0.4417729543927777,-1.2002122764736236,-1.3333129868520073,-0.9810160292206911,0,1,1,0,1,0,1,0,0,1,0,1,0,0,1,0,0,1,0,0,1,0,0,1,0,0,1,0,0,1,0,0,1,0,0,1,0,0,0,1,0
-0.4417729543927777,0.509428586747324,0.7406577116042329,0.7202212385364158,1,0,1,0,1,0,0,1,0,0,1,0,1,0,1,0,0,1,0,0,0,0,1,0,0,1,1,0,0,1,0,0,1,0,0,0,1,0,0,1,0
-0.4417729543927777,1.404954753196392,0.9679649001550366,1.7568794262649934,1,0,0,1,0,1,0,1,0,0,1,0,1,0,1,0,0,0,0,1,1,0,0,0,0,1,0,0,1,1,0,0,0,0,1,1,0,0,1,0,0
-0.4417729543927777,0.6722515261017,1.143837615384126,1.195852010111685,1,0,0,1,1,0,0,1,1,0,0,0,1,0,1,0,0,0,0,1,0,0,1,1,0,0,0,0,1,0,0,1,1,0,0,1,0,0,0,1,0
-0.4417729543927777,-1.2409180113122176,-1.5025489958460365,-0.9967123276457034,0,1,1,0,1,0,0,1,1,0,0,0,0,1,0,1,0,0,1,0,0,1,0,0,1,0,0,1,0,0,1,0,1,0,0,0,1,0,0,1,0
-0.4417729543927777,-1.2816237461508115,-0.6580281274346554,-0.9906094311951391,0,1,1,0,1,0,0,1,1,0,0,1,0,0,1,0,0,1,0,0,1,0,0,1,0,0,1,0,0,1,0,0,1,0,0,0,1,1,0,0,0
-0.4417729543927777,0.2244884428771661,0.5614666432576135,0.3689753996550208,0,1,1,0,0,1,0,1,0,0,1,0,1,0,1,0,0,0,0,1,1,0,0,1,0,0,1,0,0,1,0,0,1,0,0,0,1,0,0,0,1
-0.4417729543927777,-1.2002122764736236,1.0011484313303365,-0.8754447017719017,1,0,1,0,1,0,0,1,1,0,0,0,1,0,1,0,0,0,0,1,1,0,0,1,0,0,0,0,1,0,0,1,1,0,0,0,1,0,0,1,0
-0.4417729543927777,-0.7931549280876837,-0.6430955384057707,-0.7482937080968367,0,1,1,0,1,0,1,0,0,1,0,1,0,0,0,0,1,1,0,0,1,0,0,0,0,1,0,0,1,1,0,0,1,0,0,0,1,0,1,0,0
-0.4417729543927777,-0.3046861100245558,1.0028076078891017,0.041438654898119896,1,0,0,1,1,0,0,1,1,0,0,0,1,0,1,0,0,1,0,0,1,0,0,0,0,1,0,0,1,0,0,1,1,0,0,0,1,0,0,1,0
-0.4417729543927777,0.712957260940294,1.3097552712606253,1.2871320224909875,1,0,0,1,1,0,0,1,0,0,1,0,1,0,0,0,1,1,0,0,0,0,1,1,0,0,0,0,1,0,0,1,0,1,0,0,1,0,0,0,1
-0.4417729543927777,-1.2409180113122176,-0.18018527851033775,-0.9531139378945502,0,1,0,1,0,1,0,1,1,0,0,1,0,0,0,0,1,0,0,1,1,0,0,0,0,1,1,0,0,1,0,0,0,0,1,1,0,0,0,0,1
2.2636062032690805,-0.6710377235719017,0.7190884163402878,-0.4479785158532439,0,1,1,0,1,0,0,1,0,0,1,0,1,0,1,0,0,1,0,0,1,0,0,1,0,0,0,0,1,1,0,0,1,0,0,0,1,0,0,1,0
2.2636062032690805,1.120014609326234,1.4955830458423043,1.917376821768861,1,0,0,1,1,0,0,1,1,0,0,0,1,0,0,0,1,0,0,1,0,0,1,0,0,1,0,0,1,0,0,1,0,0,1,0,1,1,0,0,0
-0.4417729543927777,1.445660488034986,1.35455303834728,2.2045861536491915,0,1,0,1,0,1,0,1,1,0,0,0,1,0,1,0,0,0,0,1,0,0,1,0,0,1,0,0,1,0,0,1,0,1,0,1,0,0,1,0,0
2.2636062032690805,0.42801711707013607,-1.0446162656268987,-0.3517152031348116,1,0,1,0,1,0,1,0,0,1,0,1,0,0,0,0,1,0,0,1,1,0,0,1,0,0,1,0,0,1,0,0,1,0,0,0,1,0,1,0,0
-0.4417729543927777,-0.6303319887333078,0.058736145951821216,-0.5375242519030695,0,1,0,1,0,1,0,1,0,0,1,1,0,0,1,0,0,0,0,1,0,0,1,0,0,1,1,0,0,1,0,0,1,0,0,0,1,0,0,0,1
-0.4417729543927777,0.9571916699718579,0.5100321699358988,0.9713400604716832,1,0,0,1,1,0,0,1,1,0,0,0,1,0,0,0,1,1,0,0,0,0,1,1,0,0,1,0,0,1,0,0,0,0,1,1,0,1,0,0,0
-0.4417729543927777,-1.2816237461508115,-0.8239457833111546,-0.9928047176881478,1,0,0,1,0,1,1,0,0,1,0,1,0,0,1,0,0,1,0,0,1,0,0,0,0,1,0,0,1,1,0,0,1,0,0,1,0,0,0,1,0
-0.4417729543927777,1.6084834273893618,1.7859389436261779,2.797291553896616,1,0,0,1,0,1,0,1,0,0,1,0,1,0,0,0,1,0,0,1,0,0,1,0,0,1,0,0,1,0,0,1,0,0,1,0,1,1,0,0,0
-0.4417729543927777,-0.7117434584104957,-1.4942531130522116,-0.8697150040251489,1,0,1,0,1,0,0,1,1,0,0,0,0,1,0,1,0,0,1,0,0,1,0,0,1,0,0,1,0,0,1,0,1,0,0,1,0,0,0,0,1
-0.4417729543927777,-0.10115743583158582,-1.3134028681468273,-0.6928407712834365,0,1,1,0,0,1,0,1,0,0,1,0,0,1,0,1,0,0,1,0,0,1,0,0,1,0,0,1,0,0,1,0,0,1,0,1,0,1,0,0,0
-0.4417729543927777,-0.42680331454033776,-0.8538109613689245,-0.6372561172804556,1,0,0,1,0,1,1,0,0,1,0,1,0,0,1,0,0,0,0,1,1,0,0,1,0,0,0,0,1,1,0,0,1,0,0,1,0,0,0,1,0
-0.4417729543927777,0.6315457912631061,1.2467065620275555,1.1428358413055244,1,0,1,0,1,0,0,1,1,0,0,0,1,0,0,0,1,1,0,0,0,0,1,0,0,1,0,0,1,0,0,1,0,0,1,0,1,0,1,0,0
2.2636062032690805,-1.1188008067964357,0.14667250356636552,-0.8604289421597221,1,0,0,1,1,0,0,1,1,0,0,0,1,0,1,0,0,1,0,0,1,0,0,1,0,0,1,0,0,1,0,0,1,0,0,0,1,0,0,1,0
-0.4417729543927777,-0.5489205190561198,-1.4743429943470316,-0.8354246290043528,1,0,1,0,0,1,0,1,1,0,0,0,0,1,0,1,0,0,1,0,0,1,0,0,1,0,0,1,0,0,1,0,0,0,1,1,0,0,0,0,1
-0.4417729543927777,-0.18256890550877383,-0.35273964062189705,-0.33149661453420126,1,0,1,0,1,0,0,1,1,0,0,1,0,0,0,0,1,1,0,0,1,0,0,0,0,1,1,0,0,1,0,0,0,1,0,1,0,0,0,0,1
-0.4417729543927777,0.87578020029467,0.01227920230640124,0.5319534688959883,0,1,1,0,1,0,0,1,1,0,0,1,0,0,0,0,1,0,0,1,1,0,0,1,0,0,0,0,1,1,0,0,0,0,1,0,1,1,0,0,0
2.2636062032690805,-0.3453918448631498,0.1682417988303106,-0.2497002398046964,0,1,1,0,1,0,0,1,1,0,0,0,1,0,1,0,0,1,0,0,1,0,0,1,0,0,1,0,0,1,0,0,1,0,0,1,0,0,1,0,0
-0.4417729543927777,0.2651941777157601,-1.5125040551986264,-0.668297468291599,0,1,1,0,0,1,0,1,1,0,0,0,0,1,0,1,0,0,1,0,0,1,0,0,1,0,0,1,0,0,1,0,0,1,0,1,0,1,0,0,0
-0.4417729543927777,-0.18256890550877383,-1.5058673489635666,-0.7716515563824494,1,0,0,1,0,1,0,1,1,0,0,0,0,1,0,1,0,0,1,0,0,1,0,0,1,0,0,1,0,0,1,0,1,0,0,0,1,1,0,0,0
2.2636062032690805,-0.5896262538947138,0.2860433345026249,-0.4135344707779371,1,0,1,0,1,0,0,1,1,0,0,0,1,0,1,0,0,0,0,1,1,0,0,1,0,0,1,0,0,1,0,0,1,0,0,0,1,0,0,1,0
-0.4417729543927777,0.020959768684196148,0.9430772517735617,0.3471542519145142,0,1,0,1,1,0,0,1,0,0,1,0,1,0,1,0,0,0,0,1,0,0,1,1,0,0,1,0,0,0,0,1,1,0,0,0,1,0,0,1,0
-0.4417729543927777,0.42801711707013607,0.669313119577338,0.5975266764421586,1,0,1,0,1,0,0,1,0,0,1,1,0,0,1,0,0,0,0,1,0,0,1,0,0,1,0,0,1,0,0,1,0,1,0,1,0,0,1,0,0
-0.4417729543927777,1.5677776925507678,0.4187774592038243,1.4370481370985533,1,0,0,1,0,1,0,1,1,0,0,1,0,0,0,0,1,1,0,0,0,0,1,1,0,0,0,0,1,0,0,1,0,0,1,1,0,0,1,0,0
-0.4417729543927777,-0.8745663977648717,-0.6928708351687204,-0.7980389000284143,1,0,0,1,1,0,0,1,1,0,0,1,0,0,1,0,0,1,0,0,1,0,0,1,0,0,1,0,0,1,0,0,1,0,0,0,1,0,0,1,0
-0.4417729543927777,-0.6710377235719017,-0.5136797668221011,-0.6596041337792844,0,1,1,0,1,0,0,1,1,0,0,1,0,0,1,0,0,1,0,0,1,0,0,0,0,1,1,0,0,1,0,0,1,0,0,0,1,0,0,0,1
-0.4417729543927777,-1.2002122764736236,0.37066133899963943,-0.8973097552422686,1,0,1,0,1,0,0,1,0,0,1,0,1,0,1,0,0,1,0,0,1,0,0,1,0,0,1,0,0,1,0,0,1,0,0,1,0,0,0,1,0
-0.4417729543927777,1.2421318138420159,0.07698708809823603,0.8486235455124957,0,1,0,1,1,0,0,1,0,0,1,1,0,0,1,0,0,0,0,1,1,0,0,0,0,1,1,0,0,0,0,1,0,0,1,1,0,0,0,0,1
-0.4417729543927777,-0.5896262538947138,-1.4826388771408565,-0.8339318341891068,1,0,0,1,0,1,0,1,1,0,0,0,0,1,0,1,0,0,1,0,0,1,0,0,1,0,0,1,0,0,1,0,1,0,0,0,1,0,0,0,1
-0.4417729543927777,1.2828375486806098,1.5436991660464892,2.1801965207118648,1,0,0,1,0,1,0,1,0,0,1,0,1,0,1,0,0,0,0,1,0,0,1,0,0,1,0,0,1,0,0,1,0,1,0,0,1,0,0,1,0
-0.4417729543927777,0.835074465456076,-0.3328295219167171,0.3268478518541836,0,1,1,0,1,0,1,0,0,1,0,1,0,0,1,0,0,1,0,0,0,0,1,0,0,1,0,0,1,0,0,1,0,1,0,1,0,0,1,0,0
-0.4417729543927777,0.5908400564245121,-1.4859572302583866,-0.5510691695649333,1,0,1,0,1,0,0,1,1,0,0,0,0,1,0,1,0,0,1,0,0,1,0,0,1,0,0,1,0,0,1,0,0,0,1,1,0,0,0,0,1
-0.4417729543927777,-0.3453918448631498,0.17819685818290046,-0.261181588163132,0,1,0,1,0,1,0,1,1,0,0,1,0,0,0,0,1,0,0,1,1,0,0,0,0,1,1,0,0,0,0,1,1,0,0,0,1,0,1,0,0
2.2636062032690805,-0.42680331454033776,-0.8256049598699198,-0.6239526811328228,0,1,0,1,0,1,1,0,0,1,0,1,0,0,0,0,1,1,0,0,1,0,0,1,0,0,1,0,0,0,0,1,1,0,0,1,0,0,0,0,1
-0.4417729543927777,-1.2816237461508115,-1.4942531130522116,-1.001673675119903,0,1,0,1,0,1,0,1,1,0,0,0,0,1,0,1,0,0,1,0,0,1,0,0,1,0,0,1,0,0,1,0,1,0,0,1,0,0,0,0,1
-0.4417729543927777,-0.8338606629262777,1.1272458497964761,-0.518249636494453,1,0,1,0,1,0,0,1,1,0,0,0,1,0,0,0,1,1,0,0,1,0,0,0,0,1,0,0,1,0,0,1,1,0,0,0,1,1,0,0,0
-0.4417729543927777,0.42801711707013607,0.3407961609418699,0.39395775994546006,0,1,1,0,1,0,0,1,1,0,0,0,1,0,0,0,1,1,0,0,1,0,0,1,0,0,1,0,0,1,0,0,1,0,0,0,1,0,0,1,0
-0.4417729543927777,-0.5082147842175258,0.7887738318084178,-0.23703343674003605,0,1,1,0,1,0,0,1,0,0,1,0,1,0,1,0,0,1,0,0,0,0,1,1,0,0,0,0,1,1,0,0,1,0,0,0,1,0,0,1,0
2.2636062032690805,-0.3453918448631498,1.2052271480584307,0.06095475182096753,0,1,1,0,1,0,0,1,0,0,1,0,1,0,1,0,0,0,0,1,1,0,0,1,0,0,0,0,1,0,0,1,1,0,0,0,1,0,0,1,0
-0.4417729543927777,0.6315457912631061,-1.4925939364934464,-0.5991459437618243,1,0,1,0,0,1,0,1,1,0,0,0,0,1,0,1,0,0,1,0,0,1,0,0,1,0,0,1,0,0,1,0,0,1,0,1,0,0,0,0,1
-0.4417729543927777,1.201426079003422,0.1931294472117855,0.861487924361527,1,0,0,1,0,1,0,1,1,0,0,1,0,0,0,0,1,1,0,0,0,0,1,0,0,1,0,0,1,1,0,0,0,1,0,0,1,1,0,0,0
-0.4417729543927777,-0.6303319887333078,-0.30130516730018214,-0.5987946979229429,1,0,1,0,0,1,0,1,0,0,1,1,0,0,1,0,0,1,0,0,0,0,1,1,0,0,1,0,0,1,0,0,0,1,0,0,1,0,0,0,1
-0.4417729543927777,-0.3860975797017438,-1.147485212270328,-0.7124007739361441,0,1,0,1,0,1,1,0,0,1,0,1,0,0,1,0,0,1,0,0,1,0,0,0,0,1,1,0,0,1,0,0,1,0,0,0,1,1,0,0,0
-0.4417729543927777,1.364249018357798,0.9032570143632023,1.6489152365388244,1,0,1,0,1,0,0,1,0,0,1,0,1,0,1,0,0,1,0,0,0,0,1,1,0,0,0,0,1,1,0,0,0,1,0,0,1,1,0,0,0
-0.4417729543927777,0.9571916699718579,-1.3266762806169472,-0.36547964944597616,1,0,0,1,0,1,0,1,0,0,1,0,0,1,0,1,0,0,1,0,0,1,0,0,1,0,0,1,0,0,1,0,0,0,1,0,1,0,1,0,0
-0.4417729543927777,-0.5082147842175258,0.5797175854040288,-0.311278025933591,1,0,0,1,1,0,0,1,0,0,1,0,1,0,0,0,1,1,0,0,1,0,0,1,0,0,1,0,0,1,0,0,1,0,0,1,0,0,0,1,0
-0.4417729543927777,-1.3223294809894057,-1.4959122896109764,-0.3968393169986058,0,1,0,1,0,1,0,1,1,0,0,0,0,1,0,1,0,0,1,0,0,1,0,0,1,0,0,1,0,0,1,0,0,0,1,1,0,0,0,0,1
-0.4417729543927777,-1.0373893371192477,0.476848638760599,-0.7807180895985755,1,0,1,0,1,0,0,1,1,0,0,0,1,0,1,0,0,1,0,0,1,0,0,1,0,0,1,0,0,0,0,1,1,0,0,0,1,0,0,1,0
-0.4417729543927777,-0.9152721326034656,-0.6347996556119457,-0.818894121711997,0,1,1,0,1,0,0,1,1,0,0,1,0,0,1,0,0,1,0,0,1,0,0,1,0,0,1,0,0,1,0,0,1,0,0,0,1,0,1,0,0
-0.4417729543927777,-0.3046861100245558,0.4668935794080092,-0.17532393342156097,0,1,1,0,1,0,0,1,1,0,0,1,0,0,0,0,1,0,0,1,1,0,0,0,0,1,0,0,1,0,0,1,1,0,0,0,1,0,0,0,1
2.2636062032690805,-0.5489205190561198,0.7721820662207678,-0.23073296450510106,0,1,1,0,1,0,0,1,0,0,1,0,1,0,1,0,0,0,0,1,1,0,0,1,0,0,0,0,1,1,0,0,1,0,0,0,1,0,0,1,0
-0.4417729543927777,-1.2816237461508115,-0.35273964062189705,-0.9865701040480029,0,1,1,0,1,0,0,1,0,0,1,1,0,0,1,0,0,0,0,1,1,0,0,1,0,0,1,0,0,1,0,0,1,0,0,1,0,0,0,1,0
-0.4417729543927777,0.061665503522790134,-1.3266762806169472,-0.6177619732225382,1,0,0,1,0,1,0,1,0,0,1,0,0,1,0,1,0,0,1,0,0,1,0,0,1,0,0,1,0,0,1,0,0,0,1,1,0,0,1,0,0
-0.4417729543927777,-0.7117434584104957,0.491781227789484,-0.5222450579117289,1,0,1,0,1,0,0,1,0,0,1,0,1,0,1,0,0,0,0,1,1,0,0,1,0,0,1,0,0,1,0,0,1,0,0,0,1,0,0,1,0
-0.4417729543927777,1.6084834273893618,1.6465681126899185,2.6364209596889365,0,1,0,1,0,1,0,1,0,0,1,0,1,0,0,0,1,0,0,1,0,0,1,0,0,1,0,0,1,0,0,1,0,0,1,1,0,1,0,0,0
-0.4417729543927777,0.87578020029467,-0.1635935129226878,0.4270407273951014,1,0,0,1,0,1,0,1,0,0,1,1,0,0,0,0,1,1,0,0,1,0,0,0,0,1,1,0,0,1,0,0,0,0,1,1,0,1,0,0,0
-0.4417729543927777,0.9164859351332639,-0.26978081268364745,0.3559573507514793,1,0,0,1,1,0,0,1,1,0,0,1,0,0,0,0,1,0,0,1,1,0,0,0,0,1,1,0,0,1,0,0,0,0,1,1,0,0,0,0,1
-0.4417729543927777,-0.3860975797017438,1.120609143561416,-0.022927145076895715,1,0,1,0,1,0,0,1,0,0,1,0,1,0,1,0,0,0,0,1,1,0,0,1,0,0,0,0,1,0,0,1,1,0,0,0,1,0,1,0,0
2.2636062032690805,1.445660488034986,1.170384440324366,1.9978560246025603,1,0,0,1,1,0,0,1,0,0,1,0,1,0,1,0,0,0,0,1,1,0,0,1,0,0,0,0,1,0,0,1,1,0,0,0,1,0,0,1,0
-0.4417729543927777,-0.14186317067017984,0.3673429858821096,-0.0377892346345647,1,0,1,0,1,0,0,1,0,0,1,0,1,0,1,0,0,1,0,0,1,0,0,1,0,0,1,0,0,1,0,0,1,0,0,0,1,0,1,0,0
-0.4417729543927777,0.3058999125543541,-1.4859572302583866,-0.6691097242940122,1,0,0,1,0,1,0,1,1,0,0,0,0,1,0,1,0,0,1,0,0,1,0,0,1,0,0,1,0,0,1,0,0,0,1,1,0,1,0,0,0
-0.4417729543927777,-0.8338606629262777,0.6494030008721583,-0.6078392782741388,1,0,0,1,0,1,0,1,0,0,1,0,1,0,1,0,0,0,0,1,0,0,1,1,0,0,1,0,0,1,0,0,1,0,0,0,1,0,0,1,0
-0.4417729543927777,-1.1188008067964357,1.0492645515345214,-0.7908383603313457,0,1,1,0,1,0,0,1,0,0,1,0,1,0,1,0,0,0,0,1,0,0,1,1,0,0,1,0,0,0,0,1,1,0,0,1,0,0,0,1,0
-0.4417729543927777,-0.9559778674420596,-0.2133688096856376,-0.7733858327119264,1,0,1,0,1,0,1,0,0,1,0,1,0,0,0,0,1,1,0,0,0,0,1,0,0,1,0,0,1,0,0,1,1,0,0,1,0,0,0,0,1
-0.4417729543927777,1.2421318138420159,1.3130736243781551,1.8833279282622957,0,1,1,0,1,0,0,1,0,0,1,0,1,0,0,0,1,0,0,1,0,0,1,0,0,1,0,0,1,1,0,0,0,1,0,1,0,0,1,0,0
-0.4417729543927777,-1.2816237461508115,-0.4539494107065615,-0.9879092288087384,0,1,1,0,1,0,0,1,1,0,0,1,0,0,0,0,1,1,0,0,1,0,0,1,0,0,1,0,0,1,0,0,1,0,0,1,0,0,0,0,1
2.2636062032690805,0.42801711707013607,-0.31126022665277225,0.017949089422926598,1,0,0,1,1,0,1,0,0,1,0,1,0,0,1,0,0,0,0,1,0,0,1,1,0,0,0,0,1,0,0,1,1,0,0,1,0,0,1,0,0
-0.4417729543927777,1.5677776925507678,1.4706953974608294,2.373711025070583,1,0,0,1,1,0,0,1,0,0,1,0,1,0,1,0,0,0,0,1,0,0,1,0,0,1,0,0,1,0,0,1,0,0,1,1,0,0,0,1,0
-0.4417729543927777,-1.2409180113122176,-0.6265037728181208,-0.9751326614194277,0,1,1,0,1,0,0,1,1,0,0,1,0,0,1,0,0,1,0,0,1,0,0,1,0,0,1,0,0,1,0,0,1,0,0,1,0,1,0,0,0
2.2636062032690805,-0.3046861100245558,1.2566616213801454,0.15756931037828115,1,0,1,0,1,0,0,1,0,0,1,0,1,0,0,0,1,0,0,1,1,0,0,1,0,0,0,0,1,0,0,1,1,0,0,0,1,0,0,0,1
-0.4417729543927777,-0.3453918448631498,-1.4776613474645617,-0.7984340515971559,1,0,0,1,1,0,0,1,1,0,0,0,0,1,0,1,0,0,1,0,0,1,0,0,1,0,0,1,0,0,1,0,0,1,0,1,0,0,1,0,0
-0.4417729543927777,-1.0780950719578417,-1.4693654646707368,-0.962421952624907,0,1,1,0,1,0,0,1,1,0,0,0,0,1,0,1,0,0,1,0,0,1,0,0,1,0,0,1,0,0,1,0,1,0,0,1,0,0,0,0,1
